OBJECTID,LSI,LPI,MENN,SHDI
1,2.1547619047619047,40.78341013824885,38.25619512881517,0.901259466233363
2,2.4166666666666665,66.66666666666667,59.008295174508476,0.987618514425061
3,1.6785714285714286,75.96371882086167,10.0,0.4313073437650833
4,3.380952380952381,29.931972789115648,22.73737713551227,1.3324244314289908
6,2.2738095238095237,52.38095238095238,40.144240083371585,0.9602755427165297
7,1.6547619047619047,69.16099773242631,42.633386525763946,0.5045007214245907
8,1.0,100.0,0.0,0.6900666586707636
9,1.6547619047619047,72.56235827664399,18.284271247461902,0.3492444842557457
10,1.8333333333333333,40.816326530612244,43.333333333333336,1.0693554039795619
11,1.1904761904761905,95.85253456221199,0.0,0.14804224682624068
12,2.6538461538461537,49.681528662420384,150.0,0.7700885286740152
13,1.0,100.0,0.0,0.6900666586707636
14,2.1666666666666665,43.31065759637188,32.97381007355742,0.8910064235969244
15,1.8214285714285714,59.183673469387756,18.284271247461902,0.41751165738249474
16,1.0476190476190477,99.31972789115646,0.0,0.03021296566677581
17,2.392857142857143,34.240362811791385,15.650063182961166,0.9949434156712103
18,2.9404761904761907,25.396825396825395,10.0,0.5655812655472677
19,1.880952380952381,47.61904761904762,26.055512754639892,0.8104287352501487
20,1.5119047619047619,84.35374149659864,0.0,0.5455843739200161
21,1.0,100.0,0.0,0.6900666586707636
23,1.869047619047619,58.73015873015873,18.95346881172206,0.6900666586707636
24,1.9047619047619047,45.57823129251701,0.0,1.003791602481757
25,2.0952380952380953,82.76643990929705,21.36306377541722,0.556701224931039
27,1.9125,72.89002557544757,0.0,0.7128860532409329
28,1.0,100.0,0.0,0.6900666586707636
30,2.4047619047619047,37.868480725623584,22.42236101956639,0.6331623242387419
31,2.0833333333333335,53.74149659863946,21.875804491832394,0.4683107728127525
32,1.7380952380952381,53.51473922902494,43.851648071345046,0.8795820503084484
34,2.2857142857142856,49.43310657596372,12.841368412859124,0.8406243621163774
35,1.2619047619047619,84.80725623582767,0.0,0.41646373300315087
36,2.7023809523809526,50.588235294117645,16.12859486121059,1.0289722394101721
37,1.5,66.66666666666667,30.0,0.41646373300315087
38,1.75,51.24716553287982,83.3984375,0.8716882995653723
39,1.6071428571428572,82.99319727891157,31.231056256176604,0.4900980918373632
40,2.857142857142857,74.60317460317461,18.208910455654223,0.5117400734174093
41,1.75,68.70748299319727,0.0,0.9471008023518281
42,1.0,100.0,0.0,0.6900666586707636
43,1.4761904761904763,85.01170960187353,0.0,0.45072965501304574
44,1.7857142857142858,45.35147392290249,252.48809496813374,1.0926882231281978
45,1.130952380952381,96.3718820861678,0.0,0.1400813599784731
46,3.011904761904762,24.71655328798186,10.0,0.8061804224964333
48,2.292682926829268,26.715686274509803,62.46858057676743,1.094485962199075
51,1.8571428571428572,50.79365079365079,28.10643196232315,0.5241824083678722
52,1.0,100.0,0.0,0.6900666586707636
53,1.8333333333333333,40.58956916099773,31.812166274155093,0.6444488910171988
55,2.1904761904761907,52.38095238095238,10.0,0.4562635425192022
56,1.5833333333333333,78.68480725623583,0.0,0.6803637260624266
57,2.011904761904762,30.979498861047837,40.0,1.0704078684546339
59,2.0714285714285716,42.857142857142854,26.055512754639896,1.0562741262662787
61,1.0,100.0,0.0,0.6900666586707636
62,1.9047619047619047,39.229024943310655,21.907544427600495,0.7320146710933055
63,1.8333333333333333,37.188208616780045,27.746031746031747,0.6046901376221541
64,1.880952380952381,70.06802721088435,20.0,0.5053137913757645
65,1.0,100.0,0.0,0.6900666586707636
68,2.130952380952381,39.682539682539684,43.566468093526396,0.8802516857486891
69,2.0952380952380953,33.78684807256236,76.73286341182778,1.2831658365900391
70,1.2857142857142858,56.46258503401361,0.0,0.6845482418682356
71,2.1547619047619047,36.054421768707485,39.87643019210967,0.8388575271673433
72,1.7857142857142858,56.00907029478458,20.0,0.8699161968193351
73,2.3095238095238093,41.950113378684804,19.218235553325894,0.6025775054772525
74,1.8243243243243243,68.23529411764706,20.0,0.6114038743202148
75,1.869047619047619,41.043083900226755,26.055512754639892,1.075140382236098
76,1.6219512195121952,72.636815920398,35.13369516063737,0.538300834578655
77,1.880952380952381,61.904761904761905,46.69488610191613,0.869026638855276
78,2.4146341463414633,45.410628019323674,10.0,1.3189232583050423
79,3.25,44.21768707482993,14.10718208302001,0.9011763571745841
80,2.4523809523809526,58.50340136054422,10.655069047621614,0.9058958993591031
82,1.9523809523809523,58.73015873015873,26.30275543629521,0.9963422511262883
84,1.9523809523809523,61.678004535147394,30.572309391799124,0.9857022066726899
85,1.391304347826087,100.0,0.0,0.6900666586707636
86,1.7857142857142858,49.65986394557823,14.291496974723703,0.46922034844159877
87,1.4047619047619047,76.41723356009071,40.0,0.5164694275727277
88,1.1547619047619047,96.14512471655328,0.0,0.14413487348121984
89,1.9047619047619047,36.961451247165535,20.64170447205798,0.5762696051383255
90,2.158536585365854,32.21153846153846,10.0,1.26033466133139
91,2.357142857142857,42.28971962616822,59.66563145999496,1.1061922555020487
93,2.4285714285714284,39.682539682539684,34.250417480324636,1.3082494865232768
94,2.0357142857142856,73.01587301587301,10.0,0.3237731297571971
95,2.3095238095238093,37.188208616780045,25.11678238911382,0.5287101190234743
96,1.5,85.71428571428571,10.0,0.19499492707291877
97,1.75,53.96825396825397,0.0,1.1325479007265187
98,1.9047619047619047,71.65532879818593,21.56832430149404,0.6869974658794631
99,2.7023809523809526,23.80952380952381,10.0,0.9906971816486841
100,2.1547619047619047,48.29931972789116,80.0,1.148004445726024
102,1.74,70.3225806451613,10.0,0.5927486245423401
104,1.3611111111111112,92.21183800623054,0.0,0.25792891585894573
105,2.0476190476190474,39.002267573696145,0.0,1.1750630610150767
106,2.107142857142857,30.158730158730158,10.0,0.9052341966207322
107,2.6707317073170733,57.142857142857146,22.5383235691653,0.761338501354117
108,1.869047619047619,58.73015873015873,18.95346881172206,0.6900666586707636
109,1.869047619047619,64.85260770975057,43.2468243180806,0.602686453589074
111,1.119047619047619,96.59863945578232,0.0,0.1339135490837782
112,2.3333333333333335,44.874715261959,37.047098833619685,1.215494877674964
113,1.2619047619047619,91.83673469387755,0.0,0.30030581797308586
114,2.5833333333333335,31.292517006802722,20.705711628227043,1.0250331305985396
115,1.5238095238095237,56.235827664399096,0.0,0.9862222218489963
118,1.7023809523809523,69.84126984126983,18.284271247461902,0.6123697502001281
119,1.9285714285714286,60.997732426303855,46.62501662744945,0.8328977005561677
120,1.869047619047619,58.73015873015873,18.95346881172206,0.6900666586707636
121,1.6666666666666667,53.28798185941043,72.70875598159742,0.6429124396658009
122,2.238095238095238,40.36281179138322,21.956436944267878,0.9814336795058544
124,1.0,100.0,0.0,0.6900666586707636
125,1.0,100.0,0.0,0.6900666586707636
126,2.988095238095238,26.303854875283445,10.90069012953766,1.0623847246635454
127,2.75,72.78911564625851,43.3396861446308,0.7491734661239833
128,1.8928571428571428,37.188208616780045,75.81739140818885,1.0725787348293614
129,1.7261904761904763,70.29478458049887,60.0,0.8020446988014147
130,1.5238095238095237,75.96371882086167,0.0,0.710858075201448
131,1.0,100.0,0.0,0.6900666586707636
132,2.0714285714285716,49.20634920634921,28.08697709913514,0.819266277755809
133,1.7976190476190477,78.00453514739229,159.0676472281151,0.7284965722413794
134,2.4285714285714284,31.519274376417233,14.456464132653771,1.0237200673931945
135,1.5238095238095237,77.32426303854875,31.231056256176608,0.4185567565053988
136,1.6904761904761905,77.09750566893425,10.0,0.3307960575492291
137,2.119047619047619,56.46258503401361,11.495327102803738,0.9761261299399265
138,1.0238095238095237,99.77324263038548,0.0,0.009205721925471222
139,1.0357142857142858,99.54648526077098,0.0,0.02028458805428382
140,2.0476190476190474,37.868480725623584,31.297709923664122,1.1844998849395982
141,1.0595238095238095,99.09297052154194,0.0,0.03945184585421838
142,1.0,100.0,0.0,0.6900666586707636
143,1.0,100.0,0.0,0.6900666586707636
145,1.9642857142857142,60.997732426303855,10.0,0.771026402143623
146,2.630952380952381,26.027397260273972,92.57532474987116,1.57623605766278
147,2.2023809523809526,38.095238095238095,13.958269511956095,0.7653200401128317
148,1.630952380952381,86.39455782312925,17.360714986109183,0.2708479067726216
150,1.380952380952381,57.142857142857146,0.0,0.6835814932518295
151,2.0595238095238093,59.863945578231295,93.94595498057748,1.0423295168170505
153,1.6785714285714286,39.002267573696145,70.62257748298549,1.0577433996320567
154,1.5,100.0,0.0,0.6900666586707636
155,2.5555555555555554,58.97435897435897,157.63054614240212,0.8160857854184969
156,2.0833333333333335,62.358276643990926,20.0,0.9382537322142002
157,1.5357142857142858,42.857142857142854,30.0,0.45151793332600054
158,2.488095238095238,31.746031746031747,26.416129402746662,1.221724123408936
159,1.9761904761904763,43.99092970521542,20.106445366982,0.5331638407372986
160,2.4864864864864864,55.75221238938053,36.93877551020408,0.9816124625194393
161,3.426829268292683,43.67541766109785,26.056862880104326,1.0275300609251126
163,3.130952380952381,25.170068027210885,16.690643180962166,0.6410966970281898
164,2.0238095238095237,58.049886621315196,45.19044354675556,0.675801760368683
165,1.630952380952381,72.10884353741497,0.0,0.8225252450531203
166,2.3125,44.90861618798956,13.977865712247445,0.6871562205066857
167,2.3333333333333335,34.69387755102041,21.155529621651983,0.7083363604777494
168,1.2976190476190477,80.27210884353741,0.0,0.49672594306291623
170,1.8214285714285714,31.292517006802722,34.760383386581466,1.0956615627893393
171,1.7023809523809523,56.68934240362812,39.88662131519274,0.5616802634097218
172,1.4642857142857142,84.12698412698413,18.374122379140953,0.48349079815382856
173,2.1341463414634148,24.271844660194176,21.553398058252426,0.6834192984847252
174,1.3333333333333333,78.2312925170068,120.0,0.5117400734174093
175,1.0,100.0,0.0,0.6900666586707636
176,2.1666666666666665,61.45124716553288,37.63156624625477,0.8707980620917297
177,2.7142857142857144,27.891156462585034,16.21212121212121,0.8754760101359496
178,2.3214285714285716,47.39229024943311,44.23216370855919,1.1635645932299117
179,1.25,95.23809523809524,0.0,0.15603279458857647
180,1.975609756097561,40.29126213592233,10.0,0.5408119205984128
182,1.6071428571428572,84.80725623582767,106.52173913043478,0.5109798171661771
183,2.761904761904762,36.507936507936506,64.95071898858387,1.4068476594825237
184,2.011904761904762,41.950113378684804,48.62269441062021,0.6864649077052233
185,1.5476190476190477,71.65532879818593,108.48,0.5799151714181009
186,1.8452380952380953,35.374149659863946,31.231056256176608,0.6640422203620384
187,1.2261904761904763,96.14512471655328,0.0,0.13598144877726168
188,2.4404761904761907,36.961451247165535,47.118251496044465,0.9325769537909405
189,1.4285714285714286,63.265306122448976,0.0,0.6531437196775371
190,2.0853658536585367,58.65384615384615,24.678487915767242,1.1029073556810205
191,2.738095238095238,26.077097505668934,20.695909027669313,1.3845242949827261
192,1.0,100.0,0.0,0.6900666586707636
193,1.869047619047619,58.73015873015873,18.95346881172206,0.6900666586707636
194,1.75,52.60770975056689,32.91254967337979,0.6352692242956565
196,3.488095238095238,73.46938775510205,30.0,0.7329213471955516
199,1.7380952380952381,64.39909297052154,20.041728541186153,0.5101464839287555
200,2.1219512195121952,72.97297297297297,39.42114079893591,0.7247935946038142
201,3.1904761904761907,48.52607709750567,13.407845407517545,0.7881832900795522
204,2.130952380952381,30.839002267573697,58.32358486564167,1.1032716575948065
205,1.9285714285714286,70.06802721088435,12.3606797749979,0.8334356280181957
206,2.4761904761904763,40.816326530612244,10.929705215419501,0.4851855839316036
207,1.0,100.0,0.0,0.6900666586707636
208,3.4523809523809526,43.53741496598639,35.02488258452469,1.0663865251027143
209,3.4047619047619047,68.48072562358277,13.837372455120674,0.5700471705012848
210,2.0238095238095237,66.43990929705215,12.3606797749979,0.4036647275610208
211,1.1547619047619047,98.86621315192744,0.0,0.061935859497396745
212,2.0714285714285716,41.49659863945578,21.75622493021842,1.2797907840892522
213,1.6547619047619047,61.45124716553288,30.0,0.762233296043688
214,1.8452380952380953,48.29931972789116,44.92461431522392,1.1139500771495734
215,2.9761904761904763,24.03628117913832,18.770118741610055,1.2601662831037026
220,3.1785714285714284,43.764172335600904,17.03016241299304,0.6290144110563035
221,2.119047619047619,38.775510204081634,36.51041553837953,0.665116674288566
222,1.0357142857142858,99.54648526077098,0.0,0.02028458805428382
223,2.142857142857143,36.768149882903984,63.2129963898917,1.2538153200238054
224,2.119047619047619,43.632075471698116,26.055512754639892,0.6828554822925457
225,2.6785714285714284,58.73015873015873,12.360679774997898,0.6144519580206226
226,2.0238095238095237,45.35147392290249,18.284271247461902,0.7620374203569573
227,1.9047619047619047,61.224489795918366,38.06020066889632,0.744408888799625
228,1.3928571428571428,53.06122448979592,116.4911064067352,0.6908431145237695
230,2.388888888888889,34.40514469453376,70.0,1.096970604553385
231,2.475609756097561,51.824817518248175,20.0,0.9020486455714158
232,2.8095238095238093,37.188208616780045,36.23384829221308,1.0200496358386821
233,2.130952380952381,43.764172335600904,30.913254661657188,0.7522832916263292
234,1.9166666666666667,42.40362811791383,119.05524318830973,1.3127685608566222
235,1.75,40.136054421768705,40.0,0.6618665453311015
237,1.869047619047619,75.73696145124717,14.009779951100244,0.5223034706217216
238,1.7738095238095237,65.98639455782313,109.40475380297721,0.9062411075679444
239,1.5952380952380953,66.13636363636364,204.7091055358389,0.9545119805872675
242,1.9285714285714286,46.93877551020408,20.0,0.927618291742345
243,1.1666666666666667,100.0,0.0,0.6900666586707636
245,1.2619047619047619,91.15646258503402,12.360679774997898,0.2925084684723972
246,2.2948717948717947,39.40217391304348,90.0811922637414,0.9871458194684457
247,2.3095238095238093,58.956916099773245,30.861231764110883,0.8507317881656752
248,2.0476190476190474,44.85981308411215,31.23105625617661,0.5390321229759606
250,2.5595238095238093,34.240362811791385,21.025657988471462,0.8449936656637249
251,1.8452380952380953,36.281179138321995,20.0,1.0151654891875816
252,2.0952380952380953,45.12471655328798,10.0,1.2091209324382661
253,1.7560975609756098,66.08478802992519,29.60108460008018,0.8601176015529494
254,2.369047619047619,43.764172335600904,13.65079365079365,0.5577111239688584
255,2.2777777777777777,49.83818770226537,42.39067811324865,0.8391274559804596
256,1.5384615384615385,100.0,0.0,0.6900666586707636
257,3.511904761904762,59.863945578231295,11.35593220338983,1.11636033408875
258,2.5,38.775510204081634,50.75686364624341,0.9702074645850651
259,1.0,100.0,0.0,0.6900666586707636
260,1.9761904761904763,42.857142857142854,40.6165418948304,0.9238387838068813
262,2.0833333333333335,38.56812933025404,30.0,0.9642027686174892
264,2.0238095238095237,68.44547563805105,28.85820441869101,0.5491689515705511
265,2.2948717948717947,64.46280991735537,31.231056256176608,0.9170959401240371
266,2.3214285714285716,26.75736961451247,23.03544504358893,1.125687762118088
267,1.869047619047619,58.73015873015873,18.95346881172206,0.6900666586707636
268,1.1904761904761905,98.1859410430839,51.97417214010942,0.08476607571480994
269,3.380952380952381,43.764172335600904,14.42548453577493,0.6852000978269503
270,2.1666666666666665,43.08390022675737,28.779342723004696,0.8190777714646037
271,3.0952380952380953,30.385487528344672,21.099650882445655,0.8971660767090319
272,1.8571428571428572,66.43990929705215,10.0,0.37444710505741213
273,1.869047619047619,58.73015873015873,18.95346881172206,0.6900666586707636
274,1.0476190476190477,99.31972789115646,0.0,0.03021296566677581
275,2.0476190476190474,36.961451247165535,20.172495994877384,0.4543728728998414
276,2.1153846153846154,64.51612903225806,80.0,0.894381211617105
278,1.9166666666666667,54.87528344671202,34.536876918024134,0.6981194604755656
280,1.9523809523809523,43.08390022675737,18.284271247461902,0.7417607486498522
281,1.25,91.83673469387755,60.0,0.27400010282955545
282,1.4880952380952381,75.96371882086167,0.0,0.5837406830107827
284,1.3928571428571428,90.04629629629629,20.475431647683276,0.28390910519649504
285,2.1875,38.775510204081634,0.0,1.1025758092646405
286,1.0,100.0,0.0,0.6900666586707636
287,1.825,54.13533834586466,0.0,0.8523477928691571
288,1.8928571428571428,55.78231292517007,23.369736538864306,0.5921645427281976
289,1.1785714285714286,92.06349206349206,0.0,0.2648864834469934
291,1.7976190476190477,71.88208616780045,26.307670984896312,0.7638850486273003
292,1.0,100.0,0.0,0.6900666586707636
295,1.5119047619047619,65.3061224489796,120.38404810405298,0.8506070068045082
296,1.0476190476190477,99.31972789115646,0.0,0.03021296566677581
297,2.238095238095238,56.46258503401361,24.251528105182295,1.1339525829537616
298,2.0238095238095237,26.077097505668934,18.877168339317574,0.7218570453859813
299,1.8333333333333333,51.24716553287982,10.014051665327369,0.9495919156899288
300,1.6071428571428572,46.03174603174603,18.284271247461902,0.35416227869290245
301,2.142857142857143,65.98639455782313,21.90355937288492,0.6365141682948128
302,1.5119047619047619,77.09750566893425,0.0,0.6968145453356009
303,1.8333333333333333,48.78706199460917,43.85164807134503,0.6806661629596831
304,1.7976190476190477,72.10884353741497,12.360679774997896,0.6067836107980185
305,1.3095238095238095,82.53968253968254,0.0,0.4524721140221746
306,1.4880952380952381,72.78911564625851,40.0,0.5324266559320824
307,1.4285714285714286,77.77777777777777,40.0,0.5085442650827917
308,1.75,52.38095238095238,18.75,0.9114489667372874
309,2.0,47.57575757575758,31.231056256176608,0.6110071176356159
310,1.1666666666666667,94.31279620853081,0.0,0.20180631351786169
311,1.6666666666666667,44.44444444444444,31.231056256176608,0.5133250699575179
313,3.392857142857143,75.73696145124717,12.47344320919743,0.5188054035036833
314,2.75,63.265306122448976,17.853427997491877,0.5046578044250765
315,2.0595238095238093,36.63594470046083,18.992267750768285,0.5474874665334764
316,2.642857142857143,86.16780045351474,70.62257748298549,0.4058269680664438
317,2.5595238095238093,25.170068027210885,35.321261417257745,1.5402745971614065
318,1.5714285714285714,45.12471655328798,12.360679774997896,0.6822115679042164
319,2.1129032258064515,61.50627615062761,240.0,0.7924121567879537
320,3.2976190476190474,51.0250569476082,15.602562716354472,0.6683387184133498
321,1.75,46.910755148741416,20.3515625,0.7030455131507317
322,1.119047619047619,97.73242630385488,0.0,0.09896429659190205
323,1.6842105263157894,100.0,0.0,0.6900666586707636
324,1.9642857142857142,62.35565819861432,11.870669745958429,0.3942770014780652
325,1.7857142857142858,85.03401360544218,0.0,0.43836521361722625
326,2.25,30.254041570438797,27.719433241219892,1.10339916401319
327,2.130952380952381,37.414965986394556,67.05522907132168,1.1713718664133779
328,2.2142857142857144,30.839002267573697,14.443325768198498,0.5226565800992218
329,1.5476190476190477,75.96371882086167,100.0,0.7519158222105004
330,1.8095238095238095,69.38775510204081,18.284271247461906,0.5510006297338079
331,2.0357142857142856,38.54875283446712,40.0,1.2763253055242494
332,2.380952380952381,47.39229024943311,16.472123608667257,0.42476854334255676
333,1.6666666666666667,74.37641723356009,20.0,0.5881101380204459
334,1.0,100.0,0.0,0.6900666586707636
335,1.0,100.0,0.0,0.6900666586707636
336,1.0,100.0,0.0,0.6900666586707636
337,1.0,100.0,0.0,0.6900666586707636
338,1.6428571428571428,48.35680751173709,0.0,0.9147643595428172
339,1.2261904761904763,89.79591836734694,0.0,0.32898896618144813
340,2.0,32.87981859410431,38.951745352229786,0.6545062590261197
341,2.4523809523809526,56.91609977324263,10.0,0.6721538211788158
342,2.0833333333333335,43.764172335600904,30.393534376974486,0.7323657531571313
343,2.0238095238095237,46.71201814058957,12.360679774997898,0.8216492658773871
344,1.6071428571428572,70.52154195011337,31.231056256176608,0.4755200934516536
345,1.5357142857142858,85.03401360544218,10.0,0.27672934984371744
346,1.869047619047619,29.705215419501133,29.092228692612316,0.6143534821860303
347,3.107142857142857,68.48072562358277,20.810794455899728,0.9253923982668519
349,1.6071428571428572,67.34693877551021,30.0,0.4755200934516536
350,2.7195121951219514,44.28223844282238,19.612144869557678,0.5469225854609195
351,1.4404761904761905,75.05668934240363,46.568542494923804,0.5188054035036833
352,2.317073170731707,50.717703349282296,32.426406871192846,0.9810884142741974
354,1.7380952380952381,58.73015873015873,32.426406871192846,0.5101464839287555
355,1.4523809523809523,80.0453514739229,0.0,0.5201642071388134
358,2.0714285714285716,43.99092970521542,29.89274101035944,0.9746099106669195
359,1.5595238095238095,68.25396825396825,20.0,0.4047473202463422
360,1.4880952380952381,90.70294784580499,0.0,0.30681923234671027
362,2.369047619047619,24.71655328798186,31.562267122687153,0.9030187271559982
363,1.3095238095238095,86.39455782312925,0.0,0.4252772450266783
364,1.7738095238095237,68.64988558352402,31.514287078188936,0.6143076119808218
365,1.3571428571428572,74.82993197278911,0.0,0.5570429300708654
366,1.1547619047619047,94.10430839002268,0.0,0.21060560827833139
367,1.9642857142857142,49.20634920634921,75.99195230063927,0.8546724157804513
368,2.6,59.73154362416108,12.360679774997896,0.8802501682552695
369,2.0476190476190474,68.86792452830188,100.0,0.8051151960910732
371,1.0,100.0,0.0,0.6900666586707636
372,2.8095238095238093,36.507936507936506,11.300073888586729,1.183759729187979
373,2.011904761904762,80.49886621315193,33.76782836771737,0.485585523968015
374,2.2142857142857144,41.043083900226755,11.418871072164926,0.6323083323658757
375,1.3333333333333333,100.0,0.0,0.6900666586707636
376,1.1612903225806452,100.0,0.0,0.6900666586707636
377,2.238095238095238,25.170068027210885,24.54505637169823,1.3064995933872023
378,2.7738095238095237,60.090702947845806,22.776729757017915,0.724168838701959
380,3.488095238095238,67.05882352941177,25.82157408887879,0.7207862561897889
381,1.0,100.0,0.0,0.6900666586707636
382,1.6071428571428572,85.94104308390023,36.90736868276942,0.49691192886258617
383,1.7619047619047619,49.20634920634921,30.0,0.8639413366650606
384,1.8452380952380953,43.53741496598639,40.0,0.6123697502001281
386,1.6904761904761905,54.06032482598608,10.0,0.9672635708374213
387,1.7380952380952381,37.188208616780045,0.0,1.0955695737887425
388,2.4047619047619047,31.519274376417233,44.35142455963491,0.9287929626186844
389,2.426829268292683,54.69879518072289,14.163440865331136,0.7986951219829275
390,1.0,100.0,0.0,0.6900666586707636
391,1.3095238095238095,68.25396825396825,60.71067811865475,0.6187191250308035
392,2.9642857142857144,40.816326530612244,14.506746781998228,1.1301419943420554
393,2.8095238095238093,53.28798185941043,12.626661220201974,0.48863064377205784
394,1.7857142857142858,67.57369614512471,10.0,0.2981086074106909
395,1.5,57.142857142857146,30.0,0.41646373300315087
396,1.564102564102564,79.67914438502673,120.0,0.47471819725668585
397,1.880952380952381,61.904761904761905,18.284271247461902,0.4673987753976768
398,2.238095238095238,33.78684807256236,18.988188050648315,0.8161451595965385
399,1.5357142857142858,63.492063492063494,30.0,0.4476757000177537
400,1.869047619047619,58.73015873015873,18.95346881172206,0.6900666586707636
401,2.630952380952381,69.84126984126983,17.58832977521137,0.43986723479181933
402,2.7976190476190474,46.25850340136054,57.797489140813695,1.1360933293869535
403,2.3333333333333335,33.95784543325527,35.59908026653529,1.04759379218789
404,1.880952380952381,40.58956916099773,18.284271247461902,0.5659134775660293
405,2.2023809523809526,46.48526077097506,34.60820436412847,0.821289388617272
406,1.619047619047619,63.86363636363637,0.0,0.8979913942022169
408,1.75,63.265306122448976,85.44362897706947,0.9024282865244397
409,1.2976190476190477,77.46478873239437,0.0,0.528931785560346
410,2.024390243902439,72.92682926829268,24.849801929325857,0.5739880648857412
411,1.0,100.0,0.0,0.6900666586707636
412,1.1428571428571428,95.46485260770974,0.0,0.16945456529296415
413,1.0952380952380953,97.95918367346938,0.0,0.08476607571480994
414,1.763157894736842,70.33898305084746,26.055512754639896,0.6900666586707636
415,1.4642857142857142,61.904761904761905,0.0,0.9176864582032422
416,2.0714285714285716,54.42176870748299,21.804128380428242,0.9382288383997156
417,1.4880952380952381,73.80410022779043,18.284271247461902,0.6940836219627374
418,2.369047619047619,53.06122448979592,19.163014437021655,0.487772822780555
419,1.0,100.0,0.0,0.6900666586707636
420,1.0,100.0,0.0,0.6900666586707636
422,2.0454545454545454,58.75486381322957,10.517766952966367,0.6191249255132372
423,1.0,100.0,0.0,0.6900666586707636
424,2.0365853658536586,33.57487922705314,13.072711517240412,0.6480090423717435
426,1.0,100.0,0.0,0.6900666586707636
427,2.0833333333333335,43.53741496598639,12.360679774997898,1.1083515269388597
428,1.7,82.6086956521739,0.0,0.3325942143118925
429,2.130952380952381,76.64399092970521,10.0,0.6381656291644605
430,1.7857142857142858,66.43990929705215,20.0,0.4937297328275828
434,1.4166666666666667,89.97722095671982,110.0,0.2863576734199716
435,1.7121212121212122,95.36679536679537,46.5685424949238,0.04437864611106614
437,1.7380952380952381,52.38095238095238,20.0,0.4349015678890801
438,1.6666666666666667,55.55555555555556,21.622776601683793,0.42063851661235563
439,2.0357142857142856,43.764172335600904,24.608925642583355,0.5039608287467429
440,1.7857142857142858,75.51020408163265,45.42249612146584,0.6934861246932844
441,1.3452380952380953,79.59183673469387,0.0,0.6326128830576384
442,2.5476190476190474,81.859410430839,12.95819972460145,0.48085701324151275
443,2.230769230769231,100.0,0.0,0.6900666586707636
444,1.5,75.05668934240363,0.0,0.563639241089708
445,2.142857142857143,57.82312925170068,19.047619047619047,0.37677016125643675
447,1.4880952380952381,72.78911564625851,50.0,0.6112750245568153
448,1.9404761904761905,64.17233560090703,57.54203902872781,0.933751920223674
449,1.0,100.0,0.0,0.6900666586707636
450,1.6071428571428572,53.28798185941043,20.0,0.3685820682042506
451,1.4404761904761905,76.64399092970521,0.0,0.5987564209027463
453,1.9642857142857142,65.53287981859411,28.588598808285507,0.496248763305596
454,1.7142857142857142,57.20823798627002,20.0,0.4171374533768252
455,2.261904761904762,32.426303854875286,96.3014581273465,1.4929027884673591
456,2.0595238095238093,65.26806526806527,12.100729130485597,0.8880682392425028
457,1.0,100.0,0.0,0.6900666586707636
458,2.3214285714285716,35.600907029478456,12.3606797749979,1.4174146933877094
459,1.6547619047619047,65.98639455782313,26.055512754639892,0.4457391740388933
460,2.0595238095238093,43.31065759637188,30.395092849372034,1.0716802500022278
461,1.630952380952381,47.16553287981859,60.0,0.6884907138053875
462,1.5952380952380953,68.93424036281179,34.721359549995796,0.5287101190234743
463,1.369047619047619,69.61451247165533,0.0,0.6083214523323685
464,1.0357142857142858,99.54648526077098,0.0,0.02028458805428382
465,2.0,40.34090909090909,123.01886792452831,1.2774755025528988
466,1.8095238095238095,75.51020408163265,30.0,0.6844422159667276
467,1.0,100.0,0.0,0.6900666586707636
469,1.9642857142857142,41.26984126984127,20.43318045620151,0.7708831857701219
470,1.630952380952381,53.51473922902494,0.0,0.9824665866355528
471,1.6428571428571428,79.13832199546485,120.0,0.6062406405515965
472,3.4404761904761907,50.35294117647059,14.71953248292975,0.9408368170040473
473,1.4285714285714286,85.03401360544218,26.055512754639892,0.3430165183285131
474,2.282051282051282,46.94960212201592,16.021220159151195,0.35186143566955463
476,1.869047619047619,58.73015873015873,18.95346881172206,0.6900666586707636
477,1.0,100.0,0.0,0.6900666586707636
478,1.619047619047619,59.63718820861678,0.0,0.8450275847396398
479,2.9571428571428573,28.04054054054054,12.360679774997898,0.7912412616010354
480,1.0,100.0,0.0,0.6900666586707636
481,1.869047619047619,58.73015873015873,18.95346881172206,0.6900666586707636
482,3.2261904761904763,33.10657596371882,26.429578196318232,1.2461814605343724
483,1.8452380952380953,62.811791383219955,18.123424315804744,0.8110281778085999
484,1.8928571428571428,36.281179138321995,20.0,0.5652443087151883
485,1.5952380952380953,68.70748299319727,0.0,0.8034514251215394
486,2.2142857142857144,31.058823529411764,18.346439719451958,0.5903754195728288
487,1.6666666666666667,44.67120181405895,20.0,0.6305810283860147
488,1.2261904761904763,90.02267573696145,0.0,0.3158302038226156
489,1.8452380952380953,64.39909297052154,12.360679774997898,0.4359000187391009
493,1.0,100.0,0.0,0.6900666586707636
494,1.7738095238095237,68.61826697892272,0.0,0.9089607598602922
495,1.7142857142857142,53.96825396825397,10.0,0.662767406093249
496,2.5,34.60620525059666,52.102600442967486,1.0259161573291866
497,2.4761904761904763,35.82766439909297,35.36876722679271,0.8702230940565302
498,2.5,71.42857142857143,20.0,0.7050057685458843
499,1.6428571428571428,86.62131519274377,0.0,0.3971067324566754
500,2.6547619047619047,40.816326530612244,16.032570582965242,0.948932077140735
501,1.0,100.0,0.0,0.6900666586707636
502,1.7142857142857142,72.56235827664399,100.0,0.7458486293285733
503,2.0238095238095237,50.79365079365079,12.574938071315744,1.0230634964678118
504,1.25,95.23809523809524,0.0,0.15603279458857647
505,1.0,100.0,0.0,0.6900666586707636
506,2.0238095238095237,87.75510204081633,0.0,0.37444710505741213
507,1.25,94.5578231292517,0.0,0.18242856013800107
508,1.869047619047619,54.87528344671202,21.88641842147171,0.5719332506100465
509,1.0,100.0,0.0,0.6900666586707636
510,1.0,100.0,0.0,0.6900666586707636
511,1.0476190476190477,99.31972789115646,0.0,0.03021296566677581
512,3.238095238095238,24.34988179669031,32.813026129319795,1.5879412489030875
513,1.0,100.0,0.0,0.6900666586707636
514,1.1547619047619047,96.3718820861678,0.0,0.1451504491381171
515,1.8095238095238095,45.558086560364465,39.85401459854015,0.8760428930215544
516,1.6666666666666667,93.87755102040816,0.0,0.22892839848457908
517,2.392857142857143,36.734693877551024,31.06503398507131,0.9602812005157654
518,2.1666666666666665,68.25396825396825,27.254340570400473,0.7366861463129192
519,3.1904761904761907,36.281179138321995,25.144441240033764,1.2911505164320602
520,1.7976190476190477,57.142857142857146,50.0,1.1087174298559606
521,1.5119047619047619,43.764172335600904,76.02325267042627,1.0565405514773862
522,1.0,100.0,0.0,0.6900666586707636
523,1.0,100.0,0.0,0.6900666586707636
524,1.4268292682926829,90.625,34.721359549995796,0.32065727568618485
525,1.9047619047619047,60.997732426303855,0.0,1.0225687514732424
527,1.8452380952380953,66.66666666666667,18.48046218957724,0.45720511144594705
528,1.0,100.0,0.0,0.6900666586707636
529,1.0476190476190477,99.31972789115646,0.0,0.03021296566677581
530,1.5357142857142858,89.06976744186046,16.188053190328823,0.37593168182103504
531,2.0952380952380953,39.909297052154194,13.466442144361833,0.5404245557637325
532,3.7142857142857144,64.17233560090703,0.0,0.8726559571793825
534,2.642857142857143,78.91156462585035,21.928847891913257,0.4673987753976768
535,1.1071428571428572,97.50566893424036,0.0,0.10126481756679193
536,1.9404761904761905,33.18181818181818,0.0,1.3735805726671657
537,1.0,100.0,0.0,0.6900666586707636
538,2.1029411764705883,70.73170731707317,66.15773105863909,0.6005167823215167
539,2.0595238095238093,53.96825396825397,38.216769438951324,0.8840446532483157
540,1.7261904761904763,59.863945578231295,17.063233535250966,0.4133029128572379
542,1.6904761904761905,50.56689342403628,30.825688073394495,0.6929175711491787
543,2.7142857142857144,39.682539682539684,14.675592484362966,1.10499014307723
544,1.5476190476190477,47.16553287981859,30.0,0.4834492229474761
546,2.0952380952380953,34.01360544217687,17.10900473933649,1.0500399887639125
547,1.8095238095238095,70.74829931972789,33.046025126903245,0.7797323769716511
548,2.1,70.20202020202021,30.0,0.7453330895247993
550,2.2738095238095237,24.94331065759637,22.925531914893618,0.9921036147839061
551,2.0,67.12018140589569,16.818011988984868,0.712175645264041
553,2.2142857142857144,76.87074829931973,11.400334530323349,0.580962079146289
554,1.0,100.0,0.0,0.6900666586707636
555,1.0,100.0,0.0,0.6900666586707636
556,1.75,58.049886621315196,0.0,0.9027964420576172
557,1.4880952380952381,70.74829931972789,0.0,0.709059972832242
558,1.869047619047619,53.96825396825397,37.00383937331959,0.8885267952131999
559,2.369047619047619,56.46258503401361,16.033685962694694,0.6840713626655646
560,1.9523809523809523,57.142857142857146,11.420765027322405,0.7884450776178344
561,1.75,56.00907029478458,45.89569160997733,0.6031082370072005
562,1.0,100.0,0.0,0.6900666586707636
563,1.8452380952380953,53.06122448979592,68.10249675906654,1.0134711769964115
564,2.607142857142857,43.764172335600904,33.50104482838164,1.2110591066990728
565,2.1904761904761907,48.29931972789116,12.735249867253577,1.0240458976070737
566,1.0,100.0,0.0,0.6900666586707636
567,2.9761904761904763,25.62358276643991,29.996472132560516,1.2049616410028814
568,2.7738095238095237,31.065759637188208,29.430832557597135,1.241073681241721
569,1.7380952380952381,44.89795918367347,0.0,1.100214587220449
570,1.0357142857142858,99.54648526077098,0.0,0.02028458805428382
571,2.0,55.10204081632653,20.263157894736842,1.066648681256742
572,2.1875,80.0,0.0,0.5402041423888608
575,1.6428571428571428,93.65079365079364,65.75153643302433,0.22892839848457908
576,2.6666666666666665,24.03628117913832,13.880608282605941,1.3118371660126797
577,1.3571428571428572,84.12698412698413,43.85164807134503,0.4079774708103113
578,1.9285714285714286,49.88662131519274,24.85260770975057,0.5529934580933702
579,1.853658536585366,46.42857142857143,75.57544605543265,0.9893633945749478
580,1.8571428571428572,62.358276643990926,19.234089653894767,0.47994861471265415
581,1.0,100.0,0.0,0.6900666586707636
582,1.2857142857142858,90.02267573696145,30.0,0.30088210446530783
583,3.2625,19.696969696969695,17.1505297933926,0.6731971487585495
584,1.0,100.0,0.0,0.6900666586707636
585,2.5952380952380953,28.34467120181406,40.60435466435576,1.185541428551899
586,2.4404761904761907,20.18140589569161,19.36864787867292,1.192257737116455
587,1.8928571428571428,66.83673469387755,50.82762530298219,0.09985430663925884
588,1.0,100.0,0.0,0.6900666586707636
589,1.9166666666666667,62.61682242990654,31.864759267692325,0.4508938585233957
590,3.2142857142857144,66.43990929705215,12.004716981132075,0.6836292574743397
592,1.9523809523809523,67.27272727272727,20.43194763296095,0.9020384543984421
593,1.0714285714285714,98.63945578231292,0.0,0.05925858145533138
594,1.9166666666666667,51.92743764172336,10.0,0.9766620359693201
595,1.5714285714285714,88.20861678004535,32.426406871192846,0.4519629404550344
596,1.0,100.0,0.0,0.6900666586707636
597,1.8452380952380953,46.03174603174603,18.427603703107824,0.6823779562985033
598,2.0833333333333335,37.641723356009074,32.83830254097257,0.8355874281123
599,1.0,100.0,0.0,0.6900666586707636
600,1.3095238095238095,90.47619047619048,0.0,0.2896813837185812
601,1.3076923076923077,100.0,0.0,0.6900666586707636
604,2.642857142857143,43.31065759637188,15.57526079227039,0.7503316401909925
605,1.0,100.0,0.0,0.6900666586707636
606,1.0,100.0,0.0,0.6900666586707636
607,2.5833333333333335,35.16129032258065,26.199070507331104,0.8436776574661473
609,1.7738095238095237,62.585034013605444,36.17343560312891,0.5977233090176091
610,1.3333333333333333,70.97505668934241,0.0,0.5993569415487854
611,1.8571428571428572,26.303854875283445,21.99261992619926,0.9323153262526845
612,2.0,43.03482587064676,57.904806231857506,1.0107265189090902
613,1.6973684210526316,56.64739884393064,0.0,0.841858928144473
614,1.8095238095238095,63.265306122448976,24.16867469879518,0.5654203710943901
615,3.5952380952380953,26.984126984126984,42.874236582518634,1.350003681715616
616,1.9642857142857142,39.229024943310655,20.0,1.0188870057655588
617,2.566666666666667,65.45454545454545,46.568542494923804,0.5660663345109873
618,1.8214285714285714,61.224489795918366,30.3601108033241,0.5878563206215135
619,2.6785714285714284,37.414965986394556,15.434782608695652,0.6636546955132131
620,1.5476190476190477,67.12018140589569,18.284271247461902,0.3302831859375967
621,1.8571428571428572,62.358276643990926,79.91987393198706,0.8989757861805577
622,1.0,100.0,0.0,0.6900666586707636
623,3.4166666666666665,58.85057471264368,23.742519454899764,0.7967059723230766
626,2.630952380952381,35.600907029478456,12.821450435303523,0.7753491357984807
627,1.7261904761904763,72.10884353741497,18.759637150780588,0.48257756517701206
628,2.2857142857142856,38.775510204081634,31.192983378336482,1.038422153029944
629,1.0,100.0,0.0,0.6900666586707636
630,1.9523809523809523,33.560090702947846,30.0,1.0381504484865058
631,2.0476190476190474,35.39192399049881,82.19544457292888,1.306083231643636
632,1.880952380952381,36.507936507936506,31.23105625617661,0.7793125661386128
633,1.2976190476190477,67.12018140589569,0.0,0.6301451685011356
634,2.7261904761904763,34.240362811791385,11.22119829472271,1.069071580221387
635,2.4642857142857144,42.857142857142854,15.937741993364853,1.0746436334619882
636,1.7380952380952381,72.56235827664399,20.0,0.5142483584035091
637,1.4047619047619047,80.0453514739229,140.0,0.5556292436916507
638,1.2619047619047619,58.956916099773245,0.0,0.6762461938040951
639,1.7023809523809523,54.87528344671202,0.0,0.993453735107643
640,1.869047619047619,53.96825396825397,10.0,0.40055389670275643
641,2.8055555555555554,28.395061728395063,98.37209302325581,1.1213894163238698
643,1.6428571428571428,68.70748299319727,170.0,0.8915024217887074
644,2.4285714285714284,27.43764172335601,26.654601525625573,1.3623532219954608
645,2.011904761904762,47.61904761904762,48.500503268534125,0.9120280375675044
646,1.2142857142857142,93.87755102040816,0.0,0.23205471771452157
647,1.7619047619047619,57.59637188208617,26.055512754639892,0.8835366781405718
648,2.2142857142857144,33.333333333333336,26.055512754639892,1.3126168949702972
649,2.142857142857143,39.45578231292517,22.408933855213856,0.6730116670092565
650,1.0,100.0,0.0,0.6900666586707636
651,1.9761904761904763,30.839002267573697,10.0,0.9677780035308774
652,2.125,61.67979002624672,12.360679774997898,0.47818408881385804
653,1.619047619047619,44.67120181405895,20.0,0.45056120886630463
655,2.0,57.59637188208617,59.57267722587674,1.139666848079378
656,2.9166666666666665,29.25170068027211,32.200280731882934,1.2139474794673257
658,1.75,67.12018140589569,53.66197183098591,0.8721638335798543
659,1.0,100.0,0.0,0.6900666586707636
661,1.9761904761904763,41.723356009070294,18.36784542738496,0.5133250699575179
662,1.9642857142857142,58.50340136054422,20.0,0.5696452899785522
664,1.9642857142857142,38.54875283446712,32.33250620347395,0.7780582301609296
666,2.1125,48.29396325459317,51.06316101065986,0.6926971130356336
667,1.8214285714285714,44.67120181405895,25.737704918032787,0.6895707777820295
668,1.8571428571428572,66.21315192743764,53.52315974735362,0.734978634493563
670,1.6904761904761905,83.90022675736961,10.674479935713684,0.5701581856530491
671,1.5,71.42857142857143,20.0,0.3198197673223754
672,1.8571428571428572,71.5909090909091,28.909978334892404,0.8802857724488333
673,1.5714285714285714,89.3424036281179,0.0,0.3480061226022792
674,1.0,100.0,0.0,0.6900666586707636
675,1.9761904761904763,44.21768707482993,32.41226311435231,0.9342636704448404
676,1.9047619047619047,72.64367816091954,19.641221712070404,0.5171902176789531
677,1.1785714285714286,94.10430839002268,0.0,0.20718691764041214
679,1.0,100.0,0.0,0.6900666586707636
680,2.4761904761904763,35.529411764705884,28.85601088439371,1.1685698928806947
681,1.7738095238095237,70.29478458049887,10.0,0.3417599912574781
682,3.369047619047619,43.764172335600904,12.360679774997898,0.9951641719833304
683,1.0,100.0,0.0,0.6900666586707636
684,1.75,74.14965986394557,26.055512754639896,0.5539425361336845
685,2.357142857142857,46.25850340136054,26.841971248511104,0.6673433941004678
686,2.0476190476190474,55.10204081632653,18.700205490501443,0.9324346842647189
688,2.0476190476190474,49.43310657596372,114.34718179877045,1.27935396378507
690,1.0,100.0,0.0,0.6900666586707636
691,2.892857142857143,32.87981859410431,13.324302927160904,1.2042328368455033
692,1.0,100.0,0.0,0.6900666586707636
694,1.9523809523809523,66.89342403628117,104.42909669391709,0.9068121182422386
695,1.6363636363636365,95.48872180451127,0.0,0.12465498749536001
696,3.7142857142857144,67.93349168646081,20.385417758717118,0.6909791372798357
697,1.0,100.0,0.0,0.6900666586707636
698,1.8214285714285714,61.04513064133017,40.0,0.4998680852556312
699,1.7380952380952381,61.04783599088838,20.0,0.6846464786374058
701,2.6904761904761907,38.095238095238095,50.259905088595126,1.3791032964561187
702,1.5238095238095237,87.3015873015873,110.42553191489361,0.4015328373258948
704,2.4166666666666665,34.240362811791385,27.027779743456776,0.9434825894596102
705,1.105263157894737,100.0,0.0,0.6900666586707636
706,1.2592592592592593,100.0,0.0,0.6900666586707636
707,2.392857142857143,35.96287703016241,28.322507211462177,0.6587238765203249
708,1.1111111111111112,100.0,0.0,0.6900666586707636
709,1.9166666666666667,66.21315192743764,0.0,0.8964269840809344
710,1.7738095238095237,53.28798185941043,18.55660914469017,0.4237402004999783
711,2.3214285714285716,56.23529411764706,13.544060646658483,0.3178001254231597
712,1.5476190476190477,76.87074829931973,0.0,0.688192048303005
713,1.630952380952381,76.87074829931973,18.775510204081634,0.3158302038226156
714,1.0,100.0,0.0,0.6900666586707636
715,1.2027027027027026,99.39577039274924,0.0,0.026291568782661798
716,1.2619047619047619,86.39455782312925,0.0,0.38593384631347266
718,1.75,66.21315192743764,21.622776601683796,0.49143798718992615
719,1.7564102564102564,58.1267217630854,30.0,0.6317055395634611
720,1.4,92.38845144356955,0.0,0.23331192032227474
721,2.607142857142857,31.065759637188208,10.0,0.9777036218513885
722,1.7857142857142858,46.71201814058957,61.58730158730159,0.5846745581478878
724,2.488095238095238,43.08390022675737,18.284271247461902,1.0717100441577305
725,1.475609756097561,76.49880095923261,142.3154621172782,0.5304959325823787
726,1.7857142857142858,69.23076923076923,10.0,0.7840464379663918
727,1.630952380952381,45.80498866213152,82.19544457292885,0.6895707777820295
728,1.7261904761904763,56.68934240362812,20.0,0.7707122450735484
729,3.3095238095238093,36.281179138321995,20.326975476839237,0.9624600314824927
730,2.1666666666666665,41.723356009070294,62.11102550927979,1.3504818933062388
732,1.6,75.43859649122807,0.0,0.5330001976204406
734,2.261904761904762,58.429561200923786,0.0,0.8773348355791976
735,2.108108108108108,59.39393939393939,0.0,0.9710464807499986
736,1.662162162162162,70.03058103975535,90.0,0.5681601909325092
738,2.8095238095238093,36.281179138321995,48.95470254504934,1.3024994316994731
739,1.4285714285714286,65.53287981859411,0.0,0.6459602638494417
740,1.7941176470588236,61.05263157894737,60.0,0.8662908234061801
742,1.486842105263158,70.94017094017094,0.0,0.5925235041170676
743,1.0,100.0,0.0,0.6900666586707636
744,1.7976190476190477,46.03174603174603,10.0,0.2939152147879743
745,2.142857142857143,51.70068027210884,29.536676532457975,1.2127559135272015
746,3.2142857142857144,31.746031746031747,17.53963625519406,0.5921886545032689
749,1.0,100.0,0.0,0.6900666586707636
750,2.34375,83.80566801619433,0.0,0.3428098137132687
751,2.142857142857143,32.19954648526077,12.584114238675518,0.7690351518013232
752,1.4047619047619047,91.60997732426304,147.56756756756758,0.2511684374110193
753,1.7023809523809523,87.41258741258741,0.0,0.37094534140526664
754,1.619047619047619,68.93424036281179,40.0,0.5657725724706032
755,2.011904761904762,43.99092970521542,86.75793804719818,1.09323414172571
757,1.7857142857142858,66.43990929705215,36.244192415174446,0.8427449088851198
758,2.3333333333333335,86.84807256235828,30.0,0.38819314164552043
759,1.4210526315789473,100.0,0.0,0.6900666586707636
760,1.8095238095238095,68.27586206896552,84.86832980505139,0.8959162280634589
761,1.9642857142857142,38.775510204081634,72.04950975138013,1.0561940730796902
762,1.5119047619047619,82.08616780045351,10.0,0.22400921478331673
763,2.738095238095238,80.72562358276645,11.399342032176435,0.4562635425192022
764,1.7023809523809523,34.467120181405896,0.0,1.3392057215820272
766,1.7023809523809523,44.21768707482993,30.0,0.5577111239688584
768,2.511904761904762,27.209302325581394,10.852033428724408,0.6843027860327919
769,2.3214285714285716,59.183673469387756,41.24037492142592,0.8079845230954683
770,1.0,100.0,0.0,0.6900666586707636
771,1.869047619047619,58.73015873015873,18.95346881172206,0.6900666586707636
772,2.9642857142857144,43.08390022675737,12.698312810713613,0.5368193623290812
774,1.6666666666666667,61.45124716553288,47.496595774705774,0.5960163600626689
775,2.380952380952381,39.45578231292517,27.919487348357954,0.6926721427911785
777,1.0,100.0,0.0,0.6900666586707636
778,2.4642857142857144,87.3015873015873,60.0,0.38252134027027596
779,1.7261904761904763,45.57823129251701,33.182036491034964,0.4069036814688988
780,1.3452380952380953,85.03401360544218,0.0,0.4783339246392544
781,1.6333333333333333,92.0,12.360679774997898,0.3006245480015677
782,1.705128205128205,60.60606060606061,40.990195135927856,0.6226017685062908
783,3.5,80.0453514739229,40.0,0.498747637641526
784,2.3625,65.22842639593908,12.816813485226401,0.7653828796306726
785,1.4642857142857142,56.46258503401361,0.0,0.6843907247098178
786,3.3333333333333335,48.52607709750567,10.44365443567246,0.6410700208792235
787,1.0,100.0,0.0,0.6900666586707636
789,1.6071428571428572,43.764172335600904,0.0,0.9755554602432663
790,1.0476190476190477,99.54648526077098,0.0,0.02368929199724598
791,1.0833333333333333,98.63945578231292,0.0,0.0565478594527841
792,1.369047619047619,91.36363636363636,23.019794035697984,0.19373848090893384
793,3.011904761904762,45.57823129251701,10.020062434348425,0.5028680063956953
795,1.7142857142857142,53.06122448979592,20.054945054945055,0.4673987753976768
796,1.4285714285714286,67.80045351473923,0.0,0.6490439026500758
797,1.880952380952381,49.43310657596372,26.055512754639892,0.6976673273091155
798,1.8214285714285714,56.68934240362812,21.622776601683796,0.9165353645302975
799,1.6904761904761905,58.85057471264368,20.17319246529407,0.5237216455656495
801,2.4761904761904763,34.69387755102041,21.109269937467804,0.5927283050129112
802,1.7857142857142858,72.33560090702947,121.1726392508244,0.7401281702833924
803,2.8452380952380953,29.705215419501133,19.02174806056648,0.5125336435482439
805,1.4285714285714286,89.3424036281179,18.52607709750567,0.31180383745921925
807,1.3452380952380953,79.13832199546485,0.0,0.5028680063956953
808,1.75,65.53287981859411,26.055512754639892,0.8454795422181138
809,1.0357142857142858,99.54648526077098,0.0,0.02028458805428382
810,2.1785714285714284,31.25,22.77539748748289,1.3449897265996225
811,1.0,100.0,0.0,0.6900666586707636
812,1.2857142857142858,81.859410430839,0.0,0.46556748968912554
813,1.4166666666666667,52.38095238095238,0.0,0.6919555223276452
814,1.880952380952381,73.01587301587301,38.866566144310355,0.5085442650827917
815,2.142857142857143,37.868480725623584,18.284271247461902,0.8612322027637065
816,1.8928571428571428,54.87528344671202,14.676203981669373,1.0647473824838194
818,2.0357142857142856,37.641723356009074,30.0,1.263032042804706
819,1.2976190476190477,80.72562358276645,0.0,0.48257756517701206
820,2.488095238095238,29.25170068027211,46.63615285575407,1.2764075541937658
822,1.2,100.0,0.0,0.6900666586707636
823,3.0238095238095237,61.678004535147394,10.189274447949527,0.7635223784527438
824,1.6097560975609757,85.37170263788968,0.0,0.47206568984490604
825,2.7857142857142856,53.74149659863946,22.25597533996388,0.9628335674309412
826,2.0,50.617283950617285,34.721359549995796,0.7508260377081872
827,2.0595238095238093,39.002267573696145,26.75700129228077,0.6686948056098574
829,1.9404761904761905,69.38775510204081,32.35658401112095,0.7334822614317067
830,1.5714285714285714,70.74829931972789,10.0,0.2925084684723972
831,2.1666666666666665,34.01360544217687,21.78171933226788,1.0846808031967627
832,1.130952380952381,96.3718820861678,0.0,0.1400813599784731
833,1.2738095238095237,57.59637188208617,0.0,0.6809368289317362
834,1.4761904761904763,72.10884353741497,26.055512754639892,0.7237403826633273
835,1.9642857142857142,50.56689342403628,18.284271247461902,0.6902626293534319
836,1.8333333333333333,43.48837209302326,40.0,0.9884089279338224
838,2.609375,70.86614173228347,21.261277760976434,0.5920610281032915
839,1.4761904761904763,77.55102040816327,26.055512754639892,0.6132122754023165
840,2.0952380952380953,73.24263038548753,170.0,0.879242360934094
841,1.0476190476190477,99.31972789115646,0.0,0.03021296566677581
842,2.261904761904762,37.188208616780045,18.367318644333093,1.0342891579404925
843,1.0,100.0,0.0,0.6900666586707636
844,2.7261904761904763,46.48526077097506,15.30128808350998,1.08247625323527
845,2.268292682926829,25.907990314769975,17.13125163611311,1.0381137449999442
846,2.0,44.44444444444444,41.31159884449778,0.6910794284363059
847,2.768292682926829,60.143198090692124,16.950355468668874,0.45776594065599646
848,1.0,100.0,0.0,0.6900666586707636
849,1.9404761904761905,61.13636363636363,10.295889018119627,0.49106248680247344
850,1.1388888888888888,100.0,0.0,0.6900666586707636
851,1.0,100.0,0.0,0.6900666586707636
852,2.3214285714285716,37.188208616780045,23.27105033364942,0.6642386945547883
854,1.3333333333333333,93.3806146572104,12.360679774997898,0.6900666586707636
855,2.25,63.51791530944625,50.618454191375164,0.22252594410480822
856,2.2261904761904763,29.931972789115648,27.295094980181158,1.2497549859863764
858,1.880952380952381,76.59574468085107,10.450928381962864,0.3479493176908069
859,1.8095238095238095,58.956916099773245,18.284271247461902,0.8149354822218887
861,2.4390243902439024,49.271844660194176,90.4987562112089,0.9919803544239845
862,1.6666666666666667,48.29931972789116,20.0,0.3971067324566754
863,2.25,48.97959183673469,10.436884700806527,0.5203521703780737
864,1.0,100.0,0.0,0.6900666586707636
865,1.0,100.0,0.0,0.6900666586707636
866,1.0,100.0,0.0,0.6900666586707636
867,2.1666666666666665,51.27388535031847,18.284271247461902,0.6996356753308599
868,2.223684210526316,30.96590909090909,30.0,0.9220158274743138
869,1.7619047619047619,39.229024943310655,41.492537313432834,0.6734914119696037
871,1.6547619047619047,56.46258503401361,30.0,0.5368193623290812
872,2.261904761904762,45.57823129251701,80.55385138137419,1.4153673161673923
873,2.0357142857142856,58.276643990929706,118.06248474865697,1.0224627865299272
874,1.630952380952381,61.678004535147394,0.0,0.9613198818162506
875,2.25,35.82766439909297,17.319574219646146,0.7629457982321859
876,2.4642857142857144,47.84580498866213,21.87683284457478,0.9784813597106261
877,1.2619047619047619,85.74712643678161,0.0,0.39850972257280814
878,1.869047619047619,55.32879818594105,20.8978627909543,0.487772822780555
879,2.8333333333333335,37.188208616780045,28.44727093167375,1.4361253557301188
880,2.3214285714285716,36.734693877551024,40.0,1.3822806694426528
881,1.2023809523809523,90.70294784580499,0.0,0.2967152565836348
883,1.391304347826087,100.0,0.0,0.6900666586707636
884,1.6428571428571428,79.56989247311827,121.52946437965907,0.5757563108480191
885,2.011904761904762,36.961451247165535,170.0,1.3111855229677476
886,1.6666666666666667,44.89795918367347,20.0,0.394896686264308
887,2.3026315789473686,59.88538681948424,18.47921760360029,0.8917814466261702
888,3.5357142857142856,31.746031746031747,24.42077157521228,0.9455243574871233
889,1.2738095238095237,75.96371882086167,0.0,0.5439798773729981
892,3.261904761904762,23.80952380952381,37.68438446014214,1.333980436030692
893,1.0,100.0,0.0,0.6900666586707636
894,1.7976190476190477,69.16099773242631,137.81783295687381,0.8590071870427989
895,1.7976190476190477,47.87735849056604,21.6227766016838,0.8522966283607794
896,1.0,100.0,0.0,0.6900666586707636
897,3.5238095238095237,44.89795918367347,10.0,0.8173368525305721
898,1.25,92.3076923076923,0.0,0.22371807606583377
899,2.1097560975609757,46.30541871921182,25.09604841400169,1.058697108559251
900,1.9523809523809523,40.36281179138322,0.0,1.2272660155529056
901,1.7857142857142858,43.08390022675737,30.0,1.0762244672023564
902,1.7976190476190477,66.89342403628117,23.441088657132276,0.8212708186581554
903,2.6785714285714284,27.210884353741495,44.36227790479601,1.4613296359882118
904,1.2380952380952381,86.39455782312925,0.0,0.39043998352785825
905,1.1904761904761905,95.23809523809524,0.0,0.19144408195771734
906,1.3333333333333333,95.69160997732426,69.94964321746367,0.16566742776326102
907,1.9642857142857142,44.89795918367347,26.055512754639892,0.8460673438698363
908,2.2976190476190474,36.734693877551024,24.217687074829932,0.7313521691174049
909,4.059523809523809,27.210884353741495,27.420027424244292,1.3848074206203518
910,2.3026315789473686,40.229885057471265,31.231056256176608,1.0792739367613446
911,1.84375,77.41935483870968,54.031242374328485,0.08116539732989655
913,1.8095238095238095,44.21768707482993,32.426406871192846,0.544684996306201
914,1.0,100.0,0.0,0.6900666586707636
915,1.4,100.0,0.0,0.6900666586707636
916,1.0,100.0,0.0,0.6900666586707636
917,2.175,36.50385604113111,60.0,0.9364883358358413
918,1.619047619047619,68.25396825396825,20.0,0.8263551763409636
919,2.2976190476190474,39.583333333333336,63.0259804498071,0.9685391962272116
920,2.5833333333333335,34.92063492063492,28.542886342603857,1.28041339956787
921,1.6904761904761905,62.358276643990926,18.284271247461902,0.6665068398619154
922,2.3214285714285716,34.467120181405896,48.99023130250898,1.1910830852721723
923,1.7738095238095237,68.02721088435374,18.284271247461902,0.641401885948023
924,2.1904761904761907,48.29931972789116,15.875234046961221,0.4851855839316036
925,1.6547619047619047,77.32426303854875,54.93527399228609,0.5172502020286037
926,2.0285714285714285,57.142857142857146,41.86634667825458,0.7445239740861294
927,3.682926829268293,78.36538461538461,15.576923076923077,0.5160211424974462
928,1.513157894736842,89.30635838150289,90.49875621120889,0.30902263821425136
929,1.0357142857142858,99.54648526077098,0.0,0.02028458805428382
932,1.3095238095238095,83.44671201814059,0.0,0.46429832759790407
933,1.6428571428571428,52.83446712018141,30.0,0.5982695885852573
934,3.4642857142857144,57.82312925170068,30.0,0.9653605579583863
935,2.9404761904761907,62.358276643990926,39.25788156227065,0.6986931204134685
936,1.869047619047619,58.73015873015873,18.95346881172206,0.6900666586707636
937,2.4761904761904763,42.40362811791383,17.167518074998263,0.7680456379777352
938,1.7380952380952381,40.182648401826484,43.85164807134504,1.0711427679128764
939,1.8928571428571428,54.64852607709751,18.284271247461902,0.41430903972925237
940,1.0238095238095237,99.77324263038548,0.0,0.009205721925471222
941,2.0714285714285716,60.90909090909091,14.112251094657697,0.5046786763147255
942,1.5,85.4875283446712,39.6551724137931,0.4252772450266783
943,1.3095238095238095,91.83673469387755,18.284271247461902,0.18786198374115456
944,1.0,100.0,0.0,0.6900666586707636
945,1.0,100.0,0.0,0.6900666586707636
948,1.6666666666666667,46.03174603174603,0.0,1.0413186693221765
949,1.7682926829268293,55.55555555555556,12.360679774997898,0.4049162090712638
950,1.7261904761904763,40.36281179138322,26.055512754639896,0.6826483246365657
951,2.6,57.178841309823675,18.284271247461902,1.2030881449194015
952,2.8214285714285716,79.59183673469387,0.0,0.6298236201235974
953,1.3333333333333333,57.36961451247166,0.0,0.6818546087307834
954,2.119047619047619,35.82766439909297,25.095541401273884,0.6067753955275415
955,2.3452380952380953,43.23040380047506,30.0,0.9185084062919202
956,1.8461538461538463,78.77984084880637,30.0,0.37287986955684294
957,1.3333333333333333,100.0,0.0,0.6900666586707636
958,2.2096774193548385,62.0253164556962,0.0,0.783046302303899
959,1.0,100.0,0.0,0.6900666586707636
960,1.0714285714285714,98.63945578231292,0.0,0.05925858145533138
961,1.0,100.0,0.0,0.6900666586707636
962,1.0,100.0,0.0,0.6900666586707636
963,1.8928571428571428,77.32426303854875,66.47848532892488,0.5203521703780737
964,1.3846153846153846,100.0,0.0,0.6900666586707636
965,2.1785714285714284,40.136054421768705,17.768706018035587,0.3788940903902246
966,1.7619047619047619,71.88208616780045,43.85164807134504,0.7299223742609979
967,1.9404761904761905,86.16780045351474,18.006831352768813,0.3662128046180504
968,3.0476190476190474,31.746031746031747,32.216472613835364,1.5112807884209618
969,1.130952380952381,95.91836734693878,0.0,0.15603279458857647
972,1.7142857142857142,68.63636363636364,110.83045973594571,0.820312341833759
973,2.6875,36.979166666666664,17.182473680999,0.8978507046200561
974,1.75,71.98177676537586,13.521506962381077,0.4588174176171649
975,1.9404761904761905,53.51473922902494,12.526309240968493,0.44960193338164517
976,1.9880952380952381,74.60317460317461,19.074706300342456,0.5169733643958746
977,2.4285714285714284,43.764172335600904,65.31822507848366,1.1409118912682117
978,3.1842105263157894,34.831460674157306,41.26856759843879,0.9712338608060234
979,2.107142857142857,50.56689342403628,38.47397996325088,0.6191958835971402
980,2.4047619047619047,79.59183673469387,51.21917850059118,0.5020483516825999
981,1.75,66.66666666666667,12.3606797749979,0.2967152565836348
983,1.0,100.0,0.0,0.6900666586707636
984,2.0357142857142856,33.560090702947846,35.077822185373186,1.089358142587727
985,1.2380952380952381,93.0715935334873,0.0,0.23543176050976122
986,2.189189189189189,51.671732522796354,32.13790318316533,0.8052136222654835
987,2.0238095238095237,36.734693877551024,13.408086272690024,0.6595522646685275
988,1.0,100.0,0.0,0.6900666586707636
989,1.9285714285714286,62.811791383219955,25.547034584402954,0.912192129914591
990,2.9375,39.68668407310705,15.367965367965368,0.8457084987128899
991,2.2142857142857144,36.734693877551024,19.195576355367383,0.8335736208414113
992,3.075,39.795918367346935,24.782303984087758,1.1842179062112488
993,2.3333333333333335,41.49659863945578,11.360596552805605,1.1820670708423946
994,2.1547619047619047,39.588100686498855,36.94208918488817,0.9067532712800807
996,1.4880952380952381,73.92290249433107,0.0,0.6614730317298883
997,2.4523809523809526,39.682539682539684,23.44424092976403,1.2420780214637985
999,1.0,100.0,0.0,0.6900666586707636
1001,2.0833333333333335,44.89795918367347,40.0,1.2393542548530498
1002,1.0,100.0,0.0,0.6900666586707636
1003,1.25,90.47619047619048,0.0,0.2910972010008829
1004,2.3095238095238093,41.043083900226755,52.048523771692395,1.0826296303516743
1005,2.511904761904762,39.63133640552996,32.31095943294244,0.9403624158222839
1006,1.4285714285714286,86.39455782312925,0.0,0.4480115297501843
1007,1.8333333333333333,62.811791383219955,18.34594776736014,0.410116318288409
1008,2.2023809523809526,55.78231292517007,33.151927437641724,0.6229504790092526
1009,1.9880952380952381,80.0453514739229,38.09572635778032,0.5125744481306058
1010,2.357142857142857,80.95238095238095,59.764718548141346,0.5614265239686802
1011,1.5,88.43537414965986,26.06672160484648,0.29531746820340926
1012,2.011904761904762,61.904761904761905,37.7503268970621,0.9176629692986263
1013,1.8571428571428572,59.41043083900227,31.231056256176608,0.6132953933423076
1016,1.8452380952380953,68.25396825396825,14.114296405553663,0.9175999802302175
1017,1.0,100.0,0.0,0.6900666586707636
1018,1.25,90.47619047619048,43.85164807134504,0.2910972010008829
1019,3.4285714285714284,65.75963718820861,10.647208691207961,0.6195079560408214
1022,1.5476190476190477,80.72562358276645,21.622776601683796,0.37677016125643675
1023,2.0833333333333335,46.25850340136054,21.224489795918366,0.38252134027027596
1024,1.4285714285714286,85.4875283446712,18.284271247461902,0.2603615222565439
1025,2.0476190476190474,26.984126984126984,57.39148169647677,1.0816043919349747
1026,2.119047619047619,34.92063492063492,75.44003745317531,1.353590493684917
1027,1.7857142857142858,50.56689342403628,0.0,1.0935103097265064
1028,1.8928571428571428,45.57823129251701,30.038135714199203,1.0939789317088786
1030,1.5119047619047619,65.75963718820861,0.0,0.8277906571139484
1031,1.1071428571428572,97.95918367346938,0.0,0.09195335142122243
1032,1.5833333333333333,43.53741496598639,0.0,1.0616265498420592
1033,2.2115384615384617,80.37974683544304,89.73872533655663,0.4986692444469375
1034,1.375,99.24242424242425,0.0,0.03364704900515103
1035,1.8571428571428572,46.03174603174603,14.180573235801722,0.6009383975750453
1036,1.8095238095238095,61.224489795918366,20.0,0.49708395419202456
1037,2.7142857142857144,29.25170068027211,26.339682663343357,1.1802655816385654
1038,2.9761904761904763,37.188208616780045,15.375918232597577,1.280828099743266
1039,2.2738095238095237,49.88662131519274,17.06683682389582,1.1195570792220007
1040,1.869047619047619,58.73015873015873,18.95346881172206,0.6900666586707636
1042,2.0357142857142856,36.734693877551024,17.290203391886045,0.8938550343203698
1044,1.2738095238095237,72.33560090702947,0.0,0.5840859317593606
1046,3.011904761904762,28.34467120181406,12.363405827083335,1.1277690093589896
1047,1.6136363636363635,83.76068376068376,0.0,0.4290030465173128
1049,2.142857142857143,29.705215419501133,46.30779422969322,1.3538087021394902
1050,2.25,60.997732426303855,34.129816593191556,0.8379036045404169
1051,2.2261904761904763,44.67120181405895,66.3855421686747,1.3986190177056486
1053,1.7023809523809523,48.75283446712018,26.073446327683616,0.5028680063956953
1054,2.4523809523809526,31.065759637188208,21.35298688500642,0.6373361566272606
1056,1.2976190476190477,57.142857142857146,0.0,0.6823878740213982
1057,2.011904761904762,41.26984126984127,18.284271247461902,1.0252711681371187
1058,2.3472222222222223,41.935483870967744,28.617544222973375,1.0397265768819712
1059,3.0121951219512195,26.054590570719604,14.956521739130435,1.2386876137730154
1060,1.869047619047619,58.73015873015873,18.95346881172206,0.6900666586707636
1061,2.0875,49.48453608247423,62.801098892805186,0.6933379364814167
1062,1.0,100.0,0.0,0.6900666586707636
1063,2.1666666666666665,37.414965986394556,16.20363049794103,0.5738027124200926
1064,1.4047619047619047,82.99319727891157,34.721359549995796,0.42681695528136204
1065,1.5595238095238095,68.02721088435374,40.0,0.542563704693203
1066,2.8048780487804876,46.38403990024938,50.0,1.3342098702608676
1067,2.1666666666666665,52.35849056603774,17.672591619356194,0.6493382311430514
1068,1.7857142857142858,58.50340136054422,32.260139191931025,0.4673987753976768
1069,1.6904761904761905,43.31065759637188,0.0,1.0495177294334437
1070,1.2976190476190477,81.17913832199547,0.0,0.4719346076242709
1071,2.7142857142857144,22.448979591836736,10.082669719747008,0.9707629392815886
1072,1.869047619047619,58.73015873015873,18.95346881172206,0.6900666586707636
1073,2.011904761904762,64.62585034013605,16.266767439800255,0.7649662648164283
1074,2.1547619047619047,35.600907029478456,13.451674790114602,0.6113332236792044
1075,2.3214285714285716,41.26984126984127,40.79150130773581,1.1929705066274394
1076,1.8452380952380953,68.93424036281179,113.26843890561737,0.8179233969382805
1077,1.0,100.0,0.0,0.6900666586707636
1078,1.0,100.0,0.0,0.6900666586707636
1079,2.5238095238095237,50.34013605442177,23.048599377310133,0.625243668658297
1080,3.1904761904761907,43.764172335600904,20.938355300043263,0.9630029426539845
1081,3.013157894736842,37.110481586402265,22.312211152675456,1.3525890420173872
1082,3.261904761904762,32.426303854875286,36.47385036349626,0.9876419776301295
1083,3.15,32.12435233160622,23.627128048573482,0.7819638706696079
1084,1.9423076923076923,62.4203821656051,110.0,0.655002055393119
1085,1.1081081081081081,100.0,0.0,0.6900666586707636
1086,3.3095238095238093,28.571428571428573,22.108790867308596,1.0828829030369427
1087,1.8214285714285714,47.84580498866213,0.0,1.0522030634640733
1088,1.0,100.0,0.0,0.6900666586707636
1089,1.0,100.0,0.0,0.6900666586707636
1090,1.6785714285714286,57.00934579439252,40.0,0.8413065108696431
1091,3.65,53.904282115869016,15.906294581660216,0.5686693451307693
1092,1.5833333333333333,81.40589569160997,31.428571428571427,0.3982072189753537
1093,1.6904761904761905,45.35147392290249,20.0,0.5799151714181009
1094,1.8928571428571428,68.02721088435374,12.189752018932554,0.45151793332600054
1095,3.380952380952381,68.93424036281179,16.288871543021724,0.551628201779003
1098,1.3571428571428572,89.3424036281179,10.0,0.21903252178902116
1100,1.75,44.21768707482993,80.55385138137417,1.019971215156542
1101,3.0833333333333335,32.426303854875286,10.875079571766461,1.0036917160092507
1102,1.6785714285714286,57.82312925170068,30.0625345635761,0.6238726702974893
1103,1.5238095238095237,97.21577726218098,0.0,0.13076876075248156
1104,1.0,100.0,0.0,0.6900666586707636
1105,1.7023809523809523,50.56689342403628,31.231056256176608,0.5509426654817893
1106,1.09375,100.0,0.0,0.6900666586707636
1107,1.7261904761904763,43.31065759637188,26.055512754639892,0.4590807522603987
1109,1.2619047619047619,82.76643990929705,0.0,0.4524721140221746
1110,2.0238095238095237,70.52154195011337,22.473966306808116,0.6966298782116551
1111,2.642857142857143,35.82766439909297,39.12962529732268,0.8651466315823697
1112,1.3928571428571428,89.3424036281179,33.1990123749913,0.30226230381123925
1114,2.2023809523809526,29.931972789115648,28.814179894795277,1.2600060191273006
1115,1.0,100.0,0.0,0.6900666586707636
1117,2.8095238095238093,78.45804988662131,17.787838787296195,0.46922034844159877
1118,1.375,93.45794392523365,0.0,0.18605897828072895
1120,2.8214285714285716,34.467120181405896,12.006920415224913,0.6478143362576231
1122,1.3157894736842106,100.0,0.0,0.6900666586707636
1123,1.9642857142857142,37.868480725623584,30.0,0.8314138977327673
1124,2.1904761904761907,38.095238095238095,20.0,0.8731809533043748
1125,1.0,100.0,0.0,0.6900666586707636
1126,2.975,75.25773195876289,24.162378193261812,0.48078649198531914
1127,2.761904761904762,70.29478458049887,13.818328006842128,0.5322327632401846
1129,3.025,33.75,17.439400374313582,0.9036620132246302
1130,1.7142857142857142,72.16981132075472,22.774146453645315,0.714730863993887
1132,1.369047619047619,70.29478458049887,0.0,0.6052140133468746
1134,2.2142857142857144,53.86363636363637,63.67856499356441,1.238898528429927
1135,1.0,100.0,0.0,0.6900666586707636
1137,2.6547619047619047,85.4875283446712,0.0,0.4195990397990943
1138,2.6176470588235294,88.23529411764706,0.0,0.3057600625790341
1139,1.4642857142857142,86.62131519274377,164.6424919657298,0.4176193977663124
1140,1.5512820512820513,85.8288770053476,10.0,0.38054806381295336
1141,2.3452380952380953,36.281179138321995,10.019672331458317,0.47729857761079486
1142,1.8571428571428572,59.63718820861678,30.0,1.0450413044148161
1143,1.0,100.0,0.0,0.6900666586707636
1144,1.6071428571428572,58.62068965517241,0.0,0.9384682272300291
1145,1.2121212121212122,100.0,0.0,0.6900666586707636
1147,2.0714285714285716,49.88662131519274,42.380963559809196,0.9453759150854907
1148,1.9264705882352942,58.68055555555556,57.0820393249937,0.9385888590511753
1149,2.6666666666666665,58.992805755395686,0.0,1.0778517851397773
1150,1.1071428571428572,97.27891156462584,0.0,0.11029778985093835
1151,1.0,100.0,0.0,0.6900666586707636
1152,1.0,100.0,0.0,0.6900666586707636
1153,1.7619047619047619,46.03174603174603,34.721359549995796,0.7244562105417529
1154,2.09375,46.47302904564315,50.0,0.6895721982635842
1155,1.7976190476190477,44.21768707482993,91.98039027185571,1.0702370402634493
1156,1.3928571428571428,95.91836734693878,0.0,0.1750671558611867
1157,1.0,100.0,0.0,0.6900666586707636
1158,2.0609756097560976,56.96517412935324,52.42120785183535,0.8118733325289675
1159,2.0714285714285716,60.046189376443415,30.848910242421244,0.5592810484902884
1160,1.7738095238095237,50.56689342403628,12.360679774997898,0.4646481885217453
1161,2.0595238095238093,36.054421768707485,34.721359549995796,0.7427674818837431
1162,1.380952380952381,86.16780045351474,40.99019513592785,0.38137750520600266
1163,3.0833333333333335,45.12471655328798,10.624087756608638,0.631073412067897
1165,2.142857142857143,29.478458049886623,20.0,0.6046901376221541
1167,1.4404761904761905,91.38321995464852,17.17804541490735,0.243356304311711
1168,1.7976190476190477,32.87981859410431,27.755102040816325,0.6588182129304918
1169,2.3452380952380953,47.93577981651376,21.871544673969264,0.8591683816029219
1170,2.526315789473684,37.391304347826086,0.0,1.3231377503327266
1171,1.4761904761904763,84.58049886621315,0.0,0.5138301235202618
1172,2.0952380952380953,47.39229024943311,20.0,0.6192240475685351
1173,3.1625,78.44611528822055,13.390962518624232,0.5221461166846231
1174,1.7857142857142858,59.863945578231295,53.24555320336759,0.708153309291473
1175,1.7142857142857142,72.33560090702947,36.19454232820619,0.6511025502625795
1177,2.1785714285714284,27.210884353741495,53.81061982543777,1.0844962844230643
1178,2.0,32.19954648526077,26.77749995907422,0.8884217763106216
1179,2.9285714285714284,35.600907029478456,18.37074089608566,0.822848480728196
1180,1.2619047619047619,50.11337868480726,0.0,0.693144346090147
1181,2.5357142857142856,36.281179138321995,33.74355350228974,1.0940212446764643
1182,1.0,100.0,0.0,0.6900666586707636
1183,2.130952380952381,71.69373549883991,36.36430289767191,0.7100909805587652
1184,1.4523809523809523,90.47619047619048,10.0,0.24177683987667298
1185,2.261904761904762,42.40362811791383,25.432444470882622,1.1380853488142029
1186,1.5975609756097562,94.6987951807229,0.0,0.18753310099996076
1187,1.0,100.0,0.0,0.6900666586707636
1188,2.4047619047619047,33.333333333333336,18.882241959017946,1.0788829142519991
1189,1.369047619047619,70.74829931972789,0.0,0.6052140133468746
1190,1.7142857142857142,60.770975056689345,32.426406871192846,0.5036854613653327
1191,1.8928571428571428,39.909297052154194,25.694030044780643,0.6352692242956565
1192,2.1904761904761907,63.492063492063494,19.931322364680906,1.0970299052778296
1193,1.0,100.0,0.0,0.6900666586707636
1194,2.0,76.74418604651163,180.0,0.4857225746644396
1195,2.4047619047619047,56.46258503401361,10.0,0.979607406325812
1196,2.1666666666666665,89.56916099773242,52.38762723686028,0.33286007891322994
1197,1.0,100.0,0.0,0.6900666586707636
1198,3.2857142857142856,35.600907029478456,13.87157827360537,0.848361468217979
1199,1.8928571428571428,60.54421768707483,10.0,0.37328068450719404
1200,1.619047619047619,69.84126984126983,31.997022946160556,0.6046901376221541
1201,2.1666666666666665,60.317460317460316,12.880869609102326,0.4937297328275828
1203,1.9107142857142858,69.38775510204081,37.244897959183675,0.5700041113212964
1204,2.235294117647059,64.51612903225806,70.0,0.32197722382432675
1205,1.0,100.0,0.0,0.6900666586707636
1206,2.107142857142857,84.80725623582767,15.753558688388573,0.3566000135610585
1208,2.5405405405405403,28.698224852071007,40.99019513592785,1.376477714988313
1209,1.675,77.02020202020202,0.0,0.658289277504269
1210,2.130952380952381,26.077097505668934,34.22690984098693,1.34082681560689
1211,1.8928571428571428,61.224489795918366,42.281921181663904,0.8185165095852786
1212,2.075,73.90180878552971,12.095910534729866,0.889060935449545
1213,2.7976190476190474,34.69387755102041,12.063173592535748,0.6492695754292059
1214,2.9047619047619047,73.01587301587301,66.15773105863909,0.79561953007722
1215,1.6666666666666667,55.78231292517007,0.0,1.1549601203597404
1216,1.9404761904761905,65.98639455782313,34.721359549995796,0.8484264012039444
1217,1.5416666666666667,72.25806451612904,128.92443989449805,0.6043283616416177
1218,1.7023809523809523,57.59637188208617,34.82530628721403,0.9474281603756387
1219,1.2738095238095237,86.39455782312925,0.0,0.3802304826164345
1222,2.4324324324324325,36.22754491017964,142.97058540778355,1.3302560683265838
1224,2.5833333333333335,64.17233560090703,0.0,0.6463341980550162
1225,1.4761904761904763,86.16780045351474,120.0,0.4638866611549829
1226,2.1785714285714284,39.002267573696145,34.7213595499958,1.0362919987979076
1228,2.5357142857142856,28.798185941043084,24.27930769468636,1.107801066380643
1229,1.9642857142857142,51.02040816326531,20.0,0.5523117982255072
1230,1.0,100.0,0.0,0.6900666586707636
1231,2.182926829268293,29.055690072639226,32.126696832579185,1.007455149660348
1232,2.0238095238095237,50.79365079365079,49.63201593431993,1.0991507128266265
1233,1.0,100.0,0.0,0.6900666586707636
1234,1.661764705882353,43.58974358974359,20.0,1.069034763726472
1235,3.130952380952381,46.330275229357795,12.051740245813946,0.6854472298509631
1236,1.8928571428571428,70.32710280373831,20.0,0.4568552293169067
1237,1.25,90.47619047619048,0.0,0.2910972010008829
1238,1.130952380952381,95.91836734693878,0.0,0.15603279458857647
1239,2.0714285714285716,90.70294784580499,10.0,0.3090988395575824
1240,1.380952380952381,80.88578088578089,0.0,0.48257756517701206
1242,1.0,100.0,0.0,0.6900666586707636
1243,1.5476190476190477,47.61904761904762,30.0,0.48691270946460224
1244,2.25,26.984126984126984,56.08150470219436,1.2378298847667832
1245,1.0,100.0,0.0,0.6900666586707636
1247,2.1176470588235294,78.72340425531915,30.775862068965516,0.4816653025949952
1248,1.4642857142857142,87.98185941043084,16.097560975609756,0.3994271272615163
1249,3.119047619047619,61.678004535147394,15.07160123608,0.7385127968031566
1250,1.7380952380952381,56.97674418604651,39.83495834572247,0.8002300021262359
1251,1.0,100.0,0.0,0.6900666586707636
1252,1.6547619047619047,31.746031746031747,57.0820393249937,1.0596618411449084
1253,1.0,100.0,0.0,0.6900666586707636
1255,2.0,52.785145888594165,106.61903789690602,1.002407408116146
1256,1.3214285714285714,92.7437641723356,16.762001783217972,0.20373997596298557
1257,1.0,100.0,0.0,0.6900666586707636
1258,2.1666666666666665,31.972789115646258,18.284271247461902,0.5597042517436831
1260,2.0476190476190474,39.229024943310655,24.187643020594965,0.7250735523564468
1261,1.6071428571428572,67.12018140589569,0.0,0.8423493028858053
1263,2.1486486486486487,43.582089552238806,21.622776601683796,1.0793804022676468
1264,1.8928571428571428,75.05668934240363,85.80846177372109,0.7196287225547728
1265,1.75,59.63718820861678,53.24555320336759,0.6686948056098574
1266,1.7619047619047619,43.31065759637188,103.13708498984761,1.0774717616514273
1267,1.0833333333333333,99.31972789115646,0.0,0.03335700604079931
1268,2.0,56.09756097560975,0.0,0.6645284386549151
1269,2.25,62.562814070351756,38.23709951086407,0.8627529108376362
1270,1.8214285714285714,39.229024943310655,18.284271247461902,0.46280223702904744
1271,1.0,100.0,0.0,0.6900666586707636
1272,2.0375,40.25316455696203,44.58826108529869,0.6847017700785925
1273,1.869047619047619,46.25850340136054,20.0,1.0079043948055513
1274,2.1219512195121952,49.04306220095694,35.94855858946035,0.4679635200977978
1276,1.15,100.0,0.0,0.6900666586707636
1277,1.6785714285714286,75.51020408163265,147.72085000344558,0.6753709006124627
1279,1.6666666666666667,49.65986394557823,20.0,0.4884011465528407
1280,2.3333333333333335,23.80952380952381,52.484472049689444,1.446753064400408
1281,2.5595238095238093,84.12698412698413,10.0,0.43986723479181933
1282,1.5714285714285714,68.02721088435374,12.360679774997898,0.3198197673223754
1283,1.380952380952381,100.0,0.0,0.6900666586707636
1284,1.0,100.0,0.0,0.6900666586707636
1285,1.0833333333333333,100.0,0.0,0.6900666586707636
1287,1.0,100.0,0.0,0.6900666586707636
1288,1.0,100.0,0.0,0.6900666586707636
1289,1.7619047619047619,58.276643990929706,10.0,0.9288692364800539
1292,1.6071428571428572,55.32879818594105,30.0,0.5172502020286037
1293,1.8571428571428572,90.9297052154195,84.86832980505139,0.30637701641738985
1294,1.0,100.0,0.0,0.6900666586707636
1295,1.5476190476190477,74.14965986394557,0.0,0.7316863974534081
1297,1.9523809523809523,67.80045351473923,10.0,0.7238561114072353
1298,2.2142857142857144,35.600907029478456,51.83938661303519,1.173906094911232
1299,2.619047619047619,32.19954648526077,43.910031505254885,1.4431082738186847
1300,1.5595238095238095,49.07834101382488,0.0,1.045396985505985
1303,2.2419354838709675,47.67932489451477,100.0,0.9997468629746926
1304,1.5714285714285714,59.863945578231295,0.0,0.8297366796321632
1305,2.5238095238095237,40.136054421768705,14.212094395507378,0.5811158380314033
1307,1.7361111111111112,72.81553398058253,14.005877407438499,0.5779739556346988
1308,1.8333333333333333,43.764172335600904,34.721359549995796,0.9915974628500498
1309,1.0,100.0,0.0,0.6900666586707636
1310,2.2857142857142856,33.78684807256236,22.61743659105634,1.1744932050257977
1311,1.5476190476190477,83.44671201814059,12.3606797749979,0.38008977797740445
1312,3.1785714285714284,30.385487528344672,19.059265330050405,1.065737050247117
1313,3.1904761904761907,77.32426303854875,12.655886888832155,0.5892404762858258
1314,2.142857142857143,36.507936507936506,20.142857142857142,0.6590822773840472
1315,2.9166666666666665,77.95454545454545,13.797817300412548,0.500568005504691
1316,2.6785714285714284,65.44622425629291,16.35202549622493,0.4851164746647739
1317,2.238095238095238,50.57471264367816,26.055512754639892,0.9848676798746648
1318,1.7142857142857142,54.42176870748299,35.805998848302885,0.6878970564685183
1320,1.0,100.0,0.0,0.6900666586707636
1321,1.0,100.0,0.0,0.6900666586707636
1322,2.0952380952380953,34.01360544217687,19.46310528832141,0.6421347837839517
1323,1.9523809523809523,61.41552511415525,11.066666666666666,1.0787808704353365
1324,1.9880952380952381,63.945578231292515,25.4908507935963,0.7956483874685569
1325,1.869047619047619,52.38095238095238,12.3606797749979,0.8928599837352273
1326,1.5357142857142858,58.73015873015873,20.0,0.36383008546231416
1327,2.0238095238095237,31.746031746031747,18.02269695072282,1.1451544506301716
1328,2.1785714285714284,26.53061224489796,18.284271247461902,1.2793597993120334
1329,2.0238095238095237,34.69387755102041,30.0,0.876111257427216
1330,2.6904761904761907,69.16099773242631,10.0,0.4885632143236639
1331,1.7435897435897436,60.273972602739725,19.36778039517224,0.7830295396332054
1332,2.1547619047619047,38.15165876777251,43.140145980079936,1.0681481144042977
1333,1.25,95.23809523809524,0.0,0.15603279458857647
1334,2.0357142857142856,41.950113378684804,20.158062656008163,0.660944479903727
1335,2.1547619047619047,42.17687074829932,18.639599687336656,1.051213518162278
1336,1.3452380952380953,56.91609977324263,0.0,0.6847043170652156
1337,1.0,100.0,0.0,0.6900666586707636
1338,1.6538461538461537,93.37016574585635,34.24948001063132,0.12577946792257189
1340,1.2142857142857142,95.46485260770974,0.0,0.19187029808264527
1343,2.119047619047619,66.89342403628117,35.508055338472566,0.8556352192394849
1344,1.6964285714285714,54.35897435897436,0.0,0.6908601757029
1345,1.0357142857142858,99.54648526077098,0.0,0.02028458805428382
1346,2.1666666666666665,44.367816091954026,24.573316480071572,0.5211434992778554
1347,2.1904761904761907,48.52607709750567,18.284271247461902,0.5272091454319068
1348,1.3,100.0,0.0,0.6900666586707636
1349,1.7023809523809523,47.84580498866213,72.46211251235322,1.0320197472441088
1350,1.0,100.0,0.0,0.6900666586707636
1351,2.142857142857143,65.07936507936508,10.317460317460318,0.4388794027139652
1352,1.0,100.0,0.0,0.6900666586707636
1353,1.0,100.0,0.0,0.6900666586707636
1354,1.0,100.0,0.0,0.6900666586707636
1355,1.0,100.0,0.0,0.6900666586707636
1357,1.8571428571428572,45.305164319248824,34.721359549995796,1.2723249312518017
1358,1.5609756097560976,89.58837772397095,10.0,0.22847101814290413
1359,2.810810810810811,36.82634730538922,17.343648136475796,1.0960404061298765
1360,1.2738095238095237,92.97052154195012,0.0,0.22400921478331673
1362,1.4642857142857142,75.73696145124717,40.0,0.5093464554688649
1363,1.8928571428571428,68.34862385321101,12.360679774997898,0.2868359830561607
1364,1.7857142857142858,82.6086956521739,16.17848970251716,0.31462149983654736
1365,1.5476190476190477,51.47392290249433,170.0,0.8649726779839392
1366,3.5714285714285716,35.374149659863946,17.99278390597056,1.380012309906309
1367,1.369047619047619,61.224489795918366,0.0,0.6681587152460315
1368,2.0952380952380953,45.12471655328798,60.79584038639936,1.1173635240215798
1370,1.8928571428571428,42.17687074829932,22.964719819177052,0.6001014755406309
1371,1.0,100.0,0.0,0.6900666586707636
1372,1.0,100.0,0.0,0.6900666586707636
1374,2.392857142857143,40.58956916099773,35.91839514861327,0.993639863271758
1375,2.1375,41.20603015075377,43.85164807134504,0.8175742244738109
1376,1.7375,45.1948051948052,0.0,1.031111337877367
1377,1.5833333333333333,84.57943925233644,34.721359549995796,0.5214289086014865
1378,2.473684210526316,73.91304347826087,0.0,0.636443807417282
1379,1.4761904761904763,81.859410430839,10.0,0.26338335888071124
1380,2.5526315789473686,37.325905292479106,82.19544457292886,1.0715969131291325
1381,1.8214285714285714,62.811791383219955,29.837262602592777,0.5744221862193774
1382,2.073170731707317,86.26506024096386,17.854580674329796,0.2527202307218487
1383,2.1,66.0,0.0,0.825693007314017
1384,2.1785714285714284,67.12018140589569,37.86271359833238,0.9700929612359119
1385,2.1904761904761907,54.07925407925408,29.35485581202709,0.6916648493826099
1386,1.6547619047619047,76.87074829931973,20.0,0.6388685376186145
1387,1.8214285714285714,72.56235827664399,27.693764494938037,0.4381364650606162
1388,1.9880952380952381,41.723356009070294,101.80339887498948,1.2952146387327401
1389,1.7261904761904763,38.775510204081634,40.0,0.6478143362576231
1390,1.2261904761904763,92.97052154195012,0.0,0.2337916587064593
1391,2.357142857142857,32.87981859410431,0.0,1.350639631433064
1392,1.1904761904761905,93.42403628117914,0.0,0.22565525233063266
1393,1.9404761904761905,92.51700680272108,117.27922061357854,0.2648864834469934
1394,1.7380952380952381,59.41043083900227,60.0,0.9736257621581048
1395,1.3452380952380953,85.03401360544218,0.0,0.4047473202463422
1396,2.0238095238095237,51.02040816326531,54.031242374328485,1.1046675154202954
1397,3.1666666666666665,58.049886621315196,19.385344179562082,0.5180288592332405
1398,1.9047619047619047,63.265306122448976,55.60073351113819,0.9184681887760727
1399,1.0476190476190477,99.31972789115646,0.0,0.03021296566677581
1400,1.8333333333333333,70.97505668934241,34.313427431500145,0.42476854334255676
1401,1.2261904761904763,88.88888888888889,0.0,0.33923586196437505
1403,1.5238095238095237,67.80045351473923,20.0,0.3602305211946065
1404,2.1547619047619047,54.794520547945204,14.583529782660213,0.5782944150315981
1405,1.3333333333333333,100.0,0.0,0.6900666586707636
1406,1.0,100.0,0.0,0.6900666586707636
1407,1.869047619047619,30.158730158730158,23.66883116883117,0.618240708638764
1408,1.7976190476190477,58.049886621315196,18.284271247461902,0.4457391740388933
1409,1.6904761904761905,73.01587301587301,34.721359549995796,0.8829489893314476
1410,2.4285714285714284,25.85034013605442,43.995256101259756,1.1777052716208334
1411,2.7261904761904763,52.38095238095238,13.900226757369614,0.4995761402843666
1414,1.7261904761904763,80.49886621315193,15.328358616356708,0.30226230381123925
1415,2.3076923076923075,38.35978835978836,53.790326797440514,1.2119176229075523
1416,2.142857142857143,34.240362811791385,54.97445448875798,1.3026089999033785
1417,1.0,100.0,0.0,0.6900666586707636
1418,1.880952380952381,41.26984126984127,42.15916634093661,0.7302500861229393
1420,3.1666666666666665,62.358276643990926,10.0,0.5588583905677504
1421,1.0,100.0,0.0,0.6900666586707636
1422,1.5238095238095237,47.61904761904762,30.0,0.42885439451264507
1423,1.0,100.0,0.0,0.6900666586707636
1424,1.6904761904761905,62.811791383219955,22.22222222222222,0.3430165183285131
1425,2.357142857142857,43.08390022675737,18.425997624274498,0.6224869206570487
1426,1.880952380952381,79.13832199546485,63.13760478691857,0.5004024235381879
1427,1.65,50.12787723785166,0.0,0.75145994396054
1428,1.8214285714285714,36.054421768707485,19.05707824931334,0.5045007214245907
1430,2.130952380952381,39.909297052154194,30.0,1.2250732447529407
1431,2.0357142857142856,42.63038548752834,13.794117647058824,0.542563704693203
1432,2.5595238095238093,48.29931972789116,10.0,0.4553194653360305
1433,1.8095238095238095,43.31065759637188,0.0,1.205161026578445
1436,1.8333333333333333,43.764172335600904,99.13902699855859,0.8866219067987366
1437,1.2222222222222223,100.0,0.0,0.6900666586707636
1438,1.9404761904761905,46.93877551020408,40.0,0.6210863745552451
1439,1.0238095238095237,100.0,0.0,0.6900666586707636
1440,3.0714285714285716,37.414965986394556,30.785214702833983,0.8091191997002299
1441,1.2738095238095237,72.33560090702947,0.0,0.5840859317593606
1443,2.0952380952380953,77.20930232558139,81.99917352459805,0.744289416082223
1445,1.3095238095238095,52.60770975056689,0.0,0.6915136378174997
1446,1.09375,100.0,0.0,0.6900666586707636
1447,1.5875,66.75191815856778,190.0,0.8050774602984019
1448,2.085714285714286,56.56565656565657,57.0820393249937,0.679778902103923
1449,1.7142857142857142,51.70068027210884,24.328078081686193,0.5949657929379321
1450,3.2051282051282053,37.5,29.170376888409123,1.1486499413520102
1452,1.0,100.0,0.0,0.6900666586707636
1453,1.9625,45.572916666666664,40.0,0.8955626387789686
1454,1.6904761904761905,61.224489795918366,40.0,0.538988488265067
1456,2.4523809523809526,33.78684807256236,33.98526475493964,0.8826819443324985
1457,1.5238095238095237,52.38095238095238,0.0,0.9434663290645001
1459,1.9166666666666667,49.43310657596372,55.10204081632653,0.5955207859355279
1460,1.75,41.950113378684804,70.65934065934066,1.0298939724215972
1461,1.8928571428571428,71.65532879818593,12.3606797749979,0.5366804143840005
1463,1.7875,49.37027707808564,105.87538747889356,0.8574203255223587
1464,1.869047619047619,58.73015873015873,18.95346881172206,0.6900666586707636
1465,1.0,100.0,0.0,0.6900666586707636
1466,2.682926829268293,54.066985645933016,49.787253187736745,0.8856690828133427
1467,1.4,100.0,0.0,0.6900666586707636
1468,1.6904761904761905,57.59637188208617,0.0,1.0680052197541456
1469,1.869047619047619,58.73015873015873,18.95346881172206,0.6900666586707636
1470,2.3875,35.86387434554974,15.305039787798409,0.7163807121540411
1471,2.5952380952380953,24.94331065759637,26.87290218621306,1.1069841987480062
1473,1.7976190476190477,64.2369020501139,18.284271247461906,0.4037891944271047
1474,3.0238095238095237,72.33560090702947,17.256235827664398,0.4764105187520543
1475,2.477272727272727,47.82608695652174,30.0,0.9134548175917379
1476,2.5952380952380953,36.507936507936506,37.09248352415353,1.403236857607574
1477,2.513157894736842,42.151162790697676,44.75428746604303,0.5010768261538401
1479,1.951219512195122,39.51219512195122,72.46211251235322,1.088895009729776
1480,1.6428571428571428,59.41043083900227,10.0,0.2981086074106909
1481,1.9166666666666667,52.7027027027027,90.0,0.9967579258061866
1482,2.761904761904762,30.385487528344672,11.827122539593287,1.31079075423065
1483,1.0,100.0,0.0,0.6900666586707636
1484,1.9761904761904763,50.11337868480726,58.720205340579604,0.7933242022365448
1485,2.4761904761904763,53.74149659863946,15.005412793249558,0.6482576180082296
1486,1.619047619047619,79.77011494252874,0.0,0.5747616231821338
1487,1.5714285714285714,70.06802721088435,21.622776601683796,0.41646373300315087
1488,1.5128205128205128,92.722371967655,0.0,0.2660027134434522
1489,2.119047619047619,31.292517006802722,32.819843342036556,0.9878561231138117
1490,1.880952380952381,90.9297052154195,46.46194077712559,0.2925084684723972
1492,1.0,100.0,0.0,0.6900666586707636
1493,1.1785714285714286,95.46485260770974,0.0,0.17291856292093663
1494,1.119047619047619,97.05215419501134,0.0,0.11690684913753106
1495,1.8108108108108107,53.495440729483285,40.99019513592785,0.6900666586707636
1496,2.130952380952381,53.96825396825397,26.31720140667234,0.6444019844081711
1497,3.357142857142857,33.560090702947846,12.092972404282378,0.754194168671956
1498,3.261904761904762,30.612244897959183,20.60355779117476,1.3695395733204319
1499,1.9642857142857142,46.25850340136054,20.0,0.7931669892457662
1500,1.7261904761904763,52.15419501133787,20.0,0.6739489590232562
1501,2.0606060606060606,53.531598513011154,0.0,1.0511941609939783
1502,1.0,100.0,0.0,0.6900666586707636
1503,1.880952380952381,59.863945578231295,58.86093875541686,0.9876542249761331
1504,1.6785714285714286,64.62585034013605,0.0,0.8752093562831489
1505,1.0833333333333333,98.63945578231292,0.0,0.0565478594527841
1506,1.875,65.64102564102564,20.0,0.6447239829760604
1507,1.0,100.0,0.0,0.6900666586707636
1508,2.9642857142857144,44.67120181405895,16.915474119192996,0.734944667902099
1510,1.8214285714285714,47.05882352941177,0.0,0.9460227280997258
1512,2.0,55.55555555555556,26.05551275463989,0.7431410783378357
1513,1.7976190476190477,69.38775510204081,0.0,0.8448552622786848
1514,2.2857142857142856,27.610208816705338,56.98717948717949,1.0529755885422198
1515,3.0714285714285716,63.038548752834465,13.196236335414424,0.5812486969893237
1516,1.0,100.0,0.0,0.6900666586707636
1517,1.7023809523809523,64.98855835240275,30.610932475884244,0.7419944003054747
1518,2.142857142857143,40.36281179138322,29.773242630385486,0.7305043064816266
1519,1.0,100.0,0.0,0.6900666586707636
1520,1.6428571428571428,53.28798185941043,0.0,1.055733638191736
1521,1.0,100.0,0.0,0.6900666586707636
1522,1.5128205128205128,87.70491803278688,26.055512754639892,0.3417105329414088
1524,2.392857142857143,34.31818181818182,21.86104218362283,1.3140597036359414
1525,1.7142857142857142,38.095238095238095,24.692737430167597,0.49033943049065165
1526,1.7261904761904763,61.224489795918366,0.0,0.9269585185521823
1527,1.0,100.0,0.0,0.6900666586707636
1528,2.2142857142857144,60.090702947845806,36.32192128349194,0.8377857059770442
1529,1.5357142857142858,52.38095238095238,70.0,0.90455332298922
1530,1.0,100.0,0.0,0.6900666586707636
1531,1.7976190476190477,31.746031746031747,0.0,1.3731356263447363
1532,1.0,100.0,0.0,0.6900666586707636
1533,1.0238095238095237,99.77324263038548,0.0,0.009205721925471222
1534,1.0476190476190477,99.31972789115646,0.0,0.03021296566677581
1536,1.0,100.0,0.0,0.6900666586707636
1537,1.2142857142857142,96.3718820861678,50.0,0.14748601970672107
1538,1.7738095238095237,49.88662131519274,10.0,0.3766528414274074
1539,2.0833333333333335,56.91609977324263,22.025723472668812,0.743891387874158
1540,1.0833333333333333,98.86621315192744,0.0,0.04864974269047388
1541,1.8214285714285714,36.734693877551024,10.0,0.6377447627526958
1543,1.869047619047619,50.79365079365079,20.0,0.9243379416552469
1544,3.0714285714285716,27.43764172335601,27.68457399334536,1.3239401803036517
1545,1.0,100.0,0.0,0.6900666586707636
1546,1.4047619047619047,91.60997732426304,147.5,0.3126461753983807
1547,2.6794871794871793,26.861702127659573,23.254010939980507,1.1267252341104477
1549,1.4166666666666667,58.276643990929706,0.0,0.6789922559359626
1550,2.0476190476190474,48.52607709750567,34.852521333121814,1.1448478603499028
1551,2.6785714285714284,44.89795918367347,15.08313539192399,0.6512536042240689
1552,2.630952380952381,38.095238095238095,13.97945355995904,1.1718844201272451
1553,1.869047619047619,29.024943310657598,51.26985659746786,1.073072654788994
1554,2.1904761904761907,35.374149659863946,36.88550104011061,1.0915040348938807
1555,2.107142857142857,54.89749430523918,53.351937236863634,1.0644222155059861
1556,2.238095238095238,46.17169373549884,25.49595498572334,0.7849739393224944
1557,1.7804878048780488,84.01937046004842,35.36402938370499,0.3087161071590457
1558,1.0,100.0,0.0,0.6900666586707636
1559,2.5135135135135136,38.2262996941896,18.003206663627836,0.6928855062331052
1560,2.25,43.31065759637188,21.04226112772292,1.0419221016313878
1561,1.6904761904761905,71.88208616780045,87.74800216632802,0.6570786798107515
1562,2.3452380952380953,42.517814726840854,27.142857142857142,1.0498396617898413
1563,1.7738095238095237,47.84580498866213,12.360679774997898,0.5866780220439922
1566,1.7380952380952381,59.183673469387756,120.0,0.9455993850924646
1567,2.4285714285714284,36.507936507936506,26.003399624447503,1.0722693627978273
1568,2.2976190476190474,80.95238095238095,13.976162072832249,0.5420021077291658
1569,2.2261904761904763,60.93023255813954,39.13164263962135,0.6700000602936903
1570,1.8333333333333333,60.090702947845806,20.32277728331501,0.5583774068097463
1574,2.4404761904761907,32.6530612244898,11.770967673090135,0.82530387594831
1575,2.6547619047619047,46.48526077097506,16.705991401695336,0.9634650485641554
1576,1.0,100.0,0.0,0.6900666586707636
1577,2.7142857142857144,27.664399092970523,10.0,0.5687805142984326
1578,1.7976190476190477,52.60770975056689,30.0,0.6433908070510866
1579,1.7857142857142858,61.904761904761905,19.718850278384934,0.37444710505741213
1582,2.5,34.69387755102041,21.437404903923834,0.6331623242387419
1583,2.0476190476190474,44.89795918367347,20.573020673893048,0.5971752911620131
1584,1.3333333333333333,100.0,0.0,0.6900666586707636
1588,1.5,90.70294784580499,118.06248474865697,0.31180383745921925
1589,2.9523809523809526,29.931972789115648,61.332348944836795,1.3406312670451637
1590,1.6666666666666667,58.049886621315196,68.10249675906654,0.8530600767649139
1592,2.5,34.686346863468636,20.702977785166205,1.0829581762146336
1593,1.25,57.142857142857146,0.0,0.6823878740213982
1594,1.7261904761904763,64.39909297052154,18.284271247461902,0.5208592810980012
1596,3.0,34.7926267281106,11.066417821341396,0.8179729864498935
1597,1.8571428571428572,66.5909090909091,74.85281374238569,0.966790270636585
1598,1.7375,77.32997481108312,26.055512754639892,0.6237802999269777
1599,1.1081081081081081,100.0,0.0,0.6900666586707636
1601,2.3214285714285716,46.244131455399064,12.076923076923077,0.7077505128121322
1603,1.0,100.0,0.0,0.6900666586707636
1604,1.8452380952380953,66.5137614678899,56.58149753132381,0.8310935618401196
1605,2.0,59.183673469387756,12.360679774997898,0.5162854077688377
1606,2.738095238095238,28.571428571428573,33.54408323265604,1.1342197525993387
1607,1.9390243902439024,40.0,35.75,0.5477684103600396
1608,3.0,44.44444444444444,45.498006682804615,0.9739515229722175
1609,1.8333333333333333,37.414965986394556,40.0,1.1682826454380697
1610,1.829268292682927,58.8235294117647,10.0,0.6754327741992918
1611,1.9285714285714286,62.585034013605444,19.739514993230937,0.6414224912650586
1612,1.0,100.0,0.0,0.6900666586707636
1613,2.4285714285714284,40.136054421768705,65.32246942941302,1.2749046811079863
1614,1.7380952380952381,81.63265306122449,18.284271247461902,0.3697616900395684
1616,1.3214285714285714,56.294536817102134,0.0,0.6848358475806082
1617,1.9642857142857142,29.705215419501133,23.18138382965868,0.6143534821860303
1618,1.6666666666666667,53.28798185941043,40.0,0.6098522372029994
1619,2.3452380952380953,43.31065759637188,19.681885813248762,0.39600322529260257
1620,1.75,68.28644501278772,60.0,0.7260335681703409
1621,2.4166666666666665,30.158730158730158,27.315957872242613,1.0647520174433975
1622,1.1071428571428572,98.41269841269842,0.0,0.07234291534838481
1623,1.2857142857142858,87.98185941043084,0.0,0.3480061226022792
1624,1.9523809523809523,54.87528344671202,21.622776601683796,0.6106758493143862
1625,1.9166666666666667,26.984126984126984,21.826265751399333,0.7047542300746676
1627,2.2142857142857144,36.281179138321995,82.14738176326395,1.2840364885989783
1628,1.6785714285714286,76.41723356009071,17.53231274448072,0.43174915254952595
1629,1.8928571428571428,45.12471655328798,18.284271247461902,0.7714740470646156
1630,1.9880952380952381,29.478458049886623,18.048514162136595,0.611367802746405
1631,2.0921052631578947,50.28409090909091,0.0,0.9573502850375813
1632,2.310810810810811,32.02416918429003,0.0,1.359035131918445
1634,2.392857142857143,47.61904761904762,18.832323398665118,0.8458844216851122
1636,1.9523809523809523,55.02283105022831,22.385552628004163,0.6599341571882341
1637,2.2023809523809526,73.53629976580797,12.428571428571429,0.3769879758534298
1639,1.0,100.0,0.0,0.6900666586707636
1640,1.3333333333333333,90.24943310657596,157.63054614240212,0.2925084684723972
1643,2.0476190476190474,53.96825396825397,22.427488703297364,0.7527485116514012
1644,2.5357142857142856,59.63718820861678,120.0,1.1559592207456264
1645,1.4761904761904763,79.36507936507937,0.0,0.6231848743977584
1646,1.869047619047619,39.45578231292517,0.0,1.0694962455283823
1647,1.0,100.0,0.0,0.6900666586707636
1648,2.2023809523809526,57.95454545454545,10.0,0.9818214881622827
1649,2.4523809523809526,36.32183908045977,23.40754871383418,0.6629059895735264
1650,1.8676470588235294,50.175438596491226,20.0,0.9643829634255033
1651,1.0,100.0,0.0,0.6900666586707636
1652,1.880952380952381,57.36961451247166,10.443567218869031,1.0411695816292812
1654,1.7738095238095237,49.43310657596372,104.0175425099138,0.9105273478752702
1655,2.5952380952380953,40.136054421768705,22.188233496583614,0.685478700930404
1656,2.238095238095238,59.63718820861678,17.429378531073446,0.5004024235381879
1657,1.5952380952380953,61.904761904761905,50.0,0.8905836787588381
1658,1.7023809523809523,74.37641723356009,0.0,0.7025663957983959
1659,3.35,66.58227848101266,0.0,0.8537038113679627
1661,2.130952380952381,30.612244897959183,92.95630140987001,1.3910517770624529
1662,2.142857142857143,89.1156462585034,12.117423564387737,0.34154529583554616
1663,1.2976190476190477,82.31292517006803,0.0,0.45720511144594705
1665,3.0357142857142856,39.66745843230404,22.179873375545984,0.8251752048939771
1666,1.0,100.0,0.0,0.6900666586707636
1667,1.8333333333333333,66.21315192743764,40.0,0.8022648246583783
1668,2.8125,49.61636828644501,41.0117702111464,0.7933228321099315
1669,1.3333333333333333,86.62131519274377,0.0,0.3721109843002241
1670,1.7738095238095237,75.51020408163265,21.705369263470267,0.7023392219827238
1671,2.4404761904761907,52.88683602771363,48.71839124937199,1.1669650578999824
1672,2.0833333333333335,28.571428571428573,162.6267650163207,1.5035652108317368
1674,1.9285714285714286,46.48526077097506,21.622776601683796,0.6191310190652646
1675,1.4880952380952381,68.48072562358277,0.0,0.7929510751630731
1676,1.8625,65.15151515151516,57.21695886144993,0.8547377667085199
1678,1.0,100.0,0.0,0.6900666586707636
1679,1.7142857142857142,75.34246575342466,140.0,0.8023181823552736
1680,1.9047619047619047,65.75963718820861,30.833333333333332,0.6706739713657335
1681,2.0,50.34013605442177,0.0,1.1255451949780686
1682,1.5357142857142858,84.12698412698413,25.40134415018645,0.2939152147879743
1683,2.4558823529411766,35.94306049822064,0.0,1.1611526144811626
1684,1.7380952380952381,56.46258503401361,0.0,0.7752695628080886
1685,2.7976190476190474,36.961451247165535,24.58201067824809,0.8175056205692672
1686,1.5595238095238095,64.85260770975057,43.85164807134504,0.7005431894466122
1687,1.0,100.0,0.0,0.6900666586707636
1688,2.6666666666666665,23.80952380952381,17.52270424492721,0.939779953416257
1689,1.869047619047619,58.73015873015873,18.95346881172206,0.6900666586707636
1690,1.0,100.0,0.0,0.6900666586707636
1691,1.5217391304347827,83.46456692913385,0.0,0.41919274348305047
1692,3.2261904761904763,32.6530612244898,20.030499332946444,1.2432396912034134
1693,1.869047619047619,48.07256235827664,12.360679774997896,0.41751165738249474
1694,1.0,100.0,0.0,0.6900666586707636
1695,1.25,90.47619047619048,0.0,0.2910972010008829
1696,1.869047619047619,58.73015873015873,18.95346881172206,0.6900666586707636
1698,1.7857142857142858,39.002267573696145,10.0,1.160244225749961
1699,1.869047619047619,58.73015873015873,18.95346881172206,0.6900666586707636
1700,1.0,100.0,0.0,0.6900666586707636
1701,1.7142857142857142,48.97959183673469,0.0,0.8849391315715749
1703,1.0,100.0,0.0,0.6900666586707636
1704,2.1666666666666665,52.38095238095238,47.87527634044261,0.9653343461323902
1705,2.111111111111111,41.98717948717949,0.0,1.0333292469908253
1707,2.1904761904761907,49.20634920634921,35.962098889912305,1.0314893981545803
1708,2.619047619047619,79.81859410430839,71.14757303333053,0.6409540419823694
1710,2.210526315789474,47.05882352941177,20.0,1.0400499460217527
1712,1.0,100.0,0.0,0.6900666586707636
1713,2.6375,48.1958762886598,19.80591035480743,1.1470624508071543
1714,3.1785714285714284,28.117913832199548,13.946325576063671,1.2993599070118607
1716,1.4594594594594594,94.44444444444444,0.0,0.19575931596225893
1718,1.2738095238095237,58.276643990929706,0.0,0.6785858602516202
1719,1.0,100.0,0.0,0.6900666586707636
1720,2.0595238095238093,37.868480725623584,27.703610187037267,1.0223186863190168
1721,2.1666666666666665,57.01149425287356,12.452995486257077,0.36163058029280476
1722,1.9523809523809523,35.147392290249435,30.0,1.0935745860592607
1723,1.869047619047619,58.73015873015873,18.95346881172206,0.6900666586707636
1724,1.75,52.38095238095238,40.0,0.599898019262134
1725,1.3529411764705883,100.0,0.0,0.6900666586707636
1726,1.7619047619047619,65.07936507936508,70.0,0.7326153946314051
1727,1.4523809523809523,59.183673469387756,0.0,0.6715369775704336
1728,1.0,100.0,0.0,0.6900666586707636
1729,2.6447368421052633,35.61253561253561,26.055512754639892,1.0875756645309709
1730,1.2857142857142858,100.0,0.0,0.6900666586707636
1731,1.9054054054054055,39.705882352941174,32.2984620711494,0.7927123753274121
1732,1.8333333333333333,49.65986394557823,29.410488759716923,0.7341024935050724
1734,2.130952380952381,41.26984126984127,0.0,1.3595546788861643
1735,1.3928571428571428,84.80725623582767,32.426406871192846,0.34676416230947943
1736,1.869047619047619,34.240362811791385,20.0,0.5010707189864517
1737,1.5476190476190477,55.10204081632653,20.0,0.6848589507559708
1738,2.41025641025641,67.40331491712708,61.709970724964485,0.552663654042629
1739,2.1,81.81818181818181,0.0,0.38721237518636065
1740,2.5595238095238093,27.89598108747045,14.347826086956522,1.2219832236977117
1741,1.619047619047619,52.60770975056689,111.65525060596438,0.9382887413514529
1743,2.0833333333333335,55.10204081632653,118.36686537498795,1.0496363644449835
1744,1.630952380952381,72.33560090702947,30.0,0.5968496737298186
1745,1.8452380952380953,65.35796766743648,19.451855684702625,0.5032261278257093
1746,2.2261904761904763,28.798185941043084,26.05551275463989,1.519012703048053
1747,1.0,100.0,0.0,0.6900666586707636
1748,1.024390243902439,100.0,0.0,0.6900666586707636
1749,1.0,100.0,0.0,0.6900666586707636
1750,1.869047619047619,59.183673469387756,12.360679774997898,0.6011156810245746
1751,2.0121951219512195,57.28155339805825,10.0,0.5246343149646172
1752,3.0714285714285716,67.12018140589569,10.096354276530526,0.5241824083678722
1753,1.6785714285714286,80.27210884353741,34.28974401856182,0.4495627599052947
1754,2.4166666666666665,75.96371882086167,24.85291199088652,0.5264555659299445
1755,1.7738095238095237,49.65986394557823,136.5769345665839,1.0285987257606517
1756,2.5757575757575757,34.98098859315589,21.167333716628228,0.9872915550620822
1757,2.107142857142857,36.281179138321995,19.15001458643352,0.675547689426428
1758,3.5,27.891156462585034,13.164523278589712,0.8834113642833419
1759,3.357142857142857,28.34467120181406,26.907794167849357,1.3074622595425152
1760,1.7857142857142858,68.93424036281179,12.360679774997896,0.3198197673223754
1761,2.182926829268293,38.929440389294406,40.0,0.8549778806535816
1762,1.5833333333333333,70.06802721088435,31.231056256176608,0.49288555287440095
1763,2.5476190476190474,42.298850574712645,44.18470320747329,1.2916948103711186
1764,1.9642857142857142,41.49659863945578,40.0,1.0990375531895389
1765,1.5714285714285714,73.5632183908046,0.0,0.7472169630130724
1766,1.0,100.0,0.0,0.6900666586707636
1767,1.4285714285714286,84.63302752293578,18.284271247461902,0.2805313834783118
1768,1.9642857142857142,32.19954648526077,10.0,0.8891331542193197
1769,1.9871794871794872,42.547425474254744,38.76712328767123,1.0406360553223775
1770,1.0833333333333333,98.1859410430839,0.0,0.07738386290374488
1772,1.9166666666666667,50.57471264367816,43.85164807134503,0.7590022778729473
1774,2.1904761904761907,51.70068027210884,37.035689207139036,1.1414223144397868
1775,3.3333333333333335,27.664399092970523,16.927899686520377,1.4097815473633704
1776,2.238095238095238,38.095238095238095,25.875237964105697,1.0704487640965774
1777,2.0921052631578947,45.18950437317784,0.0,1.095166325875351
1778,1.9230769230769231,65.67567567567568,0.0,0.8742718164763621
1779,2.5714285714285716,45.80498866213152,23.1795971667406,1.1882232718907362
1780,1.5357142857142858,81.63265306122449,20.0,0.34676416230947943
1781,2.011904761904762,41.26984126984127,10.0,0.37792682360987856
1782,2.380952380952381,37.188208616780045,21.150525079576354,1.09270297339945
1784,1.5810810810810811,50.0,0.0,0.6928020166681165
1785,1.0,100.0,0.0,0.6900666586707636
1786,1.8571428571428572,40.136054421768705,110.0,1.3620949061227394
1788,1.3095238095238095,90.9297052154195,0.0,0.30637701641738985
1789,2.892857142857143,31.065759637188208,10.0,0.6143534821860303
1790,1.9642857142857142,52.83446712018141,21.622776601683793,1.078249769934174
1791,1.119047619047619,96.59863945578232,0.0,0.1339135490837782
1792,1.25,61.904761904761905,0.0,0.6630646759129466
1793,1.6428571428571428,54.42176870748299,50.0,0.6868727086724566
1794,2.076923076923077,100.0,0.0,0.6900666586707636
1797,2.0714285714285716,51.92743764172336,43.683670604254324,1.027624972633122
1798,2.869047619047619,35.374149659863946,14.977171337173194,1.1463019229164433
1799,1.0,100.0,0.0,0.6900666586707636
1800,1.869047619047619,68.70748299319727,14.155124653739612,0.7805562039388462
1802,1.8571428571428572,52.83446712018141,104.0175425099138,0.989960267956931
1803,1.75,60.997732426303855,27.544729839095822,0.6093436691966633
1804,1.9285714285714286,32.426303854875286,60.74120357260154,0.8381006689709203
1805,2.8461538461538463,34.501347708894876,40.0,1.2631811873008592
1806,2.0833333333333335,54.42176870748299,14.461214869413954,0.7011471381305259
1809,1.0,100.0,0.0,0.6900666586707636
1810,2.3333333333333335,60.969976905311775,64.48832584715106,1.127451629132253
1811,1.2976190476190477,57.142857142857146,0.0,0.6827361419080882
1812,2.2976190476190474,39.682539682539684,31.015639851021277,0.9945297885261746
1814,1.6666666666666667,63.718820861678005,0.0,0.8981597475372652
1816,1.6547619047619047,59.863945578231295,40.0,0.6741999699643096
1817,2.642857142857143,36.281179138321995,19.45380633149557,1.1872946123221364
1818,1.0,100.0,0.0,0.6900666586707636
1819,3.011904761904762,37.414965986394556,12.653721682847896,0.611367802746405
1820,3.2857142857142856,46.48526077097506,32.23906468826668,1.1619173665619156
1821,2.05,47.36842105263158,80.0,0.822683318337486
1822,1.9642857142857142,57.4468085106383,176.01075237738277,1.1918453439124597
1823,2.9047619047619047,56.00907029478458,25.69552691520859,0.8248204429858155
1824,1.8928571428571428,76.64399092970521,16.528174606125038,0.3893181132722048
1825,1.0,100.0,0.0,0.6900666586707636
1827,2.142857142857143,40.09111617312073,22.49625657027405,0.6439737380528058
1828,1.5595238095238095,62.585034013605444,0.0,0.897013234268664
1829,2.2560975609756095,37.92270531400966,10.0,0.8288021464118005
1830,3.0476190476190474,21.31519274376417,29.814740546417603,1.2473104771916146
1832,3.7261904761904763,40.136054421768705,13.075183073913339,0.7222891659467979
1833,4.261904761904762,29.523809523809526,24.138105441986855,0.9211035195315445
1834,2.869047619047619,75.51020408163265,21.251118047560187,0.529457521067542
1835,2.2738095238095237,52.60770975056689,10.0,0.3590238104886269
1836,2.4166666666666665,81.63265306122449,12.90249433106576,0.46280223702904744
1837,1.21875,98.79032258064517,0.0,0.028137176487635095
1838,1.2142857142857142,93.42403628117914,0.0,0.22235678813303203
1839,2.142857142857143,49.64705882352941,16.472491909385113,1.1343484794702992
1841,1.9523809523809523,31.972789115646258,20.0,1.2004894352354039
1842,2.1547619047619047,27.210884353741495,20.0,1.2897312396687406
1843,2.738095238095238,50.34013605442177,14.590817406573594,0.6442707574795472
1844,1.9166666666666667,41.043083900226755,21.622776601683796,0.8357002252297288
1846,1.0714285714285714,98.63945578231292,0.0,0.05925858145533138
1847,1.0,100.0,0.0,0.6900666586707636
1848,1.5294117647058822,86.44688644688645,0.0,0.44843067984013985
1849,2.9523809523809526,46.18937644341801,10.591381010392125,0.5342564101623596
1850,1.9743589743589745,44.505494505494504,0.0,1.2158132950367355
1851,1.9761904761904763,34.01360544217687,10.0,0.7513127492944995
1852,3.357142857142857,36.961451247165535,26.387329873874187,1.213432942900601
1853,1.4642857142857142,79.59183673469387,50.0,0.5692445851269334
1854,1.9404761904761905,49.88662131519274,57.0820393249937,1.1133309706317973
1856,2.5625,60.78431372549019,70.0,0.8674282960970638
1857,2.619047619047619,38.321995464852606,62.80109889280519,1.1568884558480224
1858,1.3571428571428572,85.4875283446712,0.0,0.4266233789301299
1859,2.488095238095238,63.718820861678005,10.617977528089888,0.7048082459254799
1860,2.6547619047619047,57.82312925170068,16.909707755542893,0.49576849713167126
1861,1.7027027027027026,50.0,0.0,1.02964251780444
1862,1.0357142857142858,99.54648526077098,0.0,0.02028458805428382
1864,2.3452380952380953,39.229024943310655,22.74062355882118,1.0894307637575196
1867,2.369047619047619,50.79365079365079,0.0,1.0165031050971096
1868,2.357142857142857,54.87528344671202,27.222713215532202,0.7355614044993574
1869,3.0875,29.015544041450777,18.630683019567183,0.9063881581576132
1870,2.119047619047619,34.69387755102041,20.13066338930547,1.2056884491129738
1871,2.1951219512195124,55.52825552825553,80.55385138137417,1.191138802499672
1872,2.511904761904762,33.333333333333336,26.732496247253895,1.2679265399802866
1873,1.630952380952381,71.88208616780045,18.284271247461902,0.7119275776328632
1874,1.869047619047619,58.73015873015873,18.95346881172206,0.6900666586707636
1876,1.7926829268292683,64.04761904761905,0.0,0.847542750642951
1877,1.5595238095238095,82.98368298368298,26.055512754639892,0.4909539953201201
1878,1.9523809523809523,51.47392290249433,50.0,0.8057177068619812
1879,2.5,30.158730158730158,14.464088619507246,0.5834955112454832
1881,1.1428571428571428,96.59863945578232,26.055512754639892,0.12974069471942834
1882,2.5,40.58956916099773,25.589904004694304,1.219338127276252
1883,2.0853658536585367,88.70192307692308,36.23390492373581,0.32421248819501447
1884,2.0476190476190474,61.224489795918366,26.186787713260937,0.9123897302562354
1885,1.5476190476190477,47.39229024943311,0.0,1.0402515928304479
1886,1.8928571428571428,56.68934240362812,48.76791138094554,0.6377447627526958
1887,2.3452380952380953,43.31065759637188,30.594835210906233,0.8654823261035555
1889,3.0238095238095237,30.839002267573697,11.08108108108108,1.2785147977741445
1891,2.142857142857143,40.36281179138322,34.77388333556797,1.0626896541717874
1893,1.4523809523809523,91.15646258503402,18.011027155745836,0.21568194893639836
1894,1.3333333333333333,84.58049886621315,0.0,0.42476854334255676
1895,2.107142857142857,51.02040816326531,18.41006999993983,0.6397434245146243
1896,1.55,87.01298701298701,36.53567418479287,0.30608533379696834
1897,1.3452380952380953,71.65532879818593,0.0,0.5910317337779547
1898,2.2023809523809526,31.746031746031747,32.65385056790177,1.0918461905065606
1899,1.0,100.0,0.0,0.6900666586707636
1900,2.0238095238095237,44.89795918367347,17.2992700729927,1.2469927515557253
1901,2.5714285714285716,55.55555555555556,20.0,0.9490911458230622
1902,1.4166666666666667,65.07936507936508,120.0,0.6425243986620224
1903,1.0,100.0,0.0,0.6900666586707636
1905,2.161290322580645,56.48535564853557,10.0,0.4156816861024513
1906,2.238095238095238,20.634920634920636,14.180327868852459,1.1230196337562854
1907,2.380952380952381,35.374149659863946,15.442440128603376,0.6025775054772525
1908,1.0,100.0,0.0,0.6900666586707636
1909,1.706896551724138,69.45812807881774,0.0,0.6120365157900336
1910,2.6176470588235294,76.65505226480836,91.90091596207245,0.5737271800187986
1911,2.1785714285714284,51.47392290249433,45.74671104586719,0.9726273207590883
1912,1.8571428571428572,56.235827664399096,35.64766839378238,0.679982734852995
1913,1.9642857142857142,38.321995464852606,154.01219466856728,1.298078756870992
1914,2.2738095238095237,43.619489559164734,86.92927029140012,0.9968175458558979
1915,3.488095238095238,66.66666666666667,12.537688442211055,0.831274650276921
1916,1.8571428571428572,42.17687074829932,37.91841728156493,0.7833281711066369
1917,2.8095238095238093,26.53061224489796,38.26871129507903,1.3814145311064605
1918,1.0,100.0,0.0,0.6900666586707636
1919,1.5238095238095237,81.40589569160997,18.284271247461902,0.31180383745921925
1920,1.353658536585366,90.29126213592232,0.0,0.3650166773964073
1921,1.2976190476190477,55.78231292517007,0.0,0.6861858591110194
1922,3.0714285714285716,32.87981859410431,23.30914167121989,0.8684476645587584
1923,2.475609756097561,37.170263788968825,18.912220243653792,0.5413501796026787
1924,1.9166666666666667,43.99092970521542,24.260662533197547,0.6019557651461871
1926,1.0,100.0,0.0,0.6900666586707636
1927,1.911764705882353,82.54545454545455,150.31219541881399,0.393958888298864
1928,1.0,100.0,0.0,0.6900666586707636
1929,1.2738095238095237,94.5578231292517,0.0,0.18242856013800107
1930,1.630952380952381,62.811791383219955,32.183735616313854,0.4195990397990943
1932,1.6666666666666667,65.3061224489796,40.0,0.5004024235381879
1933,1.0,100.0,0.0,0.6900666586707636
1934,1.6785714285714286,50.56689342403628,27.45394507478388,0.5550268506691487
1935,3.35,36.492890995260666,25.194805194805195,1.2456707545227257
1936,1.0,100.0,0.0,0.6900666586707636
1937,1.869047619047619,64.39909297052154,12.360679774997898,0.3937871040507973
1938,1.35,81.97969543147208,0.0,0.4541390095065071
1939,1.5714285714285714,58.049886621315196,0.0,0.9150344485039046
1940,1.103448275862069,100.0,0.0,0.6900666586707636
1941,2.488095238095238,28.798185941043084,10.0,0.496248763305596
1942,2.2976190476190474,64.39909297052154,22.49513660258683,0.917673269684093
1943,2.1097560975609757,33.014354066985646,19.36556653845054,0.5719093592074062
1944,1.0,100.0,0.0,0.6900666586707636
1945,2.0476190476190474,49.77064220183486,20.0,1.0380603730067421
1946,1.0,100.0,0.0,0.6900666586707636
1948,2.0714285714285716,56.235827664399096,18.347953736472277,0.5375444124735402
1949,1.9166666666666667,59.863945578231295,21.622776601683796,1.046287134029499
1950,2.119047619047619,65.26806526806527,40.42236802877711,0.5717916638073037
1951,1.7560975609756098,52.7363184079602,41.58038147138964,0.9008321016257907
1952,2.0714285714285716,42.63038548752834,12.360679774997896,0.7490066229493512
1953,1.2023809523809523,90.24943310657596,0.0,0.3131500868738515
1956,1.5238095238095237,60.090702947845806,10.0,0.2868359830561607
1957,2.5833333333333335,62.811791383219955,27.272888625266567,0.6856041108137666
1959,2.642857142857143,31.292517006802722,16.49758738184352,1.0840292219031198
1960,1.869047619047619,51.24716553287982,10.0,1.0051276282379848
1961,1.5952380952380953,59.41043083900227,0.0,0.90330519616063
1962,2.5357142857142856,35.82766439909297,29.763323826079052,1.3479596806992529
1963,1.6904761904761905,47.84580498866213,10.0,1.0080182720236552
1964,1.869047619047619,47.61904761904762,26.603358205384353,0.5864296972145899
1966,2.05,72.68170426065163,47.00705572409829,0.778547996575905
1967,2.8625,41.854636591478695,35.626773874395425,1.274627154603103
1968,1.9487179487179487,66.39784946236558,93.28431069312553,0.5710729501870271
1969,1.8571428571428572,49.65986394557823,30.0,0.7223178539814794
1970,2.375,60.20942408376963,29.96815286624204,0.8314003947047404
1971,1.880952380952381,43.31065759637188,20.0,0.5502551860431701
1972,1.880952380952381,53.96825396825397,12.360679774997896,0.41687232389037004
1973,3.0714285714285716,80.0453514739229,14.602087036998968,0.4728345589007231
1974,1.7261904761904763,51.92743764172336,100.0,0.7912113355407863
1975,3.380952380952381,36.734693877551024,13.439652414660118,0.7572789604231669
1976,1.8452380952380953,43.99092970521542,0.0,1.060033449249792
1977,2.1911764705882355,70.87719298245614,38.85196305519802,0.7725572238882996
1978,1.0,100.0,0.0,0.6900666586707636
1980,2.0714285714285716,31.746031746031747,57.36294375496248,1.021930005432722
1981,1.5833333333333333,69.16099773242631,30.0,0.47373211956773076
1982,1.5833333333333333,52.38095238095238,60.95744680851064,0.6581268712894468
1983,1.4047619047619047,95.4233409610984,0.0,0.18223078811079937
1984,2.4761904761904763,77.77777777777777,23.25207589950926,0.4600148378867477
1986,1.9285714285714286,45.80498866213152,36.57276995305164,0.7582310959050899
1987,3.392857142857143,44.44444444444444,11.12676263927517,0.7157010451291608
1988,1.8095238095238095,75.51020408163265,10.028788777743877,0.6868525204816162
1989,1.8452380952380953,40.36281179138322,30.0,0.6417435937151577
1990,3.0714285714285716,58.956916099773245,10.230702796192976,0.5906345021871081
1992,1.0952380952380953,99.07407407407408,0.0,0.04018536146803011
1993,1.8333333333333333,55.10204081632653,26.992230383709867,0.9306868522732497
1994,2.75,41.26984126984127,22.071121453943757,1.0725858447955465
1995,1.4146341463414633,93.23671497584542,0.0,0.24576182144054715
1996,1.0,100.0,0.0,0.6900666586707636
1997,2.3974358974358974,67.63925729442971,35.10028653295129,0.756556192789527
1999,2.230769230769231,30.29490616621984,24.850067583002335,0.7505607042359588
2000,1.5476190476190477,80.95238095238095,30.0,0.5423042609229709
2001,2.3552631578947367,51.9774011299435,60.0,1.2532154764433117
2002,1.0,100.0,0.0,0.6900666586707636
2003,2.0714285714285716,88.88888888888889,11.946054495743395,0.3090988395575824
2004,1.9285714285714286,53.51473922902494,10.220128344728861,0.9489716653137437
2005,1.8571428571428572,37.414965986394556,30.0,1.0901833143778363
2006,1.7619047619047619,64.39909297052154,18.284271247461902,0.36263364361387745
2007,4.0476190476190474,38.54875283446712,20.734533990383547,0.8649429765678062
2008,1.7435897435897436,45.88859416445624,0.0,1.0434601898250255
2009,1.1904761904761905,95.91836734693878,0.0,0.16945456529296415
2010,1.0238095238095237,100.0,0.0,0.6900666586707636
2012,2.380952380952381,36.734693877551024,60.710678118654755,1.436776958084811
2013,1.619047619047619,65.3061224489796,18.284271247461902,0.7492135470125806
2014,1.630952380952381,94.5578231292517,0.0,0.2139966341004808
2015,2.0238095238095237,46.48526077097506,13.228360779415159,0.49708395419202456
2016,1.0,100.0,0.0,0.6900666586707636
2017,2.0595238095238093,60.317460317460316,26.055512754639892,0.9850161750283224
2018,2.5625,81.2,53.24555320336759,0.35650114398471155
2019,1.5714285714285714,79.59183673469387,21.622776601683796,0.5274893429435926
2020,1.5,51.92743764172336,0.0,0.8390409240663947
2021,2.4047619047619047,84.35374149659864,16.626966508775503,0.37677016125643675
2022,1.435897435897436,66.75675675675676,0.0,0.6289709606997251
2023,1.9268292682926829,57.69230769230769,22.532145872622078,0.9551370966858399
2024,2.2142857142857144,31.519274376417233,32.529092769862785,1.0973908190064878
2025,1.5476190476190477,73.79310344827586,0.0,0.6408693107933167
2026,2.119047619047619,44.67120181405895,23.0901189930934,0.6822115679042164
2028,1.875,58.62068965517241,20.0,0.6718606061623236
2029,1.4473684210526316,73.71428571428571,0.0,0.628725101184071
2030,2.0121951219512195,46.228710462287104,20.0,0.9823941831921215
2031,1.4642857142857142,81.63265306122449,18.284271247461902,0.30226230381123925
2032,1.7976190476190477,73.12072892938497,17.206642467304256,0.44570424984203194
2033,1.9761904761904763,38.775510204081634,29.53965730323025,0.4920391126788921
2034,1.5119047619047619,53.51473922902494,0.0,0.7752741995890524
2035,2.7738095238095237,44.89795918367347,40.599718411335225,1.0090411910007353
2036,1.869047619047619,58.73015873015873,18.95346881172206,0.6900666586707636
2037,3.5875,50.89514066496164,20.308608501467944,1.155047123512837
2039,1.5952380952380953,89.62264150943396,10.13406329586408,0.16237111922863445
2040,2.1904761904761907,39.2434988179669,29.809587123039922,1.2203691865068305
2041,2.130952380952381,45.57823129251701,27.125993069014907,0.9913020916405679
2042,2.0,34.240362811791385,20.0,0.5375444124735402
2044,1.0714285714285714,98.63945578231292,0.0,0.05925858145533138
2045,1.869047619047619,58.73015873015873,18.95346881172206,0.6900666586707636
2046,1.3333333333333333,75.05668934240363,0.0,0.5543509810891
2048,1.8833333333333333,55.203619909502265,50.0,0.9342097297938355
2049,2.4642857142857144,42.40362811791383,20.946641023069176,0.6876518386933014
2050,2.619047619047619,39.45578231292517,24.06943421693776,1.3864323923689834
2052,1.8095238095238095,67.57369614512471,50.0,0.8151330050044447
2053,1.0,100.0,0.0,0.6900666586707636
2054,1.9047619047619047,49.65986394557823,64.85661530635504,1.0426813137193345
2055,1.869047619047619,58.73015873015873,18.95346881172206,0.6900666586707636
2056,1.3452380952380953,86.62131519274377,34.721359549995796,0.33923586196437505
2057,2.841463414634146,34.474327628361856,21.66066600288531,0.9610231812478522
2058,1.9047619047619047,39.229024943310655,44.118275485892966,0.6762461938040951
2059,2.324324324324324,49.38650306748466,43.43882085974946,0.6459963737171729
2060,2.9047619047619047,36.734693877551024,12.745970558332695,0.8553535982625406
2061,2.2261904761904763,39.15094339622642,10.0,1.0888382688795777
2062,1.0769230769230769,100.0,0.0,0.6900666586707636
2063,2.0595238095238093,51.02040816326531,61.81387553317124,1.1319609173413019
2064,2.25,63.0,26.055512754639892,0.9259766122355948
2065,1.0,100.0,0.0,0.6900666586707636
2066,1.5357142857142858,80.49886621315193,12.3606797749979,0.6226883318778145
2067,1.0,100.0,0.0,0.6900666586707636
2068,2.0476190476190474,41.950113378684804,32.45964301560096,1.0795000948798845
2069,1.5,82.53968253968254,0.0,0.5434072004827356
2070,1.0,100.0,0.0,0.6900666586707636
2071,1.0,100.0,0.0,0.6900666586707636
2072,3.3214285714285716,62.585034013605444,25.403211028542287,0.7104349662393821
2073,1.575,100.0,0.0,0.6900666586707636
2074,1.736842105263158,61.7816091954023,0.0,0.8732731007767841
2075,1.2976190476190477,66.43990929705215,0.0,0.6344312705534911
2076,1.9166666666666667,53.96825396825397,18.372761555615728,0.5614057762212268
2077,1.630952380952381,80.95238095238095,20.0,0.5969398123753769
2078,1.825,68.12339331619538,0.0,0.7947951933662711
2079,1.9523809523809523,35.147392290249435,30.0,1.092383341349462
2080,1.6428571428571428,74.82993197278911,0.0,0.7616962454822256
2081,1.4523809523809523,60.997732426303855,0.0,0.6662353840733404
2082,1.0595238095238095,99.09297052154194,0.0,0.03945184585421838
2083,2.1666666666666665,51.64319248826291,34.721359549995796,0.7727265189758628
2084,1.380952380952381,86.49885583524028,50.82762530298219,0.37410812018221734
2085,1.9642857142857142,54.87528344671202,18.284271247461902,1.0817251782982145
2087,1.5476190476190477,62.37623762376238,0.0,0.7847758452762672
2088,1.0,100.0,0.0,0.6900666586707636
2089,1.0,100.0,0.0,0.6900666586707636
2090,2.423076923076923,27.894736842105264,77.34915888437449,1.0727942246001319
2091,1.4404761904761905,88.66213151927438,28.82718872423573,0.3691798499186478
2093,1.0,100.0,0.0,0.6900666586707636
2094,1.0595238095238095,98.86621315192744,0.0,0.05101804678019193
2095,2.2857142857142856,43.02325581395349,22.730839021193624,0.7161854502611031
2096,1.7682926829268293,92.27053140096618,123.41664064126334,0.21601022296553718
2097,1.1904761904761905,86.39455782312925,0.0,0.39267446722755217
2098,1.6428571428571428,39.002267573696145,62.801098892805186,0.659711615178473
2099,1.6944444444444444,82.5,48.309518948453004,0.6900666586707636
2100,2.0714285714285716,45.57823129251701,39.591483581836556,1.0484264539471888
2101,1.0,100.0,0.0,0.6900666586707636
2102,2.3452380952380953,31.519274376417233,20.264710775355102,1.0108682824792465
2103,1.88,100.0,0.0,0.6900666586707636
2104,2.9523809523809526,31.065759637188208,44.95369655865003,1.1807640681258351
2105,1.9285714285714286,58.276643990929706,10.0,0.39267446722755217
2106,2.0357142857142856,40.136054421768705,20.0,0.6099448312596263
2107,1.6904761904761905,74.60317460317461,27.925538896924476,0.3949740000671741
2108,1.369047619047619,78.68480725623583,0.0,0.5045007214245907
2109,1.2142857142857142,91.38321995464852,0.0,0.2781874751025118
2110,1.0,100.0,0.0,0.6900666586707636
2111,1.2625,78.94736842105263,0.0,0.5038577305146166
2112,2.5952380952380953,46.71201814058957,34.074447567811475,1.1620010117958404
2113,2.107142857142857,39.002267573696145,96.58262437547269,1.187949684314917
2114,1.5853658536585367,87.76978417266187,12.404558230349483,0.12437562343681988
2115,2.142857142857143,89.79591836734694,0.0,0.3354217069750239
2117,1.4761904761904763,78.45804988662131,0.0,0.5630157193596379
2118,1.619047619047619,72.78911564625851,26.294561107417493,0.5053137913757645
2120,2.5595238095238093,85.94104308390023,57.0820393249937,0.409048346357458
2121,1.119047619047619,96.3718820861678,0.0,0.14211381154630345
2122,1.9880952380952381,43.53741496598639,80.0,1.0712296482523598
2123,2.2738095238095237,38.095238095238095,17.442972914607857,0.7807317026590803
2124,2.423076923076923,60.38251366120219,18.484769236700373,0.4032493355063027
2125,1.640625,78.83817427385893,0.0,0.5172502020286037
2126,1.75,63.945578231292515,18.284271247461902,0.4025791794707776
2127,1.4523809523809523,87.07482993197279,34.44671196029727,0.30088210446530783
2128,1.7976190476190477,59.41043083900227,31.231056256176608,0.659592051386791
2129,2.0714285714285716,37.188208616780045,32.426406871192846,0.6517565611726531
2130,1.869047619047619,40.816326530612244,21.622776601683796,1.1886615286328377
2131,2.0,52.093023255813954,146.5247584249853,1.1597669467470881
2133,1.8571428571428572,95.53990610328638,166.3343366081309,0.17036567265768088
2135,2.3333333333333335,63.038548752834465,34.16546299197647,0.6868452344004867
2136,2.1666666666666665,52.15419501133787,14.717472485649465,0.9712791713826606
2137,2.6025641025641026,52.972972972972975,19.749732701915057,0.9404054827680182
2138,3.0135135135135136,32.047477744807125,49.197938766094595,1.2763755280298332
2139,1.869047619047619,58.73015873015873,18.95346881172206,0.6900666586707636
2140,1.9880952380952381,56.973995271867615,10.0,1.0493655786504572
2141,1.8333333333333333,49.20634920634921,20.0,0.5904626824874502
2142,2.0121951219512195,63.30935251798561,40.0,0.7421792616710624
2143,1.9404761904761905,43.99092970521542,27.922639207725926,0.5988141320408399
2144,1.837837837837838,70.17543859649123,0.0,0.5967756396558022
2145,3.0238095238095237,34.48275862068966,10.614303287174174,0.7642113439298118
2146,1.5357142857142858,81.63265306122449,0.0,0.6274470185808978
2147,1.9404761904761905,62.811791383219955,45.59591943929308,0.5781005764713267
2148,1.6785714285714286,53.96825396825397,54.63054187192118,0.6884907138053875
2149,1.6547619047619047,42.857142857142854,0.0,1.0060618536597628
2150,2.642857142857143,49.65986394557823,25.01106962450138,0.7506879075863467
2152,1.5476190476190477,52.60770975056689,18.284271247461902,0.3354217069750239
2153,2.4523809523809526,82.31292517006803,19.47621022719791,0.4438231061083116
2154,1.4642857142857142,95.23809523809524,0.0,0.1932233650461378
2155,2.0609756097560976,81.66666666666667,0.0,0.4614682590470915
2156,1.4404761904761905,81.40589569160997,40.0,0.40039917444896944
2157,1.630952380952381,72.10884353741497,34.721359549995796,0.7552944010644542
2160,1.0238095238095237,99.77324263038548,0.0,0.009205721925471222
2161,1.5,82.76643990929705,31.035650501227938,0.42270908780599087
2162,1.7261904761904763,75.51020408163265,31.201814058956916,0.4719346076242709
2163,1.119047619047619,97.73242630385488,0.0,0.10354796757746547
2164,2.2261904761904763,51.70068027210884,15.875706214689265,1.0733986245910663
2165,2.0,66.66666666666667,49.297052154195015,0.5570429300708654
2166,1.0,100.0,0.0,0.6900666586707636
2167,1.9761904761904763,60.317460317460316,12.360679774997896,0.7460895340096279
2168,1.1176470588235294,100.0,0.0,0.6900666586707636
2169,1.8571428571428572,54.69107551487414,61.94485916222988,0.867767842657907
2170,2.3902439024390243,42.298288508557455,27.956113744152123,0.5702908175129708
2171,2.0,27.891156462585034,19.278929184855446,0.5474857704012599
2172,2.6666666666666665,26.077097505668934,14.16204665472463,0.8830346643758967
2173,1.6785714285714286,62.585034013605444,10.0,0.9146082378598575
2174,4.054054054054054,31.70731707317073,23.329626023900115,1.14023960697581
2175,1.0,100.0,0.0,0.6900666586707636
2176,1.2976190476190477,62.358276643990926,0.0,0.6600240072065444
2177,2.0714285714285716,55.47785547785548,0.0,0.9120658183221708
2178,2.9027777777777777,31.0126582278481,31.417566179600772,1.0708957599034763
2179,2.1547619047619047,48.15668202764977,18.991634511810062,0.6761026531782754
2180,1.0,100.0,0.0,0.6900666586707636
2182,1.8214285714285714,53.96825396825397,21.69499404477273,0.5125336435482439
2183,3.380952380952381,19.047619047619047,24.707469592161896,1.2860954734051817
2184,1.8571428571428572,72.33560090702947,17.856216817529358,0.38593384631347266
2185,1.5476190476190477,52.15419501133787,28.163265306122447,0.3302831859375967
2186,1.1428571428571428,98.34905660377359,12.3606797749979,0.05565918531260088
2187,1.4761904761904763,84.58049886621315,0.0,0.46375898386310505
2189,1.380952380952381,96.14512471655328,0.0,0.1783987889190088
2190,2.7261904761904763,43.15545243619489,56.24418579601194,1.2159078641280252
2191,1.6785714285714286,58.73015873015873,72.46211251235322,0.7768941246611233
2192,1.880952380952381,63.718820861678005,32.426406871192846,0.7398140985544932
2193,1.869047619047619,58.73015873015873,18.95346881172206,0.6900666586707636
2194,2.5833333333333335,40.58956916099773,14.825272722294313,1.1628277128816134
2195,3.1666666666666665,62.585034013605444,21.66523450644362,0.8054846542989691
2197,2.2625,37.0,18.284271247461906,0.9392094684565342
2198,1.8333333333333333,54.19501133786848,97.70329614269008,1.1248161818556663
2199,1.9047619047619047,52.83446712018141,31.23105625617661,0.9416935979778349
2200,1.75,63.038548752834465,0.0,0.8732168657873539
2201,1.7023809523809523,80.49886621315193,109.03614457831326,0.6098628346521935
2202,1.9404761904761905,64.70588235294117,20.00375045829591,0.7311011365829576
2203,1.7738095238095237,54.42176870748299,18.284271247461902,0.39155876426514985
2204,1.9404761904761905,54.87528344671202,46.98534014564736,0.8638551831995731
2206,3.289473684210526,26.495726495726494,16.36503006952357,1.2938027817749762
2207,2.05,70.60301507537689,12.3606797749979,0.681506162070513
2208,1.0,100.0,0.0,0.6900666586707636
2209,2.5357142857142856,83.44671201814059,54.49157469491974,0.5114938800131908
2210,3.2023809523809526,46.48526077097506,16.10975310375037,0.8173878266202809
2211,1.5238095238095237,76.19047619047619,54.031242374328485,0.5036854613653327
2212,1.0,100.0,0.0,0.6900666586707636
2213,1.630952380952381,74.37641723356009,26.055512754639896,0.48948617787537874
2214,2.573170731707317,31.127450980392158,39.18201926727104,0.8107138509918468
2215,1.6428571428571428,76.87074829931973,0.0,0.7097991796317501
2217,1.6071428571428572,51.47392290249433,18.284271247461902,0.3442693774888738
2218,1.8928571428571428,57.82312925170068,13.738346990807997,0.43986723479181933
2219,1.5714285714285714,79.81859410430839,10.0,0.2839720289390999
2220,2.2142857142857144,35.600907029478456,35.15979549556057,0.9822876875806539
2221,1.8214285714285714,55.10204081632653,20.398399434061112,0.6172788953139328
2222,2.6785714285714284,35.147392290249435,15.879518072289157,0.8029205370826251
2223,2.142857142857143,40.58956916099773,14.518483053861793,0.6068504860026124
2224,2.0,90.9297052154195,0.0,0.3036381718552369
2225,1.8928571428571428,32.87981859410431,20.0,0.5419370175238304
2226,1.8095238095238095,63.945578231292515,32.39921561624728,0.5375444124735402
2227,1.3452380952380953,88.37209302325581,18.284271247461902,0.26684491283959344
2228,1.619047619047619,60.54421768707483,0.0,1.008817361350555
2230,1.7804878048780488,71.67487684729063,18.284271247461902,0.30407753906206764
2231,1.869047619047619,58.73015873015873,18.95346881172206,0.6900666586707636
2233,1.9761904761904763,43.31065759637188,20.004758875664763,0.538988488265067
2234,2.0,60.54421768707483,18.41688629024651,0.6910050125416749
2235,2.4523809523809526,23.80952380952381,42.217253710672445,1.421533674694543
2236,3.1547619047619047,48.07256235827664,16.730691584352655,0.5781005764713267
2237,1.0,100.0,0.0,0.6900666586707636
2238,1.8095238095238095,91.15646258503402,15.086247997438692,0.2896813837185812
2239,1.2580645161290323,96.20253164556962,0.0,0.14920707304058148
2240,2.011904761904762,53.06122448979592,21.622776601683796,0.7236052995837274
2241,1.6904761904761905,74.88151658767772,67.9796817428744,0.6551519581298791
2242,1.7380952380952381,73.46938775510205,0.0,0.818905027602556
2243,1.75,71.20181405895691,20.812815006319077,0.39171796600877296
2244,1.869047619047619,60.997732426303855,64.07586608388503,0.809237279202075
2245,1.0,100.0,0.0,0.6900666586707636
2246,1.5476190476190477,84.12698412698413,26.8884453895929,0.39043998352785825
2247,1.380952380952381,72.78911564625851,0.0,0.6573524681895211
2248,1.619047619047619,54.42176870748299,0.0,0.9282715316839173
2249,1.4404761904761905,81.63265306122449,110.0,0.4722089283246927
2250,1.1428571428571428,95.23809523809524,0.0,0.17692035111794388
2251,2.0952380952380953,61.904761904761905,13.475018764867364,0.7537131482432138
2252,2.4404761904761907,69.61451247165533,50.671587179529254,0.8917488474508473
2253,3.2439024390243905,29.528535980148884,18.144615446445744,0.8633022312369877
2254,1.380952380952381,70.52154195011337,0.0,0.5993569415487854
2255,2.142857142857143,42.63038548752834,46.924342817462986,0.9961831186246138
2256,1.0,100.0,0.0,0.6900666586707636
2257,2.1547619047619047,42.40362811791383,14.967404206156246,0.582903294121053
2258,2.5476190476190474,37.641723356009074,23.26530612244898,0.5834955112454832
2259,1.024390243902439,100.0,0.0,0.6900666586707636
2260,1.9880952380952381,43.53741496598639,10.0,0.47729857761079486
2261,1.9047619047619047,54.19501133786848,20.0,0.8301000516385948
2262,2.2023809523809526,44.21768707482993,20.160258740413862,1.0578520354675902
2264,1.4146341463414633,88.3054892601432,40.0,0.40358621656790433
2265,1.1785714285714286,95.91836734693878,0.0,0.16375984434440055
2266,2.0357142857142856,47.16553287981859,20.12545769685484,0.5793121216866488
2267,2.0714285714285716,47.84580498866213,35.93585757648303,0.5774920757843843
2268,2.903225806451613,37.02127659574468,44.75,1.2385246488996642
2269,1.0,100.0,0.0,0.6900666586707636
2270,1.8103448275862069,82.3529411764706,0.0,0.46064971505408425
2271,1.3214285714285714,87.3015873015873,0.0,0.3756102595012569
2272,1.7380952380952381,65.19721577726219,43.85164807134504,0.5504498564178684
2273,1.2619047619047619,90.70294784580499,0.0,0.30878661903228904
2274,1.0,100.0,0.0,0.6900666586707636
2275,1.4880952380952381,62.358276643990926,40.0,0.6587653296160072
2276,1.7619047619047619,48.63636363636363,20.0,0.4950500257704372
2277,1.130952380952381,96.3718820861678,0.0,0.1400813599784731
2278,2.3214285714285716,27.891156462585034,92.8605259525494,1.3654544814366067
2279,2.357142857142857,45.35147392290249,31.987922115187068,0.9365350516466352
2280,2.1666666666666665,58.276643990929706,63.14384862810842,0.9500795785495969
2281,1.8214285714285714,59.41043083900227,74.69588629764337,0.9162753902346708
2282,1.380952380952381,83.82687927107061,0.0,0.4989759078557576
2283,1.6951219512195121,82.15158924205379,0.0,0.4969665999998925
2284,1.0,100.0,0.0,0.6900666586707636
2285,1.8333333333333333,84.94208494208495,0.0,0.4782470832168566
2286,1.9047619047619047,75.05668934240363,22.31455917077969,0.36263364361387745
2287,1.5394736842105263,91.62011173184358,0.0,0.29597212899183506
2288,2.1785714285714284,32.426303854875286,42.42927926537205,1.331090781417991
2289,2.130952380952381,51.92743764172336,41.2539184952978,1.007851295447669
2290,3.0238095238095237,30.516431924882628,37.013984911539985,1.331937191987849
2291,1.8333333333333333,32.19954648526077,10.0,0.9111140846055816
2293,1.5238095238095237,68.25396825396825,34.721359549995796,0.49708395419202456
2295,1.7976190476190477,80.27210884353741,19.6679673964829,0.45561859666179133
2296,1.0,100.0,0.0,0.6900666586707636
2297,1.7380952380952381,63.718820861678005,20.0,0.5707790698185895
2298,1.5357142857142858,46.71201814058957,10.0,0.27672934984371744
2301,1.8928571428571428,57.534246575342465,0.0,1.1339164276334432
2302,2.7857142857142856,57.82312925170068,45.916100844409705,1.0473325950189534
2303,1.5897435897435896,82.63157894736842,20.0,0.6900666586707636
2304,1.9523809523809523,54.64852607709751,20.25087771544752,0.6791331327663157
2305,1.619047619047619,63.265306122448976,34.721359549995796,0.5474857704012599
2306,1.1666666666666667,94.10430839002268,0.0,0.20889975708752806
2308,1.4404761904761905,75.51020408163265,0.0,0.6174646418791485
2310,1.0,100.0,0.0,0.6900666586707636
2311,1.9761904761904763,46.48526077097506,26.055512754639896,0.614845225458249
2312,2.1666666666666665,53.723404255319146,38.57142857142857,1.0120647081673488
2313,2.9166666666666665,42.17687074829932,14.948549872986213,0.6588302945876205
2314,2.1666666666666665,51.02040816326531,20.0,0.8061210180165301
2315,1.7261904761904763,46.93877551020408,55.141146223673864,0.899577425504001
2317,2.0238095238095237,35.416666666666664,20.0,0.5913644946842568
2318,1.8452380952380953,38.54875283446712,40.0,0.6707796525909877
2319,2.4047619047619047,88.43537414965986,34.11764705882353,0.35293814493876025
2320,3.380952380952381,27.529411764705884,18.917365026632613,1.2115725126829209
2321,1.893939393939394,68.09338521400778,26.055512754639896,0.6146184749238057
2322,1.7976190476190477,57.51173708920188,101.80339887498948,0.6766958582376805
2323,2.402439024390244,33.98533007334963,23.219078206864314,0.47787585514431763
2325,2.130952380952381,40.97222222222222,26.114599565001583,0.9624852729769289
2326,1.0,100.0,0.0,0.6900666586707636
2327,1.8243243243243243,78.85196374622356,40.0,0.006790998571676246
2328,1.869047619047619,58.049886621315196,42.481307421482136,0.868803969435893
2329,2.511904761904762,69.16099773242631,16.285192396819234,0.6712756884086661
2330,1.9880952380952381,56.68934240362812,35.82217624978757,0.5203521703780737
2332,2.107142857142857,48.705882352941174,0.0,1.2508591463663288
2333,1.6904761904761905,49.88662131519274,20.03030303030303,0.5597042517436831
2334,1.9166666666666667,36.734693877551024,0.0,1.0862278942328647
2336,1.9047619047619047,45.35147392290249,20.0,0.6081170021232649
2338,1.525,94.25587467362924,21.622776601683796,0.2252525228239426
2339,1.6851851851851851,58.23529411764706,0.0,0.6808739456651345
2340,1.6547619047619047,49.65986394557823,58.669580120468865,1.0684450860620847
2341,2.988095238095238,41.043083900226755,28.251983235239372,0.5944090505988493
2342,2.5714285714285716,51.02040816326531,24.2578585898761,1.2918334330054853
2343,1.7857142857142858,52.38095238095238,21.76201023157271,0.5781944136536494
2345,2.6315789473684212,33.898305084745765,50.82762530298219,1.4045366662844359
2346,1.3571428571428572,72.78911564625851,0.0,0.5811158380314033
2347,1.3928571428571428,55.78231292517007,0.0,0.6861858591110194
2348,2.9404761904761907,41.26984126984127,26.639146908521486,1.1379356274686363
2349,1.6904761904761905,69.84126984126983,20.0,0.6468541317418043
2350,1.2380952380952381,93.19727891156462,0.0,0.26680680584264094
2351,1.5357142857142858,78.68480725623583,80.0,0.6097617195724446
2352,1.5238095238095237,91.60997732426304,113.69316876852979,0.2810892768717612
2353,1.0,100.0,0.0,0.6900666586707636
2354,1.0595238095238095,99.09297052154194,0.0,0.03945184585421838
2355,2.2857142857142856,41.043083900226755,50.46874019624468,1.2140122403280273
2356,1.5714285714285714,57.82312925170068,110.41594578792295,0.6783804734138681
2357,1.0,100.0,0.0,0.6900666586707636
2360,3.4878048780487805,37.40831295843521,21.909880866339943,1.0250081802687732
2362,1.3333333333333333,57.077625570776256,0.0,0.6827095576511619
2363,2.4761904761904763,27.664399092970523,18.284271247461902,0.5949657929379321
2364,1.9404761904761905,57.59637188208617,30.830129479206217,0.985541332379114
2365,2.2023809523809526,43.08390022675737,53.53965162523458,1.2010954307497772
2367,1.2976190476190477,91.5137614678899,160.0,0.28687837087325274
2368,2.2261904761904763,33.333333333333336,68.4065166153487,1.2451784272470312
2369,3.4285714285714284,30.612244897959183,20.186654033455422,1.0053699402442906
2370,1.9880952380952381,57.59637188208617,20.176252288244452,0.8986793976948279
2371,1.0,100.0,0.0,0.6900666586707636
2373,2.2857142857142856,41.80522565320665,84.1236971339125,1.0791788379868725
2375,2.261904761904762,37.188208616780045,18.406560820876624,0.9083427634264112
2377,2.1547619047619047,35.82766439909297,12.419115717122098,0.7637082790382064
2380,1.880952380952381,56.68934240362812,10.0,0.4883266748511739
2382,1.9404761904761905,67.12018140589569,21.622776601683796,0.9647604760356296
2383,1.9166666666666667,31.746031746031747,20.0,0.541139595462429
2384,1.2619047619047619,91.60997732426304,0.0,0.2663844632679204
2385,2.375,100.0,0.0,0.6900666586707636
2386,2.630952380952381,41.29930394431555,36.925728134936136,1.0743935893834269
2387,1.7023809523809523,67.57369614512471,12.3606797749979,0.2967152565836348
2388,1.8928571428571428,43.08390022675737,43.29220041834954,0.6052140133468746
2390,1.5119047619047619,89.56916099773242,19.721888081723108,0.27672934984371744
2392,3.5595238095238093,45.12471655328798,17.41361004778496,0.9043083227953213
2393,1.6071428571428572,89.79591836734694,30.175436917933332,0.41565106451224565
2394,1.8571428571428572,47.28132387706856,40.0,0.6911977614304763
2395,2.7948717948717947,40.700808625336926,34.137262062061204,1.025793229279967
2397,1.4814814814814814,100.0,0.0,0.6900666586707636
2398,1.4047619047619047,81.859410430839,0.0,0.49341947286527793
2399,1.6547619047619047,52.38095238095238,26.363636363636363,0.4719346076242709
2400,1.869047619047619,58.73015873015873,18.95346881172206,0.6900666586707636
2401,1.0952380952380953,98.41269841269842,0.0,0.06458143637762753
2402,2.4166666666666665,41.26984126984127,12.426993008926479,1.060100236390247
2403,1.9166666666666667,47.84580498866213,18.372904132972216,0.5467885252338069
2405,2.619047619047619,58.049886621315196,11.768707482993197,0.5881687773541907
2406,1.8928571428571428,47.61904761904762,15.898876404494382,0.6101102934454822
2407,1.5714285714285714,57.142857142857146,20.0,0.3721109843002241
2408,1.0,100.0,0.0,0.6900666586707636
2409,2.3452380952380953,66.21315192743764,28.10568024810693,0.6102205946697062
2410,1.4285714285714286,65.75963718820861,0.0,0.6373361566272606
2411,2.380952380952381,31.292517006802722,22.986821070394175,1.2882890056816083
2412,1.0,100.0,0.0,0.6900666586707636
2413,2.2222222222222223,52.94117647058823,70.3295998439335,0.6900666586707636
2414,2.0476190476190474,48.52607709750567,26.05551275463989,0.6683689936598953
2415,1.5714285714285714,64.62585034013605,40.03555367450472,0.5799151714181009
2416,2.0952380952380953,90.02267573696145,49.112637146039354,0.3198197673223754
2417,1.8333333333333333,74.82993197278911,120.0,0.7452828711026269
2418,1.4761904761904763,86.39455782312925,18.284271247461902,0.2839720289390999
2419,1.3571428571428572,84.80725623582767,0.0,0.4309941391467753
2420,1.5476190476190477,66.89342403628117,0.0,0.8193074233420651
2422,2.0952380952380953,50.79365079365079,12.510385226503606,0.72877436538947
2423,2.7857142857142856,40.58956916099773,28.03305603899589,0.905266945379124
2424,1.25,90.47619047619048,0.0,0.2910972010008829
2425,2.619047619047619,35.600907029478456,13.738884163261721,0.9973889745650786
2426,2.0476190476190474,55.10204081632653,12.360679774997898,0.45056120886630463
2427,1.3928571428571428,88.20861678004535,0.0,0.4208210464784593
2428,1.8333333333333333,61.904761904761905,40.0,0.5404245557637325
2430,2.2023809523809526,38.775510204081634,19.11896015008472,0.6686948056098574
2431,1.8214285714285714,49.64871194379391,11.990049751243781,0.8131322600782376
2432,3.130952380952381,70.64220183486239,13.032364737406605,0.504549763487437
2433,1.0238095238095237,99.77324263038548,0.0,0.009205721925471222
2434,1.1547619047619047,94.5578231292517,0.0,0.19675885742915436
2435,1.7261904761904763,61.678004535147394,40.0,0.5781005764713267
2436,1.619047619047619,48.52607709750567,96.30145812734652,0.6930082852403007
2437,1.8452380952380953,92.29024943310658,50.0,0.27672934984371744
2438,3.142857142857143,24.263038548752835,10.460160767550335,0.6110067058563811
2439,2.761904761904762,43.08390022675737,17.283647534657728,0.9987301808168769
2440,1.9404761904761905,54.18604651162791,31.731524027378846,0.6541729893361817
2443,2.0952380952380953,62.358276643990926,24.368149949215955,1.0436211703361855
2445,2.2142857142857144,54.64852607709751,53.248887241798585,0.9591387551455937
2446,2.2023809523809526,39.229024943310655,36.18149431847396,0.6157758583002726
2447,1.0238095238095237,99.77324263038548,0.0,0.009205721925471222
2449,2.3625,37.851662404092075,32.508351468442484,1.1742768474160943
2450,1.0,100.0,0.0,0.6900666586707636
2451,1.2380952380952381,94.5578231292517,12.360679774997896,0.14211381154630345
2452,1.880952380952381,33.78684807256236,0.0,1.3322341282605703
2453,1.5128205128205128,89.4878706199461,26.055512754639896,0.6900666586707636
2454,1.8714285714285714,57.615894039735096,30.936206623658194,0.7189871670613384
2455,2.4523809523809526,30.158730158730158,11.450777202072539,1.0804623330359333
2456,1.869047619047619,50.56689342403628,18.284271247461902,0.44183500291894784
2457,1.9047619047619047,63.492063492063494,28.13488624794535,0.4834492229474761
2458,2.2142857142857144,36.507936507936506,11.892673288992484,0.5346321185173757
2459,1.0,100.0,0.0,0.6900666586707636
2460,1.5595238095238095,91.83673469387755,22.31804249994268,0.24961721470892329
2461,1.6785714285714286,50.34013605442177,12.3606797749979,0.3492444842557457
2462,2.7738095238095237,84.12698412698413,36.714285714285715,0.4359000187391009
2463,2.0714285714285716,42.17687074829932,18.284271247461902,0.4746272957304586
2464,1.9390243902439024,38.118811881188115,27.89203084832905,0.811986107456276
2466,2.597560975609756,79.85257985257985,19.769857507956083,0.4516648754648804
2467,1.4285714285714286,100.0,0.0,0.6900666586707636
2468,1.825,71.60804020100502,0.0,0.7289328028091495
2470,1.869047619047619,45.57823129251701,24.897959183673468,0.5481810556897022
2471,1.0,100.0,0.0,0.6900666586707636
2473,1.3333333333333333,69.38775510204081,0.0,0.614845225458249
2475,2.0476190476190474,33.41013824884793,76.9672131147541,1.37816304223354
2476,1.0,100.0,0.0,0.6900666586707636
2478,1.7857142857142858,49.65675057208238,0.0,1.0388350330951923
2479,1.5357142857142858,53.96825396825397,0.0,1.0001172028575234
2480,1.5595238095238095,66.66666666666667,48.309518948453004,0.5731814003707648
2481,1.6785714285714286,68.70748299319727,10.0,0.5517781666278715
2482,1.9761904761904763,71.42857142857143,21.75434855175888,0.6118958139909687
2483,1.8214285714285714,58.276643990929706,103.42697888661364,1.0689773177467432
2484,2.869047619047619,73.21016166281755,13.085284978442932,0.6027160899835862
2485,2.9761904761904763,75.51020408163265,10.082921865067856,0.4637264398194103
2486,1.8452380952380953,50.0,27.123287671232877,0.6931008407082849
2487,2.130952380952381,50.11337868480726,12.352929111705155,0.542563704693203
2488,3.024390243902439,17.74580335731415,10.544959128065395,0.9223445364101519
2489,2.261904761904762,27.43764172335601,34.7213595499958,1.163410627401798
2490,1.869047619047619,51.47392290249433,18.365345946107723,0.3158302038226156
2491,1.5714285714285714,75.73696145124717,20.0,0.37444710505741213
2492,1.6428571428571428,65.3061224489796,43.85164807134504,0.7634846184734722
2493,1.7682926829268293,47.014925373134325,60.0,0.5187029620039371
2494,1.130952380952381,96.14512471655328,0.0,0.1481436221932862
2495,3.1785714285714284,68.25396825396825,11.629423324750691,0.687075610719774
2496,1.1547619047619047,95.46485260770974,0.0,0.1675656232811399
2497,2.0,71.42857142857143,22.173622712359208,0.8280423093252041
2498,1.3333333333333333,100.0,0.0,0.6900666586707636
2499,1.8571428571428572,64.62585034013605,20.683229813664596,0.5858464384233526
2500,1.619047619047619,90.02267573696145,0.0,0.34577635280031066
2501,2.4166666666666665,68.34862385321101,89.47609551449207,0.8552383885037003
2502,1.7261904761904763,70.97505668934241,20.0,0.47729857761079486
2503,2.0357142857142856,35.600907029478456,170.0,1.190135767791559
2505,2.576923076923077,65.26315789473684,15.844003719338458,0.6146826654037196
2507,3.0125,36.25,19.7681751861499,1.1044980635813613
2509,2.130952380952381,36.507936507936506,74.3051762611428,1.2907977416466212
2510,2.107142857142857,47.61904761904762,60.710678118654755,0.6926305099383167
2511,1.3571428571428572,67.12018140589569,0.0,0.6297076919967339
2512,1.0,100.0,0.0,0.6900666586707636
2513,2.4047619047619047,31.065759637188208,47.45171092815943,1.3361645339075374
2514,1.9047619047619047,41.49659863945578,60.0,1.258665407179133
2515,1.0,100.0,0.0,0.6900666586707636
2516,2.4761904761904763,44.26229508196721,18.810144732910036,0.7443974669445181
2517,3.2261904761904763,36.961451247165535,28.96344206847662,1.3935913817484034
2518,2.125,42.82051282051282,0.0,1.1240195235282164
2519,2.7738095238095237,26.303854875283445,18.284271247461902,0.8406096114434096
2520,1.4642857142857142,89.1156462585034,174.39088914585773,0.43026756333483634
2521,2.1547619047619047,48.96551724137931,12.360679774997896,0.8503807132840953
2522,1.7976190476190477,68.48072562358277,20.59259259259259,0.6523919953223333
2523,2.2375,36.666666666666664,0.0,1.1193402604596299
2524,1.7023809523809523,52.38095238095238,77.63636363636364,0.6909138053547391
2525,1.527027027027027,73.08868501529052,0.0,0.5849985504386397
2526,1.3571428571428572,50.34013605442177,0.0,0.6931216701389358
2527,1.0833333333333333,98.41269841269842,0.0,0.06719688036269783
2528,2.426829268292683,50.0,18.59605911330049,0.5369759158389439
2529,1.5357142857142858,78.68480725623583,40.0,0.6214196331979578
2530,2.130952380952381,60.82004555808656,18.536580887171276,0.7259336576297247
2531,1.4642857142857142,63.926940639269404,0.0,0.6459098678555281
2532,1.8095238095238095,49.88662131519274,34.721359549995796,0.6100352322171871
2533,1.0588235294117647,100.0,0.0,0.6900666586707636
2534,1.8095238095238095,77.62557077625571,18.9746926820702,0.4225010456752143
2536,1.8928571428571428,47.61904761904762,17.415221723399725,0.8768965659748347
2537,2.0595238095238093,39.002267573696145,18.041123271374474,0.47906761971419254
2538,2.0357142857142856,62.131519274376416,18.661127905208193,0.6519571175571075
2539,2.369047619047619,47.61904761904762,10.0,1.3518116596040304
2540,3.4285714285714284,32.87981859410431,26.582544589037767,0.9686250225875017
2541,2.3333333333333335,34.69387755102041,27.46143168816862,1.1562533813725882
2542,2.5238095238095237,39.002267573696145,12.448979591836734,0.5502551860431701
2543,1.0,100.0,0.0,0.6900666586707636
2545,1.0,100.0,0.0,0.6900666586707636
2546,1.5357142857142858,46.93877551020408,0.0,0.9419140505832597
2547,1.9523809523809523,60.36446469248292,33.02170138007504,0.8930682387705524
2548,1.9166666666666667,58.276643990929706,10.801366374267685,0.8116317728912681
2549,1.1428571428571428,96.3718820861678,26.055512754639892,0.13803731098661368
2551,1.630952380952381,79.36507936507937,39.09090909090909,0.6555387407823592
2553,3.4523809523809526,28.169014084507044,12.825,0.7864110004186582
2555,1.9523809523809523,47.61904761904762,27.482993197278912,1.0754111878752277
2556,2.25,84.35374149659864,16.17830141549786,0.36383008546231416
2557,1.631578947368421,97.72727272727273,30.681818181818183,0.6900666586707636
2560,2.575,51.52284263959391,18.284271247461902,0.717934997988058
2561,2.317073170731707,41.68674698795181,13.541526441077325,0.5844353332165723
2562,2.25,37.092731829573935,35.76931829327148,0.7805438168823222
2563,1.8571428571428572,63.038548752834465,10.0,0.8711711865126093
2564,2.357142857142857,66.21315192743764,24.897959183673468,0.45056120886630463
2566,1.2023809523809523,92.97052154195012,0.0,0.2370035052555814
2567,2.2435897435897436,45.3551912568306,0.0,1.1723515548820356
2569,1.0,100.0,0.0,0.6900666586707636
2570,1.9404761904761905,48.52607709750567,16.901850660613,0.4721253101506302
2571,2.9166666666666665,80.0453514739229,43.85164807134503,0.5252337160277911
2572,1.3571428571428572,83.6734693877551,0.0,0.4590316489708497
2573,2.511904761904762,41.36363636363637,18.747097137366474,0.603725463765842
2574,1.9404761904761905,78.4543325526932,72.46211251235322,0.5213454349461435
2575,1.0,100.0,0.0,0.6900666586707636
2576,2.6785714285714284,42.63038548752834,16.874791440619443,1.0064352343460417
2577,1.9761904761904763,32.6530612244898,28.404222510780627,0.6158236972416349
2578,2.4523809523809526,36.705882352941174,34.46755141605792,1.1810609410384596
2579,2.9285714285714284,50.34013605442177,51.60234704811674,0.9596764509057142
2580,1.3452380952380953,86.39455782312925,0.0,0.4069868548235286
2581,1.0,100.0,0.0,0.6900666586707636
2582,2.380952380952381,32.6530612244898,21.523809523809526,0.8102413962201549
2584,2.238095238095238,39.229024943310655,75.32720024026736,1.0673467954542781
2585,1.7142857142857142,57.36961451247166,0.0,0.9674229933365995
2586,1.7619047619047619,45.57823129251701,31.242548280951034,0.6896709283570267
2588,2.5357142857142856,28.117913832199548,26.852474603451466,1.1484024270153548
2589,1.9523809523809523,50.56689342403628,26.92229498371584,0.6015108829955298
2591,2.0952380952380953,42.857142857142854,13.510033344281958,0.7218125443266772
2592,2.1363636363636362,48.33948339483395,26.90202333605928,0.9986740307816887
2593,1.8902439024390243,51.31264916467781,20.501193317422434,0.38193902935128704
2594,2.0853658536585367,38.66348448687351,15.458874336577564,1.3255961537458023
2595,2.3214285714285716,30.158730158730158,34.428191103272255,1.2474819190907864
2596,1.4166666666666667,75.96371882086167,0.0,0.5840797826025912
2597,4.065217391304348,39.83739837398374,40.219674202639766,0.5345388394060665
2598,2.2261904761904763,75.05668934240363,10.20513872629129,0.5275748102617973
2599,1.0,100.0,0.0,0.6900666586707636
2602,1.75,57.142857142857146,10.0,0.3491760689395293
2603,3.2023809523809526,57.142857142857146,10.58968058968059,0.7578686627725705
2604,2.2976190476190474,38.54875283446712,46.85909778865058,1.2548839557014033
2606,1.0833333333333333,98.41269841269842,0.0,0.06719688036269783
2607,1.7142857142857142,52.83446712018141,40.0,0.7591918898742935
2608,3.0833333333333335,46.25850340136054,13.118144798297665,0.8283713917036468
2609,2.0595238095238093,29.478458049886623,71.55798423977242,1.3765288737142676
2610,1.3157894736842106,100.0,0.0,0.6900666586707636
2611,1.8095238095238095,76.72209026128266,30.0,0.5897841418730072
2612,1.630952380952381,50.11337868480726,70.00565979529986,0.6930897815025359
2613,2.0526315789473686,41.1764705882353,25.09557181993198,0.3116750108813402
2614,1.3928571428571428,66.21315192743764,0.0,0.6377447627526958
2615,1.8095238095238095,50.56689342403628,61.927374301675975,1.006252664413957
2616,1.6428571428571428,81.40589569160997,29.578670967911542,0.46496852393462146
2619,2.0357142857142856,45.990566037735846,0.0,1.24604748101162
2620,2.0952380952380953,56.10328638497653,40.0,0.5239426577111466
2621,1.2976190476190477,88.75878220140515,0.0,0.3387858550413837
2622,2.4523809523809526,32.19954648526077,16.593175371945776,1.0664894076487366
2623,1.9761904761904763,40.58956916099773,0.0,1.2844470117831086
2624,2.107142857142857,36.961451247165535,20.0,0.9847692314199143
2625,1.869047619047619,58.73015873015873,18.95346881172206,0.6900666586707636
2626,3.2857142857142856,46.03174603174603,10.470188622642281,0.7260175558481239
2627,1.9285714285714286,60.317460317460316,35.44462473085168,0.6688196061327312
2628,2.392857142857143,65.07936507936508,18.284271247461902,0.874548594869293
2629,3.5952380952380953,43.53741496598639,11.552931592080732,0.7250975100654607
2630,1.0571428571428572,100.0,0.0,0.6900666586707636
2631,3.2142857142857144,23.12925170068027,14.88466640863846,0.7639207793884129
2632,2.511904761904762,45.12471655328798,15.617600209285154,0.9903581328252824
2633,1.0731707317073171,100.0,0.0,0.6900666586707636
2634,1.0,100.0,0.0,0.6900666586707636
2635,1.0952380952380953,97.95918367346938,0.0,0.08476607571480994
2636,1.3452380952380953,73.46938775510205,0.0,0.5744221862193774
2637,2.7023809523809526,41.723356009070294,23.179170822109928,1.4496122852311066
2638,2.011904761904762,32.87981859410431,20.0,1.017478563679564
2639,1.5952380952380953,95.23809523809524,0.0,0.19499492707291877
2640,1.3333333333333333,57.82312925170068,0.0,0.6803687346484605
2641,2.4166666666666665,32.6530612244898,10.0,0.9717551943548182
2642,1.5952380952380953,69.61451247165533,20.0,0.3971067324566754
2645,2.0595238095238093,50.56689342403628,33.905751473665966,1.0001884079858865
2646,1.5119047619047619,76.87074829931973,34.721359549995796,0.4590807522603987
2647,2.5714285714285716,39.002267573696145,19.46847461105765,0.8750983243379455
2648,1.0,100.0,0.0,0.6900666586707636
2649,2.5714285714285716,42.40362811791383,10.0,0.4543728728998414
2652,1.2857142857142858,93.42403628117914,153.5280756884645,0.21568194893639836
2653,2.1547619047619047,28.798185941043084,54.31983610389021,1.1881989354366425
2654,2.869047619047619,80.0453514739229,16.395658332845574,0.5508782151645508
2655,1.2837837837837838,92.3076923076923,0.0,0.2544146713048276
2656,1.578125,86.63967611336032,91.9803902718557,0.33883595805006467
2657,2.892857142857143,30.385487528344672,28.27637255862277,1.1739404704003373
2658,2.0238095238095237,31.746031746031747,19.352173214380894,0.5474857704012599
2659,1.7738095238095237,53.06122448979592,27.69952232398825,0.8745990125047954
2660,2.0952380952380953,56.235827664399096,21.196072398019197,0.8431272812002026
2661,1.0,100.0,0.0,0.6900666586707636
2662,1.5476190476190477,65.75963718820861,12.360679774997898,0.3198197673223754
2663,1.3235294117647058,100.0,0.0,0.6900666586707636
2667,1.0,100.0,0.0,0.6900666586707636
2668,1.0,100.0,0.0,0.6900666586707636
2669,1.5595238095238095,63.945578231292515,40.0,0.809665128860555
2670,1.0,100.0,0.0,0.6900666586707636
2671,1.8902439024390243,70.07299270072993,29.5974233214696,0.5644380154083068
2672,1.0,100.0,0.0,0.6900666586707636
2674,2.05,49.23857868020305,0.0,1.1766265940898823
2676,2.3452380952380953,70.97505668934241,23.401360544217688,0.48082726677783616
2677,1.0,100.0,0.0,0.6900666586707636
2678,1.9166666666666667,43.08390022675737,31.107900255414172,0.6612584192685826
2679,2.7738095238095237,25.170068027210885,10.0,0.496248763305596
2680,1.7142857142857142,100.0,0.0,0.6900666586707636
2681,2.6527777777777777,38.70967741935484,39.2258741661994,1.0462441967342107
2682,2.0952380952380953,63.492063492063494,41.9662259385188,0.7964650312394999
2683,2.5,28.798185941043084,23.474927873059674,1.098908992694075
2684,1.9166666666666667,40.136054421768705,26.09882274210045,1.0061488946527353
2685,2.0238095238095237,51.92743764172336,18.268551236749115,0.7947807463924589
2686,1.9404761904761905,71.19815668202764,31.14768234066982,0.49784035140339933
2688,1.4166666666666667,85.4875283446712,87.8125,0.3893181132722048
2689,2.119047619047619,31.519274376417233,49.855438643473676,0.8241388441711934
2690,2.1547619047619047,49.88662131519274,32.81815961478147,1.10486140051639
2691,1.7857142857142858,42.17687074829932,62.80109889280519,1.078321274972504
2692,1.6666666666666667,39.443155452436194,0.0,1.0909975007066213
2693,1.4404761904761905,74.60317460317461,0.0,0.5954405435396886
2694,2.268292682926829,45.0,17.005012190225017,0.5463892181684636
2695,1.135135135135135,100.0,0.0,0.6900666586707636
2696,1.9285714285714286,39.909297052154194,60.0,1.3169100715342972
2697,1.8928571428571428,69.16099773242631,0.0,0.6072924479589379
2698,2.2857142857142856,60.739030023094685,44.4773864640916,0.86867953594767
2699,1.869047619047619,58.73015873015873,18.95346881172206,0.6900666586707636
2700,2.423076923076923,51.21293800539083,78.2655238405787,1.1529928103846245
2701,1.7261904761904763,62.358276643990926,120.384048104053,0.8797229218396951
2702,2.357142857142857,34.92063492063492,62.14156412449002,1.2347389997527944
2703,1.7619047619047619,62.358276643990926,97.37687520938371,0.8801624185298633
2704,3.6142857142857143,34.36426116838488,32.96569880538828,1.2434987268924855
2705,2.392857142857143,42.63038548752834,23.157756210638908,1.0215283298366533
2706,1.9166666666666667,51.24716553287982,20.0,1.0164431699258545
2707,2.0714285714285716,35.82766439909297,20.0,0.743611188718846
2708,1.7142857142857142,77.32426303854875,144.65444718160072,0.7192379161760107
2710,1.369047619047619,94.13145539906104,252.48809496813374,0.21843972817875898
2712,1.0,100.0,0.0,0.6900666586707636
2714,3.057142857142857,30.612244897959183,15.852437506354056,1.09770932309284
2715,1.8333333333333333,52.10280373831776,12.3606797749979,0.38894625465516963
2716,2.3035714285714284,33.333333333333336,129.28388277184123,1.532706171954457
2718,1.9880952380952381,39.002267573696145,38.49282296650718,1.1925145171262013
2719,1.7738095238095237,66.21315192743764,20.0,0.5061246759906288
2720,1.9107142857142858,51.075268817204304,60.0,0.6347052196900325
2721,2.8095238095238093,57.36961451247166,10.073562259277555,0.5036854613653327
2723,1.4166666666666667,90.20501138952164,28.13748639083198,0.27835870125981066
2724,2.2857142857142856,53.96825396825397,25.41497179777916,0.6748952737438281
2725,1.3452380952380953,90.9297052154195,20.0,0.2648864834469934
2726,1.5476190476190477,78.00453514739229,80.0,0.6008948080669531
2727,1.5833333333333333,57.59637188208617,0.0,0.9576262487447085
2728,2.0714285714285716,40.136054421768705,27.653383779394876,1.2316200389785723
2729,2.107142857142857,54.64852607709751,30.0,1.1086750508699064
2730,2.107142857142857,44.67120181405895,38.428919322130945,0.9785078834629701
2731,1.8452380952380953,59.183673469387756,57.62791077550012,0.8964716243397477
2732,1.2261904761904763,92.51700680272108,32.426406871192846,0.2401915849791156
2733,2.951219512195122,43.872549019607845,15.007208736384714,0.8769044415476146
2734,1.5952380952380953,55.10204081632653,26.05551275463989,0.679212069843424
2735,2.2857142857142856,26.75736961451247,34.52206510343939,1.1056748727567236
2736,2.0952380952380953,58.73015873015873,41.567561417412115,0.6996830424163261
2738,2.8214285714285716,28.571428571428573,38.78742321661699,1.295404184932653
2739,1.3214285714285714,79.36507936507937,0.0,0.5012264923619153
2741,1.9523809523809523,70.73732718894009,25.734444657128467,0.5557222861841988
2742,1.7857142857142858,63.718820861678005,10.0,0.7653229543179803
2743,2.25,50.580046403712295,18.284271247461902,0.40900184700201603
2744,1.4285714285714286,73.33333333333333,0.0,0.5837866674671954
2745,2.261904761904762,47.61904761904762,30.77139375590246,0.7404797904646087
2746,1.1785714285714286,95.91836734693878,0.0,0.16375984434440055
2747,1.1666666666666667,97.05215419501134,0.0,0.1080640186652094
2748,1.0,100.0,0.0,0.6900666586707636
2749,1.9642857142857142,67.12018140589569,30.550482266835033,0.4701275086077958
2751,1.9761904761904763,47.61904761904762,18.284271247461902,0.4486400995559142
2752,1.6904761904761905,54.19501133786848,20.0,0.4467087273399621
2753,1.2142857142857142,95.01133786848072,0.0,0.1913261054112221
2754,2.425,61.02564102564103,36.05168568135671,0.6405861194434386
2755,1.206896551724138,100.0,0.0,0.6900666586707636
2756,2.630952380952381,19.047619047619047,21.559018415077475,0.9244449828592969
2757,2.966666666666667,31.944444444444443,102.08091016146948,0.9677121870801068
2758,2.7142857142857144,54.357798165137616,38.24128156576853,0.9140480743672621
2759,1.375,94.73684210526316,32.426406871192846,0.09310052369034186
2760,1.9390243902439024,40.0,35.75,0.5477684103600396
2761,1.869047619047619,58.73015873015873,18.95346881172206,0.6900666586707636
2762,2.3214285714285716,37.414965986394556,22.709166340126234,0.6042840016374902
2763,2.0595238095238093,41.723356009070294,12.3606797749979,1.0487614760234005
2766,2.9404761904761907,26.75736961451247,10.665540750133296,0.7564056827663794
2767,1.8928571428571428,50.34013605442177,17.378048780487806,0.7130375795013828
2768,2.0,75.39682539682539,11.904761904761905,0.6900666586707636
2769,2.107142857142857,38.55140186915888,28.003648855921455,0.7127055554489192
2770,1.0357142857142858,99.54648526077098,0.0,0.02028458805428382
2771,2.0625,58.656330749354005,26.055512754639892,1.0974998023887206
2772,1.6785714285714286,56.46258503401361,18.284271247461902,0.3590238104886269
2773,1.7023809523809523,54.66970387243736,26.837606837606838,0.5264823721770784
2774,2.3484848484848486,71.21212121212122,0.0,0.7912521454840178
2775,1.6428571428571428,41.950113378684804,20.0,1.0788539851298622
2776,1.0,100.0,0.0,0.6900666586707636
2777,2.231707317073171,41.74757281553398,46.58106750538085,0.6468925997401686
2779,1.8571428571428572,49.65986394557823,23.256030198700888,0.8651108651181412
2780,1.3095238095238095,82.56880733944953,0.0,0.44991426724953326
2781,2.2738095238095237,34.01360544217687,36.02605863192182,1.0815693817709222
2782,1.6428571428571428,99.29411764705883,0.0,0.03205251440996979
2783,2.5952380952380953,38.321995464852606,27.836900451295,0.5331638407372986
2784,2.0952380952380953,36.866359447004605,20.836028832055963,0.5474500619439893
2786,2.810810810810811,48.62385321100918,15.714285714285714,1.2057152350075837
2787,1.6071428571428572,60.090702947845806,0.0,0.903596208938855
2788,1.869047619047619,58.73015873015873,18.95346881172206,0.6900666586707636
2789,1.9880952380952381,41.043083900226755,21.622776601683796,0.7594325946092333
2790,1.4642857142857142,83.6734693877551,0.0,0.5215614783046352
2791,2.475,60.40100250626566,40.0,0.6790361756562341
2792,2.8214285714285716,76.64399092970521,17.142485625950137,0.555714802191523
2793,1.4583333333333333,86.30573248407643,0.0,0.40833600240141354
2794,2.119047619047619,47.61904761904762,30.37824464303308,0.5488743844849944
2796,1.5595238095238095,63.265306122448976,18.284271247461902,0.33923586196437505
2797,1.380952380952381,66.43990929705215,0.0,0.6348510474965836
2799,1.024390243902439,100.0,0.0,0.6900666586707636
2800,1.869047619047619,58.73015873015873,18.95346881172206,0.6900666586707636
2801,1.0476190476190477,99.31972789115646,0.0,0.03021296566677581
2802,1.75,80.95238095238095,24.047564788535404,0.4807409199365638
2803,2.0595238095238093,43.31065759637188,12.232381961139316,1.051809079594835
2804,1.4047619047619047,57.36961451247166,0.0,0.6829081047004717
2805,1.8928571428571428,37.414965986394556,70.5718454867401,0.9970688714923939
2807,1.0,100.0,0.0,0.6900666586707636
2808,2.0714285714285716,57.82312925170068,24.67179843495922,0.6586119164103004
2809,1.5357142857142858,70.29478458049887,20.0,0.7473207567773208
2810,1.4166666666666667,87.75510204081633,18.284271247461902,0.2708479067726216
2812,1.8928571428571428,48.07256235827664,48.8318660477073,0.8681182937682204
2813,2.2083333333333335,47.46835443037975,110.0,1.0456722905682916
2814,1.6785714285714286,38.321995464852606,40.0,0.6593977055702662
2816,1.3333333333333333,68.25396825396825,0.0,0.6215548701255431
2817,1.8333333333333333,59.22551252847381,21.622776601683796,0.5487929914236032
2818,2.3452380952380953,42.40362811791383,21.201889377071595,0.45522114085532156
2819,1.0,100.0,0.0,0.6900666586707636
2821,1.0,100.0,0.0,0.6900666586707636
2823,1.9523809523809523,40.36281179138322,24.160119828340115,0.7021775384844109
2824,1.0,100.0,0.0,0.6900666586707636
2825,2.107142857142857,60.54421768707483,17.066774514608074,0.8057177068619812
2826,1.3571428571428572,92.7437641723356,161.17242768623692,0.235400578834075
2827,1.7976190476190477,55.78231292517007,26.055512754639892,0.5977233090176091
2828,1.9761904761904763,56.00907029478458,43.16225637113031,0.7456646409194103
2829,2.5833333333333335,49.02597402597402,31.710270667429516,0.7612691492954082
2830,1.9880952380952381,66.89342403628117,42.13859493641103,0.7446280091502541
2831,1.8928571428571428,38.321995464852606,128.92443989449805,1.1642807789178033
2832,1.0,100.0,0.0,0.6900666586707636
2834,1.0,100.0,0.0,0.6900666586707636
2836,1.0,100.0,0.0,0.6900666586707636
2837,1.8414634146341464,77.55610972568579,12.360679774997898,0.19237226727388446
2838,1.1785714285714286,97.05215419501134,0.0,0.11687136091463697
2839,1.8205128205128205,51.75202156334232,166.91806012954132,0.9705575739733048
2841,1.0,100.0,0.0,0.6900666586707636
2842,2.261904761904762,34.240362811791385,73.6537918550462,1.3283353216496032
2843,2.369047619047619,56.68934240362812,17.313535887470938,1.1065282318529692
2844,1.8,55.775577557755774,18.284271247461906,0.6900666586707636
2846,1.8214285714285714,60.770975056689345,12.360679774997896,0.4133029128572379
2847,2.2976190476190474,68.48072562358277,18.0915183582009,0.5895844611530936
2848,2.076923076923077,39.67828418230563,22.595621890316373,0.6755338643998889
2849,2.6774193548387095,33.03964757709251,91.9803902718557,1.1666712767601395
2850,1.7261904761904763,59.863945578231295,40.0,0.870683520256946
2851,1.0,100.0,0.0,0.6900666586707636
2852,1.9761904761904763,54.19501133786848,12.610112858789366,0.4673987753976768
2853,1.7619047619047619,65.07936507936508,90.0,0.6452077071520776
2855,1.4166666666666667,67.57369614512471,50.0,0.6793707426960267
2856,1.0,100.0,0.0,0.6900666586707636
2857,1.8928571428571428,40.58956916099773,10.0,0.786553285206816
2858,2.261904761904762,52.15419501133787,17.66274451052048,0.4058269680664438
2861,2.6973684210526314,41.210374639769455,30.869341654594013,0.9125576492305563
2862,1.0,100.0,0.0,0.6900666586707636
2863,1.9880952380952381,52.15419501133787,21.916446453312435,0.4025791794707776
2864,1.869047619047619,58.73015873015873,18.95346881172206,0.6900666586707636
2865,1.8095238095238095,67.80045351473923,21.998213692558984,0.7714465577166989
2866,1.0,100.0,0.0,0.6900666586707636
2867,2.1904761904761907,43.53741496598639,18.284271247461902,1.0414831497730443
2868,1.7142857142857142,75.05668934240363,38.513047392519205,0.6566714514338611
2870,2.511904761904762,41.950113378684804,48.98773257177374,1.0047094204439322
2871,2.0833333333333335,51.02040816326531,31.379892952623983,1.0215615174829007
2872,3.4523809523809526,32.5635103926097,11.520129654441236,1.037764658770349
2873,2.0238095238095237,53.51473922902494,75.95505617977528,1.2333275949778693
2874,1.3571428571428572,100.0,0.0,0.6900666586707636
2875,2.2738095238095237,43.08390022675737,12.931391245766855,0.9435847670479747
2876,2.1785714285714284,58.276643990929706,46.7373631337147,0.6797515887248503
2877,1.5238095238095237,80.49886621315193,32.426406871192846,0.5351757323338437
2878,1.0,100.0,0.0,0.6900666586707636
2880,1.4761904761904763,87.21461187214612,50.0,0.4041897701632089
2882,3.5365853658536586,32.04819277108434,20.41966967554055,0.76608842103929
2883,1.9375,41.70854271356784,31.159303284380574,1.1346418465249322
2884,1.6666666666666667,63.492063492063494,26.055512754639892,0.44476703257384675
2885,2.619047619047619,34.240362811791385,12.043273512168156,0.49667946828127957
2886,1.3333333333333333,82.31292517006803,0.0,0.4543728728998414
2888,2.5595238095238093,29.545454545454547,22.30871897245608,1.4154452644811917
2889,1.5138888888888888,72.31270358306189,0.0,0.5939759056404926
2890,2.6904761904761907,35.600907029478456,15.486381322957198,0.8807640805874217
2891,1.0,100.0,0.0,0.6900666586707636
2892,2.3095238095238093,58.956916099773245,20.94431419774185,0.5460893167820342
2893,2.0833333333333335,53.96825396825397,39.080942106728415,0.813536558559692
2894,1.9047619047619047,50.79365079365079,18.989457984641167,0.38593384631347266
2895,1.4285714285714286,82.76643990929705,30.0,0.42476854334255676
2896,2.25,42.63038548752834,12.360679774997898,0.48431856065833323
2897,1.2317073170731707,96.82151589242054,0.0,0.10780970021233104
2898,2.0,65.74712643678161,63.095604887618876,0.9994654870907383
2899,2.5833333333333335,62.358276643990926,10.0,0.5353632190768391
2900,2.2976190476190474,49.88662131519274,14.262021730745927,0.7874529526812666
2901,1.0,100.0,0.0,0.6900666586707636
2902,1.4404761904761905,65.53287981859411,0.0,0.636925958945354
2903,1.7142857142857142,55.19630484988453,46.18556701030928,0.9045486565423363
2904,1.619047619047619,66.66666666666667,21.622776601683793,0.8194412330422729
2905,1.9285714285714286,37.868480725623584,10.0,0.9137108216542288
2906,2.107142857142857,57.59637188208617,55.709454120746216,0.9581147515330066
2907,1.869047619047619,58.73015873015873,18.95346881172206,0.6900666586707636
2908,1.8333333333333333,61.678004535147394,20.052656467901244,0.5404245557637325
2910,1.8928571428571428,39.45578231292517,103.13708498984761,1.0900999748493885
2911,2.0952380952380953,66.43990929705215,41.53061028264998,0.652720559377886
2912,2.238095238095238,52.15419501133787,39.53030808031711,1.0806662334754724
2913,2.960526315789474,41.12676056338028,39.677801890156815,1.354609514381817
2914,2.5,73.92290249433107,19.4861219198476,0.4467087273399621
2915,3.142857142857143,33.333333333333336,18.400073001159114,0.9269531537076241
2916,1.7619047619047619,52.60770975056689,38.06165312262738,0.6667923798073581
2917,2.0833333333333335,33.560090702947846,26.632611099988484,1.068907519989528
2918,2.9878048780487805,25.798525798525798,56.734407951851736,1.68906448442098
2919,2.4285714285714284,29.478458049886623,14.906903033498445,1.0072389169628053
2920,3.0238095238095237,33.78684807256236,14.10958904109589,0.8903005003003457
2921,2.9166666666666665,28.34467120181406,27.010666943117844,0.9931593753000467
2922,1.869047619047619,58.73015873015873,18.95346881172206,0.6900666586707636
2923,1.869047619047619,38.775510204081634,43.85164807134504,0.7068159569199501
2924,2.0238095238095237,24.94331065759637,20.611004955289847,0.9956388609278132
2925,1.1764705882352942,100.0,0.0,0.6900666586707636
2926,1.1785714285714286,95.46485260770974,21.622776601683796,0.15991595531465677
2927,2.3333333333333335,29.478458049886623,12.472349875339557,0.8448248543674324
2929,1.5657894736842106,89.82558139534883,10.0,0.3906380632147742
2930,1.8452380952380953,61.45124716553288,83.8748578581529,0.9199357696521491
2932,2.1666666666666665,50.34013605442177,27.826764928809215,0.5101464839287555
2933,2.119047619047619,30.158730158730158,33.92766952966369,1.3559011858362322
2934,1.7261904761904763,37.868480725623584,110.0,1.1468787104461038
2935,1.869047619047619,58.73015873015873,18.95346881172206,0.6900666586707636
2936,1.6666666666666667,49.65986394557823,20.0,1.036283137083744
2937,2.0714285714285716,39.002267573696145,32.33898952861063,1.1336632061093965
2938,1.2976190476190477,91.15646258503402,20.0,0.2708479067726216
2939,1.8333333333333333,33.560090702947846,46.882256087369264,1.0671207978676376
2940,1.9642857142857142,29.931972789115648,22.832490399409416,1.0950666542793617
2941,1.0,100.0,0.0,0.6900666586707636
2942,1.8928571428571428,53.74149659863946,12.58251626132732,0.8237381399210719
2943,1.7023809523809523,59.41043083900227,37.42978570081844,0.6798242876690329
2945,1.0,100.0,0.0,0.6900666586707636
2946,2.3048780487804876,44.168734491315135,47.973335687418825,0.8338989327347248
2947,3.3095238095238093,26.75736961451247,10.969564907588424,0.558446598668372
2948,1.9404761904761905,44.44444444444444,31.503362200902203,0.5308780638061981
2949,1.7976190476190477,54.19501133786848,12.360679774997898,0.5107903515941524
2952,2.8452380952380953,39.909297052154194,63.282885297458726,1.0104977274467464
2953,1.3333333333333333,100.0,0.0,0.6900666586707636
2955,1.7738095238095237,86.16780045351474,0.0,0.409048346357458
2956,2.1666666666666665,39.45578231292517,19.205681133084212,0.5935199838928187
2957,2.2738095238095237,81.63265306122449,20.34013605442177,0.44960193338164517
2958,2.0595238095238093,46.48526077097506,0.0,1.2744507164004342
2959,1.8452380952380953,65.53287981859411,41.87039939277929,0.9678099579840589
2960,2.0609756097560976,67.40196078431373,11.955661186150218,0.7635656805562419
2962,1.880952380952381,46.93877551020408,100.0,1.1548939263878477
2963,2.4523809523809526,43.764172335600904,41.83106571736828,1.0826336594989425
2964,1.0357142857142858,99.77324263038548,0.0,0.013084006061872712
2965,2.142857142857143,63.718820861678005,44.625,0.8534849207341642
2966,1.6785714285714286,57.142857142857146,40.0,0.5439798773729981
2967,2.4761904761904763,46.03174603174603,11.874205801417201,0.4618755735502886
2968,1.6071428571428572,41.49659863945578,48.30951894845301,1.036260614745394
2969,1.3414634146341464,54.72154963680387,0.0,0.6881898737532535
2970,1.1071428571428572,97.50566893424036,0.0,0.10126481756679193
2971,1.9268292682926829,55.66502463054187,0.0,0.8688238054458262
2972,1.9285714285714286,65.21739130434783,27.787723447098877,0.6460397071962991
2973,1.869047619047619,44.89795918367347,12.908792436881457,1.1499137660232872
2974,1.5,71.42857142857143,20.0,0.3198197673223754
2976,1.2261904761904763,94.10430839002268,0.0,0.21736055602492949
2977,2.9404761904761907,26.75736961451247,39.519509017855945,1.413315294856553
2978,2.108108108108108,54.68277945619335,40.0,0.6357438025605588
2979,1.5476190476190477,64.85260770975057,12.360679774997896,0.3250829733914482
2980,1.9404761904761905,50.34013605442177,13.928153210788373,0.7631286976482134
2981,2.5853658536585367,34.93975903614458,45.901699437494756,1.305839920319872
2982,1.4523809523809523,87.07482993197279,20.0,0.3354217069750239
2984,1.0,100.0,0.0,0.6900666586707636
2985,1.4285714285714286,84.80725623582767,21.622776601683796,0.3036381718552369
2986,1.0,100.0,0.0,0.6900666586707636
2987,1.5952380952380953,66.66666666666667,20.0,0.39043998352785825
2988,1.2976190476190477,63.945578231292515,0.0,0.6514059163621032
2989,1.9642857142857142,48.07256235827664,12.360679774997898,0.696716682440035
2990,2.5714285714285716,31.25,22.65949910636896,0.9510317994032249
2991,1.0,100.0,0.0,0.6900666586707636
2992,2.5238095238095237,50.34013605442177,47.31965414781526,1.0354315614891356
2994,1.0,100.0,0.0,0.6900666586707636
2995,1.4642857142857142,84.58049886621315,0.0,0.5257266053939128
2996,1.25,95.23809523809524,0.0,0.15603279458857647
2998,1.0238095238095237,99.77324263038548,0.0,0.009205721925471222
2999,1.9375,46.31043256997455,31.231056256176608,1.163108777439417
3000,2.775,25.129533678756477,10.098021305536246,1.0479836029790615
3001,1.0,100.0,0.0,0.6900666586707636
3002,1.130952380952381,97.95918367346938,0.0,0.09195335142122243
3003,2.261904761904762,32.19954648526077,22.097183146481775,0.7472295265087083
3004,2.242424242424242,35.338345864661655,15.823968299400343,0.7973205199325812
3005,1.25,90.47619047619048,0.0,0.2910972010008829
3007,1.2738095238095237,90.70294784580499,0.0,0.28540634029405193
3008,1.130952380952381,97.50566893424036,0.0,0.11029778985093835
3009,1.3108108108108107,90.14925373134328,48.309518948453004,0.28009177695746545
3010,1.1904761904761905,97.05215419501134,0.0,0.13596742501198283
3011,1.130952380952381,97.27891156462584,18.284271247461902,0.10581421900262146
3013,2.892857142857143,78.2312925170068,0.0,0.6465794428836917
3015,2.426829268292683,32.04819277108434,13.26984126984127,0.5644707167995798
3016,1.75,51.02040816326531,21.622776601683796,0.4719346076242709
3017,1.0,100.0,0.0,0.6900666586707636
3018,2.4404761904761907,60.317460317460316,30.35027571125614,0.924244197218113
3019,2.9642857142857144,49.65986394557823,18.520256430118398,1.3321938499751107
3020,2.0833333333333335,51.92743764172336,43.57073161587692,1.0247404682945915
3021,1.2738095238095237,86.84807256235828,0.0,0.3709379907515273
3022,1.2619047619047619,70.74829931972789,0.0,0.5993569415487854
3024,1.9166666666666667,40.58956916099773,28.437438750542977,1.0039661973231826
3026,1.8333333333333333,43.418013856812934,0.0,1.287388934770324
3027,2.4166666666666665,65.59633027522936,33.165125629990115,0.9209487554904142
3029,1.2023809523809523,92.7437641723356,0.0,0.24649805496493607
3030,1.619047619047619,71.88208616780045,42.05660624819469,0.5241824083678722
3031,1.8571428571428572,38.095238095238095,30.0,0.7189360238403195
3032,1.4523809523809523,81.40589569160997,48.972230821225786,0.44281495470002014
3033,1.8026315789473684,77.09497206703911,26.470687825282496,0.04886809589500825
3034,2.488095238095238,30.158730158730158,16.37333341094691,1.0928221864815153
3035,1.4285714285714286,85.26077097505669,18.183935108796938,0.1985152433458726
3037,1.8214285714285714,70.97505668934241,18.284271247461902,0.6350365222242808
3038,1.9305555555555556,37.07165109034268,0.0,1.2737306315720274
3041,1.869047619047619,43.31065759637188,18.2842712474619,0.4437922953464478
3042,1.0,100.0,0.0,0.6900666586707636
3043,2.2857142857142856,41.043083900226755,14.617586748492563,0.9519070119562631
3044,1.0833333333333333,97.95918367346938,0.0,0.08718249621769805
3046,2.6219512195121952,41.30434782608695,30.04354398112074,1.3596089719621298
3047,1.1282051282051282,98.93048128342247,30.0,0.6900666586707636
3048,1.0,100.0,0.0,0.6900666586707636
3049,1.6785714285714286,63.265306122448976,0.0,0.7936742676832529
3050,1.7023809523809523,92.7437641723356,0.0,0.27845347090611533
3052,1.3095238095238095,73.69614512471655,0.0,0.5750398244780919
3053,1.869047619047619,41.49659863945578,25.495495495495497,0.6355980272272302
3054,1.8571428571428572,52.60770975056689,18.284271247461902,0.8296214176661169
3055,1.8095238095238095,39.002267573696145,20.58475848134022,0.5302028718738865
3056,2.9047619047619047,51.02040816326531,20.667268111359384,0.6405605590923158
3057,1.6551724137931034,100.0,0.0,0.6900666586707636
3058,1.0,100.0,0.0,0.6900666586707636
3059,1.0,100.0,0.0,0.6900666586707636
3060,1.2619047619047619,83.21995464852608,0.0,0.4388794027139652
3061,2.1785714285714284,52.83446712018141,12.767237589088769,1.0579124219705263
3062,1.7857142857142858,63.492063492063494,52.758620689655174,0.9524866440106534
3064,1.5357142857142858,71.20181405895691,20.0,0.35416227869290245
3066,1.0595238095238095,99.09297052154194,0.0,0.03945184585421838
3067,3.3452380952380953,35.84474885844749,29.01112238519328,0.9775404120459894
3069,1.0,100.0,0.0,0.6900666586707636
3070,1.5476190476190477,85.94104308390023,17.404187004082576,0.41844803291186694
3071,1.9473684210526316,79.76878612716763,55.10966346187753,0.5144248294366688
3072,1.7023809523809523,69.84126984126983,10.0,0.2796407732265369
3073,1.9166666666666667,57.59637188208617,26.055512754639896,0.7477482267677467
3074,1.825,62.65664160401003,30.0,0.8693324405900392
3075,2.761904761904762,52.83446712018141,26.8997956428835,1.0238219721834478
3076,1.5833333333333333,80.0453514739229,18.284271247461902,0.3662128046180504
3077,2.0,40.136054421768705,40.0,0.9494107019842231
3080,1.9761904761904763,56.235827664399096,18.776972438118722,0.5195798391305154
3081,2.119047619047619,42.857142857142854,21.038649966719557,0.8028905229420493
3082,2.1785714285714284,52.15419501133787,13.741496598639456,0.37792682360987856
3083,1.5833333333333333,65.75963718820861,80.0,0.6327361320590759
3084,1.5595238095238095,81.92488262910798,30.0,0.5425327595781289
3085,1.0,100.0,0.0,0.6900666586707636
3086,1.9047619047619047,44.21768707482993,45.35031847133758,1.0516194967973989
3087,1.130952380952381,95.69160997732426,0.0,0.16375984434440055
3088,1.8095238095238095,58.276643990929706,31.94599789156361,0.4937297328275828
3089,1.3571428571428572,70.52154195011337,0.0,0.5993569415487854
3090,1.0,100.0,0.0,0.6900666586707636
3091,1.5952380952380953,67.80045351473923,32.96991595609819,0.6046901376221541
3092,1.5595238095238095,61.678004535147394,20.0,0.4047473202463422
3093,1.6785714285714286,55.78231292517007,30.0,0.5590417817037393
3094,1.7380952380952381,67.34693877551021,37.263764509831134,0.725167547199896
3095,1.9047619047619047,39.682539682539684,66.15773105863909,1.2480783856160036
3096,1.4142857142857144,62.913907284768214,0.0,0.6565098731198071
3097,1.869047619047619,58.73015873015873,18.95346881172206,0.6900666586707636
3099,2.2738095238095237,35.483870967741936,26.415715415919003,0.84843230820538
3100,1.0,100.0,0.0,0.6900666586707636
3101,1.119047619047619,95.91836734693878,0.0,0.15797935940955057
3102,2.475,34.936708860759495,53.24555320336759,1.0434449239125607
3103,2.119047619047619,39.909297052154194,83.52079097475861,1.240465559489674
3104,1.4404761904761905,85.03401360544218,18.284271247461902,0.28253301820991755
3105,1.869047619047619,58.73015873015873,18.95346881172206,0.6900666586707636
3106,1.8214285714285714,63.718820861678005,60.95708513314713,0.8208970887560715
3107,2.130952380952381,37.641723356009074,98.52857733318638,1.4158403238353587
3108,1.7976190476190477,40.58956916099773,32.426406871192846,0.5718501970762668
3110,2.736842105263158,64.63414634146342,17.726178159095674,0.5331638407372986
3111,2.2758620689655173,39.898989898989896,0.0,1.4324929559907056
3113,1.6547619047619047,88.66213151927438,108.60604798454688,0.40111283718571
3114,3.119047619047619,33.10657596371882,12.265060240963855,0.7355361814582719
3115,1.5,47.39229024943311,0.0,0.8609918478432099
3116,3.642857142857143,41.723356009070294,10.357080657218187,0.8857586947850502
3118,2.0,41.723356009070294,26.055512754639892,0.7793953172170462
3119,1.9642857142857142,56.91609977324263,22.335600907029477,0.4133029128572379
3121,1.9642857142857142,66.21315192743764,36.888725080036004,0.6202017573390608
3122,1.4285714285714286,80.49886621315193,50.0,0.47994861471265415
3124,1.4285714285714286,83.44671201814059,0.0,0.5214586885469232
3126,1.0,100.0,0.0,0.6900666586707636
3128,2.3214285714285716,22.22222222222222,37.40509968159124,1.0319517365217843
3129,1.5476190476190477,75.51020408163265,0.0,0.713567531933015
3130,1.5416666666666667,81.67202572347267,18.2842712474619,0.3474451352077331
3131,2.119047619047619,60.18518518518518,63.7029136817614,0.5390510922958861
3132,2.8095238095238093,33.333333333333336,12.21441945473053,0.9729689542431204
3133,1.880952380952381,91.38321995464852,60.0,0.29593805553581726
3135,3.107142857142857,37.641723356009074,10.93116012337103,0.716444339269996
3137,2.2261904761904763,33.9622641509434,12.360679774997898,1.1573362716354145
3138,1.5,87.3015873015873,24.883641265481604,0.4305797168675283
3139,1.1428571428571428,97.05215419501134,0.0,0.12907966687414613
3141,2.275,77.58186397984886,18.33595089690806,0.6121918349101484
3142,2.011904761904762,47.61904761904762,0.0,1.3638193020305895
3143,2.0357142857142856,48.75283446712018,35.2920845151789,1.012883289954826
3144,1.9642857142857142,45.12471655328798,43.79998584109291,1.04009476217348
3145,3.402439024390244,59.80392156862745,19.818577934961926,0.7377165607997833
3146,2.0476190476190474,27.664399092970523,26.529590770390787,1.1217500250409678
3147,1.4473684210526316,60.95505617977528,0.0,0.6684346741568232
3148,3.2142857142857144,57.72727272727273,11.25,0.5899532534837675
3149,2.0256410256410255,48.41269841269841,97.70329614269008,1.2109088308635214
3153,1.9047619047619047,40.136054421768705,21.45670844501241,0.5971752911620131
3154,3.0238095238095237,35.82766439909297,15.653621513108757,0.5331638407372986
3155,1.8823529411764706,57.971014492753625,0.0,0.665326779125538
3156,1.7142857142857142,62.131519274376416,34.721359549995796,0.8456745653791136
3157,2.3333333333333335,27.664399092970523,13.385579937304076,0.9186260358982137
3158,3.761904761904762,24.71655328798186,19.853709019565297,1.261324448464336
3160,1.630952380952381,71.65532879818593,18.284271247461902,0.32898896618144813
3161,1.9523809523809523,43.53741496598639,51.96719655312376,1.0545942653777207
3162,1.4285714285714286,84.12698412698413,32.426406871192846,0.42681695528136204
3163,3.011904761904762,38.321995464852606,25.345692448612404,1.1201568751057607
3165,1.0,100.0,0.0,0.6900666586707636
3166,1.5952380952380953,76.87074829931973,0.0,0.6767258046758318
3167,2.2142857142857144,30.158730158730158,10.0,0.4637264398194103
3168,1.8095238095238095,55.02283105022831,32.426406871192846,0.7299692151342532
3169,1.75,52.15419501133787,30.0,0.5188054035036833
3170,3.2142857142857144,40.816326530612244,13.559718969555036,0.7173598812917762
3171,1.2307692307692308,100.0,0.0,0.6900666586707636
3172,1.9880952380952381,49.43310657596372,22.00488997555012,0.72137812483153
3173,1.5714285714285714,78.45804988662131,10.0,0.3090988395575824
3174,2.460526315789474,44.7887323943662,34.6243374245689,0.4010655898776926
3177,2.0757575757575757,50.191570881226056,40.50955414012739,0.8828023578245562
3178,1.5,52.5,30.0,0.4170793251395737
3180,2.392857142857143,37.21461187214612,10.312043878304321,0.5142757548066988
3181,1.5714285714285714,74.14965986394557,0.0,0.7328846373332646
3182,1.7619047619047619,46.71201814058957,40.0,0.5846745581478878
3183,1.5595238095238095,45.57823129251701,20.0,0.6891558982280177
3185,2.0952380952380953,62.811791383219955,18.030356605722595,0.8192938707336981
3186,2.6052631578947367,54.0,30.115641107854515,0.764377870462573
3187,1.9880952380952381,72.10884353741497,14.814736031963086,0.40221833442353516
3188,1.9375,61.75,40.99019513592784,0.7200911461940377
3189,3.488095238095238,44.21768707482993,12.080922521043417,0.9416078463094621
3191,1.8214285714285714,46.25850340136054,20.0,0.6674328503882303
3193,1.9166666666666667,55.32879818594105,53.55263157894737,0.995114990805799
3195,2.7857142857142856,72.78911564625851,10.0,0.46922034844159877
3196,2.130952380952381,46.478873239436616,40.0,1.0486250166843916
3197,1.869047619047619,58.73015873015873,18.95346881172206,0.6900666586707636
3198,1.5945945945945945,81.52492668621701,40.0,0.6900666586707636
3199,2.328125,44.4,42.892922781989164,0.1466628230320673
3200,2.3333333333333335,37.414965986394556,12.696629213483146,0.9583625830547202
3201,2.2976190476190474,26.53061224489796,38.68796699101473,0.9900294193478347
3202,1.0,100.0,0.0,0.6900666586707636
3203,2.630952380952381,45.35147392290249,34.11226537388973,1.4117914322373148
3204,2.0833333333333335,41.78403755868545,31.47979355356366,1.0276837846025488
3205,2.557142857142857,28.859060402684563,57.9894426138223,1.0655993846970029
3206,1.329268292682927,93.34975369458128,117.77777777777777,0.20648906354185886
3207,1.3548387096774193,100.0,0.0,0.6900666586707636
3209,1.0,100.0,0.0,0.6900666586707636
3210,1.4642857142857142,90.02267573696145,10.0,0.2272949606647891
3211,2.4047619047619047,31.519274376417233,21.309307353785954,1.2923245538748573
3215,2.5,32.6530612244898,59.832080300909,0.6742034619779163
3216,2.2804878048780486,80.66825775656325,72.3529411764706,0.5714255247714799
3217,1.0,100.0,0.0,0.6900666586707636
3218,2.5595238095238093,52.60770975056689,15.396825396825397,0.5875908642668731
3219,2.011904761904762,42.40362811791383,10.0,0.6314404181881214
3220,1.3452380952380953,90.02267573696145,200.9502310972899,0.3379967671591078
3221,1.619047619047619,66.21315192743764,170.0,0.7896767266937555
3222,1.8928571428571428,46.48526077097506,21.622776601683796,0.6074749981002948
3223,1.4444444444444444,74.92260061919505,0.0,0.5577573635866
3224,3.107142857142857,35.82766439909297,16.350462070117995,0.762943521631731
3225,1.9761904761904763,39.229024943310655,103.47943788573471,1.18771132474657
3226,1.5238095238095237,62.585034013605444,0.0,0.7520188316756591
3227,2.25,36.507936507936506,15.347708089790904,1.2082397735755956
3228,2.0238095238095237,64.62585034013605,12.360679774997898,0.575284285400208
3229,2.9878048780487805,47.83653846153846,10.0,0.4784843691126236
3230,1.3571428571428572,90.24943310657596,12.360679774997898,0.3515793171238242
3231,1.4404761904761905,89.56916099773242,150.0,0.3954138132725203
3232,1.0,100.0,0.0,0.6900666586707636
3233,1.0,100.0,0.0,0.6900666586707636
3236,1.0595238095238095,99.09297052154194,0.0,0.03945184585421838
3237,2.0714285714285716,64.15094339622641,0.0,0.8551231240072561
3238,3.1547619047619047,26.077097505668934,16.741443602407106,1.2299759836635127
3240,2.607142857142857,36.734693877551024,17.982038277348718,1.0232736155014017
3241,1.4230769230769231,100.0,0.0,0.6900666586707636
3242,1.4523809523809523,83.21995464852608,42.11379064387403,0.42476854334255676
3243,3.6785714285714284,29.705215419501133,19.17357303043981,1.1789894088443496
3244,1.6785714285714286,76.87074829931973,38.782774230377385,0.4318901318012787
3245,1.7222222222222223,77.70897832817337,30.0,0.4492107423346431
3246,1.0,100.0,0.0,0.6900666586707636
3248,1.9761904761904763,61.678004535147394,26.91588785046729,0.9670809301569757
3249,1.1785714285714286,96.82539682539682,0.0,0.141142989432647
3250,1.630952380952381,52.83446712018141,48.309518948453004,0.667068634205376
3251,2.6818181818181817,35.60606060606061,13.254778971969122,0.6643556378907752
3252,1.6785714285714286,47.61904761904762,20.0,0.4069036814688988
3253,1.5238095238095237,46.03174603174603,20.0,0.38137750520600266
3254,2.7738095238095237,37.414965986394556,24.363489858223325,1.2026314170646066
3255,2.5238095238095237,69.61451247165533,13.515981735159817,0.4932814499022714
3256,2.3095238095238093,35.600907029478456,54.031242374328485,1.290291142557383
3257,2.292682926829268,59.47242206235012,50.0,0.7129941071455235
3259,3.380952380952381,20.50113895216401,24.089388565964203,1.1493185588124417
3260,1.25,95.23809523809524,0.0,0.15603279458857647
3261,2.717948717948718,54.617414248021106,15.409228885095986,0.6360497011021209
3263,1.0,100.0,0.0,0.6900666586707636
3264,2.3095238095238093,32.19954648526077,38.73904290375915,1.1207101780004218
3265,2.9642857142857144,31.162790697674417,54.9549453483288,1.4705353016940683
3266,2.54,55.26315789473684,116.04265839164177,0.8672222337828988
3267,1.5476190476190477,75.96371882086167,141.89285698815354,0.6577233782321917
3268,1.9047619047619047,39.909297052154194,20.0,0.9098243404521793
3269,2.392857142857143,43.31065759637188,52.94193129250084,1.0227697515302019
3270,1.5,82.76643990929705,18.284271247461902,0.30088210446530783
3271,1.7023809523809523,71.42857142857143,18.284271247461902,0.38745318859871847
3272,2.0714285714285716,39.909297052154194,71.97473067751774,0.9587556007042537
3273,2.0357142857142856,63.945578231292515,29.63354916792736,0.979826623481229
3274,3.1951219512195124,74.51923076923077,16.129291005201708,0.6632384795764593
3275,1.380952380952381,73.69614512471655,34.721359549995796,0.5713064074053795
3276,2.3095238095238093,72.56235827664399,16.63264301912356,0.7679583040054301
3277,1.6904761904761905,69.16099773242631,0.0,0.76388108664958
3278,2.3095238095238093,58.276643990929706,18.768504333665984,0.9119833996896111
3281,2.0,60.44226044226044,38.32298136645963,0.8948649802109725
3283,1.8333333333333333,64.39909297052154,40.0,0.8872116581810943
3284,1.0,100.0,0.0,0.6900666586707636
3287,1.5952380952380953,65.07936507936508,48.694672163825324,0.6177606326574299
3288,1.75,54.64852607709751,31.231056256176604,0.6247883054760051
3289,1.0,100.0,0.0,0.6900666586707636
3290,2.3095238095238093,25.85034013605442,10.0,0.8942522366934429
3291,2.9125,48.05194805194805,13.865724236771902,0.728322532832494
3292,1.0,100.0,0.0,0.6900666586707636
3293,2.9523809523809526,34.240362811791385,36.49877908470049,1.4995822880079737
3295,2.0,48.07256235827664,38.26688714811475,0.9721635352656319
3296,1.1612903225806452,100.0,0.0,0.6900666586707636
3297,1.7023809523809523,63.038548752834465,35.12893982808023,0.8908055844143983
3298,1.0,100.0,0.0,0.6900666586707636
3299,2.1904761904761907,34.01360544217687,12.45562223240242,0.6405605590923158
3300,2.488095238095238,53.96825396825397,21.104166275606588,1.0603190529061024
3301,2.119047619047619,33.17972350230415,103.1370849898476,1.341899488455749
3303,1.6071428571428572,81.40589569160997,17.436113629750594,0.2618750514113863
3304,2.107142857142857,67.34693877551021,53.245553203367585,0.6153352965336049
3305,1.369047619047619,87.98185941043084,21.622776601683793,0.2910972010008829
3306,1.2023809523809523,92.7437641723356,40.0,0.243356304311711
3307,2.0238095238095237,56.235827664399096,56.78241372394662,0.8867831034358935
3308,1.4047619047619047,60.317460317460316,90.0,0.6710335763014748
3309,1.3214285714285714,72.78911564625851,0.0,0.5852613928829812
3310,1.0,100.0,0.0,0.6900666586707636
3311,1.7619047619047619,54.19501133786848,15.169558298024528,0.394896686264308
3312,2.9761904761904763,79.81859410430839,13.750938953854847,0.4764105187520543
3313,2.380952380952381,44.97716894977169,43.527226100221995,1.0358280738287169
3314,2.738095238095238,75.28344671201815,18.903092668827828,0.5036854613653327
3315,1.0,100.0,0.0,0.6900666586707636
3316,2.1,75.75,30.58389241909025,0.5144651696763843
3317,2.1785714285714284,47.5,26.370545837342128,1.0878147366798232
3318,2.1184210526315788,53.203342618384404,50.240206870717984,0.9149230111345956
3319,1.9523809523809523,35.82766439909297,60.48064868197144,1.1880859737751888
3320,4.130952380952381,25.85034013605442,10.85102875901178,1.1765326842400121
3321,2.0476190476190474,62.903225806451616,18.284271247461902,0.36525724238490404
3322,1.5185185185185186,100.0,0.0,0.6900666586707636
3323,1.880952380952381,46.4203233256351,0.0,1.0229076408192306
3324,1.3452380952380953,93.42403628117914,12.378594482168873,0.2677549888229882
3325,2.4761904761904763,56.68934240362812,14.839246245888694,0.7327041390605833
3327,2.5476190476190474,46.25850340136054,13.530289702087476,1.0451282363223358
3330,2.0238095238095237,58.392434988179666,190.0,0.8249905498783547
3331,1.2625,78.94736842105263,0.0,0.5038577305146166
3333,1.9230769230769231,50.270270270270274,0.0,1.234065836892365
3335,2.7738095238095237,44.67120181405895,12.380952380952381,0.5467885252338069
3336,1.0,100.0,0.0,0.6900666586707636
3337,1.0238095238095237,100.0,0.0,0.6900666586707636
3338,2.3,47.422680412371136,40.0,0.6769517353038275
3339,2.6707317073170733,48.201438848920866,39.70071994432457,0.9110487556191363
3340,1.9166666666666667,53.28798185941043,92.09909435464566,0.9588144252472657
3342,2.7625,34.5959595959596,31.51165712855306,1.0873326028662917
3344,2.4642857142857144,26.75736961451247,25.55824764426669,1.2195138703945263
3345,1.869047619047619,58.73015873015873,18.95346881172206,0.6900666586707636
3346,2.1666666666666665,43.08390022675737,10.0,0.9550711225082137
3347,2.3333333333333335,34.69387755102041,16.235832299193053,0.6187191250308035
3349,1.7976190476190477,61.37931034482759,61.33651551312649,0.7670794921322679
3350,1.380952380952381,69.42528735632185,0.0,0.6124927128898541
3351,2.5357142857142856,53.51473922902494,10.551888097473611,0.7772350141398545
3352,1.880952380952381,46.25850340136054,30.0,0.9717492083507213
3353,3.607142857142857,30.33175355450237,22.122197039859874,1.0870661709958207
3354,1.0,100.0,0.0,0.6900666586707636
3356,1.4880952380952381,85.94104308390023,60.0,0.4222612489940035
3357,1.1071428571428572,97.73242630385488,0.0,0.09195335142122243
3358,1.8571428571428572,44.89795918367347,26.361273408673494,0.6317167744751233
3359,1.7261904761904763,64.17233560090703,0.0,0.8780710738472979
3360,2.0714285714285716,38.321995464852606,25.563529185619768,0.6662353840733404
3362,1.3333333333333333,92.51700680272108,0.0,0.2752663642990345
3363,1.8513513513513513,50.29940119760479,0.0,0.7170026572680774
3364,1.630952380952381,78.00453514739229,120.0,0.7451265648951658
3365,2.0714285714285716,33.78684807256236,39.38530824661453,1.0951529532582398
3366,2.0344827586206895,68.34170854271356,31.63733388064039,0.08831978220001763
3367,1.8529411764705883,62.5,0.0,0.9087533180813872
3369,2.676470588235294,39.642857142857146,13.451444642070967,0.7010462752412618
3370,2.445945945945946,56.838905775075986,38.614395680078786,1.072729943079786
3371,1.869047619047619,58.73015873015873,18.95346881172206,0.6900666586707636
3373,2.076923076923077,71.46739130434783,26.901148766283164,0.5780261794100106
3374,1.7261904761904763,37.868480725623584,0.0,1.0886555176051245
3377,1.1904761904761905,97.50566893424036,60.0,0.09876228509695716
3378,1.6785714285714286,55.78231292517007,26.055512754639892,0.45151793332600054
3379,1.6785714285714286,36.734693877551024,0.0,1.0874031623621834
3380,1.0,100.0,0.0,0.6900666586707636
3381,1.9523809523809523,65.75963718820861,37.287773786250355,0.8042344717766874
3382,2.2023809523809526,87.3015873015873,41.99402182881615,0.3756102595012569
3383,2.238095238095238,87.52834467120181,16.009070294784582,0.3602305211946065
3385,1.4047619047619047,84.35374149659864,34.721359549995796,0.39043998352785825
3386,1.9404761904761905,44.67120181405895,20.0,1.445982496053221
3387,1.6547619047619047,42.857142857142854,31.16417910447761,0.5577111239688584
3388,1.9642857142857142,36.281179138321995,61.547743096042055,1.1186825926245458
3389,1.0,100.0,0.0,0.6900666586707636
3390,2.142857142857143,38.775510204081634,70.00489114397898,1.3530651673986211
3391,1.8846153846153846,68.98395721925134,33.1566223410192,0.48400843717930353
3392,1.2619047619047619,90.24943310657596,0.0,0.29531746820340926
3394,1.7857142857142858,35.374149659863946,18.284271247461906,1.0219822201942321
3396,1.9642857142857142,68.48072562358277,21.18033988749895,0.8866768205330898
3397,2.5833333333333335,32.6530612244898,72.40169428157763,1.3931376540815226
3398,1.6071428571428572,75.17564402810305,42.93310334477312,0.41559434188806565
3400,1.0,100.0,0.0,0.6900666586707636
3401,3.426829268292683,28.502415458937197,16.827945144741793,0.5933529256540855
3402,2.5125,65.72890025575448,36.578054756061164,0.9074064972903915
3403,1.0,100.0,0.0,0.6900666586707636
3404,1.0,100.0,0.0,0.6900666586707636
3405,2.1547619047619047,60.090702947845806,24.39368114022007,0.6133400159934792
3407,2.261904761904762,46.03174603174603,42.8,1.2313455396969817
3408,1.3888888888888888,100.0,0.0,0.6900666586707636
3409,1.9761904761904763,39.229024943310655,38.91813717281796,0.986354999303206
3410,2.4761904761904763,29.705215419501133,19.964664310954063,1.1593457513060768
3412,2.6904761904761907,38.095238095238095,24.593444039927068,0.719601741252266
3413,1.6428571428571428,50.11337868480726,0.0,1.0267349952724358
3414,1.0,100.0,0.0,0.6900666586707636
3415,3.3333333333333335,43.99092970521542,31.898926940033743,1.08333553757345
3416,1.5833333333333333,75.05668934240363,49.603099629348506,0.5188054035036833
3417,2.7738095238095237,57.142857142857146,22.74736990048025,0.5045007214245907
3419,1.1666666666666667,93.65079365079364,0.0,0.22235678813303203
3420,2.119047619047619,60.997732426303855,22.722919920899088,0.5797845364500213
3421,2.0833333333333335,40.503432494279174,37.10741167259871,0.9777003915807718
3422,2.8214285714285716,78.00453514739229,14.035593502502106,0.509860917808247
3426,2.0833333333333335,38.54875283446712,113.4172263767,1.2321497093523062
3427,1.5833333333333333,62.585034013605444,0.0,0.8509087535917381
3428,1.369047619047619,97.73242630385488,20.903240845503877,0.10581421900262146
3429,1.5952380952380953,74.37641723356009,18.284271247461902,0.7334356476645422
3430,1.8928571428571428,51.92743764172336,40.0,0.7230196948187655
3431,1.3452380952380953,91.83673469387755,26.055512754639892,0.26506681017759604
3432,1.2261904761904763,95.01133786848072,12.360679774997898,0.1481436221932862
3433,2.707317073170732,77.12895377128953,79.44271909999159,0.6911590784870384
3434,1.7619047619047619,85.94104308390023,0.0,0.4786227252185461
3435,2.5,55.78231292517007,16.051067717455183,0.7939042201245567
3436,2.6547619047619047,72.56235827664399,50.0,0.7636848476157196
3437,1.3717948717948718,90.41095890410959,40.0,0.31772242453313654
3438,1.8571428571428572,42.63038548752834,20.0,0.5053137913757645
3439,2.130952380952381,32.6530612244898,11.128675178618524,0.636925958945354
3442,1.8452380952380953,63.945578231292515,21.547503129148936,0.8454655228379432
3443,1.640625,86.12244897959184,94.40306508910551,0.34108249899280896
3444,1.2619047619047619,83.90022675736961,0.0,0.42681695528136204
3445,1.630952380952381,82.99319727891157,17.762019119961806,0.3131500868738515
3447,1.1071428571428572,97.73242630385488,0.0,0.09195335142122243
3448,2.4523809523809526,49.65986394557823,14.141176470588235,0.6310918244656281
3449,1.2142857142857142,94.10430839002268,38.52468312566037,0.20200572044375864
3451,1.0,100.0,0.0,0.6900666586707636
3453,1.130952380952381,97.27891156462584,244.55844122715712,0.10581421900262146
3454,1.5238095238095237,73.01587301587301,0.0,0.7591335494766633
3456,1.0,100.0,0.0,0.6900666586707636
3457,1.5595238095238095,88.66213151927438,70.62257748298549,0.35416227869290245
3458,1.4864864864864864,91.49560117302053,0.0,0.2499516778793197
3459,2.34375,62.055335968379445,10.0,0.6477225578913497
3460,1.9594594594594594,76.21951219512195,228.53720883753127,0.6801824403185505
3462,1.0,100.0,0.0,0.6900666586707636
3464,1.3709677419354838,81.81818181818181,0.0,0.4499368545532575
3465,1.0,100.0,0.0,0.6900666586707636
3466,1.9166666666666667,51.70068027210884,21.382954220314886,0.4437922953464478
3467,1.3333333333333333,82.08616780045351,0.0,0.487146047533581
3468,1.6071428571428572,47.16553287981859,20.0,0.36383008546231416
3469,1.0,100.0,0.0,0.6900666586707636
3470,2.3214285714285716,29.705215419501133,27.67261368018486,1.135828034965475
3472,1.369047619047619,73.24263038548753,0.0,0.5793121216866488
3473,1.869047619047619,58.73015873015873,18.95346881172206,0.6900666586707636
3474,3.261904761904762,56.46258503401361,15.676193687461636,1.0803826435809736
3476,2.357142857142857,49.43310657596372,10.39631850237191,1.0321212845815217
3478,1.4404761904761905,84.80725623582767,21.622776601683796,0.32114154806519024
3479,1.9285714285714286,77.09750566893425,23.722284430488923,0.4349015678890801
3480,1.6794871794871795,76.54986522911051,0.0,0.5418526439168785
3481,2.738095238095238,28.571428571428573,27.291563718536672,0.9725982871079409
3482,1.893939393939394,70.8171206225681,20.89360849056342,0.5036795441527302
3483,1.1428571428571428,98.60788863109049,10.0,0.6900666586707636
3486,2.880952380952381,44.74885844748859,14.261645962991098,1.0315214076814163
3487,1.8902439024390243,42.130750605326874,34.721359549995796,1.0658027591188717
3488,2.4523809523809526,34.92063492063492,28.980636816823345,1.1201808755575215
3489,1.0,100.0,0.0,0.6900666586707636
3490,1.0,100.0,0.0,0.6900666586707636
3491,1.6904761904761905,56.00907029478458,45.876288659793815,0.6825627318514507
3492,1.5357142857142858,80.95238095238095,0.0,0.620344170153311
3493,1.0714285714285714,100.0,0.0,0.6900666586707636
3494,1.8666666666666667,75.0,120.0,0.6900666586707636
3495,1.0,100.0,0.0,0.6900666586707636
3496,1.9090909090909092,51.13636363636363,19.00004349154408,0.6780868324286646
3497,1.7142857142857142,60.770975056689345,20.0,0.4122435915770757
3498,2.8095238095238093,41.723356009070294,32.29947407799712,1.2420434000025005
3500,1.7380952380952381,78.45804988662131,15.759766714388185,0.3198197673223754
3501,1.6794871794871795,55.43766578249337,20.0,0.41670207935680365
3502,3.0606060606060606,33.82899628252788,52.46769377521629,1.290980949470811
3503,1.8452380952380953,65.3061224489796,101.8033988749895,0.8775425644252071
3504,2.740740740740741,36.666666666666664,33.673469387755105,1.1094810135430928
3506,2.369047619047619,32.87981859410431,31.00496182685575,0.6031082370072005
3507,1.6341463414634145,80.44554455445545,160.0,0.4638292493538837
3509,2.0714285714285716,50.11337868480726,74.7075714349052,1.120670780203532
3510,2.6666666666666665,45.11873350923483,34.31169662915524,0.44820051670431027
3511,1.6285714285714286,100.0,0.0,0.6900666586707636
3512,2.261904761904762,43.31065759637188,10.109649060587333,0.4618755735502886
3514,2.011904761904762,41.81818181818182,25.01332353612674,0.6673797196981675
3515,1.7023809523809523,78.40375586854461,134.33406252341499,0.6210092676446176
3516,1.9166666666666667,52.15419501133787,18.2842712474619,0.47729857761079486
3517,1.0,100.0,0.0,0.6900666586707636
3518,1.096774193548387,100.0,0.0,0.6900666586707636
3519,1.4024390243902438,71.53465346534654,46.568542494923804,0.5948959319276158
3520,1.0,100.0,0.0,0.6900666586707636
3521,1.0,100.0,0.0,0.6900666586707636
3522,1.3928571428571428,82.31292517006803,90.0,0.45151793332600054
3523,1.2380952380952381,87.52834467120181,0.0,0.3673991111448733
3524,2.5375,38.601036269430054,18.878087682639954,1.2694361854916358
3525,3.142857142857143,37.414965986394556,10.0,0.5375444124735402
3526,1.9404761904761905,46.03174603174603,27.242524916943523,0.627496005782675
3527,2.2804878048780486,36.04938271604938,48.309518948453,1.0325838552152464
3528,2.1547619047619047,60.770975056689345,19.791076319032626,0.5150583522765342
3529,1.5,57.142857142857146,30.0,0.41646373300315087
3530,2.6547619047619047,32.19954648526077,15.3334213939714,1.0840382521057363
3531,1.0,100.0,0.0,0.6900666586707636
3532,1.1071428571428572,97.05215419501134,0.0,0.11908032827148854
3533,1.0,100.0,0.0,0.6900666586707636
3534,1.0,100.0,0.0,0.6900666586707636
3535,1.7142857142857142,64.39909297052154,145.24174696260025,1.0324425401552937
3536,2.6666666666666665,78.45804988662131,13.731525969810686,0.5865001255875774
3538,1.0,100.0,0.0,0.6900666586707636
3540,1.6666666666666667,46.25850340136054,10.0,0.31180383745921925
3541,1.8214285714285714,48.52607709750567,18.284271247461902,0.42167519621643657
3543,1.0,100.0,0.0,0.6900666586707636
3545,2.3333333333333335,33.333333333333336,67.02806630046754,1.281179845884653
3546,2.3452380952380953,39.45578231292517,25.519199118586368,1.0783493475925785
3548,1.9761904761904763,40.816326530612244,29.51394949566083,0.9201082012403734
3549,1.1428571428571428,97.95918367346938,12.35827664399093,0.07487597323206041
3550,1.6785714285714286,76.87074829931973,38.109114232450075,0.4069036814688988
3551,2.142857142857143,22.65446224256293,20.0,0.8496787607273126
3552,1.45,100.0,0.0,0.6900666586707636
3553,2.7023809523809526,44.89795918367347,21.111315994282737,1.0684809919563303
3555,1.3095238095238095,85.03401360544218,40.0,0.4079774708103113
3556,1.5119047619047619,74.37641723356009,0.0,0.6928883664654419
3557,2.7023809523809526,74.14965986394557,23.312586135899576,0.6133675144204802
3558,1.0,100.0,0.0,0.6900666586707636
3559,1.0,100.0,0.0,0.6900666586707636
3560,2.0853658536585367,52.54237288135593,24.844408978874014,0.9054838502164645
3561,1.9404761904761905,51.24716553287982,26.055512754639892,0.656543580084125
3562,1.6857142857142857,50.65359477124183,0.0,0.6925314801644661
3563,1.3333333333333333,89.24485125858124,192.23748416156684,0.3173279604087474
3564,1.0,100.0,0.0,0.6900666586707636
3565,3.261904761904762,56.91609977324263,13.005400728966725,0.6386225691219887
3566,1.8375,63.77952755905512,0.0,0.7859219979529014
3567,1.9285714285714286,47.39229024943311,30.0,1.0377405136509843
3568,1.7317073170731707,75.47619047619048,12.360679774997898,0.5912574612101928
3569,1.7380952380952381,74.37641723356009,34.08618454639997,0.5418526439168785
3571,1.7023809523809523,77.09750566893425,14.894511956279105,0.2994975477914789
3572,1.6666666666666667,78.2312925170068,0.0,0.6879250237879999
3573,2.0365853658536586,36.829268292682926,10.0,1.2629788019334856
3574,1.9047619047619047,42.63038548752834,26.055512754639892,0.7217246596278634
3575,1.9047619047619047,66.43990929705215,40.430839002267575,0.5811158380314033
3576,1.7857142857142858,56.00907029478458,26.104338636729864,0.5927283050129112
3577,2.392857142857143,83.21995464852608,0.0,0.45151793332600054
3578,1.0,100.0,0.0,0.6900666586707636
3579,1.5595238095238095,71.20181405895691,40.0,0.5012264923619153
3580,1.8928571428571428,40.136054421768705,10.0,1.2327857099995851
3581,2.475609756097561,30.193236714975846,14.24771742311577,1.0449951250097227
3582,2.380952380952381,40.816326530612244,13.7486498125465,1.0506018674494828
3583,1.4523809523809523,80.72562358276645,49.84126984126984,0.4058269680664438
3585,1.7023809523809523,65.3061224489796,35.35221666171999,0.4476757000177537
3586,1.7976190476190477,68.48072562358277,17.82608695652174,0.8772250925031555
3587,2.0714285714285716,52.60770975056689,29.157088122605366,1.0491025302342263
3588,1.0,100.0,0.0,0.6900666586707636
3589,1.869047619047619,58.73015873015873,18.95346881172206,0.6900666586707636
3590,1.5119047619047619,84.35374149659864,166.73755512028217,0.5218724452123784
3591,1.6666666666666667,47.61904761904762,21.622776601683796,0.44085243222802906
3592,1.9047619047619047,51.24716553287982,18.284271247461902,0.49849412495774603
3593,1.9523809523809523,42.05607476635514,81.39490944433027,1.118567356529994
3594,1.5476190476190477,84.73804100227791,10.0,0.23338558404619575
3595,1.0,100.0,0.0,0.6900666586707636
3596,1.0,100.0,0.0,0.6900666586707636
3597,1.619047619047619,61.556064073226544,130.0,0.6567605844215625
3598,2.3095238095238093,40.58956916099773,24.979226100352022,0.6348510474965836
3599,2.097560975609756,61.89320388349515,29.567180703005153,0.2759913512921382
3600,2.1666666666666665,89.56916099773242,53.68596428543297,0.3302831859375967
3601,2.488095238095238,21.541950113378686,27.186018770953396,1.136765531085381
3602,2.1547619047619047,43.53741496598639,19.469234990222027,0.8844455876906656
3603,1.8333333333333333,42.63038548752834,20.0,0.5439846426145027
3604,1.975609756097561,45.520581113801455,40.605411986240874,0.6526921772539447
3605,1.0238095238095237,99.77324263038548,0.0,0.009205721925471222
3606,2.0609756097560976,37.37864077669903,12.312069598201045,0.8386235447061894
3607,1.0,100.0,0.0,0.6900666586707636
3608,2.0238095238095237,45.80498866213152,53.2455532033676,0.8791402600306857
3609,2.15,57.32984293193717,143.8189870727516,1.058577036340516
3611,1.0,100.0,0.0,0.6900666586707636
3612,1.0,100.0,0.0,0.6900666586707636
3613,2.9642857142857144,50.91324200913242,24.00462962962963,0.6393308429345587
3614,1.9743589743589745,67.02702702702703,11.277955271565496,0.5396870465637089
3615,3.3095238095238093,31.519274376417233,10.0,0.6280569076822502
3616,1.7125,83.16582914572864,0.0,0.5006205775521051
3617,2.8333333333333335,41.26984126984127,46.34731337598863,1.0489619681855842
3619,1.8452380952380953,69.84126984126983,25.032766532480043,0.6806487514445064
3620,1.2976190476190477,83.44671201814059,0.0,0.4359000187391009
3621,1.8095238095238095,53.74149659863946,88.48857801796103,1.0051779701711205
3622,1.1428571428571428,100.0,0.0,0.6900666586707636
3623,1.375,100.0,0.0,0.6900666586707636
3624,1.024390243902439,100.0,0.0,0.6900666586707636
3625,1.9047619047619047,89.25233644859813,18.284271247461902,0.24581880977345516
3626,1.6666666666666667,71.65532879818593,13.628117913832199,0.3036381718552369
3627,2.4047619047619047,33.78684807256236,28.78107667044329,0.9987223418719666
3628,1.7976190476190477,45.12471655328798,42.47933884297521,0.7908337550403871
3629,2.581081081081081,39.82035928143713,56.66734505141851,1.3151600053744348
3630,2.142857142857143,64.39909297052154,20.538267800412434,0.8072337815479198
3631,1.9761904761904763,56.00907029478458,19.50179228367109,0.48343755095803365
3633,1.0,100.0,0.0,0.6900666586707636
3634,1.619047619047619,75.73696145124717,21.592487852035035,0.33286007891322994
3635,2.3333333333333335,48.51485148514851,51.396037451143926,0.8664589486057848
3636,1.3214285714285714,89.79591836734694,0.0,0.3800246410688657
3637,2.3095238095238093,29.342723004694836,16.03966594847548,1.2320608164699798
3638,1.4642857142857142,51.24716553287982,0.0,0.710663440326984
3639,2.9761904761904763,28.798185941043084,11.133627344571646,1.2776693111242161
3640,2.7142857142857144,40.58956916099773,10.0,0.5687805142984326
3641,1.5476190476190477,57.82312925170068,21.622776601683796,0.41646373300315087
3642,1.5,47.61904761904762,20.0,0.3198197673223754
3643,1.119047619047619,96.82539682539682,0.0,0.12551676390046312
3644,2.107142857142857,40.136054421768705,37.44445915279791,0.6344312705534911
3645,1.8571428571428572,59.863945578231295,0.0,1.0996268487853949
3646,3.0,38.484848484848484,67.12568903031769,1.1111255970818006
3647,1.975609756097561,39.17274939172749,10.0,1.222268796754959
3648,3.0714285714285716,75.73696145124717,40.0,0.7247970221861759
3649,3.0238095238095237,55.52995391705069,15.575989455717044,0.6554757510628322
3650,1.0,100.0,0.0,0.6900666586707636
3651,2.7261904761904763,33.78684807256236,18.847589836828817,1.2005008463434899
3652,2.5476190476190474,84.80725623582767,14.713728047430205,0.394896686264308
3653,1.8333333333333333,30.319148936170212,10.0,0.9375200733394685
3655,1.2976190476190477,78.45804988662131,0.0,0.5203521703780737
3656,1.0,100.0,0.0,0.6900666586707636
3657,1.0,100.0,0.0,0.6900666586707636
3658,1.1071428571428572,97.73242630385488,0.0,0.09195335142122243
3661,2.3095238095238093,34.01360544217687,16.886134250577328,0.8769451802809601
3662,1.5595238095238095,72.33560090702947,138.66068747318505,0.6947839009610001
3663,1.1785714285714286,88.66213151927438,0.0,0.34676416230947943
3664,1.6071428571428572,56.235827664399096,26.05551275463989,0.4359000187391009
3665,2.9285714285714284,43.764172335600904,17.829632887249875,0.5474857704012599
3666,2.0357142857142856,40.93023255813954,21.17493336211459,0.9956198785936266
3667,1.8928571428571428,49.20634920634921,30.0,1.1799644758237688
3668,2.2567567567567566,41.812865497076025,120.0,1.2263464402347592
3669,2.7439024390243905,29.17705735660848,14.589462517148286,1.0933955692074886
3670,1.2261904761904763,82.53968253968254,0.0,0.4590807522603987
3671,1.0,100.0,0.0,0.6900666586707636
3672,1.9523809523809523,52.60770975056689,31.95439739413681,0.7189165839748037
3673,2.4523809523809526,86.84807256235828,21.622776601683796,0.39043998352785825
3674,2.2857142857142856,45.80498866213152,93.19156882423624,1.2556739131150496
3677,1.32,99.33774834437087,0.0,0.024431732654320193
3678,1.5,82.31292517006803,18.284271247461902,0.2663844632679204
3679,2.869047619047619,38.095238095238095,22.5269895421544,0.6989389939451305
3680,1.5714285714285714,53.06122448979592,0.0,0.9131856328371355
3681,1.9047619047619047,55.93607305936073,18.393417897843616,0.47969411021625485
3682,2.4404761904761907,39.229024943310655,10.060221640423233,0.9802941065904571
3683,2.6666666666666665,29.478458049886623,11.579627992100788,1.0030350764348759
3684,2.0238095238095237,37.641723356009074,41.88037950261316,1.053492517029606
3685,3.1547619047619047,56.46258503401361,14.838488913120937,0.5188054035036833
3686,1.0,100.0,0.0,0.6900666586707636
3687,1.7023809523809523,66.89342403628117,0.0,0.845379345763981
3688,2.142857142857143,46.25850340136054,21.858736059479554,0.6715369775704336
3689,2.392857142857143,34.467120181405896,52.25570047544801,1.1466156522370259
3690,2.5595238095238093,23.356009070294785,33.135877175802136,1.121159480110581
3691,1.9285714285714286,78.00453514739229,24.697938196999743,0.35293814493876025
3692,1.3333333333333333,91.38321995464852,0.0,0.3352849729899396
3693,1.9411764705882353,58.8235294117647,53.2455532033676,0.6900666586707636
3694,1.880952380952381,54.19501133786848,20.079159834228477,0.8877490122014015
3695,1.391304347826087,100.0,0.0,0.6900666586707636
3696,1.119047619047619,97.95918367346938,251.72504656604804,0.07986757703784414
3697,1.5595238095238095,73.46938775510205,0.0,0.7477075846642106
3698,2.0357142857142856,51.70068027210884,18.492927832100772,0.5061246759906288
3699,1.8928571428571428,65.07936507936508,21.637070613264108,0.5614265239686802
3701,1.3461538461538463,91.20879120879121,0.0,0.26234915030183653
3702,2.4285714285714284,34.01360544217687,12.01990898543679,1.0157117238745172
3703,1.369047619047619,84.35374149659864,0.0,0.44535629674296273
3705,1.9404761904761905,63.18181818181818,13.829467112174056,0.8605167889150279
3707,1.0,100.0,0.0,0.6900666586707636
3708,1.6666666666666667,43.99092970521542,30.0,1.053568945581146
3710,2.341463414634146,42.4390243902439,66.63457102395043,1.2696508464633078
3711,2.6707317073170733,45.933014354066984,18.284271247461902,0.47099682446916624
3712,1.0,100.0,0.0,0.6900666586707636
3714,1.675,88.54166666666667,0.0,0.34915739312212135
3715,2.3214285714285716,39.229024943310655,23.205193645210358,1.1577063296362224
3716,2.9523809523809526,51.47392290249433,12.40395204874995,0.690564888493937
3717,1.5357142857142858,40.816326530612244,70.0,0.6612584192685826
3718,1.380952380952381,100.0,0.0,0.6900666586707636
3719,2.0595238095238093,49.43310657596372,20.0,1.0532850078112732
3720,2.1463414634146343,30.0,35.20816142768333,1.3654583378888638
3721,1.8452380952380953,41.043083900226755,80.0,1.0800703261548963
3722,3.25,28.90995260663507,11.184063357175601,1.225487517742479
3724,1.0,100.0,0.0,0.6900666586707636
3725,1.9523809523809523,37.641723356009074,22.413793103448278,0.7768106274766609
3726,1.5595238095238095,57.36961451247166,0.0,0.8223873884978767
3727,1.869047619047619,58.73015873015873,18.95346881172206,0.6900666586707636
3728,1.0,100.0,0.0,0.6900666586707636
3729,2.0952380952380953,45.12471655328798,10.0,1.0776609896170248
3730,2.1904761904761907,58.73015873015873,12.496744603324666,1.1292765982820896
3731,2.2142857142857144,40.58956916099773,40.18727503961947,1.470119551139198
3733,1.2261904761904763,87.75510204081633,0.0,0.36383008546231416
3734,2.1951219512195124,36.3855421686747,130.356688476182,1.2747927266211754
3735,2.0641025641025643,55.67282321899736,41.27272727272727,1.0264391592023467
3736,2.238095238095238,36.734693877551024,26.23554649332681,1.0399085206070906
3737,1.1904761904761905,91.83673469387755,0.0,0.2693651382692679
3738,1.4047619047619047,58.956916099773245,0.0,0.7602311216032248
3739,1.5595238095238095,75.73696145124717,0.0,0.7620761027403744
3740,1.4880952380952381,79.59183673469387,55.16220434477549,0.4457391740388933
3741,1.0,100.0,0.0,0.6900666586707636
3742,2.892857142857143,38.321995464852606,13.107476635514018,0.7043048826854112
3743,2.0,60.997732426303855,10.3601108033241,0.5135107920500579
3744,1.75,73.92290249433107,0.0,0.8286665101048709
3745,1.7023809523809523,53.74149659863946,40.0,0.5550268506691487
3746,1.9285714285714286,65.53287981859411,18.344787960831486,0.5529934580933702
3747,2.2083333333333335,60.13986013986014,83.56643356643356,0.6519350185616402
3748,2.238095238095238,88.20861678004535,43.85164807134504,0.3673991111448733
3749,1.8928571428571428,74.48275862068965,21.622776601683796,0.6682365973421102
3750,2.369047619047619,51.70068027210884,11.405750798722044,1.06682652006746
3751,2.8214285714285716,28.798185941043084,28.886614772208194,0.8326517451817201
3753,1.7432432432432432,62.865497076023395,39.64125560538117,0.7494282791693387
3754,1.7738095238095237,51.92743764172336,30.0,1.113986801085755
3756,2.25,39.002267573696145,19.95985491815455,0.6712860177043469
3757,1.9166666666666667,32.87981859410431,30.383257038487464,0.636925958945354
3758,3.2261904761904763,22.401847575057737,25.292999827847158,1.583097951483827
3759,1.8214285714285714,50.34013605442177,20.0,0.46430373358006966
3760,1.9642857142857142,34.69387755102041,12.360679774997898,1.0125512690558485
3761,1.8095238095238095,73.92290249433107,18.284271247461902,0.6900666586707636
3762,2.8452380952380953,27.891156462585034,12.223534912435065,0.5898918635494957
3763,1.380952380952381,88.88888888888889,0.0,0.38402045097339416
3764,2.9642857142857144,54.42176870748299,11.090189137660733,0.5805164093441294
3765,2.0952380952380953,40.816326530612244,10.0,0.7112914756455125
3766,1.869047619047619,40.58956916099773,33.59005254141017,1.0703058740054532
3767,1.6428571428571428,38.54875283446712,40.0,0.5725582473471319
3769,2.4642857142857144,84.58049886621315,15.038970015885031,0.4278370420997264
3770,2.119047619047619,63.038548752834465,17.814814232489432,0.6118696181621746
3771,1.6428571428571428,68.93424036281179,0.0,0.8168776983428419
3772,2.7976190476190474,83.21995464852608,30.0,0.4770284146391459
3773,2.5238095238095237,30.839002267573697,36.81706591370237,1.2035751710928453
3774,2.3214285714285716,31.746031746031747,37.769741130619764,1.046059100616271
3775,1.0,100.0,0.0,0.6900666586707636
3777,3.0952380952380953,58.73015873015873,12.661541584960787,0.542065913593828
3778,1.7023809523809523,51.24716553287982,18.315327111222107,0.6926305099383167
3779,2.9285714285714284,36.94117647058823,14.549267098056363,0.8287335727268335
3780,1.3452380952380953,70.06802721088435,0.0,0.6083214523323685
3781,1.0714285714285714,99.09297052154194,0.0,0.04241473185811746
3782,1.25,94.10430839002268,0.0,0.24055202028086287
3783,1.7857142857142858,43.31065759637188,70.0,1.0698519375685291
3784,1.119047619047619,98.1859410430839,0.0,0.07487597323206041
3786,2.9404761904761907,21.08843537414966,11.82089552238806,0.8743191704273882
3787,1.1538461538461537,100.0,0.0,0.6900666586707636
3788,1.7023809523809523,73.92290249433107,18.616780045351472,0.3982072189753537
3789,1.2023809523809523,95.46485260770974,0.0,0.18242856013800107
3790,1.8214285714285714,47.84580498866213,10.0,0.45003361640672035
3793,2.2142857142857144,53.96825396825397,14.329484917241297,1.0698064347006975
3794,1.7261904761904763,50.79365079365079,0.0,1.0036797534124609
3795,2.0,48.379629629629626,73.10927678572759,0.6493662435342433
3796,2.1785714285714284,37.188208616780045,29.374098405775445,1.0763302185612984
3797,1.0,100.0,0.0,0.6900666586707636
3798,1.1,100.0,0.0,0.6900666586707636
3799,2.119047619047619,46.25850340136054,40.564059840020455,0.8879712831738392
3800,2.7976190476190474,60.317460317460316,10.42709985138463,0.7819591107168515
3801,1.8452380952380953,55.55555555555556,0.0,1.1482939900123437
3802,2.0238095238095237,36.81818181818182,34.41767068273092,1.2961363203930474
3803,1.1904761904761905,92.97052154195012,0.0,0.2386004902137555
3804,1.9404761904761905,68.25396825396825,25.609259374301125,0.49791691061858545
3805,1.625,81.44329896907216,0.0,0.4753652271082395
3806,1.2619047619047619,82.08616780045351,0.0,0.4581441790615257
3808,1.0,100.0,0.0,0.6900666586707636
3810,1.794871794871795,67.12707182320442,11.740331491712707,0.6900666586707636
3811,2.3452380952380953,37.188208616780045,22.56408541083529,1.1043552452887648
3812,1.435897435897436,100.0,0.0,0.6900666586707636
3813,1.8421052631578947,68.14404432132964,0.0,0.6126726904786988
3814,2.0952380952380953,38.321995464852606,13.463570679780986,0.5557007965751773
3815,1.0,100.0,0.0,0.6900666586707636
3817,1.3636363636363635,100.0,0.0,0.6900666586707636
3818,1.5833333333333333,52.60770975056689,37.77777777777778,0.5353632190768391
3819,1.6428571428571428,79.36507936507937,33.93627139478382,0.4143593703682138
3820,2.3048780487804876,34.84486873508353,53.64702267381596,1.329349369132925
3821,1.6071428571428572,76.68997668997669,0.0,0.5649061888446165
3822,2.142857142857143,30.158730158730158,79.63696474783188,1.309454650431408
3823,1.5595238095238095,61.678004535147394,40.0,0.6587653296160072
3824,2.0476190476190474,42.40362811791383,21.132310539234588,0.8674742917293187
3825,2.9390243902439024,33.74083129584352,43.50303455207779,1.2766903798188456
3826,1.0,100.0,0.0,0.6900666586707636
3827,2.4761904761904763,44.67120181405895,32.07475008484191,1.3564868478590206
3828,1.7261904761904763,68.70748299319727,31.23105625617661,0.7311710507856446
3829,1.0,100.0,0.0,0.6900666586707636
3830,2.2023809523809526,33.560090702947846,27.80595861455157,1.0883599328476583
3831,2.392857142857143,50.56689342403628,25.314656508974497,0.9809809499026515
3832,3.317073170731707,24.938271604938272,10.0,0.7106059186648952
3833,1.9761904761904763,43.05239179954442,26.69617362604128,0.846256355134043
3835,2.107142857142857,39.909297052154194,13.126087661889315,0.49457165776275935
3836,2.4642857142857144,43.31065759637188,42.9101051528402,1.1325115372891235
3838,1.4285714285714286,95.23809523809524,0.0,0.19499492707291877
3839,2.5595238095238093,38.54875283446712,18.023255813953487,1.0318493704141307
3841,1.0,100.0,0.0,0.6900666586707636
3842,1.0714285714285714,98.63945578231292,0.0,0.05925858145533138
3843,1.630952380952381,72.33560090702947,18.654330390166198,0.7346132265487482
3844,1.4285714285714286,81.40589569160997,40.0,0.41646373300315087
3845,2.7142857142857144,40.136054421768705,17.841494709705707,1.025532016042052
3846,1.0,100.0,0.0,0.6900666586707636
3847,2.0135135135135136,67.46987951807229,80.09583592033599,0.6674885246249963
3848,1.369047619047619,87.52834467120181,35.30787515555182,0.33669684473999006
3849,1.5714285714285714,93.42403628117914,0.0,0.2480604356143019
3850,4.0476190476190474,28.34467120181406,18.01693879903316,1.1469786241226667
3851,2.130952380952381,34.467120181405896,44.71903435261653,0.9689828972718686
3852,1.2738095238095237,92.51700680272108,140.0,0.2401915849791156
3853,2.988095238095238,37.850467289719624,33.72760162887461,1.1174426140449873
3854,2.2857142857142856,33.333333333333336,24.226005079502045,1.2884610852224094
3857,1.5609756097560976,70.0,50.0,0.7603440814536486
3859,2.2142857142857144,40.58956916099773,30.81574080350711,1.2212237325593427
3860,2.511904761904762,63.945578231292515,10.0,0.4154129738607282
3862,2.0714285714285716,50.79365079365079,40.0,0.8705939700663955
3863,1.8928571428571428,55.78231292517007,40.0,1.05743952296383
3864,1.4404761904761905,85.94104308390023,70.0,0.42512943547448107
3866,2.6875,53.018372703412076,51.92673920801926,0.8641334998845226
3867,1.0,100.0,0.0,0.6900666586707636
3868,1.7738095238095237,38.775510204081634,0.0,1.1742448849587428
3870,2.357142857142857,41.26984126984127,48.600308786457205,0.7733930685204962
3871,2.0714285714285716,74.37641723356009,19.689299395117075,0.4414774008185761
3872,2.142857142857143,46.71201814058957,12.360679774997898,0.4673987753976768
3873,1.4523809523809523,85.03401360544218,0.0,0.5140230038212434
3874,1.7073170731707317,81.72839506172839,18.284271247461902,0.30379910976836255
3875,2.8513513513513513,55.04587155963303,59.2515174012655,0.7071938681289386
3876,2.1904761904761907,39.45578231292517,43.329647452347,0.811434706876392
3877,1.869047619047619,58.73015873015873,18.95346881172206,0.6900666586707636
3879,2.5476190476190474,54.64852607709751,24.524849551365957,1.142520798451999
3880,2.292682926829268,80.52884615384616,12.23272965169178,0.5900796919397245
3881,2.9047619047619047,37.641723356009074,13.29080534005889,0.8278165040353596
3882,1.7261904761904763,61.88235294117647,53.75725903725904,0.6575629238287946
3883,1.2976190476190477,68.48072562358277,0.0,0.6210863745552451
3884,1.880952380952381,63.265306122448976,24.08450704225352,0.7315513679087859
3885,3.0714285714285716,30.612244897959183,10.556650637181235,1.1216535085611572
3886,1.0,100.0,0.0,0.6900666586707636
3887,1.0,100.0,0.0,0.6900666586707636
3888,2.0952380952380953,39.682539682539684,42.14835788367809,1.0556522085264457
3889,1.8414634146341464,50.59665871121718,40.0,0.48890944057182517
3890,1.1904761904761905,88.20861678004535,0.0,0.355382896246011
3891,1.7380952380952381,72.33560090702947,118.34710743801652,0.7666768529380392
3892,2.5833333333333335,45.32710280373832,31.068673260543815,1.2192339526872775
3893,1.2619047619047619,92.7437641723356,0.0,0.23217669162992718
3894,1.3333333333333333,100.0,0.0,0.6900666586707636
3895,2.380952380952381,34.69387755102041,43.30434697437863,1.2761201618329925
3896,1.8333333333333333,58.50340136054422,30.0,0.9237046422345264
3897,1.9404761904761905,49.65986394557823,32.62147572721623,0.9635519660309713
3898,1.869047619047619,58.73015873015873,18.95346881172206,0.6900666586707636
3899,2.2875,48.37092731829574,41.78623292357083,0.9071749815216219
3900,1.8421052631578947,48.11594202898551,60.710678118654755,1.0383295433542492
3901,1.0,100.0,0.0,0.6900666586707636
3902,1.3414634146341464,87.53117206982543,21.622776601683796,0.37951176439650897
3903,1.880952380952381,34.69387755102041,30.408422106401023,0.6489080956831276
3904,1.0,100.0,0.0,0.6900666586707636
3906,1.0,100.0,0.0,0.6900666586707636
3907,2.4047619047619047,34.240362811791385,18.367346938775512,0.4851855839316036
3908,2.2222222222222223,57.7639751552795,13.467718605145018,0.7355864308664242
3909,1.1904761904761905,96.3718820861678,22.424262021357755,0.12974069471942834
3910,1.0,100.0,0.0,0.6900666586707636
3911,1.5833333333333333,64.39909297052154,18.284271247461902,0.3492444842557457
3912,1.7976190476190477,58.73015873015873,18.341177588727046,0.7278930248031089
3913,2.4285714285714284,32.19954648526077,22.707698149907593,1.127471842713432
3915,2.75,24.03628117913832,16.21384087731767,1.236033907299157
3916,1.8333333333333333,67.57369614512471,40.0,0.672430282566161
3917,3.0833333333333335,37.868480725623584,22.617255441569924,0.9328616422435217
3918,2.388888888888889,77.02702702702703,0.0,0.46654380792412786
3920,1.5714285714285714,51.02040816326531,18.284271247461902,0.6902418715302181
3921,2.039473684210526,60.458452722063036,27.98771802347071,0.5460770201357875
3923,1.0,100.0,0.0,0.6900666586707636
3924,1.4404761904761905,91.38321995464852,0.0,0.2994975477914789
3925,2.107142857142857,30.839002267573697,12.237762237762238,1.3422360237018827
3926,1.7142857142857142,52.15419501133787,54.3121489307809,0.6917746704307536
3927,3.1547619047619047,75.51020408163265,16.263901945437915,0.47729857761079486
3928,3.011904761904762,40.816326530612244,23.687150837988828,0.8078505940173347
3929,2.3461538461538463,59.62732919254658,18.284271247461902,0.6900666586707636
3930,1.8333333333333333,77.01149425287356,186.468827043885,0.5060389620869856
3931,2.1547619047619047,58.956916099773245,22.490661348713026,0.9565567236542201
3932,1.5595238095238095,71.65532879818593,32.42640687119285,0.48082726677783616
3933,1.0,100.0,0.0,0.6900666586707636
3934,2.488095238095238,26.303854875283445,10.0,1.1232958245522686
3937,2.5875,55.208333333333336,29.405940594059405,0.9961055594171476
3938,1.3571428571428572,54.87528344671202,88.99494936611664,0.6868727086724566
3939,1.5,82.53968253968254,167.20045146669347,0.4328966327294673
3940,1.7976190476190477,50.34013605442177,18.284271247461902,0.4318901318012787
3941,1.25,61.904761904761905,0.0,0.6630646759129466
3942,2.658536585365854,62.65060240963855,25.774316765885498,0.692900086264201
3943,2.2142857142857144,41.26984126984127,21.622776601683796,1.3437089222338032
3944,2.9285714285714284,46.48526077097506,14.05598709340478,0.6753952291988592
3945,1.0238095238095237,100.0,0.0,0.6900666586707636
3946,1.6428571428571428,66.43990929705215,168.88543819998318,0.852859744190851
3947,1.2738095238095237,80.0453514739229,0.0,0.49791691061858545
3948,1.2976190476190477,90.02267573696145,90.0,0.3050097342771294
3949,1.3571428571428572,83.90022675736961,170.0,0.4185567565053988
3951,2.0694444444444446,72.27414330218069,0.0,0.7242477634061519
3952,1.8214285714285714,50.34013605442177,19.794050343249427,0.5885396575167314
3953,1.4047619047619047,70.97505668934241,18.284271247461902,0.6004373673226022
3954,1.6428571428571428,80.49886621315193,48.7048487906317,0.600805125504366
3955,1.7857142857142858,72.33560090702947,56.666666666666664,0.7584118389844905
3956,1.0595238095238095,99.09297052154194,0.0,0.03945184585421838
3958,1.2857142857142858,100.0,0.0,0.6900666586707636
3959,1.4047619047619047,79.59183673469387,34.721359549995796,0.508123955834253
3960,2.4404761904761907,25.11737089201878,30.8015867683318,1.2130232589342238
3961,1.0,100.0,0.0,0.6900666586707636
3962,1.2857142857142858,78.68480725623583,0.0,0.5085442650827917
3963,2.2738095238095237,72.10884353741497,25.829243012356763,0.4683107728127525
3964,2.380952380952381,39.682539682539684,27.25064886834059,1.022974086399497
3965,1.7023809523809523,73.01587301587301,142.31546211727817,0.7037338472778883
3966,1.9761904761904763,91.83673469387755,101.80339887498948,0.2839720289390999
3967,3.5476190476190474,31.519274376417233,42.159346755118754,1.18011680792812
3968,2.380952380952381,38.775510204081634,26.055512754639892,1.500639757081344
3969,2.9761904761904763,53.51473922902494,19.35895377054836,0.7320189583491113
3970,2.3095238095238093,38.321995464852606,10.0,0.5991277594831952
3972,1.0,100.0,0.0,0.6900666586707636
3973,1.3452380952380953,93.87755102040816,138.66068747318508,0.24741184018616963
3974,1.6904761904761905,56.46258503401361,12.360679774997898,0.36502313423558724
3975,1.869047619047619,46.03174603174603,31.160091972191687,1.0463902069507958
3976,2.0357142857142856,38.321995464852606,18.284271247461902,1.0526300265876365
3977,1.2857142857142858,53.74149659863946,0.0,0.6902418715302181
3979,1.7142857142857142,67.57369614512471,21.622776601683793,0.6288278829370244
3980,1.9166666666666667,69.16099773242631,44.257516842655406,0.5093464554688649
3981,1.4047619047619047,86.16780045351474,26.055512754639892,0.35293814493876025
3983,2.380952380952381,41.26984126984127,29.315066448968615,1.056183000906676
3984,1.2380952380952381,92.97052154195012,0.0,0.24493002679463532
3985,2.5365853658536586,43.24324324324324,13.16368869186518,0.6873549735262652
3986,2.4871794871794872,37.10526315789474,107.66630363580923,1.0906288703359805
3987,1.7777777777777777,96.20253164556962,120.0,0.6900666586707636
3990,2.107142857142857,46.25850340136054,83.766386468882,1.2450844968906989
3991,1.8928571428571428,36.507936507936506,20.0,1.0403355323189316
3992,2.9523809523809526,37.414965986394556,21.291283248513018,1.1019980958873545
3993,1.25,95.01133786848072,0.0,0.20876581146946888
3994,3.4285714285714284,49.46236559139785,23.646344895825266,0.6904914363386152
3995,2.107142857142857,52.38095238095238,54.031242374328485,1.197452274418957
3996,2.6625,35.714285714285715,25.482325557319253,0.9329159972200183
3999,1.7236842105263157,75.86206896551724,13.636363636363637,0.6549250224015788
4000,1.6547619047619047,53.28798185941043,0.0,0.9760867468289904
4001,1.25,61.904761904761905,0.0,0.6630646759129466
4002,1.7023809523809523,75.73696145124717,0.0,0.5509426654817893
4003,1.0,100.0,0.0,0.6900666586707636
4004,2.2142857142857144,58.049886621315196,75.0171525310387,0.9386362816879739
4005,2.3,87.94871794871794,54.031242374328485,0.4187271008411829
4006,1.880952380952381,62.131519274376416,40.0,0.7938009934418827
4007,1.3214285714285714,91.60997732426304,21.62162162162162,0.2841410868984358
4008,1.5476190476190477,80.49886621315193,63.80620080515226,0.5581077211363203
4009,1.4880952380952381,90.02267573696145,24.468233151070265,0.3075080415229583
4010,1.5595238095238095,54.64852607709751,46.568542494923804,0.6872675927548362
4011,1.4166666666666667,86.39455782312925,0.0,0.4753436509329287
4012,2.0833333333333335,30.385487528344672,10.325732899022801,0.6133649716847194
4014,1.8571428571428572,51.70068027210884,40.0,0.8520428940884983
4015,1.4523809523809523,85.26077097505669,0.0,0.428431216725915
4016,1.5121951219512195,60.0,10.0,0.6900666586707636
4017,1.0,100.0,0.0,0.6900666586707636
4018,2.7142857142857144,75.05668934240363,13.637978845657038,0.6219349656629671
4019,2.0357142857142856,31.065759637188208,24.71852620799326,0.6247883054760051
4021,2.2857142857142856,30.612244897959183,21.622776601683796,1.1948759167257637
4022,3.107142857142857,39.45578231292517,13.437558602846556,0.8850181365411057
4023,1.7375,71.94805194805195,26.055512754639892,0.49813568685802734
4024,2.3125,28.974358974358974,12.233960785832423,0.7021764103434744
4026,1.9404761904761905,39.909297052154194,30.24094577391012,0.9862859079849801
4027,1.9642857142857142,45.80498866213152,0.0,1.2592701119579706
4028,2.0238095238095237,46.713615023474176,32.426406871192846,0.922667351648166
4029,1.0,100.0,0.0,0.6900666586707636
4031,1.7380952380952381,59.63718820861678,140.0,0.8759638546475268
4032,1.9761904761904763,50.235849056603776,54.031242374328485,0.6835671143353019
4033,2.292682926829268,82.15158924205379,0.0,0.59047434316853
4034,1.4634146341463414,85.99033816425121,26.433412137982987,0.3410803865415076
4035,1.8452380952380953,69.16099773242631,48.723404255319146,0.8026518129896876
4036,1.6785714285714286,66.89342403628117,21.622776601683796,0.4339004419779914
4037,1.524390243902439,64.67780429594272,0.0,0.8081649613074791
4038,1.5238095238095237,78.2312925170068,20.0,0.3354217069750239
4039,2.761904761904762,66.21315192743764,10.080429817936524,0.9395092137799493
4040,1.8095238095238095,69.84126984126983,20.0,0.4920391126788921
4041,1.0,100.0,0.0,0.6900666586707636
4042,2.5238095238095237,43.764172335600904,12.3606797749979,0.6062504552350834
4043,2.7439024390243905,37.10843373493976,28.436038637170437,0.6701102161048793
4044,1.9642857142857142,36.281179138321995,31.159337398397547,0.6600240072065444
4045,1.146341463414634,100.0,0.0,0.6900666586707636
4046,1.9761904761904763,45.35147392290249,17.134726795351927,1.1859410502285919
4047,2.0806451612903225,44.20600858369099,0.0,1.003818594265567
4048,2.0,41.043083900226755,17.238605898123325,0.5675559040596578
4049,2.1785714285714284,48.0,21.979831868745926,0.8991518300055759
4050,1.3095238095238095,91.38321995464852,0.0,0.26338335888071124
4051,1.7261904761904763,55.32879818594105,120.0,0.9384893868311973
4052,1.7297297297297298,69.64285714285714,0.0,0.6167394310163151
4053,1.9761904761904763,52.15419501133787,12.360679774997896,0.9480343588330253
4054,1.85,82.39795918367346,46.568542494923804,0.4248699557892538
4055,1.3333333333333333,90.54054054054055,0.0,0.2822446493986066
4056,1.6904761904761905,49.88662131519274,66.15773105863909,0.6656723999853216
4057,1.5138888888888888,51.935483870967744,0.0,0.6920632573633703
4058,2.25,36.961451247165535,36.9472236296399,1.3069895021980378
4059,1.7261904761904763,40.58956916099773,0.0,1.1714647490251973
4060,2.0952380952380953,39.491916859122405,93.87633025909518,1.3318945747091133
4061,1.9404761904761905,65.07936507936508,44.849827912051545,0.7178884857571526
4062,1.0,100.0,0.0,0.6900666586707636
4063,1.6666666666666667,70.06802721088435,41.59090909090909,0.7134585147238175
4064,1.2738095238095237,87.89954337899543,0.0,0.3558386296478562
4065,1.6904761904761905,58.276643990929706,50.78212290502793,0.7150139902097656
4066,1.4166666666666667,57.63239875389408,0.0,0.679748340931605
4067,3.1547619047619047,31.519274376417233,23.09775032218023,1.0834948049659423
4068,1.3529411764705883,98.26989619377163,79.44271909999159,0.6900666586707636
4069,1.2142857142857142,95.23809523809524,0.0,0.18786198374115456
4070,2.1785714285714284,52.816901408450704,52.70096463022508,1.02442936646602
4071,1.0,100.0,0.0,0.6900666586707636
4072,1.869047619047619,47.39229024943311,17.587939698492463,0.9210946556824354
4073,2.1904761904761907,75.28344671201815,22.538663755568418,0.5513673715173969
4074,2.357142857142857,48.13953488372093,19.672291136581332,0.9808331343410115
4075,1.7023809523809523,45.80498866213152,18.284271247461902,0.3685820682042506
4076,1.869047619047619,58.73015873015873,18.95346881172206,0.6900666586707636
4077,1.0,100.0,0.0,0.6900666586707636
4078,1.8452380952380953,37.641723356009074,16.426257915906607,0.6648166803507292
4079,2.142857142857143,38.54875283446712,51.29982300960959,1.2118015485478852
4080,1.880952380952381,61.224489795918366,16.455832973229615,0.3480061226022792
4081,1.8452380952380953,39.682539682539684,62.39133582103424,1.0708427876741886
4082,2.0,43.08390022675737,18.284271247461902,0.9949036121335039
4083,1.0,100.0,0.0,0.6900666586707636
4085,1.2619047619047619,80.27210884353741,0.0,0.4851855839316036
4086,3.761904761904762,35.529411764705884,10.037866775364716,0.5806984625532298
4087,1.9047619047619047,52.63157894736842,21.622776601683796,0.565304422509183
4089,3.3452380952380953,57.91962174940898,13.07333239025396,0.5714964436201461
4090,2.3452380952380953,35.374149659863946,13.284313725490197,1.0410329380845629
4091,2.130952380952381,45.57823129251701,13.02132945953665,0.9094381645879062
4093,1.2619047619047619,64.62585034013605,0.0,0.6474466390346325
4094,1.9761904761904763,52.38095238095238,43.85164807134504,0.9716951706120998
4095,2.426829268292683,65.77017114914426,10.0,0.7335647572679945
4096,2.9404761904761907,28.34467120181406,10.0,0.7288243243523068
4097,2.7857142857142856,40.58956916099773,12.004869297330963,0.5967752127822157
4099,3.5357142857142856,60.83916083916084,10.0,0.7156863533172615
4100,1.353658536585366,95.95238095238095,0.0,0.15991306551757684
4102,2.1875,57.85123966942149,50.0,0.9085160947023578
4103,1.8928571428571428,74.14965986394557,0.0,0.8133562223415876
4105,1.5357142857142858,67.80045351473923,0.0,0.832885301065347
4106,1.7023809523809523,79.13832199546485,46.82850139682351,0.569491087417958
4107,1.6666666666666667,45.12471655328798,0.0,1.0516925376012045
4108,2.511904761904762,70.52154195011337,17.141864265830904,0.4755200934516536
4110,2.6875,29.38144329896907,11.855688998387523,0.523546382846137
4112,1.0,100.0,0.0,0.6900666586707636
4114,2.7738095238095237,83.44671201814059,44.53614835731767,0.4476757000177537
4115,1.0,100.0,0.0,0.6900666586707636
4117,1.0,100.0,0.0,0.6900666586707636
4118,1.8095238095238095,92.7437641723356,0.0,0.26338335888071124
4119,1.8095238095238095,42.63038548752834,42.46506591417806,1.0238532396600195
4120,1.2195121951219512,100.0,0.0,0.6900666586707636
4121,2.0375,46.09375,21.428571428571427,0.5893513543484327
4122,1.6071428571428572,83.21995464852608,41.35444593920432,0.4503228594722295
4123,1.880952380952381,37.188208616780045,0.0,1.0907309752645298
4124,2.8421052631578947,30.232558139534884,68.51047804653746,1.0888467327922444
4125,2.1666666666666665,33.439490445859875,0.0,1.493082916114201
4126,1.95,48.71134020618557,20.0,1.045790007277969
4127,1.0,100.0,0.0,0.6900666586707636
4129,2.1904761904761907,38.321995464852606,60.685952134976816,1.1727325397554502
4130,1.1071428571428572,98.1859410430839,252.48809496813374,0.07234291534838481
4131,2.5714285714285716,37.44292237442922,17.825648992604346,0.6712225929103735
4132,2.0,48.68804664723032,12.3606797749979,0.5046665029934463
4133,1.0,100.0,0.0,0.6900666586707636
4135,1.0,100.0,0.0,0.6900666586707636
4136,1.369047619047619,90.02267573696145,25.99114025734011,0.2527141480996228
4137,2.011904761904762,66.43990929705215,0.0,0.9485708570983306
4139,1.0,100.0,0.0,0.6900666586707636
4141,1.6785714285714286,49.20634920634921,0.0,0.9050107884530869
4142,1.0,100.0,0.0,0.6900666586707636
4143,1.0476190476190477,99.31972789115646,0.0,0.03021296566677581
4144,2.0303030303030303,57.196969696969695,13.132521177221724,0.7848930436116707
4146,1.7261904761904763,73.01587301587301,0.0,0.7829911115425077
4147,1.0357142857142858,99.77324263038548,0.0,0.013084006061872712
4149,1.0,100.0,0.0,0.6900666586707636
4150,2.119047619047619,58.23665893271462,20.438658423171404,0.8862256491766705
4152,1.8902439024390243,34.61538461538461,30.0,0.9155565695956865
4153,2.2261904761904763,62.811791383219955,17.90889304314321,0.6074572345002753
4154,2.107142857142857,52.15419501133787,38.36177355369654,0.6337528194131932
4155,2.7976190476190474,42.63038548752834,25.704309495752646,1.1851272852613897
4156,2.2976190476190474,35.82766439909297,35.1435764839875,1.05613423558504
4158,2.2195121951219514,62.13592233009709,70.0,1.0201527999725588
4159,3.380952380952381,32.6530612244898,26.907319076971486,1.2408097648144616
4160,3.4146341463414633,38.84892086330935,24.69953288722904,1.0149359259608883
4161,1.7619047619047619,57.142857142857146,20.0,0.8188272581456534
4162,2.5595238095238093,53.51473922902494,22.04445628701349,0.7742904292937137
4163,3.5,30.158730158730158,25.00994753696711,0.9420281759891664
4164,1.630952380952381,65.98639455782313,0.0,0.8556477435864771
4165,1.0,100.0,0.0,0.6900666586707636
4166,1.5833333333333333,67.34693877551021,106.61903789690601,0.6549735905289742
4167,2.2023809523809526,48.477751756440284,18.96605762623368,1.199292363766774
4168,1.880952380952381,46.25850340136054,50.82762530298219,1.055269995714222
4169,2.0357142857142856,59.44700460829493,10.276536773642611,0.4941295712535498
4170,1.8214285714285714,49.88662131519274,48.309518948453004,0.9420540694748584
4171,1.8571428571428572,73.01587301587301,88.48857801796103,0.8025751869407041
4172,1.8095238095238095,68.02721088435374,31.106689214645005,0.5474857704012599
4173,1.1547619047619047,97.05215419501134,0.0,0.1261973990034488
4174,2.9523809523809526,73.92290249433107,12.468691495108429,0.516116764114817
4175,2.107142857142857,47.16553287981859,61.791383219954646,0.6618665453311015
4176,2.1547619047619047,39.909297052154194,34.23592493297587,0.982746362440359
4177,1.0,100.0,0.0,0.6900666586707636
4178,1.8214285714285714,75.28344671201815,10.043832250464153,0.4069036814688988
4179,1.5476190476190477,70.06802721088435,98.94578875963404,0.7435900737600527
4180,1.6428571428571428,65.75963718820861,0.0,0.9375929636705902
4181,2.9166666666666665,39.002267573696145,10.0,0.5156865315218879
4182,1.8375,71.67919799498746,38.662945977631004,0.6969375767632716
4183,2.011904761904762,54.588235294117645,0.0,0.9357978707962906
4184,2.5595238095238093,21.541950113378686,20.2683331388611,1.3836327556567065
4185,1.4285714285714286,58.956916099773245,0.0,0.6766847611325819
4187,1.3452380952380953,78.00453514739229,0.0,0.5172502020286037
4188,1.7261904761904763,43.31065759637188,0.0,1.0329500307853787
4189,2.130952380952381,36.507936507936506,43.851648071345046,0.918325030626254
4190,1.972972972972973,50.74626865671642,79.44271909999159,0.6012523902849498
4191,1.6585365853658536,56.65859564164649,75.44003745317531,0.6684753346342607
4192,1.8333333333333333,42.63038548752834,60.0,1.1661242385004509
4193,1.2976190476190477,81.40589569160997,0.0,0.5113707887451198
4194,2.0357142857142856,38.54875283446712,40.0,0.881396858692119
4196,1.9523809523809523,40.58956916099773,79.37730629577246,0.9257735672116869
4197,2.2023809523809526,31.972789115646258,41.61139846865005,1.0671118621427904
4198,1.8095238095238095,36.902050113895214,40.0,0.701694041476336
4199,2.6666666666666665,31.292517006802722,24.173198060188756,1.037266142639102
4200,1.9761904761904763,68.997668997669,33.24589549674309,0.33734499680157387
4201,2.2738095238095237,35.82766439909297,12.41227821765174,1.2236682599215611
4202,1.8928571428571428,60.54421768707483,12.360679774997898,0.4996607404173811
4203,2.75,22.90249433106576,18.633587055670016,1.5671324206662216
4204,1.9047619047619047,67.80045351473923,0.0,0.9580393939906227
4205,1.0,100.0,0.0,0.6900666586707636
4207,1.9285714285714286,55.45454545454545,30.0,0.9189692700217165
4209,1.2023809523809523,91.38321995464852,0.0,0.2796407732265369
4210,1.5238095238095237,69.38775510204081,34.58984504359056,0.7280671077826926
4211,1.5357142857142858,85.26077097505669,88.48857801796103,0.409048346357458
4212,3.5,22.17391304347826,34.82031118688432,1.2772586676601145
4213,1.8452380952380953,53.51473922902494,40.0,0.644829082146983
4214,1.630952380952381,72.10884353741497,160.88007490635061,0.7747179773905032
4217,2.2560975609756095,44.44444444444444,21.103719951606518,0.83342621387469
4218,3.1666666666666665,29.024943310657598,22.359967009064107,0.8756942025598691
4220,1.6571428571428573,88.66666666666667,62.111025509279784,0.13269142083987176
4221,1.0,100.0,0.0,0.6900666586707636
4223,1.9166666666666667,60.997732426303855,32.426406871192846,0.8215041160877712
4224,1.5357142857142858,94.78458049886622,0.0,0.20373997596298557
4225,1.3333333333333333,79.36507936507937,0.0,0.498747637641526
4226,2.369047619047619,48.07256235827664,16.656527199998223,0.974158048044629
4227,1.6785714285714286,56.91609977324263,0.0,0.9002176273144529
4228,2.9642857142857144,56.235827664399096,10.0,0.5668665693417115
4229,3.717391304347826,37.301587301587304,54.55584904883764,0.9849861738330814
4230,2.4324324324324325,69.84615384615384,126.01470508735443,0.5893970176114177
4231,2.2857142857142856,41.49659863945578,10.73482428115016,0.7499792781255133
4232,1.8452380952380953,67.12018140589569,0.0,0.8074526280749914
4233,2.9404761904761907,41.723356009070294,17.595292680484953,0.9558559310426202
4234,2.357142857142857,39.229024943310655,81.88874168715017,1.077413910220405
4236,1.1923076923076923,100.0,0.0,0.6900666586707636
4238,2.4285714285714284,34.09610983981693,17.991803278688526,0.9309162383093665
4239,1.0,100.0,0.0,0.6900666586707636
4240,1.8333333333333333,47.61904761904762,18.284271247461902,0.4368958027392995
4242,1.0,100.0,0.0,0.6900666586707636
4243,1.75,76.36363636363636,30.0,0.7867864972591129
4244,2.0,57.82312925170068,35.22646613169943,0.9840262605135003
4245,1.0,100.0,0.0,0.6900666586707636
4247,1.9880952380952381,37.5,24.52463454367889,0.4988808316506124
4248,2.261904761904762,43.08390022675737,62.111025509279784,1.3086503074344185
4251,1.3214285714285714,93.42403628117914,125.66160542992942,0.2139966341004808
4252,2.630952380952381,51.70068027210884,38.750487300392365,0.7400528936753401
4253,1.7619047619047619,68.93424036281179,12.360679774997898,0.8190937495749875
4254,1.9880952380952381,46.03174603174603,12.3605551275464,0.9810821973545372
4255,2.630952380952381,24.263038548752835,47.19715528587056,1.379236188007198
4256,2.0,61.80555555555556,17.88610458578457,0.527992889367124
4259,1.7619047619047619,59.63718820861678,110.0,0.8373063749468943
4260,1.9166666666666667,41.54929577464789,20.0,0.5344314638803342
4261,1.8214285714285714,70.97505668934241,0.0,0.9034173493332052
4262,1.0,100.0,0.0,0.6900666586707636
4263,1.7692307692307692,99.37888198757764,90.0,0.6900666586707636
4264,1.7738095238095237,46.93877551020408,74.85281374238569,0.7596722666252946
4265,2.738095238095238,77.77777777777777,47.42563859512279,0.663007600230324
4266,1.0,100.0,0.0,0.6900666586707636
4267,1.5595238095238095,89.17647058823529,26.055512754639892,0.34610010009910575
4268,3.142857142857143,73.24263038548753,27.70744308881216,0.7356520424731816
4269,2.1219512195121952,47.46987951807229,117.27922061357854,1.0700344385710503
4270,2.869047619047619,46.48526077097506,23.799376962392213,0.5731814003707648
4271,3.0238095238095237,67.57369614512471,10.204081632653061,0.5241824083678722
4273,1.2115384615384615,96.96969696969697,60.0,0.09123732190718294
4274,1.8048780487804879,100.0,0.0,0.6900666586707636
4276,1.5595238095238095,79.59183673469387,97.70329614269008,0.5129230778932499
4277,1.7380952380952381,57.142857142857146,58.44108851637681,0.6684275055802085
4278,2.2976190476190474,38.321995464852606,22.757498694742413,0.7064822196803853
4279,1.0,100.0,0.0,0.6900666586707636
4280,3.238095238095238,33.10657596371882,41.3366811933436,1.442433896922207
4281,2.130952380952381,34.240362811791385,32.59811164798485,1.0175214946357056
4282,1.0357142857142858,99.53379953379954,0.0,0.02079224936746836
4283,1.880952380952381,52.60770975056689,18.284271247461902,0.4600148378867477
4284,1.0,100.0,0.0,0.6900666586707636
4285,1.0,100.0,0.0,0.6900666586707636
4287,2.011904761904762,54.394299287410924,10.038167938931299,0.7388853931902246
4288,1.9166666666666667,71.88208616780045,18.284271247461902,0.8011983047048082
4289,2.9404761904761907,24.263038548752835,10.0,1.0205607706909516
4290,1.7261904761904763,92.7437641723356,18.68631456648303,0.24649805496493607
4292,1.0,100.0,0.0,0.6900666586707636
4293,1.0833333333333333,99.09297052154194,246.12496949731394,0.03945184585421838
4296,2.0476190476190474,60.090702947845806,20.905923344947734,1.1238314260532325
4297,1.9404761904761905,53.990610328638496,135.26349851346063,1.0633617391353298
4298,2.892857142857143,33.10657596371882,14.8989898989899,1.5824698784260998
4299,1.9102564102564104,74.30939226519337,0.0,0.726635430550144
4300,3.4875,19.083969465648856,31.668657791954438,0.5859739511163694
4301,2.869047619047619,31.972789115646258,29.422138912071258,1.3411876095563058
4302,2.0238095238095237,32.6530612244898,70.62257748298549,1.4258554165037753
4303,1.9285714285714286,43.53741496598639,39.97583449289561,0.7430407807332823
4304,2.011904761904762,54.42176870748299,12.360679774997898,0.8402827831225109
4305,2.0526315789473686,60.451977401129945,20.0,1.0630426389574563
4306,2.4146341463414633,40.09546539379475,13.412470240759058,0.6726555463709339
4307,2.1547619047619047,87.07482993197279,20.0,0.40968301350572256
4308,1.4880952380952381,52.38095238095238,70.0,0.6568316748235766
4309,1.8928571428571428,54.42176870748299,30.0,0.9324776087935296
4310,1.0476190476190477,99.31972789115646,0.0,0.03021296566677581
4311,2.2142857142857144,43.31065759637188,13.463457461222793,0.7731521022726291
4312,1.0,100.0,0.0,0.6900666586707636
4313,1.8214285714285714,55.78231292517007,66.15773105863907,0.9786039440566467
4314,1.869047619047619,58.73015873015873,18.95346881172206,0.6900666586707636
4315,3.0714285714285716,36.281179138321995,16.16236229876811,0.7128737900097513
4316,1.631578947368421,47.10982658959538,0.0,0.9588335260121668
4317,1.3095238095238095,90.24943310657596,0.0,0.29531746820340926
4319,1.2380952380952381,87.98185941043084,0.0,0.355382896246011
4320,2.3333333333333335,32.87981859410431,39.284302604243685,1.0723718295931381
4321,1.9761904761904763,67.20554272517322,0.0,0.9645700962563448
4322,2.0238095238095237,42.857142857142854,29.78497942565613,0.6492681009659279
4323,2.0357142857142856,42.63038548752834,13.052881984998939,0.5616802634097218
4324,3.4285714285714284,50.11337868480726,26.630262638891107,1.0318752413120496
4325,2.2857142857142856,85.4875283446712,10.0,0.37677016125643675
4326,1.7777777777777777,54.40251572327044,0.0,0.9788442133264482
4328,1.0,100.0,0.0,0.6900666586707636
4329,2.8214285714285716,35.374149659863946,37.95208163068007,0.9862207418649886
4330,2.642857142857143,43.99092970521542,17.201017811704833,0.8780255442585865
4331,2.107142857142857,32.426303854875286,43.85164807134504,1.0827217326713054
4332,1.0,100.0,0.0,0.6900666586707636
4333,1.5238095238095237,81.40589569160997,0.0,0.583772405274838
4336,2.011904761904762,61.45124716553288,21.26949270036029,0.6971928218763666
4337,1.25,95.23809523809524,0.0,0.15603279458857647
4339,1.6857142857142857,92.35880398671097,96.3014581273465,0.22404007357826683
4340,2.7261904761904763,63.4032634032634,16.58823529411765,1.0104582495888408
4341,1.2857142857142858,69.16099773242631,0.0,0.6138600648777941
4342,1.8452380952380953,35.82766439909297,0.0,1.2862813651381981
4343,1.7619047619047619,54.87528344671202,18.456618301053474,1.010642454265013
4345,1.7023809523809523,74.82993197278911,132.1401108724881,0.7103417870196267
4348,1.8214285714285714,87.27272727272727,120.0,0.4615728476629648
4349,1.6785714285714286,55.99078341013825,34.270270339076504,0.40558060031965937
4350,1.5,73.46938775510205,0.0,0.6856800722700023
4351,2.0714285714285716,50.11337868480726,38.071531150862306,0.5117400734174093
4352,1.0,100.0,0.0,0.6900666586707636
4353,1.7976190476190477,65.53287981859411,40.0,0.8753808471741256
4355,1.2380952380952381,100.0,0.0,0.6900666586707636
4356,2.1666666666666665,39.11007025761124,34.94204279711802,0.9885546678543867
4357,1.630952380952381,71.52777777777777,0.0,0.5852330740037138
4358,3.142857142857143,26.42369020501139,10.0,0.8507713015236325
4359,3.75,32.426303854875286,23.45565749235474,0.8470642895011837
4361,1.8717948717948718,62.53298153034301,12.360679774997898,0.5013078303357686
4362,1.7142857142857142,52.83446712018141,45.29463704591102,0.6910794284363059
4363,1.4375,91.75,0.0,0.2508947279731096
4364,2.182926829268293,47.688564476885645,54.74580255644979,1.163815223426303
4365,1.5476190476190477,85.4875283446712,0.0,0.522641009681075
4366,2.0357142857142856,59.863945578231295,53.024235078268184,0.6910050125416748
4367,2.0952380952380953,46.25850340136054,70.0,0.8396136649441386
4368,1.369047619047619,62.131519274376416,0.0,0.6618665453311015
4369,1.7142857142857142,32.6530612244898,39.473684210526315,0.6243313065714509
4371,1.3095238095238095,85.48387096774194,0.0,0.396882535390816
4372,1.880952380952381,47.16553287981859,21.622776601683796,0.983586249413873
4373,1.9047619047619047,46.03174603174603,18.560365529479526,0.6509902452248282
4374,2.1904761904761907,39.45578231292517,20.0,1.2563314026146397
4375,1.0,100.0,0.0,0.6900666586707636
4376,1.0,100.0,0.0,0.6900666586707636
4379,2.5476190476190474,76.19047619047619,18.009715999329,0.430880930784583
4380,1.8,52.77777777777778,0.0,0.9552854411629583
4381,2.142857142857143,42.17687074829932,12.3606797749979,0.4773654637463931
4383,3.5357142857142856,29.478458049886623,15.918189230621081,1.245856174197999
4384,2.548780487804878,52.23880597014925,44.56935452216079,1.2978912590225438
4385,2.573170731707317,38.70192307692308,52.5893716684716,0.9041973188410592
4386,2.988095238095238,68.48072562358277,11.856908928585764,0.6226891145804186
4387,2.261904761904762,32.19954648526077,23.80658270124486,1.0872236990565447
4388,3.738095238095238,59.63718820861678,11.753521912992728,0.9307070576106088
4391,2.1341463414634148,58.85286783042394,0.0,1.1086824287924697
4394,1.9880952380952381,42.924528301886795,35.986488252889366,0.6848358475806082
4395,2.7261904761904763,25.170068027210885,36.20234634458793,1.3810585284242571
4397,2.2125,44.87179487179487,13.645833333333334,0.43567202550763073
4398,1.9880952380952381,40.36281179138322,30.0,1.0762202564694232
4399,2.3214285714285716,39.909297052154194,20.40315712388686,0.6751240995653267
4401,3.5952380952380953,70.29478458049887,17.051557043210206,0.8378974824147839
4402,1.5476190476190477,68.93424036281179,40.0,0.5460893167820342
4403,1.0,100.0,0.0,0.6900666586707636
4404,1.0,100.0,0.0,0.6900666586707636
4405,2.1904761904761907,44.21768707482993,20.0,1.0257948918961648
4408,1.6666666666666667,65.3061224489796,40.0,0.5004024235381879
4409,1.0,100.0,0.0,0.6900666586707636
4411,1.4523809523809523,79.36507936507937,0.0,0.595580132573482
4413,1.0,100.0,0.0,0.6900666586707636
4415,2.025,58.08080808080808,26.055512754639892,0.9306678579271406
4416,1.6666666666666667,48.52607709750567,0.0,0.9882230534392695
4417,1.8928571428571428,52.60770975056689,15.099646370926298,0.7823712902180109
4418,1.4285714285714286,53.51473922902494,0.0,0.6900572620202878
4420,2.65,38.082901554404145,73.03282920165833,1.2432341538061167
4422,1.6904761904761905,47.39229024943311,47.12018140589569,0.6046901376221541
4423,2.236842105263158,52.16138328530259,26.055512754639892,0.74551735438193
4425,1.9642857142857142,48.97959183673469,14.13623199237043,0.4701275086077958
4428,1.8928571428571428,45.12471655328798,16.988505747126435,0.6675228018111032
4429,2.25,39.002267573696145,0.0,1.2585920763695877
4430,1.8214285714285714,43.08390022675737,33.59156773120275,1.020698065812339
4431,1.9047619047619047,38.321995464852606,31.801470588235293,0.6694877720803352
4432,2.5238095238095237,44.67120181405895,11.995464852607709,0.4349015678890801
4433,1.5595238095238095,92.7400468384075,23.43604185169594,0.18974012474652024
4434,1.2439024390243902,97.12230215827338,0.0,0.09474027188614749
4435,1.6904761904761905,56.03644646924829,0.0,0.9166012677524373
4437,1.9047619047619047,34.69387755102041,23.683076915852187,0.9159049463996858
4438,2.5238095238095237,48.29931972789116,13.652082686618941,0.937091730338957
4439,3.15625,38.8,59.57424954958569,1.0560438140494357
4440,1.2738095238095237,92.51700680272108,0.0,0.28999634025374654
4442,1.0,100.0,0.0,0.6900666586707636
4443,1.9523809523809523,37.414965986394556,42.028985507246375,0.8505166155413223
4444,1.4523809523809523,79.59183673469387,0.0,0.5133250699575179
4445,2.4404761904761907,31.972789115646258,33.43058529719324,1.0780347701300061
4446,2.1785714285714284,34.92063492063492,52.585065726896026,0.9887277779990079
4447,2.880952380952381,43.53741496598639,26.01430823488693,0.8937126481684344
4448,2.0357142857142856,49.65986394557823,10.699088145896656,0.6451199237204246
4449,1.9285714285714286,43.99092970521542,192.48456731316588,1.1650635437962966
4450,2.073529411764706,44.791666666666664,62.801098892805186,1.0947467951961536
4451,1.8452380952380953,60.317460317460316,20.176833147747697,0.5536731846361649
4452,2.1785714285714284,48.29931972789116,30.0,1.2095385448304454
4453,1.4047619047619047,87.52834467120181,20.0,0.3430165183285131
4454,2.011904761904762,49.88662131519274,74.85281374238569,1.0288229847825363
4455,2.9166666666666665,49.88662131519274,29.65973158859693,1.1054920937439152
4456,2.0,44.44444444444444,37.04379502406166,0.9675572207849722
4457,2.9404761904761907,54.87528344671202,18.718861532937016,0.8478662304788938
4458,1.9268292682926829,35.02415458937198,0.0,1.2421177032310842
4459,1.5595238095238095,74.60317460317461,0.0,0.7190479274508962
4460,1.55,82.6086956521739,0.0,0.45056120886630463
4462,1.869047619047619,55.10204081632653,26.257560999444625,0.5590417817037393
4463,2.097560975609756,70.27027027027027,45.745332067378506,0.5217984709676377
4464,2.130952380952381,70.06802721088435,20.539940777796872,0.5265039395530308
4465,1.0,100.0,0.0,0.6900666586707636
4466,2.0476190476190474,50.79365079365079,18.284271247461906,0.4834492229474761
4468,2.2023809523809526,40.90909090909091,14.787290232791625,0.6091712075921301
4469,1.6904761904761905,74.14965986394557,108.31708888131884,0.6640859379190914
4471,2.325,37.789203084832906,41.111219595005906,0.9071376918453189
4472,2.024390243902439,57.84313725490196,12.360679774997898,0.9735725334518902
4473,1.0,100.0,0.0,0.6900666586707636
4474,1.0,100.0,0.0,0.6900666586707636
4475,2.011904761904762,62.35565819861432,15.256227608093356,0.5828206174139366
4476,2.5,73.74701670644392,14.593505119934873,0.5832185179289526
4478,1.0,100.0,0.0,0.6900666586707636
4479,1.4880952380952381,60.317460317460316,40.0,0.7949069018577908
4480,2.761904761904762,83.6734693877551,44.160025774840996,0.6117267376016395
4481,1.869047619047619,58.73015873015873,18.95346881172206,0.6900666586707636
4482,1.8414634146341464,77.03703703703704,10.0,0.6255071656365989
4484,2.5833333333333335,31.746031746031747,17.495789533865175,1.1110202692251396
4485,2.4166666666666665,27.664399092970523,30.092185289036287,0.9493048556218424
4486,1.630952380952381,73.24263038548753,0.0,0.7039830497156401
4487,1.0,100.0,0.0,0.6900666586707636
4488,1.7261904761904763,65.01182033096927,0.0,0.8874061503452562
4489,2.6142857142857143,46.20462046204621,30.442626968512936,1.1358561629549553
4490,2.261904761904762,43.764172335600904,12.473726439065368,0.5904626824874502
4492,1.6904761904761905,60.770975056689345,12.3606797749979,0.39043998352785825
4493,1.6904761904761905,53.74149659863946,20.0,0.42681695528136204
4494,2.608108108108108,40.0,37.54637882189401,0.8386189167882288
4495,1.935483870967742,45.833333333333336,0.0,1.0571598062893652
4496,2.380952380952381,87.07482993197279,10.0,0.39267446722755217
4497,1.0,100.0,0.0,0.6900666586707636
4498,1.0,100.0,0.0,0.6900666586707636
4500,1.8095238095238095,43.08390022675737,34.721359549995796,0.5893192746206767
4501,1.0,100.0,0.0,0.6900666586707636
4502,2.2205882352941178,40.64748201438849,0.0,1.1627851780068292
4503,1.2857142857142858,88.20861678004535,0.0,0.34551858634519184
4504,1.9761904761904763,43.262411347517734,25.485674458996222,0.5310998033275348
4505,2.025,56.44329896907217,26.167017694438055,0.7167150003678144
4506,1.3571428571428572,82.08616780045351,0.0,0.5234037398134925
4508,1.9,57.36434108527132,0.0,0.8858020641840374
4510,1.25,90.47619047619048,0.0,0.2910972010008829
4511,1.3625,93.0,0.0,0.21971880460289123
4513,1.7619047619047619,64.62585034013605,18.284271247461906,0.7480617380129098
4514,1.6547619047619047,70.06802721088435,18.284271247461902,0.3566000135610585
4515,1.9444444444444444,42.532467532467535,0.0,1.0843895399499628
4516,2.1785714285714284,53.51473922902494,40.0,0.7422159685187804
4517,2.261904761904762,30.4147465437788,0.0,1.4857553919905095
4520,2.380952380952381,68.93424036281179,12.947845804988662,0.4079774708103113
4522,1.869047619047619,58.73015873015873,18.95346881172206,0.6900666586707636
4523,1.8333333333333333,40.09216589861751,31.231056256176604,1.0865727033968735
4526,1.0,100.0,0.0,0.6900666586707636
4527,2.392857142857143,84.12698412698413,14.960365230786842,0.3709379907515273
4528,2.4523809523809526,32.19954648526077,27.624913531371273,0.5180288592332405
4530,2.5714285714285716,35.600907029478456,21.588528606773835,1.1419455520820259
4531,2.2142857142857144,48.96073903002309,0.0,1.3537332282694583
4533,1.2023809523809523,91.83673469387755,0.0,0.26787733589126167
4534,1.130952380952381,98.58490566037736,170.0,0.04705007798509601
4535,1.625,84.25925925925925,28.91639720724688,0.38863904663743387
4538,1.0,100.0,0.0,0.6900666586707636
4539,1.9722222222222223,50.63291139240506,46.568542494923804,0.633285261128768
4541,1.4761904761904763,80.99762470308788,46.648232278140824,0.47197553128228675
4542,1.0,100.0,0.0,0.6900666586707636
4543,1.3214285714285714,70.06802721088435,0.0,0.6041645510208468
4545,1.8571428571428572,78.00453514739229,15.391780147790621,0.5875550630833073
4546,2.2976190476190474,37.868480725623584,22.0241919074415,0.7198286860173488
4547,1.630952380952381,67.57369614512471,31.231056256176608,0.48948617787537874
4548,2.4878048780487805,24.63768115942029,17.838983050847457,1.266359745063442
4549,2.6785714285714284,33.333333333333336,11.910503631858765,1.1164644728305677
4551,1.9285714285714286,48.75283446712018,20.0,0.9900653007692555
4552,1.3571428571428572,88.88888888888889,10.0,0.19144408195771734
4553,1.880952380952381,51.24716553287982,21.622776601683796,1.0131351062636467
4554,1.869047619047619,75.05668934240363,75.49536669229948,0.783642498566656
4555,2.0657894736842106,37.31778425655977,0.0,1.2609831011105483
4556,2.1785714285714284,60.84656084656085,0.0,0.6663923689012935
4558,1.630952380952381,81.40589569160997,28.571428571428573,0.3893181132722048
4559,1.368421052631579,92.11267605633803,0.0,0.25122423416987344
4561,1.8214285714285714,77.77777777777777,10.0,0.7688298317603653
4562,1.6428571428571428,56.235827664399096,0.0,0.9860239435682949
4563,1.0,100.0,0.0,0.6900666586707636
4564,1.7714285714285714,78.33333333333333,0.0,0.5540375432637616
4565,1.880952380952381,68.93424036281179,12.360679774997898,0.5215441908456276
4566,1.869047619047619,68.72146118721462,10.0,0.41638786967983743
4568,1.7317073170731707,49.75728155339806,26.055512754639892,0.5909102028957871
4569,1.9047619047619047,66.19718309859155,40.0,0.5563702832622883
4570,1.0,100.0,0.0,0.6900666586707636
4573,1.5238095238095237,79.81859410430839,18.284271247461902,0.29531746820340926
4574,1.7142857142857142,43.53741496598639,0.0,1.0635058597460612
4575,1.0,100.0,0.0,0.6900666586707636
4576,1.2976190476190477,65.98639455782313,0.0,0.6385572059450466
4577,2.1785714285714284,43.31065759637188,40.0,1.230383666105821
4578,1.8214285714285714,91.15646258503402,0.0,0.3050097342771294
4579,1.4,100.0,0.0,0.6900666586707636
4580,2.25,46.48526077097506,13.010489677157443,0.9018524464827062
4581,1.880952380952381,63.492063492063494,18.284271247461902,0.49447196554548245
4582,1.0,100.0,0.0,0.6900666586707636
4583,3.738095238095238,37.188208616780045,17.324847274072827,0.7002085876343555
4584,1.7682926829268293,41.119221411192214,20.0,0.8473632771667301
4585,1.6428571428571428,65.75963718820861,0.0,0.8720262034364998
4587,2.142857142857143,29.25170068027211,20.902319748350042,1.2171699310832482
4588,2.357142857142857,50.79365079365079,15.539333610243181,0.6769943065885436
4589,1.0,100.0,0.0,0.6900666586707636
4591,2.1951219512195124,44.523809523809526,10.0,0.35091122887992043
4592,2.625,49.37027707808564,48.32126119861378,1.2082742320082585
4593,3.026315789473684,37.35632183908046,17.09458292269822,0.45622342016761397
4594,1.5714285714285714,71.88208616780045,30.0,0.6209959499094511
4595,1.75,75.28344671201815,14.84249799701233,0.38252134027027596
4597,1.2,100.0,0.0,0.6900666586707636
4598,2.3536585365853657,57.48792270531401,18.43039242507309,1.044464083468778
4599,1.0,100.0,0.0,0.6900666586707636
4600,1.5238095238095237,62.131519274376416,0.0,0.8673134612873259
4601,1.5952380952380953,81.40589569160997,43.67899689176666,0.5331930672745273
4602,2.6707317073170733,30.48780487804878,23.117029044755267,1.1048371646184107
4603,2.2857142857142856,46.25850340136054,34.289693593314766,1.2015861341038514
4604,1.5357142857142858,65.44622425629291,0.0,0.8135962037104427
4605,2.0238095238095237,31.292517006802722,31.393288196784244,1.095901648403839
4607,1.9047619047619047,46.25850340136054,31.231056256176608,1.1645992378679009
4608,2.08974358974359,43.61702127659574,29.178405381290688,1.038761564668031
4609,1.5119047619047619,75.73696145124717,0.0,0.6798764544029243
4610,1.8452380952380953,80.27210884353741,28.94623957562109,0.5229638925507667
4611,1.6785714285714286,49.43310657596372,0.0,1.0216774018843275
4612,1.8095238095238095,37.641723356009074,41.56572442067671,0.9527061931988667
4613,2.488095238095238,28.798185941043084,29.49068808549151,1.030032115498033
4614,2.4166666666666665,32.87981859410431,10.0,0.5681443969126467
4615,1.6071428571428572,72.78911564625851,0.0,0.7641560765071704
4616,1.9642857142857142,67.12018140589569,49.43203151763249,0.7817329652493888
4617,3.0238095238095237,59.183673469387756,16.319612590799032,0.7567373651902871
4618,1.0,100.0,0.0,0.6900666586707636
4619,2.0,47.16494845360825,66.15773105863909,1.018562092390816
4620,1.880952380952381,54.19501133786848,32.426406871192846,1.146165316159442
4622,1.0,100.0,0.0,0.6900666586707636
4623,2.0714285714285716,45.93967517401392,31.365852350929597,0.6905116113858556
4624,1.9523809523809523,74.29906542056075,0.0,0.7165781726626552
4625,2.3452380952380953,52.83446712018141,36.890368304211776,0.7308161073913164
4626,2.261904761904762,50.79365079365079,38.24817518248175,0.8734097057763184
4627,2.548780487804878,45.024875621890544,13.494156443705537,0.6479807795250129
4629,1.5238095238095237,83.21995464852608,27.661251290399047,0.39930469596662954
4630,2.9285714285714284,51.70068027210884,24.755372568989234,0.7613749294880996
4631,1.619047619047619,44.67120181405895,0.0,1.0073163116924073
4632,1.130952380952381,96.3718820861678,0.0,0.1400813599784731
4633,2.2564102564102564,35.57951482479784,30.0,1.271625091791565
4634,1.2857142857142858,87.98185941043084,0.0,0.3480061226022792
4635,2.953125,51.00401606425703,49.09222810990265,0.5772859734574427
4637,2.261904761904762,33.560090702947846,30.255371409051488,0.8079082194876782
4638,2.2261904761904763,60.770975056689345,12.293671724092764,0.5045007214245907
4639,1.0,100.0,0.0,0.6900666586707636
4641,1.8928571428571428,68.25396825396825,12.360679774997898,0.46280223702904744
4643,2.6666666666666665,63.6604774535809,25.897127695744143,0.9850324882354519
4644,2.207317073170732,61.029411764705884,53.80454929906187,0.8120364631990076
4645,1.880952380952381,48.75283446712018,171.10770276274837,1.1537281685069485
4646,1.0,100.0,0.0,0.6900666586707636
4647,1.5609756097560976,70.8641975308642,0.0,0.7896907659277337
4648,2.2023809523809526,37.868480725623584,16.204379562043794,0.6630646759129466
4649,1.3529411764705883,100.0,0.0,0.6900666586707636
4651,1.9404761904761905,36.507936507936506,31.231056256176608,1.0798117979627204
4652,1.1071428571428572,97.27891156462584,0.0,0.11029778985093835
4653,3.3846153846153846,31.842105263157894,10.229638110408356,0.6606667397633631
4654,2.380952380952381,25.85034013605442,26.32610172276477,0.867762548136439
4655,1.9166666666666667,51.02040816326531,20.812824454275038,0.5509426654817893
4656,2.157142857142857,62.04620462046205,230.4163056034261,0.8354757214634775
4657,1.5119047619047619,67.44186046511628,20.0,0.3349093447373162
4658,2.057142857142857,54.054054054054056,0.0,0.9874546829191286
4659,2.0,37.868480725623584,70.0,1.2958768122694164
4661,2.2804878048780486,45.34313725490196,11.797101449275363,0.5060196225748235
4662,2.392857142857143,38.99082568807339,18.284271247461902,0.5727767880160989
4663,1.9285714285714286,87.75510204081633,118.06248474865697,0.3673991111448733
4665,1.8076923076923077,55.46448087431694,22.02169200160362,0.6265412962319621
4666,1.8928571428571428,47.84580498866213,20.0,0.48605029835146485
4667,1.0,100.0,0.0,0.6900666586707636
4670,3.0,49.20634920634921,17.20153250228498,0.7816757145692446
4671,1.0,100.0,0.0,0.6900666586707636
4673,1.9880952380952381,27.891156462585034,21.622776601683796,1.0467951565950808
4674,2.3333333333333335,68.70748299319727,21.836734693877553,0.39267446722755217
4675,1.391304347826087,100.0,0.0,0.6900666586707636
4676,2.761904761904762,51.92743764172336,45.819468213819505,1.0203545794092745
4679,2.392857142857143,44.67120181405895,24.298934246657137,1.1672041337493968
4680,1.9411764705882353,85.26315789473684,92.2255049341006,0.3536918750141415
4681,1.2738095238095237,75.28344671201815,0.0,0.5523117982255072
4682,1.7857142857142858,71.65532879818593,54.737658912236945,0.7946803903048403
4683,1.4523809523809523,79.36507936507937,24.807803447554377,0.4937297328275828
4684,2.3095238095238093,37.868480725623584,57.14120849125348,1.4261748553370421
4685,2.1857142857142855,42.857142857142854,21.622776601683796,1.0241427787458777
4686,1.0,100.0,0.0,0.6900666586707636
4688,1.0,100.0,0.0,0.6900666586707636
4689,3.158536585365854,41.9277108433735,19.77949743913747,0.4392706250387193
4690,1.1428571428571428,96.82539682539682,18.284271247461902,0.12123959979577595
4691,1.9404761904761905,52.38095238095238,18.284271247461902,0.45720511144594705
4692,1.5595238095238095,52.15419501133787,117.27922061357856,0.691836375296651
4693,1.0,100.0,0.0,0.6900666586707636
4694,2.4,33.41772151898734,18.284271247461902,0.592377622395905
4695,1.1785714285714286,93.19727891156462,0.0,0.2337916587064593
4696,1.9880952380952381,51.70068027210884,60.710678118654755,0.8182538540808026
4697,1.7261904761904763,83.06264501160094,41.34570765661253,0.36537994359507925
4698,2.1724137931034484,56.21890547263681,31.23105625617661,0.6188880785891757
4699,1.1547619047619047,99.04988123515439,0.0,0.04125959276804858
4701,1.25,95.23809523809524,0.0,0.15603279458857647
4702,2.2261904761904763,59.183673469387756,13.239864209575886,0.5565732245928983
4703,2.392857142857143,46.25850340136054,15.147695434169064,0.39600322529260257
4705,1.8214285714285714,41.14942528735632,10.0,1.1629362125541172
4707,1.3452380952380953,93.19727891156462,20.0,0.2341180189735772
4708,1.619047619047619,62.358276643990926,10.0,0.8565464122124131
4710,1.8452380952380953,75.73696145124717,15.476768516154676,0.41118139669363196
4711,1.4736842105263157,93.12320916905445,0.0,0.2232872248209114
4712,1.55,83.11688311688312,0.0,0.4184991693425688
4713,2.1547619047619047,53.96825396825397,26.283436657409247,0.6982011370693282
4714,1.3928571428571428,71.20181405895691,74.85281374238569,0.5955207859355279
4715,1.869047619047619,58.73015873015873,18.95346881172206,0.6900666586707636
4716,1.0,100.0,0.0,0.6900666586707636
4717,1.9880952380952381,53.74149659863946,12.360679774997898,0.8816319029840154
4718,1.1219512195121952,100.0,0.0,0.6900666586707636
4719,1.8452380952380953,33.7962962962963,48.93518518518518,0.605515325333008
4720,1.9880952380952381,46.48526077097506,12.244897959183673,0.3315735502673972
4722,2.369047619047619,37.414965986394556,13.762886597938145,1.1080036759162042
4723,1.2976190476190477,86.16780045351474,0.0,0.3847994983433037
4724,1.7142857142857142,54.42176870748299,17.55769652681631,0.35589557524133003
4725,3.3214285714285716,40.136054421768705,10.706598027890529,0.596625532831068
4726,2.607142857142857,59.41043083900227,18.043845915595032,0.9947967149397983
4727,1.619047619047619,59.63718820861678,12.360679774997896,0.3302831859375967
4728,2.0357142857142856,49.88662131519274,63.468403108712344,1.086390048989477
4729,1.0,100.0,0.0,0.6900666586707636
4730,2.7037037037037037,48.9010989010989,35.11239637301921,1.0904667731689508
4732,1.7976190476190477,54.87528344671202,10.0,0.3158302038226156
4733,3.5833333333333335,31.065759637188208,15.05833875907879,0.7582728010555855
4735,2.630952380952381,55.55555555555556,10.054687562355165,0.9989831733831531
4736,2.2142857142857144,74.14965986394557,10.0,0.3721109843002241
4737,2.5714285714285716,48.0,27.17892858353418,1.2903114456498321
4739,3.2857142857142856,43.99092970521542,29.65986394557823,0.9388213568849799
4740,1.25,57.142857142857146,0.0,0.6823878740213982
4741,2.25,51.03448275862069,22.600703876528765,1.0121803178486213
4742,1.8452380952380953,68.19221967963387,28.019053235959202,0.3935045203153637
4743,1.5476190476190477,43.53741496598639,60.0,0.6436838052805155
4744,1.3095238095238095,91.38321995464852,0.0,0.2896813837185812
4746,1.4761904761904763,86.16780045351474,31.08843537414966,0.3602305211946065
4747,1.9166666666666667,48.97959183673469,30.0,0.9185748379921288
4748,3.357142857142857,58.50340136054422,12.35827664399093,0.9617597820675245
4750,2.9166666666666665,27.210884353741495,10.0,0.8133292266886911
4751,2.4047619047619047,38.321995464852606,11.170076062390264,0.6333794721343833
4753,2.2976190476190474,37.868480725623584,14.197080291970803,0.8941466227041366
4754,2.5714285714285716,35.600907029478456,17.556378665359876,0.896364099517948
4755,1.619047619047619,47.61904761904762,0.0,1.0085277751664428
4756,1.880952380952381,53.28798185941043,20.644591017550344,0.5180288592332405
4757,3.3095238095238093,43.764172335600904,17.3662699964727,0.939934422419573
4758,2.642857142857143,80.72562358276645,88.99494936611666,0.5852035028190797
4759,1.8214285714285714,36.986301369863014,40.99019513592785,0.627069331713155
4760,1.6904761904761905,51.02040816326531,18.284271247461902,0.7595615275970415
4761,1.9047619047619047,41.950113378684804,18.284271247461902,0.5036854613653327
4762,1.5972222222222223,78.54889589905363,0.0,0.5157730335003536
4763,2.141025641025641,59.36675461741425,32.738253792008194,0.8866606893194988
4765,1.4047619047619047,58.049886621315196,0.0,0.679982734852995
4766,2.8333333333333335,40.123456790123456,82.32104439917764,0.9437009488732573
4767,1.0,100.0,0.0,0.6900666586707636
4769,1.4166666666666667,86.84807256235828,31.253773727015528,0.43929361944324974
4770,1.8452380952380953,50.56689342403628,50.90909090909091,0.8409615827328552
4771,1.25,82.99319727891157,0.0,0.45151793332600054
4772,1.6956521739130435,86.06557377049181,62.111025509279784,0.6900666586707636
4773,2.4047619047619047,60.770975056689345,33.18148731124727,0.953061955603645
4774,1.8928571428571428,54.42176870748299,20.979228486646885,0.606869785524208
4775,2.6527777777777777,40.90909090909091,0.0,1.0842971683122158
4777,1.838235294117647,78.87323943661971,0.0,0.47533893611556777
4778,1.5238095238095237,80.72562358276645,47.194244604316545,0.5728906686483292
4779,2.011904761904762,45.35147392290249,18.284271247461902,0.768431279622985
4780,1.9404761904761905,56.46258503401361,18.284271247461902,1.0200330945716187
4781,1.6973684210526316,83.4733893557423,0.0,0.5136876766733662
4783,1.6829268292682926,70.46004842615012,10.0,0.6900666586707636
4784,1.2857142857142858,96.14512471655328,0.0,0.15797935940955057
4785,1.9880952380952381,57.534246575342465,12.81717420765263,0.704798214634063
4786,1.2142857142857142,91.60997732426304,0.0,0.27232567720395406
4787,1.0,100.0,0.0,0.6900666586707636
4788,1.4166666666666667,94.33106575963718,57.54891303299471,0.1932233650461378
4789,1.0952380952380953,98.1859410430839,0.0,0.07487597323206041
4790,1.0,100.0,0.0,0.6900666586707636
4792,2.0476190476190474,56.91609977324263,47.81620543458566,0.5502551860431701
4793,1.5833333333333333,49.43310657596372,0.0,0.8941510019598655
4795,3.2738095238095237,61.224489795918366,10.0,0.7252043069687556
4796,2.642857142857143,24.94331065759637,17.663143043479444,1.1729298705115245
4797,2.119047619047619,60.470588235294116,21.622776601683793,0.6850334028705812
4798,3.0357142857142856,46.89655172413793,28.75876554441135,0.6648853031082242
4799,2.525,31.25,46.35557636287517,0.9773921745014029
4800,1.7738095238095237,42.857142857142854,68.10249675906655,0.7476054724209747
4801,1.380952380952381,69.16099773242631,0.0,0.6118696181621746
4802,3.0952380952380953,56.46258503401361,13.09861928890416,0.5993569415487854
4803,2.130952380952381,51.92743764172336,27.852115163672142,0.8228511136112575
4804,2.392857142857143,75.96371882086167,19.841269841269842,0.4069036814688988
4805,1.0,100.0,0.0,0.6900666586707636
4806,1.0476190476190477,99.31972789115646,0.0,0.03021296566677581
4807,2.357142857142857,35.374149659863946,23.547486033519554,1.085593990206991
4808,1.4166666666666667,57.82312925170068,0.0,0.6894893869243577
4809,1.8333333333333333,64.85260770975057,40.89746271847504,0.7368376522390463
4810,1.630952380952381,38.12785388127854,0.0,1.0941804680421392
4812,1.8095238095238095,35.147392290249435,27.142857142857142,0.6187191250308035
4813,2.9166666666666665,39.682539682539684,19.423223100210596,0.9287433472767325
4814,1.2023809523809523,92.7437641723356,0.0,0.243356304311711
4815,1.130952380952381,96.14512471655328,0.0,0.1481436221932862
4816,2.0357142857142856,31.292517006802722,22.50601031391988,0.6381886202418574
4817,2.5609756097560976,39.46731234866828,37.184354297418786,1.1647214806948398
4818,1.9268292682926829,97.07317073170732,0.0,0.11874576016886912
4819,1.4736842105263157,100.0,0.0,0.6900666586707636
4820,1.5454545454545454,100.0,0.0,0.6900666586707636
4821,2.1785714285714284,50.56689342403628,127.10545997728627,1.3408954174359355
4822,2.107142857142857,30.385487528344672,26.0989010989011,1.0154874914982988
4825,1.7738095238095237,73.92290249433107,0.0,0.7086376045897969
4826,1.869047619047619,58.73015873015873,18.95346881172206,0.6900666586707636
4828,2.2261904761904763,54.19501133786848,41.36147303826107,0.9229677409106457
4830,2.119047619047619,39.682539682539684,37.66467487038388,0.563639241089708
4831,3.0833333333333335,42.40362811791383,14.50496628086722,0.9106989504814325
4832,1.4761904761904763,76.51162790697674,18.284271247461902,0.2892720585200963
4834,1.4642857142857142,74.82993197278911,190.9975124224178,0.6301635510692016
4835,1.2432432432432432,96.35258358662614,0.0,0.14850207291164338
4837,1.0,100.0,0.0,0.6900666586707636
4842,1.5357142857142858,53.96825396825397,10.0,0.2527141480996228
4843,2.7738095238095237,26.75736961451247,10.0,0.5629881361817596
4844,1.0769230769230769,100.0,0.0,0.6900666586707636
4845,3.107142857142857,56.46258503401361,17.062021819872434,0.5141143571257015
4846,3.392857142857143,46.93877551020408,64.7011712616704,0.6862107122427636
4847,1.4166666666666667,63.51039260969977,0.0,0.7015070172749279
4848,1.0357142857142858,99.54648526077098,0.0,0.02028458805428382
4849,1.7261904761904763,45.57823129251701,54.031242374328485,0.6440671324887124
4850,2.25,35.82766439909297,23.980200100586647,1.2557590186931116
4851,2.4523809523809526,41.21779859484778,24.68494530901837,0.9538511250383166
4852,1.56,100.0,0.0,0.6900666586707636
4854,1.8095238095238095,64.39909297052154,21.33537437856848,0.3721109843002241
4855,1.5119047619047619,57.36961451247166,84.33981132056604,0.6746649773336792
4856,1.8452380952380953,59.863945578231295,22.798527254079055,0.9253578973443373
4857,1.4761904761904763,83.6734693877551,12.360679774997898,0.49529837347144967
4858,1.630952380952381,48.07256235827664,40.0,0.6927042296667221
4859,1.7380952380952381,48.29931972789116,0.0,1.0758705626537541
4860,2.129032258064516,75.42372881355932,0.0,0.6172350583284307
4861,2.6547619047619047,37.868480725623584,28.758878539631052,1.0830229780989693
4863,2.857142857142857,43.08390022675737,15.459954186700138,0.9975041805846985
4864,1.9655172413793103,52.40384615384615,0.0,0.6917460092548056
4866,2.892857142857143,25.62358276643991,30.81944733750032,1.330811618656654
4867,2.130952380952381,66.12529002320186,25.842967292129337,0.8034449944117876
4868,1.5357142857142858,93.65079365079364,12.360679774997896,0.2401915849791156
4869,2.380952380952381,33.560090702947846,20.196284793999943,1.064041866407543
4870,1.7976190476190477,72.10884353741497,15.167576525022954,0.4896539915178135
4871,1.8571428571428572,65.07936507936508,17.496845190699315,0.5583774068097463
4872,1.5357142857142858,85.94104308390023,80.0,0.47123053015518634
4873,1.9761904761904763,57.82312925170068,51.413022160580546,0.8984107096334364
4874,1.0,100.0,0.0,0.6900666586707636
4875,1.7619047619047619,44.89795918367347,34.6570275254489,0.5557007965751773
4876,1.2857142857142858,97.27891156462584,80.0,0.11690684913753106
4878,1.2976190476190477,93.42403628117914,21.45054035476015,0.20718691764041214
4879,1.3095238095238095,87.44292237442923,0.0,0.35734492316989985
4880,1.8452380952380953,50.11337868480726,21.622776601683796,1.025683342495649
4881,1.0,100.0,0.0,0.6900666586707636
4882,1.4285714285714286,90.02267573696145,0.0,0.35516720256953666
4883,1.130952380952381,96.3718820861678,0.0,0.1400813599784731
4884,1.0238095238095237,100.0,0.0,0.6900666586707636
4885,2.2142857142857144,57.36961451247166,22.496089254024742,0.7299223742609979
4886,2.869047619047619,40.36281179138322,19.390791964678503,0.9473416505624921
4887,1.7560975609756098,63.9618138424821,28.73508353221957,0.4174432863673829
4888,1.9594594594594594,93.86503067484662,0.0,0.22740248339530023
4890,2.761904761904762,34.92063492063492,15.61340103363842,0.7227987093225987
4891,2.2023809523809526,47.84580498866213,60.40337976463349,1.0538815205237944
4892,2.4761904761904763,31.972789115646258,15.805137766847249,1.1556209944464997
4893,1.475609756097561,86.41975308641975,12.360679774997898,0.27896013867894265
4894,1.5119047619047619,40.36281179138322,0.0,1.0733081285043065
4896,1.8928571428571428,41.950113378684804,0.0,1.3069532138285906
4898,1.4047619047619047,50.11337868480726,20.0,0.6926680790990091
4899,1.9642857142857142,31.972789115646258,20.0,0.6318789236615519
4902,1.2857142857142858,83.6734693877551,0.0,0.430880930784583
4903,1.0,100.0,0.0,0.6900666586707636
4904,2.048780487804878,44.47115384615385,30.0,0.4516115928053867
4905,2.8095238095238093,45.57823129251701,25.798248281957264,0.8966902302708736
4906,1.2619047619047619,90.24943310657596,0.0,0.29531746820340926
4907,1.0,100.0,0.0,0.6900666586707636
4908,1.7261904761904763,46.71201814058957,0.0,1.0412081073323192
4911,1.25,90.47619047619048,0.0,0.2910972010008829
4912,2.2261904761904763,67.80045351473923,21.531647592802898,0.4683107728127525
4913,1.4473684210526316,94.15041782729806,54.03124237432849,0.1018655061373282
4914,2.2738095238095237,55.55555555555556,17.600139739447492,1.0449198830161754
4915,2.0,67.16417910447761,80.55385138137417,0.6712480550234203
4916,1.0,100.0,0.0,0.6900666586707636
4917,2.0,82.76643990929705,10.0,0.4541100518852872
4918,1.0,100.0,0.0,0.6900666586707636
4919,2.4166666666666665,40.58956916099773,27.912286907044795,1.075807116448251
4920,1.9268292682926829,47.34299516908212,20.0,1.0465931199733367
4921,1.8214285714285714,46.48526077097506,10.0,0.37328068450719404
4922,1.9761904761904763,51.02040816326531,21.74597106342374,0.9631456482859265
4923,2.0476190476190474,36.734693877551024,13.169934640522875,0.8504688734377844
4924,1.8571428571428572,74.37641723356009,31.941402682923187,0.46922034844159877
4925,1.619047619047619,81.859410430839,24.899846026799487,0.3602305211946065
4927,1.3214285714285714,52.60770975056689,0.0,0.7209001483143626
4928,2.3452380952380953,79.36507936507937,17.349608703212887,0.5243457379121309
4929,1.869047619047619,58.73015873015873,18.95346881172206,0.6900666586707636
4930,1.4285714285714286,53.51473922902494,0.0,0.6904207790001169
4931,1.6428571428571428,51.70068027210884,18.284271247461902,0.9193126996557176
4933,2.4523809523809526,30.385487528344672,15.199095799922404,0.8636769904602841
4934,1.0,100.0,0.0,0.6900666586707636
4935,1.6785714285714286,41.950113378684804,40.0,0.5642884623172352
4937,2.1666666666666665,42.40362811791383,50.0,1.080367080945776
4938,1.5476190476190477,71.42857142857143,40.0,0.47994861471265415
4939,2.445945945945946,55.04587155963303,89.92528929262222,1.2208907750192597
4940,1.2976190476190477,87.3015873015873,0.0,0.3662128046180504
4941,2.763157894736842,38.65546218487395,45.7072356691811,1.1861416560528952
4942,2.5609756097560976,37.83132530120482,46.555566623304244,0.94808110833454
4943,1.4047619047619047,82.76643990929705,30.0,0.410116318288409
4944,1.0,100.0,0.0,0.6900666586707636
4945,1.8928571428571428,40.58956916099773,50.0,1.0529691386970725
4946,1.8214285714285714,41.950113378684804,18.97387283610262,0.5977233090176091
4947,1.9761904761904763,44.67120181405895,26.05551275463989,0.6801618821442853
4948,1.9404761904761905,73.8425925925926,40.0,0.4762558323357452
4949,2.3452380952380953,59.863945578231295,27.478663377192465,0.636100783255881
4950,1.869047619047619,58.73015873015873,18.95346881172206,0.6900666586707636
4951,1.3793103448275863,98.5576923076923,0.0,0.04638973625692519
4952,1.0,100.0,0.0,0.6900666586707636
4954,1.0,100.0,0.0,0.6900666586707636
4956,1.4047619047619047,87.52834467120181,57.16093905584264,0.4034745747741514
4958,3.119047619047619,21.818181818181817,10.547005169267656,1.0020570501399266
4960,2.207317073170732,69.7560975609756,45.75773137020087,0.5980461073924108
4961,2.011904761904762,36.961451247165535,58.589042875321,1.0648107119149972
4962,2.0833333333333335,56.91609977324263,12.360679774997898,0.5591042314496937
4963,2.0833333333333335,51.24716553287982,27.944371609156175,0.8839877534237498
4964,2.4285714285714284,37.868480725623584,34.58565696700304,0.7949304018296044
4966,1.3658536585365855,90.29126213592232,38.9324527753286,0.2707002341336147
4967,2.5238095238095237,33.729216152019,13.254970439986996,1.1405967977186413
4968,1.4880952380952381,81.40589569160997,0.0,0.5747522156252279
4969,2.7560975609756095,52.40384615384615,36.90296810746306,1.0788780710170227
4970,2.048780487804878,41.404358353510894,23.06855382619388,0.4211452128690887
4972,1.880952380952381,67.12018140589569,18.724356972404873,0.7876262331760495
4973,1.0,100.0,0.0,0.6900666586707636
4974,3.2857142857142856,34.01360544217687,17.366162812613958,1.1381581250915298
4975,3.1463414634146343,28.00982800982801,23.357882034496207,1.1216576630883293
4976,2.238095238095238,42.40362811791383,20.0,1.2205408862032714
4978,1.869047619047619,58.73015873015873,18.95346881172206,0.6900666586707636
4979,1.5263157894736843,69.62750716332378,0.0,0.599656475022008
4980,1.6875,57.25,10.0,0.10191624152303366
4981,1.5476190476190477,85.03401360544218,10.250375127651292,0.48911538373031904
4982,2.5476190476190474,35.374149659863946,10.0,0.4388794027139652
4983,2.05,51.75,40.0,1.1717023944465859
4984,1.7142857142857142,66.21315192743764,0.0,0.8520025641842495
4986,2.0952380952380953,39.45578231292517,18.60703846660987,0.7755245274721846
4988,1.6785714285714286,60.317460317460316,40.0,0.5550268506691487
4989,1.9166666666666667,30.839002267573697,24.31192660550459,1.0316383094541768
4990,2.630952380952381,41.043083900226755,14.345030179926914,1.1506089026564972
4991,2.0,45.35147392290249,46.114794273448105,1.0650520871748665
4992,2.4166666666666665,42.857142857142854,12.360679774997898,0.5093464554688649
4993,2.011904761904762,36.507936507936506,26.45908119566192,1.0715375859962588
4994,1.4047619047619047,90.24943310657596,10.0,0.3248030537229489
4995,1.5476190476190477,76.19047619047619,0.0,0.6831524444761465
4996,1.75,42.857142857142854,0.0,1.0690663248586532
4997,1.9404761904761905,51.02040816326531,54.417267161132564,1.167693399152075
4998,2.5952380952380953,62.358276643990926,16.472294563448788,0.872958349474577
4999,1.5952380952380953,75.96371882086167,10.0,0.31716411734718
5001,2.3452380952380953,38.095238095238095,54.1970072810439,1.2159532723896977
5002,3.4642857142857144,27.891156462585034,25.11172505700127,1.421932567378918
5003,2.158536585365854,46.81372549019608,16.110742702859014,1.111199097514631
5004,2.5,43.39622641509434,19.604482159878238,0.9322674701683733
5005,1.9404761904761905,62.811791383219955,29.930972034903423,0.5368001646503526
5006,1.9047619047619047,55.55555555555556,16.97925846907807,0.7794460085642252
5010,1.524390243902439,96.05911330049261,0.0,0.1607210281969234
5011,2.9523809523809526,38.54875283446712,29.011429481580187,1.12007313850391
5013,2.0952380952380953,41.950113378684804,22.880727902779245,0.6887352610807689
5014,1.8571428571428572,73.92290249433107,20.046728971962615,0.43439429972085564
5015,1.9166666666666667,40.136054421768705,34.721359549995796,0.7838622509061521
5016,2.3214285714285716,48.97959183673469,18.284271247461902,1.1225284831664721
5017,3.0595238095238093,23.582766439909296,22.887391607370052,1.1128880491746607
5018,1.3928571428571428,61.224489795918366,0.0,0.665954641009076
5019,1.9047619047619047,33.78684807256236,43.32969832057685,1.1183232249383899
5020,1.5952380952380953,41.043083900226755,0.0,1.0795195481846034
5021,1.3170731707317074,94.77611940298507,26.055512754639892,0.6900666586707636
5022,1.5238095238095237,58.956916099773245,20.0,0.3302831859375967
5024,1.9523809523809523,68.25396825396825,45.28258321089486,0.9439010741255857
5025,2.1547619047619047,50.34013605442177,60.0,0.9970922355407387
5026,2.25,43.31065759637188,26.117366095577296,0.9439559136119651
5027,2.142857142857143,30.839002267573697,18.284271247461902,0.5004024235381879
5028,3.95,41.20603015075377,15.324406801305726,1.2075047797899776
5029,2.4523809523809526,38.63636363636363,25.4524840904954,0.7965400819508073
5031,2.5,54.3859649122807,15.731912118832222,0.8044234718334098
5034,2.5476190476190474,33.10657596371882,23.289347946012253,0.9182756948890437
5035,2.011904761904762,47.16553287981859,140.34310291339705,1.108160338342062
5037,1.7857142857142858,58.50340136054422,0.0,0.9848698523524154
5038,1.380952380952381,87.75510204081633,21.622776601683796,0.2693651382692679
5039,2.25,46.71201814058957,18.498567199253173,0.8765557496522591
5040,1.3095238095238095,90.9297052154195,130.0,0.32358310912107097
5041,1.9761904761904763,51.92743764172336,20.0,0.9067541967064678
5042,1.5357142857142858,54.27251732101617,20.0,0.3918406879623816
5046,1.5595238095238095,54.64852607709751,0.0,0.9854667246930956
5047,1.25,94.10430839002268,0.0,0.24573058269083417
5048,2.3333333333333335,86.84807256235828,32.90059872821785,0.38366200046938814
5051,1.5833333333333333,57.36961451247166,56.46302017217084,0.6777555495642991
5052,1.2857142857142858,50.56689342403628,0.0,0.6930763172080534
5054,1.3902439024390243,72.14285714285714,0.0,0.5937603582884603
5055,1.8095238095238095,63.470319634703195,17.697689660494824,0.8594219923192487
5056,1.380952380952381,65.98639455782313,72.46211251235322,0.6323083323658757
5058,1.5476190476190477,70.74829931972789,31.224489795918366,0.3302831859375967
5059,1.630952380952381,61.45124716553288,30.0,0.6201444342609722
5060,2.1323529411764706,45.486111111111114,12.360679774997898,0.7846131241209326
5061,2.642857142857143,41.49659863945578,18.062144617884623,0.9519946955794154
5062,1.6071428571428572,67.57369614512471,0.0,0.8144403995167717
5063,1.175,97.38219895287958,0.0,0.10104254359447432
5064,1.0,100.0,0.0,0.6900666586707636
5065,1.0,100.0,0.0,0.6900666586707636
5066,1.5595238095238095,77.55102040816327,51.40360515470143,0.49457165776275935
5067,1.8928571428571428,59.954233409610985,180.0,0.8087852770067665
5068,1.15625,100.0,0.0,0.6900666586707636
5069,2.3902439024390243,39.56310679611651,23.18854899884975,0.8985489672638256
5070,2.130952380952381,41.723356009070294,38.58547676971695,0.6813082947114375
5071,1.0,100.0,0.0,0.6900666586707636
5074,2.892857142857143,29.772727272727273,12.604853597268479,0.9405955270617932
5075,1.7738095238095237,60.770975056689345,0.0,1.0165099865827232
5076,1.0,100.0,0.0,0.6900666586707636
5077,2.5476190476190474,58.50340136054422,10.0,0.5454632271718576
5078,1.7023809523809523,68.48072562358277,32.06349206349206,0.4590807522603987
5081,1.9285714285714286,55.32879818594105,20.0,0.9218036010407115
5082,1.6071428571428572,84.12698412698413,76.81376713139548,0.4950097386267821
5083,1.4523809523809523,80.95238095238095,26.055512754639892,0.4562635425192022
5084,1.380952380952381,93.19727891156462,0.0,0.2542543903906543
5085,2.4523809523809526,31.519274376417233,43.44481605351171,0.9761181791312296
5086,3.1710526315789473,49.860724233983284,12.690923410279076,0.9798238086665143
5088,2.0238095238095237,81.40589569160997,87.96374596750455,0.6424611001327718
5089,1.3333333333333333,100.0,0.0,0.6900666586707636
5090,2.880952380952381,34.91686460807601,12.327851075695971,0.767384718497371
5092,1.0,100.0,0.0,0.6900666586707636
5093,1.75,63.718820861678005,18.284271247461902,0.4025791794707776
5094,1.8571428571428572,46.03174603174603,24.61784292990413,1.2488286009216298
5096,1.9642857142857142,68.70748299319727,18.2842712474619,0.43986723479181933
5097,2.5833333333333335,31.292517006802722,18.073705136051363,1.0782960542781648
5098,2.097560975609756,64.52380952380952,23.24786639089918,0.5288135953153001
5099,1.8452380952380953,51.02040816326531,10.0,0.3237731297571971
5100,1.7625,58.53018372703412,0.0,0.8829962731268185
5101,3.642857142857143,53.427895981087474,17.762275157390935,0.6034968928287203
5102,2.1666666666666665,39.229024943310655,18.39667883514614,0.8327954394871322
5103,1.6071428571428572,39.909297052154194,0.0,1.2014560923956714
5104,2.2142857142857144,81.17913832199547,55.73226231456787,0.6059265675361167
5105,3.25,30.839002267573697,29.66376134792582,1.3009663727954963
5107,1.4880952380952381,78.91156462585035,0.0,0.6100244030270765
5109,2.261904761904762,57.82312925170068,77.61889180808222,0.8292554659360432
5110,1.5357142857142858,71.20181405895691,0.0,0.7341327587962403
5112,2.0,40.92009685230024,21.622776601683796,1.2098595302144652
5114,1.8452380952380953,41.043083900226755,80.0,1.2695546586560982
5115,1.8095238095238095,43.31065759637188,50.0,1.119177840715675
5117,1.880952380952381,36.961451247165535,33.2617781725805,0.6895312603753853
5118,2.130952380952381,42.40362811791383,40.0,1.1786174823071003
5119,1.3452380952380953,90.47619047619048,18.284271247461902,0.22069791126250085
5121,1.3157894736842106,100.0,0.0,0.6900666586707636
5122,2.039473684210526,62.5,10.0,1.0374168397241021
5123,1.4125,73.55163727959697,0.0,0.5688142981920715
5124,1.6666666666666667,83.89513108614233,0.0,0.40850991868455255
5125,1.9880952380952381,29.478458049886623,0.0,1.5312674886724156
5126,2.1666666666666665,48.29931972789116,11.662216237354816,0.7478667048482062
5128,1.8571428571428572,56.68934240362812,26.055512754639892,0.7729205830173289
5129,2.6547619047619047,54.64852607709751,17.655444572137828,0.6887017668498421
5130,1.5952380952380953,76.64399092970521,47.43764172335601,0.46922034844159877
5131,2.5714285714285716,69.84126984126983,13.841676011819256,0.7955226910669841
5132,1.9642857142857142,45.12471655328798,26.198835497759372,0.7300843273286226
5133,2.619047619047619,30.839002267573697,32.97911539653257,1.3329709689111124
5134,3.25,79.13832199546485,26.542513267073193,0.5333804838001732
5135,1.9642857142857142,51.02040816326531,157.63054614240212,1.1014359525501423
5136,1.1785714285714286,95.69160997732426,20.0,0.15210912422827577
5137,2.0,58.956916099773245,33.0615088639486,0.7354604380941285
5138,1.0666666666666667,100.0,0.0,0.6900666586707636
5139,2.0238095238095237,55.10204081632653,45.51166979285461,1.1143869359253915
5141,1.7261904761904763,96.02803738317758,0.0,0.17658058893916623
5143,2.1666666666666665,36.054421768707485,20.0,1.3545283230389906
5144,1.8974358974358974,46.02739726027397,0.0,1.0397501605065367
5145,1.0,100.0,0.0,0.6900666586707636
5146,2.130952380952381,37.188208616780045,30.4802215562633,1.0365189569793931
5147,2.0714285714285716,34.01360544217687,26.055512754639892,0.9871859390234907
5148,3.142857142857143,46.48526077097506,10.441481539833394,0.6708796496284366
5149,2.0595238095238093,48.07256235827664,20.0,1.206754534480972
5150,2.142857142857143,47.61904761904762,48.42667931915115,1.256663589873832
5151,1.2976190476190477,67.34693877551021,0.0,0.628385547264991
5152,1.9761904761904763,63.492063492063494,70.62257748298549,1.0491812436210328
5153,2.1625,66.16541353383458,110.4225352112676,0.9257586977898005
5154,1.0,100.0,0.0,0.6900666586707636
5155,2.5595238095238093,33.560090702947846,42.3446807465707,1.1883462787795418
5156,1.0,100.0,0.0,0.6900666586707636
5157,1.6904761904761905,42.63038548752834,0.0,1.0719248176404366
5158,1.7142857142857142,39.45578231292517,26.05551275463989,0.5583774068097463
5159,2.4875,42.78350515463917,75.36069094206735,1.2860636224265505
5160,1.5595238095238095,62.585034013605444,0.0,0.8539910322388728
5161,1.0,100.0,0.0,0.6900666586707636
5162,2.5,39.45578231292517,35.26737967914438,1.113931456886161
5163,1.8333333333333333,100.0,0.0,0.6900666586707636
5164,2.1904761904761907,51.27610208816705,27.688738847476113,0.6722175478630737
5165,1.0,100.0,0.0,0.6900666586707636
5166,1.9642857142857142,58.049886621315196,12.86449038992396,0.3709379907515273
5167,1.4404761904761905,52.60770975056689,0.0,0.692176770248701
5168,2.107142857142857,46.48526077097506,33.11307982948624,0.921505830587982
5170,1.725,68.9922480620155,0.0,0.8216479004630455
5171,1.6428571428571428,75.96371882086167,15.385398519442477,0.235400578834075
5172,1.0,100.0,0.0,0.6900666586707636
5173,3.2261904761904763,78.91156462585035,16.428163206513677,0.49457165776275935
5174,1.869047619047619,58.73015873015873,18.95346881172206,0.6900666586707636
5175,3.9642857142857144,64.17233560090703,30.30045015318155,0.8650598687327284
5176,2.107142857142857,55.55555555555556,14.352215438457826,0.6327748693327426
5177,2.3095238095238093,34.92063492063492,38.98559993596748,1.2501045579366241
5178,1.1891891891891893,100.0,0.0,0.6900666586707636
5179,1.5238095238095237,82.53968253968254,32.42640687119284,0.44085243222802906
5182,1.8333333333333333,56.08465608465608,0.0,0.95213531721524
5183,2.511904761904762,44.26229508196721,21.348400632603603,0.9737289795325997
5184,1.0,100.0,0.0,0.6900666586707636
5185,1.7857142857142858,47.95454545454545,46.568542494923804,0.6261106685000294
5186,2.0238095238095237,34.92063492063492,26.055512754639892,0.9468576149072474
5187,1.5303030303030303,68.796992481203,0.0,0.6438755089668915
5188,1.5833333333333333,62.358276643990926,30.0,0.542563704693203
5189,2.1666666666666665,44.85981308411215,54.55263110834279,0.6222044621329611
5190,1.5952380952380953,74.60317460317461,20.0,0.43296467958304674
5191,1.0,100.0,0.0,0.6900666586707636
5192,2.5,49.65986394557823,10.0,0.4637264398194103
5193,1.7625,78.2051282051282,100.0,0.5656451304812009
5194,1.625,46.875,10.0,0.519970058757365
5195,1.2142857142857142,95.91836734693878,0.0,0.14211381154630345
5196,2.391891891891892,59.530791788856305,18.96551724137931,0.9979665734026074
5197,2.0238095238095237,48.29931972789116,10.0,0.6366141481352288
5198,2.5714285714285716,23.80952380952381,12.382352941176471,0.9643082291268564
5199,2.380952380952381,33.10657596371882,14.275184275184275,0.7378097292019372
5200,1.8333333333333333,46.03174603174603,31.420323812212946,0.5164694275727277
5201,2.6666666666666665,41.950113378684804,17.70113272942121,0.5432727813369008
5202,1.9642857142857142,47.39229024943311,33.447977975378684,1.2151170808393852
5203,2.5,39.443155452436194,12.084626271365059,0.9882887341328784
5204,1.5714285714285714,65.07936507936508,50.0,0.8701251962417764
5205,1.0,100.0,0.0,0.6900666586707636
5206,1.4404761904761905,77.32426303854875,30.040238859801097,0.5012264923619153
5208,1.0,100.0,0.0,0.6900666586707636
5209,2.4404761904761907,44.89795918367347,67.79900213367067,1.0975911203529995
5210,1.6666666666666667,92.97052154195012,60.931020067806024,0.2480604356143019
5211,1.9642857142857142,43.08390022675737,14.588954918419129,0.6851666235368062
5213,1.8095238095238095,43.764172335600904,31.064787339083658,0.4781842759658027
5215,1.775,84.375,70.0,0.30529386097482886
5216,1.7023809523809523,58.049886621315196,25.4421768707483,0.4701275086077958
5217,1.4285714285714286,91.20370370370371,0.0,0.2860731006811373
5218,2.0833333333333335,48.75283446712018,16.18033988749895,0.8814634196208785
5221,1.6904761904761905,61.678004535147394,0.0,0.882693573492533
5223,1.8513513513513513,61.24260355029586,29.881656804733726,0.6276043883194012
5224,2.710526315789474,55.2112676056338,24.723870479469873,0.9474200378087081
5225,2.238095238095238,71.55963302752293,10.285566101814261,0.6017082567361847
5226,2.3026315789473686,34.67048710601719,48.218299104963826,1.2262996733973333
5228,2.4655172413793105,37.93103448275862,30.0,0.7766550776986304
5230,1.4523809523809523,86.62131519274377,20.0,0.31716411734718
5232,1.3095238095238095,90.9297052154195,0.0,0.2752663642990345
5233,1.0,100.0,0.0,0.6900666586707636
5234,2.1097560975609757,59.31372549019608,40.15988669632482,0.8569332608398084
5236,1.7857142857142858,39.909297052154194,40.0,0.6828819401098746
5238,2.2083333333333335,44.20289855072464,21.622776601683796,1.031755722930252
5240,1.0,100.0,0.0,0.6900666586707636
5242,1.6071428571428572,52.38095238095238,0.0,1.0720643294583345
5243,2.1904761904761907,34.467120181405896,18.53033129795679,0.8485162458260549
5244,1.8928571428571428,70.68181818181819,10.0,0.8211992185267039
5245,1.880952380952381,60.317460317460316,18.284271247461902,0.4618755735502886
5246,1.880952380952381,50.34013605442177,18.284271247461902,0.4746272957304586
5248,2.2976190476190474,32.19954648526077,20.77419330094512,0.6327361320590759
5249,2.8,71.33105802047781,59.430518712254624,0.7167900223356298
5250,1.0952380952380953,97.73242630385488,0.0,0.09430911064540556
5251,1.75,60.54421768707483,26.055512754639892,0.4940093135227356
5252,2.22972972972973,67.7710843373494,50.49973248798445,0.7826864522728906
5253,1.7380952380952381,44.44444444444444,30.0,1.114487554398702
5254,2.7857142857142856,39.002267573696145,34.86688731716722,1.2986545298122705
5255,2.0833333333333335,87.07482993197279,22.52353065382259,0.3662128046180504
5256,1.0,100.0,0.0,0.6900666586707636
5257,1.9634146341463414,50.47846889952153,53.067331670822945,0.762637640658181
5258,1.0,100.0,0.0,0.6900666586707636
5260,1.8793103448275863,93.80952380952381,216.27416997969522,0.18265086997846264
5261,3.5806451612903225,44.01709401709402,10.0,0.6785436480427034
5262,2.1547619047619047,55.32879818594105,13.957676703069133,0.6850121433912739
5263,2.761904761904762,40.58956916099773,14.238437551156318,1.0853657343440932
5264,1.9285714285714286,62.26851851851852,10.0,0.5366377233000593
5266,1.0,100.0,0.0,0.6900666586707636
5267,1.75,55.32879818594105,34.7213595499958,0.6867382107439153
5268,2.107142857142857,42.857142857142854,20.0,0.5719332506100465
5269,1.8928571428571428,56.46258503401361,31.11111111111111,0.6062566402835896
5270,1.3888888888888888,100.0,0.0,0.6900666586707636
5271,2.1875,67.60925449871465,15.414914164919022,0.6012513608603538
5272,1.5,79.13832199546485,160.0,0.6169012331884067
5273,1.0,100.0,0.0,0.6900666586707636
5274,1.9404761904761905,35.600907029478456,26.4656447324446,1.3380640492867446
5275,1.024390243902439,100.0,0.0,0.6900666586707636
5277,1.5476190476190477,84.12698412698413,131.4213562373095,0.5582236723065483
5278,1.4880952380952381,77.09750566893425,30.0,0.4457391740388933
5280,2.35,54.5,0.0,1.0009408226815038
5281,1.6547619047619047,57.82312925170068,0.0,0.9562673877804789
5282,1.8571428571428572,40.58956916099773,40.0,0.6565447649002036
5283,2.0595238095238093,39.45578231292517,0.0,1.2845878339081966
5284,1.0,100.0,0.0,0.6900666586707636
5285,3.1666666666666665,41.950113378684804,10.0,0.6787897875566966
5286,2.2976190476190474,31.292517006802722,19.647058823529413,1.1889214369359147
5287,2.0,38.775510204081634,13.02591324873777,0.4728345589007231
5288,1.5238095238095237,77.32426303854875,40.0,0.5996626621499825
5290,1.0,100.0,0.0,0.6900666586707636
5291,1.1428571428571428,97.95918367346938,0.0,0.09896429659190205
5292,1.105263157894737,100.0,0.0,0.6900666586707636
5293,2.9166666666666665,83.6734693877551,14.299337960381203,0.4339004419779914
5294,1.9166666666666667,39.45578231292517,28.903889564873296,0.7696522422521515
5295,2.3,29.873417721518987,50.827625302982185,1.4529706916939393
5296,1.6904761904761905,54.64852607709751,130.0,0.8894215653545099
5297,2.238095238095238,70.29478458049887,19.43310657596372,0.3673991111448733
5298,2.1547619047619047,31.746031746031747,37.33917502229087,1.45210649683678
5299,1.119047619047619,97.05215419501134,0.0,0.11690684913753106
5301,1.7619047619047619,58.276643990929706,12.10407936320116,0.3660001471775234
5302,2.7976190476190474,38.095238095238095,22.897456243485014,0.7200510541490226
5303,2.380952380952381,31.065759637188208,34.055239397725245,1.2857717071676178
5304,1.7179487179487178,82.13333333333334,0.0,0.5007508090039781
5306,1.4166666666666667,80.95238095238095,70.0,0.47909803382594196
5307,2.0476190476190474,61.904761904761905,12.360679774997898,0.6160850464732169
5308,1.0,100.0,0.0,0.6900666586707636
5309,1.6219512195121952,50.60532687651332,26.055512754639892,1.0313740385158354
5310,1.6666666666666667,75.0,32.426406871192846,0.4777155237062165
5311,1.0833333333333333,98.63945578231292,0.0,0.0565478594527841
5312,1.0,100.0,0.0,0.6900666586707636
5314,1.0,100.0,0.0,0.6900666586707636
5315,1.4761904761904763,59.183673469387756,0.0,0.6739652576010398
5316,1.5476190476190477,84.80725623582767,50.0,0.3971067324566754
5317,3.0,36.1323155216285,24.009927229396208,0.9580779260749377
5318,2.0357142857142856,39.45578231292517,26.893203883495147,0.6272794228282568
5319,1.4404761904761905,83.44671201814059,50.0,0.42167519621643657
5321,2.0357142857142856,85.26077097505669,10.0,0.33669684473999006
5322,1.9047619047619047,46.03174603174603,18.284271247461902,0.4058269680664438
5323,1.0,100.0,0.0,0.6900666586707636
5324,1.0,100.0,0.0,0.6900666586707636
5325,1.6785714285714286,72.81323877068557,107.21762134765362,0.7395374078952429
5326,1.7261904761904763,72.10884353741497,31.23105625617661,0.7701083782472038
5327,2.0952380952380953,40.36281179138322,32.57729743605455,0.6883748447567706
5328,2.238095238095238,37.21461187214612,35.06503740011915,1.2409594451616546
5329,1.4404761904761905,74.14965986394557,0.0,0.5550268506691487
5330,1.4878048780487805,91.56626506024097,0.0,0.2843475759569588
5331,3.0595238095238093,24.71655328798186,10.0,0.5642884623172352
5332,1.1428571428571428,95.23809523809524,0.0,0.17692035111794388
5334,1.5595238095238095,69.61451247165533,76.0572973063448,0.599898019262134
5335,1.0,100.0,0.0,0.6900666586707636
5336,1.5,82.31292517006803,12.360679774997898,0.2663844632679204
5337,2.130952380952381,41.043083900226755,21.987603192262984,0.6681587152460315
5338,1.6666666666666667,49.65986394557823,21.622776601683796,0.4637264398194103
5339,1.7894736842105263,72.46376811594203,0.0,0.5735272447168467
5341,1.8333333333333333,59.35828877005348,0.0,0.7218709578027428
5343,3.0714285714285716,20.634920634920636,19.481846887459266,1.267695690628689
5344,2.3,47.36842105263158,86.13343457360081,0.7975289280246284
5345,1.4375,100.0,0.0,0.6900666586707636
5346,1.0238095238095237,99.77324263038548,0.0,0.009205721925471222
5347,1.9166666666666667,57.36961451247166,20.483380264331345,0.6820338129816279
5349,3.0714285714285716,29.25170068027211,12.677971032667434,0.8600174986505411
5350,1.9523809523809523,58.76993166287016,18.284271247461902,0.6418906486189927
5351,1.0,100.0,0.0,0.6900666586707636
5352,1.8333333333333333,32.19954648526077,19.627239406950594,0.5069333800107008
5353,1.9880952380952381,54.42176870748299,46.568542494923804,1.0420801153051038
5354,1.7142857142857142,80.27210884353741,23.670886075949365,0.6575117997269018
5355,1.3928571428571428,88.66213151927438,0.0,0.4351238499612492
5356,2.9523809523809526,43.764172335600904,38.895547874318815,1.3205631649077259
5358,1.3333333333333333,87.52834467120181,40.0,0.3250829733914482
5359,1.0769230769230769,100.0,0.0,0.6900666586707636
5360,1.7692307692307692,100.0,0.0,0.6900666586707636
5361,1.9047619047619047,49.88662131519274,32.426406871192846,0.6930451362725594
5362,1.9880952380952381,72.78911564625851,22.190311984911187,0.7601478750388144
5363,1.2023809523809523,92.29024943310658,0.0,0.27324296370462764
5364,2.3333333333333335,31.506849315068493,23.05841138922927,1.1997966989771625
5365,3.25,30.612244897959183,20.424358897538234,0.5864296972145899
5366,1.0,100.0,0.0,0.6900666586707636
5367,1.4404761904761905,88.20861678004535,21.020408163265305,0.3104534296002714
5369,3.2261904761904763,60.317460317460316,15.703876171249005,0.6229504790092526
5371,2.1785714285714284,42.465753424657535,38.057460314398455,1.2462549937882483
5372,1.9285714285714286,44.44444444444444,59.129453444416015,1.0947841139261625
5374,2.0,60.090702947845806,31.23105625617661,0.9053356847892838
5375,1.869047619047619,58.73015873015873,18.95346881172206,0.6900666586707636
5376,1.6904761904761905,71.20181405895691,0.0,0.7983153719455187
5378,2.0555555555555554,63.37579617834395,46.40347335214826,0.5938739842635992
5379,1.869047619047619,58.73015873015873,18.95346881172206,0.6900666586707636
5380,1.619047619047619,67.12018140589569,0.0,0.8522447348621958
5381,3.2857142857142856,48.52607709750567,14.32241024947442,0.5996669290968039
5382,1.75,53.74149659863946,40.0,0.656174920095002
5383,2.55,47.51131221719457,94.40306508910551,0.9328862068583598
5384,1.6785714285714286,56.87645687645688,0.0,0.6790880492820852
5385,3.0714285714285716,68.25396825396825,10.0,0.514901509505461
5386,2.9642857142857144,28.117913832199548,18.994886570065226,0.6052140133468746
5387,2.1785714285714284,38.095238095238095,13.208657049279138,0.7059444502022786
5388,1.8214285714285714,43.08390022675737,32.648733718776384,0.44250920531581106
5389,2.263157894736842,51.60349854227405,46.265060240963855,0.7351716250236292
5390,1.8095238095238095,38.321995464852606,24.854376057090086,0.6656723999853216
5391,1.9404761904761905,34.467120181405896,20.0,0.7845271881591394
5392,2.25,40.136054421768705,28.962397033479107,0.7481120998683474
5394,1.9761904761904763,63.265306122448976,20.67024211612501,0.8193259304038781
5395,1.631578947368421,89.27536231884058,0.0,0.273920215636694
5398,1.0,100.0,0.0,0.6900666586707636
5399,1.2738095238095237,94.10430839002268,22.360792863234778,0.18242856013800107
5400,2.109375,52.41935483870968,16.016949152542374,0.6879081696988176
5402,1.1666666666666667,97.01834862385321,0.0,0.11800847778761751
5404,1.0,100.0,0.0,0.6900666586707636
5405,2.097560975609756,49.51923076923077,31.777997068358584,0.5658201548046429
5407,2.6375,23.49869451697128,70.85547628375647,1.4396116679126867
5408,1.7261904761904763,48.07256235827664,26.055512754639896,0.9917505921361116
5411,1.6785714285714286,51.02040816326531,18.284271247461902,0.49813543628244633
5412,1.630952380952381,56.68934240362812,18.284271247461906,0.37328068450719404
5413,1.475,88.23529411764706,26.05551275463989,0.6900666586707636
5416,1.7738095238095237,43.53741496598639,22.263456041665744,0.5382674532283414
5417,1.869047619047619,38.54875283446712,33.95420034643401,1.3042948076721261
5418,1.7976190476190477,80.49886621315193,35.28857653819632,0.6099268694823085
5419,1.0,100.0,0.0,0.6900666586707636
5420,1.8214285714285714,45.80498866213152,10.0,1.008876161134534
5421,2.0833333333333335,26.984126984126984,32.426406871192846,1.0417058377539072
5422,1.3333333333333333,75.96371882086167,0.0,0.5460893167820342
5423,1.880952380952381,60.317460317460316,34.75269017926582,0.9548998810762316
5424,1.5119047619047619,50.56689342403628,30.0,0.4476757000177537
5425,1.7261904761904763,51.70068027210884,40.0,0.9187741688164974
5427,1.5952380952380953,79.36507936507937,19.081229625090987,0.3354217069750239
5428,2.0357142857142856,58.049886621315196,18.284271247461902,1.0130025647582952
5429,1.5833333333333333,91.16279069767442,22.1480834261403,0.3030706403124711
5430,2.9358974358974357,46.41909814323608,21.625436707563836,0.7662302134719399
5431,1.7857142857142858,40.816326530612244,0.0,1.0969516232833199
5432,1.8928571428571428,92.29024943310658,39.46866844147015,0.26787733589126167
5433,1.0,100.0,0.0,0.6900666586707636
5435,2.5,34.01360544217687,26.055512754639892,1.365039327998727
5436,1.8333333333333333,46.93877551020408,53.24555320336759,0.830116663409962
5437,1.5714285714285714,48.52607709750567,33.22296644460229,0.8446007876321
5438,2.392857142857143,39.909297052154194,24.4840566565473,1.1831488933473628
5439,2.7023809523809526,36.054421768707485,25.06679822484451,0.8134970257408983
5442,2.5238095238095237,59.63718820861678,18.40328634809154,0.6503519169624836
5443,1.4404761904761905,85.51401869158879,0.0,0.49720649916713744
5444,3.2432432432432434,47.73413897280967,30.164852201055105,0.7934833003776258
5445,2.3452380952380953,37.641723356009074,39.323429180070455,0.9799328017281782
5446,1.5,57.142857142857146,20.0,0.3198197673223754
5447,1.9523809523809523,46.03174603174603,20.0,0.8623875080380863
5448,2.4642857142857144,66.66666666666667,42.9152154806458,0.9660975825847539
5449,1.4523809523809523,81.63265306122449,21.622776601683796,0.4079774708103113
5450,2.1666666666666665,59.183673469387756,39.032968659196385,0.7816658264076641
5451,2.3536585365853657,88.0952380952381,43.85164807134504,0.38457826359211666
5452,2.119047619047619,38.54875283446712,0.0,1.3239000556376372
5453,1.0,100.0,0.0,0.6900666586707636
5454,1.0,100.0,0.0,0.6900666586707636
5455,1.5731707317073171,71.84466019417475,0.0,0.727946310098019
5456,2.3625,49.48453608247423,25.709619062908452,0.37574256412930174
5457,1.0,100.0,0.0,0.6900666586707636
5460,2.073170731707317,68.78048780487805,16.845651451039654,0.8267002862696028
5461,2.5952380952380953,36.734693877551024,12.675736961451246,0.5117400734174093
5462,2.1547619047619047,52.55813953488372,12.360679774997896,0.329956387481527
5463,2.8780487804878048,23.96088019559902,15.207627421057566,1.0392177919119385
5464,2.0595238095238093,32.87981859410431,20.0,1.0341773169831483
5465,2.0833333333333335,58.956916099773245,34.299065420560744,0.6862554279266588
5469,2.8333333333333335,39.682539682539684,15.50249615790229,0.9846753366302504
5470,1.6666666666666667,68.25396825396825,12.360679774997898,0.34551858634519184
5471,1.2857142857142858,80.49886621315193,0.0,0.48170358168672356
5472,2.630952380952381,40.36281179138322,18.90491246531731,0.7217910343616916
5473,2.1219512195121952,42.394014962593516,12.0625,1.0107135110078378
5474,2.0238095238095237,46.25850340136054,41.649174459924176,0.9242294673071193
5475,1.5119047619047619,79.13832199546485,0.0,0.6388202569459364
5476,1.8333333333333333,37.868480725623584,0.0,1.085313173121867
5477,2.9125,35.58441558441559,22.226028243201362,1.3108483474531036
5478,1.4722222222222223,100.0,0.0,0.6900666586707636
5479,3.2738095238095237,32.6530612244898,11.898615826794208,1.197764845004132
5480,2.369047619047619,26.75736961451247,18.671221032051676,1.1124422914586924
5481,3.0238095238095237,56.235827664399096,28.702467465503343,0.6710335763014748
5482,1.25,90.9297052154195,40.0,0.2796407732265369
5483,1.5952380952380953,50.34013605442177,62.11102550927978,0.662767406093249
5484,1.75,49.43310657596372,0.0,1.0433192889102354
5485,1.9880952380952381,41.26984126984127,20.355051170033285,0.5590417817037393
5487,1.2857142857142858,100.0,0.0,0.6900666586707636
5488,2.0476190476190474,59.863945578231295,10.0,1.0962313822024077
5489,2.1710526315789473,57.61772853185595,32.24368893967474,0.9405795939105448
5490,1.125,100.0,0.0,0.6900666586707636
5491,2.0357142857142856,33.560090702947846,30.0,1.097254664571396
5492,2.0833333333333335,38.321995464852606,21.622776601683796,1.0912986540160112
5493,2.5384615384615383,55.49597855227882,27.01899683806114,0.46489914947809075
5494,1.9285714285714286,69.38775510204081,17.925925925925927,0.7706615878702309
5496,1.5357142857142858,65.3061224489796,40.0,0.545388141621043
5497,1.3333333333333333,88.20861678004535,0.0,0.3634882593830563
5498,1.880952380952381,60.45454545454545,24.568201461321078,0.6002906194235299
5499,1.880952380952381,64.39909297052154,20.0,0.5053137913757645
5501,1.4761904761904763,51.92743764172336,39.666666666666664,0.7252716742504894
5503,2.1097560975609757,41.68674698795181,32.426406871192846,0.99289141666668
5504,1.869047619047619,74.37641723356009,20.0,0.6383539584184889
5506,2.1904761904761907,43.619489559164734,17.79297522132048,1.2544122611658193
5507,1.0,100.0,0.0,0.6900666586707636
5508,1.9642857142857142,71.42857142857143,39.61307124390469,0.8445760162028269
5509,1.5833333333333333,72.33560090702947,0.0,0.702012049404563
5510,2.8452380952380953,83.6405529953917,10.87557603686636,0.4433187948033397
5513,2.011904761904762,43.08390022675737,12.360679774997898,0.4719346076242709
5514,1.0,100.0,0.0,0.6900666586707636
5515,1.630952380952381,78.19905213270142,40.0,0.4785686274383995
5516,2.0714285714285716,75.28344671201815,30.941732383383485,0.48846729416240375
5519,1.5833333333333333,60.54421768707483,120.0,0.8720469051027115
5520,1.8333333333333333,70.52154195011337,12.3606797749979,0.7170906416524491
5522,2.1666666666666665,36.281179138321995,48.98787608689175,1.1891319327641356
5523,1.7307692307692308,45.90163934426229,0.0,1.0178287401423824
5524,2.8461538461538463,39.84168865435356,16.104264008269983,0.5851858119402108
5525,2.3536585365853657,53.398058252427184,42.93879920481783,0.6389839878938928
5526,1.8194444444444444,63.55140186915888,62.111025509279784,0.6199119290712382
5527,1.6666666666666667,49.43310657596372,40.0,0.5700471705012848
5528,2.1621621621621623,49.848942598187314,10.743176966203043,0.7028748870159194
5529,1.0,100.0,0.0,0.6900666586707636
5530,2.289473684210526,53.888888888888886,18.284271247461902,0.843068387747847
5531,1.369047619047619,90.70294784580499,103.13708498984761,0.27672934984371744
5532,1.6428571428571428,89.72602739726027,0.0,0.34040864523287695
5533,2.3095238095238093,35.91549295774648,22.78708899692017,0.526595273527219
5534,2.4404761904761907,27.43764172335601,22.820699350390395,1.248189386332269
5535,1.6842105263157894,87.7840909090909,75.28176719790731,0.36793710234982013
5537,1.75,68.25396825396825,18.284271247461902,0.39600322529260257
5538,1.0,100.0,0.0,0.6900666586707636
5539,2.6904761904761907,37.868480725623584,20.036512642154257,1.1026749320239568
5540,1.9166666666666667,45.35147392290249,21.276878641234187,0.5203521703780737
5541,1.0,100.0,0.0,0.6900666586707636
5542,1.0,100.0,0.0,0.6900666586707636
5543,1.9642857142857142,57.142857142857146,31.92192306186758,0.48082726677783616
5544,3.488095238095238,53.1322505800464,15.218905165872659,0.9518288753351682
5545,1.7023809523809523,72.78911564625851,38.081478297903416,0.5875908642668731
5546,1.5666666666666667,96.29629629629629,0.0,0.1314935684659612
5547,1.75,40.816326530612244,20.0,0.4553194653360305
5548,2.0357142857142856,62.585034013605444,116.62628168266977,1.0409985975514928
5549,1.9523809523809523,47.15261958997722,44.453487421991674,0.9803588576493396
5550,2.3452380952380953,35.147392290249435,43.483848483036176,1.1570778284937084
5551,2.375,28.385416666666668,21.622776601683796,1.5127907652110322
5552,3.5609756097560976,25.783132530120483,16.470698807910956,1.0374152234206226
5553,1.7619047619047619,42.40362811791383,20.0,1.1497739075868572
5554,2.380952380952381,71.20181405895691,15.704217722602824,0.4834492229474761
5558,1.9404761904761905,61.678004535147394,16.77497259831354,0.45720511144594705
5559,2.2857142857142856,39.682539682539684,40.69910119393162,0.9049561248672262
5560,1.7682926829268293,58.83777239709443,20.0,0.9601525592718796
5561,1.7738095238095237,52.522935779816514,100.0,0.9513428251416995
5562,2.5714285714285716,38.321995464852606,20.14837286705672,1.1241121252356394
5563,1.8214285714285714,33.333333333333336,23.501483679525222,0.5536731846361649
5564,1.0,100.0,0.0,0.6900666586707636
5565,1.7023809523809523,73.46938775510205,40.0,0.7223828172037797
5566,2.2804878048780486,37.469586374695865,0.0,1.2885283627807587
5568,2.7857142857142856,31.065759637188208,11.279424463175301,0.6243313065714509
5569,1.8333333333333333,77.55102040816327,10.257771993767154,0.506248742317992
5570,1.5714285714285714,83.44671201814059,17.888093135752406,0.2810892768717612
5571,2.1666666666666665,34.467120181405896,18.432179712522366,1.297079557689216
5572,1.7142857142857142,69.38775510204081,26.055512754639892,0.5611790484664068
5573,1.869047619047619,55.32879818594105,17.826623719997386,0.8061739471925855
5574,2.2261904761904763,58.73015873015873,32.51410395092237,0.7931808572859242
5576,2.011904761904762,39.909297052154194,79.80331297244028,1.04802397745536
5577,1.0,100.0,0.0,0.6900666586707636
5578,2.757575757575758,43.0188679245283,12.867924528301886,0.5918410942637242
5579,2.8375,34.67336683417086,19.65360645117772,1.402918156475575
5580,2.9523809523809526,28.798185941043084,20.1540953350895,1.116134321444857
5581,1.5595238095238095,71.42857142857143,0.0,0.7636248657068396
5582,2.1547619047619047,40.77448747152619,38.60966850874717,0.9090510450126785
5583,2.792682926829268,28.14814814814815,23.48985202189471,1.0910712617613632
5584,2.473684210526316,39.61218836565097,28.806830930647287,0.502415562067683
5585,2.8095238095238093,31.972789115646258,27.660419842329897,1.1895174878534462
5586,2.0,44.89795918367347,32.253062641466606,1.1447838130184596
5587,1.0,100.0,0.0,0.6900666586707636
5588,2.3214285714285716,39.229024943310655,26.95990231387992,1.2659834359839677
5589,1.869047619047619,58.73015873015873,18.95346881172206,0.6900666586707636
5590,1.3157894736842106,100.0,0.0,0.6900666586707636
5591,1.1666666666666667,97.27891156462584,0.0,0.11272788647715155
5592,1.9166666666666667,43.764172335600904,38.70162472802316,0.68777402965155
5593,3.9285714285714284,27.891156462585034,12.201493834069042,0.8126140798873788
5594,2.0,50.11337868480726,20.0,1.007406571903715
5595,1.0,100.0,0.0,0.6900666586707636
5596,1.3571428571428572,82.31292517006803,40.0,0.5471263073437731
5597,3.3095238095238093,48.97959183673469,34.51239875343558,1.1173518277998358
5598,1.0,100.0,0.0,0.6900666586707636
5599,1.8452380952380953,46.03174603174603,32.243564157910484,0.8403012546700904
5600,1.4642857142857142,82.31292517006803,86.09597242362118,0.4553194653360305
5601,1.7142857142857142,79.59183673469387,30.540841527057655,0.3721109843002241
5603,2.4642857142857144,32.426303854875286,10.0,0.5649533450055865
5605,1.9285714285714286,30.158730158730158,20.0,0.5623351446188083
5606,2.1447368421052633,57.54985754985755,34.721359549995796,0.7956838992710438
5609,1.9047619047619047,65.3061224489796,38.5537771337825,0.5101464839287555
5610,1.0,100.0,0.0,0.6900666586707636
5611,1.6785714285714286,81.63265306122449,23.050847457627118,0.5043159905127328
5612,2.642857142857143,41.950113378684804,10.0,0.9796327047839357
5613,1.4324324324324325,94.18960244648318,66.15773105863909,0.6900666586707636
5614,1.2976190476190477,51.24716553287982,0.0,0.6928346479997213
5615,3.0,41.36690647482014,41.132919111266084,0.8622833816719517
5616,1.7023809523809523,63.945578231292515,0.0,0.8970407731211754
5617,1.8928571428571428,61.678004535147394,45.95913642039645,1.0508861813565264
5618,3.5357142857142856,47.61904761904762,15.360759386329208,0.8275413938525202
5619,1.0,100.0,0.0,0.6900666586707636
5621,2.7051282051282053,27.56756756756757,27.72930234598331,1.0509151740167821
5622,1.5238095238095237,78.91156462585035,0.0,0.6584341309479994
5624,2.857142857142857,82.99319727891157,48.493539035930695,0.4543728728998414
5625,2.5476190476190474,45.57823129251701,18.67472897937481,0.8581620747958283
5627,2.409090909090909,50.965250965250966,23.59063490812048,0.9382625239790185
5628,1.9761904761904763,55.32879818594105,20.0,0.8199273726376521
5629,2.1547619047619047,61.6822429906542,20.0,0.619842349410741
5630,1.6547619047619047,65.53287981859411,40.0,0.5188054035036833
5631,1.6785714285714286,69.61451247165533,68.1923611007996,0.5435204784408578
5632,1.6428571428571428,45.35147392290249,30.0,0.544684996306201
5633,2.5714285714285716,26.53061224489796,23.719665497270697,1.2222114895364333
5634,1.5,82.08616780045351,23.990929705215418,0.31716411734718
5635,1.9761904761904763,51.92743764172336,0.0,1.0754862308094268
5637,2.0238095238095237,44.89795918367347,21.972789115646258,0.42885439451264507
5638,1.9404761904761905,51.70068027210884,18.284271247461902,1.14536301208783
5640,2.4875,31.770833333333332,54.75806451612903,1.2121657393195053
5642,1.9404761904761905,65.28735632183908,19.90484802003937,0.5371825825320004
5644,1.8375,58.59375,88.99494936611664,0.6764056626076473
5645,1.8333333333333333,59.183673469387756,30.0,0.9440475983026904
5646,1.869047619047619,58.73015873015873,18.95346881172206,0.6900666586707636
5647,1.3571428571428572,94.5578231292517,12.312925170068027,0.15797935940955057
5648,3.1219512195121952,46.01990049751244,15.275815954577583,0.7055143800832145
5650,1.3928571428571428,75.05668934240363,0.0,0.6110333167442163
5651,1.2380952380952381,91.83673469387755,40.0,0.25731864054383163
5653,1.625,84.7107438016529,34.721359549995796,0.4135756665138449
5654,3.0135135135135136,41.228070175438596,12.466781444789595,1.3684466178813166
5655,1.75,58.50340136054422,47.25752508361204,0.7520349381281985
5656,2.5238095238095237,46.03174603174603,25.355931072888797,0.9310385221976079
5660,1.0,100.0,0.0,0.6900666586707636
5661,1.4047619047619047,88.66213151927438,0.0,0.3250829733914482
5663,3.642857142857143,35.374149659863946,11.623774012834385,1.190135855045917
5664,1.6666666666666667,63.70967741935484,26.055512754639896,0.6900666586707636
5665,1.5714285714285714,79.36507936507937,64.80062977099038,0.5576209196067781
5666,1.6071428571428572,93.87755102040816,12.451561972980022,0.21060560827833139
5668,1.6097560975609757,90.2439024390244,10.0,0.6900666586707636
5669,1.0,100.0,0.0,0.6900666586707636
5671,1.9166666666666667,32.19954648526077,26.297011973743572,0.6784967469242233
5672,1.0,100.0,0.0,0.6900666586707636
5673,2.176470588235294,61.267605633802816,0.0,0.7839883786717912
5674,2.8658536585365852,34.92822966507177,14.266565971673606,0.9937799720257832
5675,2.2738095238095237,36.054421768707485,31.596471725920093,0.8283394766123245
5677,2.107142857142857,45.57823129251701,13.7116849594838,0.8492560369045203
5678,2.1666666666666665,59.183673469387756,21.618015176960252,0.5460893167820342
5679,2.6666666666666665,58.73015873015873,30.033686932987603,0.5331638407372986
5680,2.3214285714285716,41.950113378684804,63.21595210305863,1.0289494363310414
5681,1.3333333333333333,91.38321995464852,12.3606797749979,0.18060094175749508
5682,1.8214285714285714,43.08390022675737,26.188925081433226,0.8114235192986674
5683,2.0,57.59637188208617,0.0,1.1020843873144295
5684,1.4642857142857142,73.92290249433107,0.0,0.6617244556441411
5685,1.619047619047619,55.55555555555556,151.55494421403512,0.9917954273865939
5686,1.6547619047619047,51.02040816326531,0.0,1.0295053352619452
5687,2.4761904761904763,37.641723356009074,11.768707482993197,0.4728345589007231
5688,1.7560975609756098,36.408977556109726,30.236555908049624,0.656676679887763
5689,2.9516129032258065,62.60504201680672,11.910112359550562,0.6596935462690956
5690,1.0,100.0,0.0,0.6900666586707636
5691,1.8452380952380953,54.87528344671202,22.385254954448627,0.9952983904502146
5692,1.4285714285714286,66.21315192743764,0.0,0.6314479044405346
5693,1.880952380952381,39.909297052154194,101.80339887498948,1.0894554708696083
5694,1.8333333333333333,40.36281179138322,68.70435434783225,1.0313799229563312
5695,1.619047619047619,73.24263038548753,0.0,0.6810363727659017
5696,1.05,100.0,0.0,0.6900666586707636
5697,1.9880952380952381,71.20181405895691,18.441587350846486,0.551977986196113
5698,1.9166666666666667,48.75283446712018,90.78296224097195,1.0117467598555803
5699,1.8333333333333333,70.06802721088435,16.21147597936178,0.5870111716892371
5700,2.0833333333333335,35.374149659863946,14.565675969795226,0.7034085420663748
5701,1.6428571428571428,60.54421768707483,0.0,0.9722155073968348
5702,1.1547619047619047,92.06349206349206,0.0,0.26787733589126167
5703,2.2142857142857144,64.85260770975057,12.194607691256834,0.5404245557637325
5704,3.3088235294117645,70.86330935251799,18.98705293501316,0.7595967562356036
5705,1.0,100.0,0.0,0.6900666586707636
5706,2.0833333333333335,37.93911007025761,26.66481066771763,1.0504372394514574
5707,1.6904761904761905,61.678004535147394,15.243692768989048,0.3379682235266145
5708,2.0833333333333335,39.682539682539684,10.672391742460285,0.5864296972145899
5709,1.3452380952380953,63.492063492063494,0.0,0.6568316748235766
5710,1.0,100.0,0.0,0.6900666586707636
5711,3.142857142857143,70.52154195011337,19.179754740195634,0.717404144638544
5712,2.011904761904762,57.4370709382151,12.3606797749979,0.32747046935922475
5713,1.5952380952380953,53.28798185941043,34.721359549995796,0.5069333800107008
5714,2.4761904761904763,27.664399092970523,34.441547306112774,1.260859422045968
5715,1.5238095238095237,82.6086956521739,18.284271247461902,0.35270233013788044
5716,1.6904761904761905,49.65986394557823,40.63680810965727,0.6931216701389358
5717,1.9193548387096775,64.75770925110132,41.35849772454977,0.5900768546884505
5719,1.7023809523809523,52.83446712018141,40.0,0.6041645510208468
5721,1.7380952380952381,58.276643990929706,26.05551275463989,0.49178570372329833
5722,1.6785714285714286,50.79365079365079,20.0,0.4911904069822062
5724,1.25,92.97052154195012,0.0,0.2370035052555814
5725,1.6547619047619047,70.83333333333333,0.0,0.7356014938334986
5726,1.0,100.0,0.0,0.6900666586707636
5727,3.9423076923076925,68.51851851851852,11.573606327313003,0.627941588739906
5728,1.0,100.0,0.0,0.6900666586707636
5729,2.46875,51.40562248995984,24.078399278735535,0.5890026049647302
5730,3.210526315789474,52.01149425287356,20.75813315777713,0.7266035838165141
5731,1.0238095238095237,99.77324263038548,0.0,0.009205721925471222
5732,1.130952380952381,96.14512471655328,0.0,0.1481436221932862
5733,2.7261904761904763,33.78684807256236,24.43499929594945,1.0298353914720382
5734,1.8333333333333333,59.65909090909091,90.0,0.6524222923272627
5735,1.5952380952380953,71.20181405895691,0.0,0.768214947326354
5736,2.742857142857143,50.65359477124183,24.417676274554555,0.7132961843489295
5737,3.0714285714285716,59.63718820861678,16.53061224489796,0.5272091454319068
5738,2.25,38.095238095238095,27.42837314967674,0.964581104958212
5739,2.3333333333333335,33.560090702947846,10.82484706382445,1.0125749056660316
5740,1.7857142857142858,62.811791383219955,10.0,0.6536955566977527
5741,2.0121951219512195,39.285714285714285,0.0,1.0745322531310886
5743,1.8571428571428572,77.55102040816327,21.622776601683796,0.7082917024460194
5744,2.4523809523809526,40.36281179138322,10.232704248524211,1.0448325667437728
5745,1.0,100.0,0.0,0.6900666586707636
5746,1.0,100.0,0.0,0.6900666586707636
5748,2.511904761904762,69.16099773242631,18.060185737227155,0.5577111239688584
5749,2.238095238095238,37.641723356009074,23.470738477266483,0.7452352493124781
5751,1.7738095238095237,66.21315192743764,31.231056256176608,0.5947703182986654
5753,1.9047619047619047,51.1520737327189,20.23317965332667,0.5753404461654859
5754,2.3452380952380953,69.16099773242631,14.786969376521538,0.5888155340752825
5755,1.625,52.19638242894057,0.0,1.0178885016784553
5757,1.8064516129032258,81.43459915611814,0.0,0.444086389411871
5758,2.4047619047619047,35.82766439909297,35.29736412273962,1.2258413513900908
5760,1.8452380952380953,68.02721088435374,28.468191552017256,0.6981480352377596
5761,1.7619047619047619,72.33560090702947,31.907740481945407,0.4143593703682138
5762,1.9,78.46153846153847,0.0,0.6101988751694273
5764,1.6547619047619047,38.321995464852606,0.0,1.0927085103945764
5765,3.5595238095238093,47.16553287981859,15.877472080276622,0.8629869024870427
5766,1.3157894736842106,100.0,0.0,0.6900666586707636
5767,1.5833333333333333,80.0453514739229,23.319965018746764,0.4298690212031616
5768,2.4404761904761907,31.944444444444443,21.393518111005115,1.4452802667235434
5769,1.0,100.0,0.0,0.6900666586707636
5771,3.1463414634146343,28.095238095238095,40.206915636113706,1.4323935191637234
5773,2.0357142857142856,47.09976798143852,10.0,0.9394888290011869
5774,2.8333333333333335,28.904428904428904,10.418133564540664,1.0502012712064406
5775,2.392857142857143,42.857142857142854,24.88311436429317,1.1068373062464234
5776,1.1428571428571428,95.46485260770974,0.0,0.16945456529296415
5777,1.5,52.38095238095238,0.0,0.781380807601609
5778,1.4285714285714286,78.68480725623583,0.0,0.562118819847488
5779,1.5,73.24263038548753,0.0,0.5870111716892371
5781,1.7380952380952381,92.51700680272108,18.28401477732335,0.2542543903906543
5782,1.5357142857142858,50.11337868480726,20.0,0.39155876426514985
5783,2.3214285714285716,52.38095238095238,15.764563849410765,0.9601555843641538
5784,2.3452380952380953,56.46258503401361,22.85670930696382,0.6310152731892362
5785,2.3076923076923075,60.810810810810814,34.102370493184665,1.0031021011886028
5786,1.869047619047619,58.73015873015873,18.95346881172206,0.6900666586707636
5787,2.5476190476190474,43.764172335600904,23.235780422419467,0.7630603491350205
5788,1.8095238095238095,68.48072562358277,20.182370820668694,0.563639241089708
5789,1.4390243902439024,92.32673267326733,110.0,0.27755492943055693
5790,1.8095238095238095,57.36961451247166,27.52571908922904,0.5460893167820342
5791,2.0357142857142856,64.62585034013605,19.47780473293594,0.8655490133161731
5792,2.0833333333333335,43.31065759637188,15.469165701882206,0.4590807522603987
5793,1.9761904761904763,51.70068027210884,17.185513601315016,0.4781842759658027
5794,1.5476190476190477,66.89342403628117,20.0,0.7534850110315314
5795,1.7857142857142858,44.74885844748859,20.0,0.4613696562692287
5797,2.392857142857143,53.96825396825397,32.04621700620938,0.9291035199250842
5798,2.5833333333333335,39.229024943310655,34.543127795149694,1.30438176414169
5799,1.3452380952380953,66.21315192743764,0.0,0.636925958945354
5800,2.1341463414634148,66.33906633906633,0.0,0.6376207192732742
5801,1.0,100.0,0.0,0.6900666586707636
5802,1.0,100.0,0.0,0.6900666586707636
5803,2.2738095238095237,39.716312056737586,40.181445934292704,1.0613905271547999
5804,3.0595238095238093,31.59090909090909,21.0,1.2974360571603938
5805,1.9642857142857142,37.414965986394556,70.0,1.2687132206050555
5806,1.5238095238095237,91.15646258503402,53.8547487105976,0.29531746820340926
5807,1.0,100.0,0.0,0.6900666586707636
5808,1.1,100.0,0.0,0.6900666586707636
5809,1.0,100.0,0.0,0.6900666586707636
5811,1.9761904761904763,39.351851851851855,20.0,1.0264073980515176
5813,1.0714285714285714,99.09297052154194,265.86228448267445,0.036434415869936856
5815,3.0238095238095237,23.12925170068027,17.061440647401746,0.7780835487390836
5816,2.4761904761904763,34.467120181405896,28.436363636363637,1.2573351044377583
5821,1.0,100.0,0.0,0.6900666586707636
5822,2.357142857142857,45.57823129251701,15.27916003569386,0.42681695528136204
5823,1.8095238095238095,55.78231292517007,31.231056256176608,0.5557007965751773
5824,2.1666666666666665,82.76643990929705,15.099248903798445,0.3673991111448733
5825,1.5595238095238095,78.68480725623583,12.3606797749979,0.5782289206293609
5826,1.0,100.0,0.0,0.6900666586707636
5827,1.0357142857142858,99.54648526077098,0.0,0.02028458805428382
5828,1.1547619047619047,96.59863945578232,130.0,0.1276352443609104
5829,1.2857142857142858,88.66213151927438,0.0,0.3379682235266145
5830,1.9404761904761905,32.6530612244898,30.0,0.7271766690660362
5831,2.1785714285714284,46.25850340136054,23.603517472359602,0.8689810939560518
5832,3.2142857142857144,42.63038548752834,10.037273891184178,1.083930889888979
5834,2.7976190476190474,81.40589569160997,13.939575916771952,0.451077960042426
5835,1.2380952380952381,90.9297052154195,0.0,0.2868359830561607
5836,1.619047619047619,51.92743764172336,40.0,0.5583774068097463
5838,2.3658536585365852,29.095354523227385,22.636363636363637,1.01409304761342
5840,1.6829268292682926,89.35643564356435,18.322782185665403,0.27639509613170055
5841,1.630952380952381,45.57823129251701,0.0,1.06354173556586
5842,2.2738095238095237,36.734693877551024,24.94033457030282,0.6499878819913241
5843,1.5119047619047619,57.142857142857146,0.0,0.8972661371105054
5844,1.4642857142857142,85.26077097505669,40.77904614081269,0.3756102595012569
5845,3.1547619047619047,50.11494252873563,39.97729573529767,1.1660694554498696
5846,2.8333333333333335,22.90249433106576,15.591554006670432,1.3178795953208744
5847,3.0625,31.070496083550914,27.888900403699544,1.1222115332213243
5848,2.573529411764706,50.173010380622834,25.403548874582995,0.9732123909346455
5849,1.0,100.0,0.0,0.6900666586707636
5851,1.9404761904761905,39.002267573696145,0.0,1.214267244715646
5852,2.011904761904762,29.931972789115648,25.109715742117746,0.9960881630544947
5853,2.0675675675675675,74.92354740061162,79.44271909999159,0.7025485745070431
5854,1.8214285714285714,64.85260770975057,31.231056256176608,0.5955162189583413
5855,2.1875,41.794871794871796,24.42279771157999,1.0062493522710292
5857,1.3095238095238095,90.02267573696145,33.90571996025089,0.29531746820340926
5858,1.8333333333333333,36.507936507936506,40.0,0.825670740918981
5859,1.8571428571428572,59.183673469387756,20.0,0.929478653544322
5860,1.5119047619047619,47.16553287981859,97.70329614269008,1.0407102853422816
5861,2.5,33.560090702947846,30.105470032538136,0.9826159446878882
5862,1.2023809523809523,87.98185941043084,0.0,0.36143379385448493
5863,1.380952380952381,57.142857142857146,0.0,0.6845482418682356
5864,1.3214285714285714,88.88888888888889,0.0,0.3455622419865625
5865,2.3333333333333335,27.664399092970523,45.000027132785085,1.0803144092376944
5866,1.0,100.0,0.0,0.6900666586707636
5867,1.8571428571428572,59.41043083900227,36.32124352331606,0.8478714018910511
5868,2.1707317073170733,78.04878048780488,48.309518948453004,0.4591795942019822
5869,1.3214285714285714,77.77777777777777,0.0,0.5234205359555119
5870,1.8333333333333333,67.80045351473923,63.07233464197744,0.9255587708766073
5871,2.9523809523809526,40.36281179138322,30.979675637764398,1.1446714415637453
5873,1.6666666666666667,65.75963718820861,30.0,0.8408105331598221
5874,2.4047619047619047,55.687203791469194,64.2247180279335,0.9130619307319331
5875,1.0,100.0,0.0,0.6900666586707636
5877,1.8214285714285714,39.682539682539684,0.0,1.2663843306539926
5878,1.0,100.0,0.0,0.6900666586707636
5879,1.6666666666666667,81.36792452830188,150.9715519974275,0.5196720218856754
5880,1.368421052631579,100.0,0.0,0.6900666586707636
5882,3.7142857142857144,36.054421768707485,11.36713363100025,0.9372524615675648
5883,1.4404761904761905,86.84807256235828,12.360679774997898,0.21060560827833139
5885,2.2023809523809526,42.63038548752834,11.931811389582773,0.6820338129816279
5886,2.0238095238095237,42.63038548752834,18.584686774941996,0.5432440904254452
5887,2.1666666666666665,70.97505668934241,18.75,0.6893804143868862
5891,1.2857142857142858,100.0,0.0,0.6900666586707636
5892,1.0,100.0,0.0,0.6900666586707636
5894,1.0,100.0,0.0,0.6900666586707636
5898,2.3536585365853657,40.79601990049751,88.48857801796103,1.2370420165308214
5899,2.130952380952381,44.67120181405895,18.284271247461902,0.5077399081474974
5900,1.6785714285714286,42.63038548752834,43.6321988149245,0.6774031298659848
5901,1.5238095238095237,48.75283446712018,40.0,0.5346321185173757
5904,2.4404761904761907,87.75510204081633,10.0,0.3709379907515273
5905,2.1951219512195124,61.613691931540345,10.407423176104684,0.38974949203156584
5906,2.2027027027027026,48.5207100591716,12.360679774997898,0.5119177355001069
5907,2.3452380952380953,49.20634920634921,45.03369346105806,1.1635103503499329
5908,1.0,100.0,0.0,0.6900666586707636
5911,1.9642857142857142,50.80091533180778,20.396123342711885,0.6452120930943056
5912,2.1794871794871793,62.63157894736842,20.0,0.7829628750459949
5913,2.392857142857143,61.267605633802816,30.177777849061897,0.4467681554243551
5916,3.380952380952381,66.66666666666667,12.930029953622295,0.7424353444059933
5917,1.0,100.0,0.0,0.6900666586707636
5918,1.05,100.0,0.0,0.6900666586707636
5919,1.5833333333333333,75.28344671201815,0.0,0.7135411600188271
5920,2.4642857142857144,38.321995464852606,16.00186387582928,0.9935651672675394
5921,1.4642857142857142,91.60997732426304,19.456656288134585,0.20718691764041214
5922,2.0,37.641723356009074,16.063828422898013,0.8916960048071049
5923,1.7023809523809523,48.29931972789116,40.0,0.596625532831068
5926,1.880952380952381,64.85260770975057,18.284271247461902,0.48170358168672356
5927,1.103448275862069,100.0,0.0,0.6900666586707636
5928,1.4285714285714286,83.90022675736961,0.0,0.44554124036656795
5929,2.0952380952380953,60.317460317460316,13.770021130915456,0.6873646346519351
5930,2.207317073170732,85.4014598540146,0.0,0.4933331673652458
5931,1.9523809523809523,86.84807256235828,12.360679774997898,0.39267446722755217
5932,1.0,100.0,0.0,0.6900666586707636
5933,1.3928571428571428,88.20861678004535,46.68181818181818,0.3431741357673657
5934,1.5476190476190477,53.51473922902494,30.0,0.4467087273399621
5935,1.369047619047619,52.83446712018141,0.0,0.7183489356889995
5937,2.142857142857143,34.69387755102041,61.42857142857143,1.4286311413187833
5938,1.8928571428571428,51.24716553287982,0.0,1.0252894296740904
5939,1.0,100.0,0.0,0.6900666586707636
5943,1.6666666666666667,63.038548752834465,34.721359549995796,0.902924545526796
5944,2.130952380952381,53.74149659863946,27.84567081211654,0.6793928183207467
5945,1.869047619047619,58.73015873015873,18.95346881172206,0.6900666586707636
5946,1.0,100.0,0.0,0.6900666586707636
5947,1.869047619047619,66.3529411764706,12.3606797749979,0.6232469090302296
5948,1.380952380952381,76.87074829931973,0.0,0.5302028718738865
5949,2.142857142857143,78.91156462585035,94.40306508910551,0.7282059134311957
5950,1.6547619047619047,61.45124716553288,40.0,0.5481810556897022
5951,1.9166666666666667,65.3061224489796,89.39259145281609,1.0212835026954372
5952,2.0476190476190474,47.16553287981859,34.95340703721597,0.9057211721583349
5953,2.2738095238095237,33.333333333333336,13.487792595080174,0.8150953748180578
5954,1.0,100.0,0.0,0.6900666586707636
5955,1.0,100.0,0.0,0.6900666586707636
5956,1.2142857142857142,95.91836734693878,60.0,0.14211381154630345
5957,2.011904761904762,59.30232558139535,12.360679774997898,0.31548370782615576
5959,1.5833333333333333,67.57369614512471,30.0,0.4476757000177537
5960,2.392857142857143,24.71655328798186,34.721359549995796,1.3714999637296417
5961,2.7195121951219514,40.0,10.0,0.6717931787995195
5963,1.6547619047619047,76.64399092970521,258.700576850888,0.5907337839719287
5964,1.8452380952380953,42.63038548752834,10.0,0.9090789658336353
5965,2.0476190476190474,33.333333333333336,18.284271247461902,0.5375444124735402
5966,1.4285714285714286,84.58049886621315,0.0,0.5164202236508029
5967,2.3333333333333335,38.54875283446712,33.22717718956809,1.209453838594317
5968,1.9880952380952381,68.48072562358277,21.22723506885307,0.496248763305596
5969,2.6785714285714284,27.397260273972602,13.743379460770104,1.0500340268138977
5970,1.8214285714285714,33.333333333333336,63.56333548062582,1.0929351554157198
5971,2.2976190476190474,44.21768707482993,22.6140224321766,1.2143808429714507
5972,1.9880952380952381,68.93424036281179,44.30051813471503,0.8311163424408653
5973,2.5595238095238093,36.054421768707485,36.21117858143309,1.1753170037834773
5974,2.9523809523809526,56.91609977324263,10.34013605442177,0.6270487968058396
5975,2.4166666666666665,73.92290249433107,20.678718097681774,0.40039917444896944
5976,2.1794871794871793,55.52486187845304,58.0721727919911,0.7950922418015351
5977,1.0,100.0,0.0,0.6900666586707636
5978,2.8333333333333335,73.42657342657343,60.710678118654755,0.7781450584508858
5979,3.0833333333333335,81.859410430839,50.82762530298219,0.4894774874037761
5980,2.2857142857142856,56.235827664399096,15.39417315041806,0.4951533276424086
5981,1.0476190476190477,99.31972789115646,0.0,0.03021296566677581
5982,1.7023809523809523,46.48526077097506,68.10249675906654,0.9572562623014274
5983,1.0,100.0,0.0,0.6900666586707636
5985,1.8452380952380953,64.17233560090703,18.53654332855642,0.2967152565836348
5986,1.2619047619047619,85.94104308390023,0.0,0.394896686264308
5987,1.5833333333333333,73.69614512471655,20.0,0.3847994983433037
5989,3.357142857142857,80.49886621315193,31.82218752515214,0.5361197010198633
5992,1.6547619047619047,74.60317460317461,30.0,0.5904014955102617
5995,2.0714285714285716,54.19501133786848,46.9017367106457,0.8264013834653829
5997,2.2142857142857144,49.20634920634921,30.02987097213008,0.7670635137203499
5998,2.2261904761904763,34.49074074074074,11.395348837209303,0.823989138317757
5999,1.635135135135135,86.68639053254438,0.0,0.3750037179277401
6000,1.5357142857142858,73.01587301587301,0.0,0.7043203138189866
6001,2.7142857142857144,27.210884353741495,21.681939499682723,1.073365561565727
6002,2.238095238095238,52.15419501133787,20.0,1.0721713658810734
6003,1.8333333333333333,75.51020408163265,35.759637188208615,0.46556748968912554
6005,1.5833333333333333,76.12293144208037,62.89754204597561,0.5118801534898589
6006,1.3414634146341464,83.01435406698565,0.0,0.45927519821309715
6007,3.2857142857142856,31.065759637188208,12.16105915508579,1.3598957019094993
6009,2.011904761904762,46.93877551020408,26.055512754639892,1.0448469332552057
6010,1.8095238095238095,63.038548752834465,10.0,0.8375117897614703
6011,1.0,100.0,0.0,0.6900666586707636
6012,2.738095238095238,47.84580498866213,32.810580007082116,0.9440425509605082
6013,2.511904761904762,51.92743764172336,10.0,0.9857219029794855
6014,1.880952380952381,68.93424036281179,29.915835887733344,0.6392489843292287
6015,3.0714285714285716,41.49659863945578,20.205701245521215,0.6951817909855929
6016,2.511904761904762,42.694063926940636,18.21917808219178,0.5800364297356053
6018,3.119047619047619,33.10657596371882,24.04491580671976,0.9380451571596551
6019,1.8214285714285714,56.46258503401361,36.69703872437358,0.5482485204059627
6020,2.392857142857143,48.5781990521327,36.958211683927445,0.8518953251324881
6021,1.8333333333333333,53.06122448979592,15.335276533252324,0.8248158400012501
6022,1.9523809523809523,36.961451247165535,43.85164807134504,1.052744547580194
6025,1.9523809523809523,71.42857142857143,39.31844690562989,0.6950998078497608
6026,2.9404761904761907,48.83177570093458,11.170930207376696,0.6728557213204479
6027,2.0714285714285716,37.414965986394556,32.426406871192846,0.991158581883097
6028,2.107142857142857,37.868480725623584,23.42105263157895,1.1279050685145406
6029,1.0,100.0,0.0,0.6900666586707636
6031,2.033333333333333,79.53488372093024,97.70329614269008,0.32849318929708393
6032,1.0,100.0,0.0,0.6900666586707636
6033,1.5595238095238095,56.68934240362812,40.0,0.5338989936645611
6034,1.7023809523809523,76.19047619047619,26.64077373574091,0.7179432743242329
6035,2.5238095238095237,39.002267573696145,10.332654719451869,0.8426079992376339
6036,1.3928571428571428,66.66666666666667,0.0,0.6318789236615519
6037,2.357142857142857,35.83617747440273,32.653365157524604,0.9797680903623551
6038,2.1538461538461537,57.32484076433121,120.0,0.9333546954150755
6039,3.2738095238095237,30.839002267573697,14.315162023644135,0.7914472233340298
6040,1.880952380952381,77.77777777777777,30.663644080930123,0.5881213287505568
6041,1.5238095238095237,63.718820861678005,70.0,0.6496295038033966
6042,2.0,48.29931972789116,43.85164807134504,1.2721283896135773
6044,1.3928571428571428,75.73696145124717,20.0,0.5467885252338069
6045,1.625,90.37433155080214,0.0,0.32671690715664004
6046,1.5833333333333333,60.54421768707483,47.21600916267676,0.4911904069822062
6047,2.2058823529411766,40.51094890510949,104.82411441511037,1.1605301672338857
6048,2.011904761904762,66.89342403628117,16.684041807957936,0.6674846149957914
6049,1.6785714285714286,52.15419501133787,0.0,1.0128080784895355
6051,2.369047619047619,41.26984126984127,13.765278029320156,0.908488089939981
6052,1.7857142857142858,45.80498866213152,40.99019513592785,1.0521103957818512
6053,2.2714285714285714,51.71232876712329,0.0,1.2039948553073963
6054,1.6071428571428572,70.74829931972789,149.6658440671279,0.671815974803307
6055,2.261904761904762,37.414965986394556,10.0,1.1415429832746968
6056,1.5952380952380953,49.43310657596372,20.0,0.36263364361387745
6057,1.4404761904761905,57.142857142857146,0.0,0.6823878740213982
6058,2.7023809523809526,49.88662131519274,13.194444444444445,0.5282406441918125
6059,2.142857142857143,41.043083900226755,12.733716758608216,0.7855858000574544
6060,1.9523809523809523,70.74829931972789,25.978003072576467,0.5927283050129112
6061,1.9558823529411764,63.066202090592334,0.0,0.8384891697604049
6062,1.8,69.64285714285714,20.024366015040297,0.43074378863227303
6064,1.880952380952381,72.74826789838338,38.28018987398665,0.564558540167365
6065,2.0833333333333335,51.92743764172336,35.524793633650056,0.5509426654817893
6066,1.0476190476190477,99.76525821596245,18.284271247461902,0.6900666586707636
6067,2.341463414634146,38.970588235294116,41.65602621478144,0.7934081422664798
6069,1.1666666666666667,97.05215419501134,0.0,0.1080640186652094
6070,2.1666666666666665,34.92063492063492,27.271482506968947,0.8342384790040027
6071,1.5357142857142858,59.863945578231295,20.0,0.33923586196437505
6072,2.0952380952380953,45.12471655328798,65.28834547460522,1.0795720120402597
6073,1.0,100.0,0.0,0.6900666586707636
6074,2.142857142857143,39.229024943310655,12.3606797749979,0.9574647205278801
6075,1.1666666666666667,95.91836734693878,0.0,0.150131688316874
6077,2.0952380952380953,43.764172335600904,12.360679774997898,0.9586859881671304
6078,3.275,27.75,17.852804273251405,1.2417266450808946
6080,1.1428571428571428,95.69160997732426,0.0,0.16184273448660175
6081,2.4642857142857144,83.90022675736961,38.520297886056426,0.46167654737351826
6082,1.3888888888888888,100.0,0.0,0.6900666586707636
6083,1.9642857142857142,82.08616780045351,18.957213739421523,0.35085204711528706
6084,3.130952380952381,31.519274376417233,29.05147665255387,1.307850132551912
6085,1.9523809523809523,65.07936507936508,28.882998191556595,0.6153135503198695
6086,1.2738095238095237,87.07482993197279,0.0,0.3756102595012569
6087,2.0,63.492063492063494,32.65746564461408,1.0533600050926157
6088,2.4047619047619047,36.507936507936506,10.0,0.9862317063031472
6089,1.9880952380952381,32.11009174311926,10.0,1.4818262732576701
6091,2.4047619047619047,37.188208616780045,11.053874899552634,0.6825468736417724
6092,1.9642857142857142,46.25850340136054,40.0,0.7584966818175382
6094,2.369047619047619,69.16099773242631,10.088604602814934,0.4318901318012787
6095,2.0,31.065759637188208,30.0,1.1141963082282127
6096,1.5714285714285714,72.10884353741497,186.9771560359221,0.7623166100514949
6097,1.5952380952380953,44.89795918367347,0.0,1.0332368644717849
6098,2.3452380952380953,62.358276643990926,21.322268842346986,0.8668399181786973
6099,1.3452380952380953,88.88888888888889,0.0,0.35171047884938955
6100,1.7738095238095237,63.492063492063494,18.284271247461902,0.3893181132722048
6101,1.7027027027027026,81.41592920353982,40.0,0.5425476037378092
6102,3.3214285714285716,66.66666666666667,11.57521062254054,0.5338989936645611
6103,1.8928571428571428,69.84126984126983,44.79124046372425,0.8339570592749285
6104,1.0,100.0,0.0,0.6900666586707636
6105,1.0238095238095237,99.77324263038548,0.0,0.009205721925471222
6106,1.9047619047619047,44.89795918367347,10.0,1.112992059856532
6107,1.0952380952380953,100.0,0.0,0.6900666586707636
6108,2.8214285714285716,80.95238095238095,21.588228029487766,0.5896929519994761
6109,1.9285714285714286,50.79365079365079,18.634011963467188,0.8845653060135414
6110,1.4642857142857142,69.84126984126983,0.0,0.688301017742458
6112,2.5833333333333335,23.356009070294785,40.00697688501369,1.3202534157334676
6113,1.5625,52.151898734177216,0.0,0.9522901630429076
6114,1.7261904761904763,42.63038548752834,0.0,1.1361803865190252
6116,1.7142857142857142,59.41043083900227,0.0,0.9527083855122002
6117,1.5,71.42857142857143,0.0,0.7744913860486603
6118,2.275,45.47738693467337,16.11111111111111,1.0093168580930194
6119,1.8,50.12853470437018,12.572455542724324,0.6929872943402716
6120,1.1904761904761905,86.39455782312925,0.0,0.39267446722755217
6121,2.0714285714285716,41.723356009070294,54.72479826224731,1.0073337064079004
6122,1.7738095238095237,53.18181818181818,31.231056256176604,0.8754771111865585
6123,2.369047619047619,41.950113378684804,13.376508648225583,1.0054617815190259
6124,1.837837837837838,38.368580060422964,0.0,1.2443566986176753
6125,1.5238095238095237,85.03401360544218,124.5362404707371,0.5354794130322059
6126,1.8333333333333333,44.21768707482993,0.0,1.1046705197406963
6127,1.1785714285714286,96.59863945578232,0.0,0.14413487348121984
6129,3.0952380952380953,24.71655328798186,12.650602409638553,0.9876419776301295
6130,2.5476190476190474,45.35147392290249,20.892043575681086,0.5826148771435993
6131,1.975,44.38775510204081,40.0,0.6657864099214057
6132,1.0,100.0,0.0,0.6900666586707636
6133,1.9880952380952381,62.23277909738717,70.89121957953432,0.9117274701731801
6134,3.0595238095238093,79.81859410430839,11.329765181633594,0.48735189695482495
6135,2.4285714285714284,26.75736961451247,15.379136278465227,1.1098884674571348
6136,1.3214285714285714,78.45804988662131,0.0,0.5141143571257015
6137,1.0,100.0,0.0,0.6900666586707636
6139,3.119047619047619,46.71201814058957,12.6902946189193,0.9014813652838778
6140,1.8452380952380953,41.723356009070294,20.0,0.8141738125256651
6142,1.9166666666666667,53.06122448979592,21.622776601683796,0.9896498453259779
6143,1.3333333333333333,90.02267573696145,162.6267650163207,0.3734319779476158
6144,2.0714285714285716,53.74149659863946,20.0,0.867368283927874
6145,1.7261904761904763,53.51473922902494,0.0,0.9543755032033872
6146,1.0,100.0,0.0,0.6900666586707636
6147,3.1794871794871793,38.522427440633244,23.632276103070698,0.8273776767290952
6148,1.105263157894737,100.0,0.0,0.6900666586707636
6149,1.6666666666666667,78.45804988662131,11.029439770775353,0.2511684374110193
6150,2.5357142857142856,52.73159144893112,24.178149133225503,0.5882655125786924
6151,2.451219512195122,39.46078431372549,22.95080281754919,1.0270748792679512
6152,2.426470588235294,68.08510638297872,91.09590576127766,0.8152166308777975
6153,3.1904761904761907,40.58956916099773,14.43109540620775,1.204182480975707
6154,1.9047619047619047,59.183673469387756,12.360679774997898,0.9399145377978306
6156,1.6341463414634145,88.80597014925372,0.0,0.3615779562578473
6158,1.0,100.0,0.0,0.6900666586707636
6159,1.5357142857142858,53.06122448979592,20.0,0.36383008546231416
6160,1.6547619047619047,61.45124716553288,18.2842712474619,0.7763471858549154
6161,2.4285714285714284,48.29931972789116,104.11198465727034,1.0324345010482288
6164,1.9404761904761905,38.321995464852606,32.426406871192846,1.0687171798613428
6165,1.869047619047619,58.73015873015873,18.95346881172206,0.6900666586707636
6166,1.105263157894737,100.0,0.0,0.6900666586707636
6167,1.880952380952381,73.01587301587301,23.888744887493218,0.48863064377205784
6168,1.6666666666666667,65.07936507936508,18.31114950468182,0.394896686264308
6169,1.7261904761904763,68.63636363636364,57.20297754863922,0.7488528550786673
6170,1.853658536585366,64.07766990291262,21.359223300970875,0.20957218204186293
6171,3.5833333333333335,46.93877551020408,10.635598465888577,0.8654420195937749
6172,1.0476190476190477,99.31972789115646,0.0,0.03021296566677581
6173,1.2857142857142858,100.0,0.0,0.6900666586707636
6174,1.0,100.0,0.0,0.6900666586707636
6176,1.130952380952381,95.91836734693878,0.0,0.15603279458857647
6177,1.0,100.0,0.0,0.6900666586707636
6178,3.857142857142857,26.53061224489796,11.97532826572881,1.2951552808493805
6179,2.0714285714285716,32.87981859410431,47.86680127669814,0.7537214837880739
6180,1.8333333333333333,49.43310657596372,27.28512143297745,0.5799151714181009
6181,2.369047619047619,80.72562358276645,16.017452844956193,0.4237402004999783
6182,2.2023809523809526,39.229024943310655,25.431691000110703,0.9369183555225751
6183,1.3571428571428572,87.98185941043084,0.0,0.355382896246011
6185,1.630952380952381,92.29024943310658,68.28306398946218,0.2557892071563156
6186,3.0595238095238093,33.78684807256236,10.0,0.6821830716476612
6187,1.8571428571428572,67.57369614512471,44.70517727225253,0.7702476191339637
6188,2.2976190476190474,68.93424036281179,16.126453370477076,0.810509324055837
6189,1.1904761904761905,91.70506912442396,0.0,0.2725756539468335
6190,1.0,100.0,0.0,0.6900666586707636
6192,1.6547619047619047,78.45804988662131,18.284271247461902,0.5605144113965369
6193,1.6071428571428572,68.70748299319727,31.231056256176604,0.48948617787537874
6194,2.238095238095238,31.519274376417233,13.361637816239424,0.971518986346586
6195,2.0595238095238093,39.909297052154194,88.82067206699939,1.2592299749605638
6196,1.2142857142857142,100.0,0.0,0.6900666586707636
6197,1.5,100.0,0.0,0.6900666586707636
6198,1.869047619047619,58.73015873015873,18.95346881172206,0.6900666586707636
6200,1.7261904761904763,49.20634920634921,20.0,0.5550268506691487
6201,1.6547619047619047,54.19501133786848,40.0,0.5523117982255072
6202,1.9761904761904763,44.44444444444444,75.82162746638298,0.9785595111483004
6203,1.7738095238095237,72.78911564625851,10.0,0.387065056684456
6204,1.4,100.0,0.0,0.6900666586707636
6205,2.2261904761904763,37.414965986394556,56.93231260830615,1.1572755726941184
6206,1.9230769230769231,70.44198895027624,0.0,0.8617137647663436
6207,1.0714285714285714,98.63945578231292,0.0,0.05925858145533138
6208,2.107142857142857,39.229024943310655,15.845175442125862,0.60919565851586
6209,2.2142857142857144,37.641723356009074,12.931521766196838,0.4328966327294673
6211,2.6527777777777777,59.190031152647975,116.01702818528679,0.9773734724247898
6214,1.1547619047619047,97.01149425287356,0.0,0.11155341880073762
6215,2.267857142857143,70.74468085106383,0.0,0.5781792057979604
6217,1.869047619047619,62.811791383219955,124.53624047073708,0.8981680214750529
6218,1.5476190476190477,73.69614512471655,0.0,0.7377145810196725
6219,1.630952380952381,51.02040816326531,0.0,0.8688870562038689
6220,1.8095238095238095,45.35147392290249,151.24515496597098,0.95626414715507
6221,1.8214285714285714,50.79365079365079,26.055512754639892,0.9580099434176282
6222,1.7738095238095237,36.961451247165535,33.84883442095743,1.252548666829667
6223,2.238095238095238,49.43310657596372,36.76871346018434,0.6098522372029994
6224,1.9404761904761905,37.868480725623584,43.975903614457835,0.6667601392169216
6225,1.0,100.0,0.0,0.6900666586707636
6226,2.4523809523809526,30.612244897959183,29.027783739139647,1.2478335443400796
6227,1.0769230769230769,100.0,0.0,0.6900666586707636
6228,1.2619047619047619,94.10430839002268,0.0,0.19144408195771734
6230,2.607142857142857,63.356973995271865,17.521653183641686,0.5199383985516964
6231,1.0,100.0,0.0,0.6900666586707636
6233,1.8214285714285714,62.358276643990926,21.829799993442734,0.6079832853194602
6234,1.6071428571428572,58.73015873015873,54.03124237432848,0.9389460227082751
6235,1.5952380952380953,85.03401360544218,20.236643038824514,0.26338335888071124
6236,2.2023809523809526,42.280285035629454,40.0,0.8674583014915052
6237,1.8902439024390243,56.86746987951807,0.0,0.9573104803253558
6238,1.8333333333333333,46.71201814058957,42.680851063829785,0.9927875425835309
6239,2.475,43.08093994778068,10.0,0.4282053358267379
6241,2.0875,65.23929471032746,0.0,0.8522009147641045
6242,1.0595238095238095,99.09297052154194,0.0,0.03945184585421838
6243,1.3,100.0,0.0,0.6900666586707636
6245,1.8214285714285714,81.17913832199547,17.826741797108895,0.49708266645195165
6246,1.8452380952380953,42.40362811791383,18.585167750094474,0.6534866597707841
6247,2.6794871794871793,44.32432432432432,24.769836629045518,0.3972872919882221
6248,1.0,100.0,0.0,0.6900666586707636
6250,1.0,100.0,0.0,0.6900666586707636
6253,2.1341463414634148,77.61557177615572,19.467564049983313,0.4007316830960861
6254,1.1071428571428572,98.41269841269842,0.0,0.07234291534838481
6255,1.4047619047619047,86.39455782312925,0.0,0.43988651305362053
6256,1.869047619047619,58.73015873015873,18.95346881172206,0.6900666586707636
6257,1.8214285714285714,77.54629629629629,48.867240987695226,0.5351423879271072
6258,1.0476190476190477,99.31972789115646,0.0,0.03021296566677581
6259,1.9642857142857142,50.11337868480726,46.568542494923804,0.8973574299195066
6260,2.2142857142857144,66.66666666666667,18.284271247461902,0.7626179735171495
6261,2.324324324324324,35.11904761904762,59.25274709458583,0.8808186804818456
6262,2.857142857142857,38.321995464852606,40.67455086749375,1.227758522570787
6263,1.0595238095238095,99.31972789115646,0.0,0.03335700604079931
6264,1.380952380952381,100.0,0.0,0.6900666586707636
6266,1.9078947368421053,54.061624649859944,30.0,1.0814093232167745
6267,1.7317073170731707,65.53398058252426,63.00813008130081,0.888459511093611
6268,1.2857142857142858,89.79591836734694,0.0,0.350801498017758
6269,1.7619047619047619,75.29691211401425,12.360679774997898,0.6267518664497376
6270,2.533333333333333,60.74766355140187,13.31619058910242,0.08572157070354136
6272,1.9880952380952381,56.00907029478458,12.360679774997898,0.6884907138053875
6273,1.9880952380952381,47.61904761904762,45.43440847477446,0.6931294650358306
6274,2.0714285714285716,48.52607709750567,23.295967511605262,0.9033008016202956
6275,1.1785714285714286,95.46485260770974,0.0,0.16375984434440055
6277,2.0238095238095237,56.440281030444964,33.902979545048595,1.0629259354413958
6281,1.8928571428571428,60.54421768707483,21.6227766016838,0.5234205359555119
6282,1.9285714285714286,72.78911564625851,32.526089673479426,0.5360922991018108
6284,2.0,74.04761904761905,16.57858631664296,0.7846561324884436
6285,1.9705882352941178,50.714285714285715,0.0,0.965480948972338
6286,1.0,100.0,0.0,0.6900666586707636
6287,1.0,100.0,0.0,0.6900666586707636
6288,1.3095238095238095,89.3424036281179,26.055512754639892,0.31180383745921925
6291,1.119047619047619,97.05215419501134,0.0,0.11690684913753106
6292,1.8571428571428572,52.38095238095238,24.309896701612224,0.5404245557637325
6294,1.5952380952380953,84.80725623582767,10.0,0.2693651382692679
6295,1.8333333333333333,50.79365079365079,20.054854420338607,0.4954113328700338
6296,2.1666666666666665,49.20634920634921,60.71067811865476,1.0346364243372976
6297,2.25,37.56345177664975,20.0,0.5966459253136392
6298,1.7976190476190477,56.68934240362812,28.458373382450898,0.582903294121053
6299,2.3095238095238093,23.356009070294785,18.655428895970143,1.0021153406793886
6300,1.630952380952381,60.317460317460316,40.0,0.5481810556897022
6301,1.7976190476190477,64.62585034013605,26.996446675026625,0.8683870762239613
6302,1.3095238095238095,92.32558139534883,0.0,0.26428255304465303
6303,2.1666666666666665,39.682539682539684,48.00486241069692,1.089034988621576
6304,2.9285714285714284,25.761124121779858,10.853648559457433,0.5584833641129394
6306,2.7023809523809526,33.10657596371882,11.031403622752299,0.6327361320590759
6307,1.1547619047619047,93.87755102040816,0.0,0.21736055602492949
6308,2.488095238095238,29.25170068027211,24.381782002183467,1.3130921661086332
6309,2.7976190476190474,25.396825396825395,14.49582409177058,1.4681569821368314
6310,1.869047619047619,58.73015873015873,18.95346881172206,0.6900666586707636
6312,2.242424242424242,64.2023346303502,22.545664390425273,0.5512811858637857
6313,1.2333333333333334,100.0,0.0,0.6900666586707636
6314,2.0476190476190474,31.519274376417233,66.48142484193025,1.3681092850037742
6315,2.9166666666666665,58.049886621315196,12.006920415224913,0.7366136610193619
6316,2.0357142857142856,44.89795918367347,29.480422023126543,0.6521056627727886
6319,2.1463414634146343,48.92086330935252,36.87346806006423,0.6011538111794036
6320,1.0,100.0,0.0,0.6900666586707636
6321,1.8452380952380953,51.14678899082569,53.24555320336759,0.9923436261058287
6322,1.9305555555555556,98.37133550488599,0.0,0.061020797370209205
6323,1.0,100.0,0.0,0.6900666586707636
6324,2.738095238095238,48.75283446712018,19.911328483178035,0.7818419942682691
6325,1.869047619047619,71.42857142857143,21.622776601683796,0.5523117982255072
6327,1.6904761904761905,71.20181405895691,13.749015507852866,0.7156766340373482
6328,2.142857142857143,54.87528344671202,97.70329614269008,1.144075913000603
6331,1.0,100.0,0.0,0.6900666586707636
6332,1.5476190476190477,51.92743764172336,30.0,0.48691270946460224
6333,2.25,56.91609977324263,19.10798750988478,0.5921645427281976
6334,1.5,75.28344671201815,30.0,0.49708395419202456
6335,2.0476190476190474,50.56689342403628,43.853658536585364,1.0685416518795394
6336,1.9634146341463414,63.333333333333336,39.38677745193336,0.698105574587031
6337,1.6428571428571428,61.904761904761905,29.387755102040817,0.4349015678890801
6339,1.0,100.0,0.0,0.6900666586707636
6340,1.7142857142857142,67.34693877551021,18.284271247461902,0.3578136464324508
6342,2.3095238095238093,37.414965986394556,58.826707008797804,1.268791026928529
6343,1.5357142857142858,80.0453514739229,0.0,0.6142964635114481
6345,2.5833333333333335,29.931972789115648,22.73401606629715,1.0235236675426977
6346,1.5476190476190477,84.63356973995272,18.284271247461902,0.4853206749737186
6347,2.2738095238095237,33.333333333333336,12.360679774997898,0.9626368530258176
6349,1.7261904761904763,71.20181405895691,29.140223212912222,0.65551200139909
6350,1.6904761904761905,57.59637188208617,20.0,0.5706511896499971
6351,1.2976190476190477,76.41723356009071,0.0,0.5368193623290812
6352,1.869047619047619,58.73015873015873,18.95346881172206,0.6900666586707636
6354,2.238095238095238,39.45578231292517,82.91413694567777,1.2140411013655048
6355,2.2023809523809526,44.44444444444444,13.590425531914894,0.9677716080983386
6356,1.8333333333333333,36.507936507936506,26.05551275463989,1.0380650667045042
6357,2.0277777777777777,47.98761609907121,76.02325267042627,1.0297636638241798
6359,3.630952380952381,58.50340136054422,12.061725565400806,0.852933128536278
6360,1.4761904761904763,100.0,0.0,0.6900666586707636
6361,1.869047619047619,58.73015873015873,18.95346881172206,0.6900666586707636
6363,2.2560975609756095,54.91606714628298,46.568542494923804,0.6041242641094842
6364,2.475,31.9693094629156,18.279633011961813,1.3553327627957603
6365,1.6785714285714286,74.37641723356009,0.0,0.8149080579119058
6367,1.5357142857142858,44.44444444444444,20.0,0.36383008546231416
6368,2.142857142857143,36.734693877551024,18.2842712474619,0.6474466390346325
6370,1.4642857142857142,91.60997732426304,97.70329614269008,0.28826098756316365
6371,1.9523809523809523,43.99092970521542,18.605746271367583,0.5529360093300977
6372,1.6428571428571428,58.276643990929706,41.193548387096776,0.6128682007482669
6373,1.9880952380952381,55.55555555555556,10.0,0.9007926549638361
6375,1.7738095238095237,89.79591836734694,13.682609185694004,0.2737984848109472
6376,1.0,100.0,0.0,0.6900666586707636
6378,2.142857142857143,45.57823129251701,0.0,1.2135770089013767
6379,1.9523809523809523,48.07256235827664,45.018110890974626,0.8219699170219046
6380,1.6071428571428572,85.03401360544218,18.70575528294506,0.4928805666489885
6381,1.7619047619047619,77.32426303854875,19.658314350797266,0.5232959345321272
6383,2.3333333333333335,56.68934240362812,15.647567782375509,0.7743720458844234
6384,3.261904761904762,33.10657596371882,40.650061503093106,1.3029734607703412
6385,1.5119047619047619,85.03401360544218,21.40438402992982,0.5100697130000196
6386,1.2976190476190477,91.60997732426304,0.0,0.2758548046501053
6387,2.0,37.868480725623584,50.950288701904974,1.2316392867923738
6388,2.3378378378378377,44.30769230769231,0.0,1.1184108828779444
6389,1.7261904761904763,36.36363636363637,40.0,0.6095409705282986
6390,1.0,100.0,0.0,0.6900666586707636
6392,1.8571428571428572,51.02040816326531,25.410272882300013,0.6924645649545782
6393,1.5476190476190477,43.08390022675737,62.801098892805186,0.6517565611726531
6394,2.130952380952381,57.82312925170068,46.553247231009045,0.8713405258582919
6395,2.4523809523809526,47.16553287981859,33.785991006644714,0.9861351264835636
6396,2.4166666666666665,26.984126984126984,24.4558932161123,0.9564622360105841
6399,2.0714285714285716,67.53554502369668,0.0,0.8482491570600662
6400,2.4615384615384617,30.434782608695652,49.600727959432724,1.3752857111753367
6401,1.0,100.0,0.0,0.6900666586707636
6402,1.0952380952380953,97.50566893424036,0.0,0.1080640186652094
6403,2.0357142857142856,34.467120181405896,22.772222746777768,1.0955851487055641
6406,2.0714285714285716,75.17564402810305,55.28449683530129,0.6305371021743937
6407,2.488095238095238,37.641723356009074,41.35391923990499,1.0916824966044314
6408,1.5357142857142858,55.10204081632653,66.15773105863909,0.654843055442027
6410,2.2976190476190474,47.84580498866213,33.82716122808732,1.1686378603370782
6411,1.5675675675675675,93.41317365269461,12.360679774997898,0.2332505732755796
6412,2.119047619047619,53.28798185941043,26.055512754639892,0.939385684266602
6413,1.9285714285714286,66.97892271662764,10.586704762568123,0.461953366271665
6414,2.119047619047619,40.58956916099773,65.97467021928935,1.105887840762681
6415,1.0,100.0,0.0,0.6900666586707636
6416,2.0238095238095237,45.57823129251701,22.748081393518806,0.9400992406428079
6417,1.7857142857142858,71.65532879818593,10.0,0.393173301661465
6418,1.880952380952381,55.86206896551724,32.426406871192846,0.5288529884420933
6419,1.7857142857142858,34.01360544217687,32.73057878028768,0.6206162298396908
6421,1.0595238095238095,99.09297052154194,0.0,0.03945184585421838
6424,1.3452380952380953,92.51700680272108,21.397262119237734,0.21060560827833139
6425,2.380952380952381,40.37122969837587,98.23631340909574,1.344138719713911
6426,1.9761904761904763,45.12471655328798,56.94347045967267,1.0119839865570806
6427,1.3571428571428572,85.94104308390023,0.0,0.4296651813144967
6428,3.4404761904761907,79.04328018223235,40.0,0.5106735495965085
6429,3.130952380952381,45.12471655328798,30.06324450561349,0.8920299664978563
6430,1.0,100.0,0.0,0.6900666586707636
6431,1.825,44.16243654822335,40.0,1.0547416274790633
6432,2.141025641025641,59.523809523809526,42.70361018703727,0.5093116226143128
6433,1.630952380952381,90.28436018957346,0.0,0.32863003183867073
6434,2.3452380952380953,39.909297052154194,31.43776092148288,1.0400456765192432
6435,1.0714285714285714,99.09297052154194,180.0,0.036434415869936856
6436,2.0714285714285716,38.775510204081634,20.0,1.0594235665332479
6437,2.0,47.55244755244755,40.0,0.691994737783755
6438,1.9166666666666667,41.49659863945578,36.86251661345282,0.9738009919859367
6439,2.5,65.55555555555556,163.09616339083982,0.7958157581432233
6440,1.9523809523809523,31.519274376417233,39.0702947845805,1.0929024019730333
6442,1.0,100.0,0.0,0.6900666586707636
6443,1.9761904761904763,57.142857142857146,13.845485025351671,0.410116318288409
6444,1.4404761904761905,70.06802721088435,0.0,0.7161690431634573
6445,2.1805555555555554,47.66355140186916,0.0,0.9825559901287606
6446,1.8095238095238095,41.723356009070294,66.1577310586391,0.7467161237999713
6447,1.1785714285714286,95.23809523809524,0.0,0.19715898786301445
6448,1.1666666666666667,95.46485260770974,0.0,0.16566742776326102
6449,1.630952380952381,56.46258503401361,74.8528137423857,0.6593977055702662
6450,2.9423076923076925,57.48502994011976,124.68564716806982,1.1599560569056822
6451,2.0,36.15560640732266,47.34875264632031,0.6565819383739603
6452,1.0952380952380953,98.41269841269842,0.0,0.06458143637762753
6453,2.6785714285714284,29.931972789115648,15.379808025161806,1.0179501619737068
6454,1.0,100.0,0.0,0.6900666586707636
6457,1.951219512195122,74.39613526570048,26.055512754639896,0.7721867529896533
6458,2.0476190476190474,50.56689342403628,0.0,1.3561693313874281
6459,1.2857142857142858,94.33106575963718,182.35384061671343,0.18424787091051725
6460,2.1707317073170733,62.28710462287105,19.31265951315037,0.6109793479986858
6461,2.3378378378378377,37.38601823708207,22.63157894736842,0.6136855175632814
6462,1.0857142857142856,100.0,0.0,0.6900666586707636
6463,2.548780487804878,32.367149758454104,18.284271247461902,0.6206957368339199
6464,1.0769230769230769,100.0,0.0,0.6900666586707636
6465,1.3333333333333333,91.83673469387755,80.0,0.2948380205163452
6466,1.8452380952380953,36.054421768707485,60.0,1.329892617530771
6467,1.4880952380952381,86.62131519274377,10.0,0.2527141480996228
6468,2.0714285714285716,38.443396226415096,32.345268461511196,1.0537603566489904
6469,2.1547619047619047,36.507936507936506,50.0,1.454424004278886
6470,2.380952380952381,68.93424036281179,24.00446967042898,0.8601943559832949
6472,1.9880952380952381,41.043083900226755,26.055512754639892,1.1449706170178766
6473,1.0,100.0,0.0,0.6900666586707636
6474,2.2261904761904763,52.60770975056689,93.18922794571942,1.1853864734509236
6475,1.6785714285714286,73.18181818181819,0.0,0.5522628008252264
6476,1.869047619047619,46.03174603174603,26.055512754639892,0.49791691061858545
6478,2.369047619047619,38.775510204081634,33.80825544206292,0.6527992408949692
6479,2.142857142857143,40.816326530612244,14.546246416290067,0.7567805555124849
6480,1.5714285714285714,60.317460317460316,98.16653826391969,0.8417293054766024
6481,1.3571428571428572,65.07936507936508,0.0,0.6467065711625684
6482,3.0595238095238093,25.85034013605442,10.761912519972867,1.364634511807301
6484,2.119047619047619,46.25850340136054,12.343026211403366,0.8537768585673846
6485,1.2857142857142858,78.62232779097387,0.0,0.5089456308048586
6486,1.3214285714285714,88.88888888888889,32.426406871192846,0.2939152147879743
6488,2.6666666666666665,71.42857142857143,30.266008244532216,0.5742514376431704
6489,2.0,48.29931972789116,18.284271247461902,0.563639241089708
6491,2.0952380952380953,56.235827664399096,31.163270329645325,0.5983201624255614
6492,2.5,74.56140350877193,0.0,0.6570463140860566
6494,1.7804878048780488,68.82494004796163,0.0,0.6898129618674862
6495,1.7380952380952381,55.55555555555556,0.0,0.9310618394375513
6496,1.869047619047619,58.73015873015873,18.95346881172206,0.6900666586707636
6497,1.2,100.0,0.0,0.6900666586707636
6498,2.4523809523809526,53.06122448979592,37.714466809927764,1.1986764212280479
6499,1.6785714285714286,58.50340136054422,0.0,0.9423801229495952
6500,1.4285714285714286,56.46258503401361,0.0,0.6822115679042164
6502,1.5238095238095237,46.48526077097506,0.0,1.03924652712307
6503,2.0476190476190474,33.333333333333336,10.39460043159789,0.5346321185173757
6504,2.0238095238095237,42.17687074829932,40.0,1.0703864951743833
6505,2.130952380952381,31.519274376417233,61.93485464530352,1.0278530525129954
6506,2.3452380952380953,78.45804988662131,30.0,0.7226963147616494
6508,2.7857142857142856,44.03669724770642,14.523076923076923,1.1038906226167429
6509,2.857142857142857,38.095238095238095,12.77697527401705,0.8036024620101332
6510,1.880952380952381,73.92290249433107,18.284271247461902,0.7055008999647404
6511,1.9880952380952381,24.263038548752835,10.438545254643879,0.9776374539441528
6512,1.25,90.47619047619048,0.0,0.2910972010008829
6515,2.2857142857142856,31.292517006802722,44.636691422571566,1.2789646049089
6516,1.1666666666666667,100.0,0.0,0.6900666586707636
6517,2.142857142857143,45.57823129251701,17.816408770930693,1.2601326353541311
6518,1.869047619047619,58.73015873015873,18.95346881172206,0.6900666586707636
6520,1.7619047619047619,42.63038548752834,33.57142857142857,1.0507467999108617
6521,1.369047619047619,85.94104308390023,31.231056256176608,0.3756102595012569
6522,2.0595238095238093,29.078014184397162,20.0,0.6039192278317271
6523,2.5595238095238093,38.321995464852606,14.424778761061948,0.5481810556897022
6524,1.8571428571428572,63.945578231292515,18.284271247461906,0.46556748968912554
6525,2.1785714285714284,34.862385321100916,21.622776601683796,0.6008738668449243
6526,2.25,32.407407407407405,28.22372720811129,1.015941809643775
6527,1.619047619047619,63.097949886104786,30.0,0.4489475182542079
6528,2.011904761904762,58.049886621315196,12.360679774997898,0.39156393602765627
6529,1.8571428571428572,67.57369614512471,41.26383649857879,0.5774920757843843
6530,1.0,100.0,0.0,0.6900666586707636
6531,1.8095238095238095,86.84807256235828,12.383215290391295,0.33935609767765246
6532,1.0,100.0,0.0,0.6900666586707636
6534,2.238095238095238,36.72055427251732,21.046187988324576,1.0339479069401714
6535,2.1547619047619047,25.62358276643991,15.13569571674763,1.0517402701716527
6536,1.8095238095238095,62.06896551724138,0.0,0.8592283896891941
6538,2.3333333333333335,43.013698630136986,45.61764388136129,0.6812328720240248
6539,1.9634146341463414,58.67970660146699,12.360679774997898,0.6945277805754867
6540,2.3125,58.717948717948715,55.01154579165522,0.8807483835976546
6541,1.0,100.0,0.0,0.6900666586707636
6542,1.9523809523809523,38.321995464852606,57.667790738482125,1.1877465828317924
6543,1.619047619047619,44.52214452214452,0.0,1.0477852529891516
6544,1.869047619047619,41.26984126984127,20.0,0.4701275086077958
6546,2.011904761904762,39.45578231292517,24.716157205240176,0.9705791471352787
6547,1.024390243902439,100.0,0.0,0.6900666586707636
6548,1.9404761904761905,47.84580498866213,18.284271247461902,0.7885288478000114
6549,2.7560975609756095,40.7673860911271,25.57344809349955,0.8582955539708488
6550,2.738095238095238,31.065759637188208,10.258902528761606,0.9844675143393504
6551,1.6428571428571428,66.66666666666667,24.904464875658753,0.471032259590378
6552,1.7142857142857142,43.764172335600904,0.0,1.0470878065315643
6553,2.642857142857143,28.34467120181406,10.0,0.8502803694115031
6554,1.858974358974359,77.68817204301075,20.0,0.5861415073035019
6555,1.9047619047619047,51.92743764172336,0.0,1.222731994518028
6556,1.2857142857142858,75.39863325740319,0.0,0.5505271169389195
6557,1.9615384615384615,65.33333333333333,21.622776601683796,0.15075789735166575
6558,2.1951219512195124,85.33653846153847,17.811417936084247,0.47171462104084255
6561,1.5,75.96371882086167,140.0,0.6439751319446096
6562,2.7261904761904763,24.03628117913832,57.78669089702529,1.4631034273725447
6563,2.2857142857142856,31.972789115646258,21.285629002833844,1.3066458944946002
6564,1.9390243902439024,51.87032418952619,0.0,0.9785587528489246
6565,1.7142857142857142,48.97959183673469,31.231056256176608,0.5036854613653327
6566,1.5476190476190477,77.55102040816327,0.0,0.6728270476744735
6567,1.869047619047619,46.93877551020408,40.0,1.0550552428637028
6570,1.3452380952380953,83.6734693877551,0.0,0.46518245065874075
6571,1.2976190476190477,90.47619047619048,0.0,0.3050097342771294
6572,1.0238095238095237,99.77324263038548,0.0,0.009205721925471222
6573,1.75,43.42723004694836,0.0,1.0258555955032247
6574,1.0357142857142858,99.54648526077098,0.0,0.02028458805428382
6575,2.107142857142857,31.519274376417233,10.0,0.8209402850056982
6576,1.5,76.06635071090048,142.97058540778355,0.5297061990576545
6577,1.5238095238095237,62.585034013605444,40.0,0.6489080956831276
6578,2.642857142857143,44.575471698113205,34.91546152344214,1.170793711076035
6579,1.6904761904761905,70.97505668934241,28.109452736318406,0.6416578194204161
6580,1.8333333333333333,41.26984126984127,12.360679774997896,0.6771174676143583
6581,2.880952380952381,53.28798185941043,10.058309037900875,0.5287101190234743
6582,1.5238095238095237,60.54421768707483,12.360679774997898,0.7159245027659044
6583,2.892857142857143,44.44444444444444,18.667049483066116,1.0457123179279244
6585,1.880952380952381,73.94366197183099,33.65384615384615,0.58833135484785
6586,1.9166666666666667,52.60770975056689,20.153372178817676,0.5744221862193774
6587,1.0,100.0,0.0,0.6900666586707636
6589,1.3095238095238095,93.87755102040816,0.0,0.2227643921734574
6591,1.6785714285714286,69.61451247165533,18.284271247461902,0.35171047884938955
6592,1.4268292682926829,65.13317191283294,0.0,0.6451267050009475
6593,2.0,45.35147392290249,17.01923076923077,1.1959790033387692
6594,2.380952380952381,41.26984126984127,29.387777576586995,0.9153920000632106
6596,1.6547619047619047,52.38095238095238,40.0,0.9160777793235035
6597,1.3709677419354838,81.81818181818181,0.0,0.4499368545532575
6598,1.1904761904761905,91.83673469387755,0.0,0.2693651382692679
6601,1.0,100.0,0.0,0.6900666586707636
6603,2.9634146341463414,27.87286063569682,22.048461027453133,1.2588486748850771
6604,1.7142857142857142,62.358276643990926,20.0,0.44281495470002014
6605,2.6951219512195124,26.054590570719604,12.3606797749979,0.9540758552160239
6606,1.6666666666666667,54.19501133786848,0.0,1.0448664172332842
6607,2.4047619047619047,83.44671201814059,0.0,0.5300093439412386
6608,1.6290322580645162,92.24137931034483,0.0,0.2542543903906543
6609,1.0,100.0,0.0,0.6900666586707636
6611,1.4880952380952381,76.41723356009071,90.0,0.5871437046967732
6612,2.5833333333333335,48.97959183673469,21.11152435179842,0.7894761286033227
6613,1.9761904761904763,44.18604651162791,26.091370558375633,0.9564862790406503
6614,1.9761904761904763,37.414965986394556,22.022623575987755,0.557727969654706
6615,3.2023809523809526,82.53968253968254,25.369355830239503,0.46280223702904744
6616,2.9404761904761907,43.53741496598639,76.02325267042627,1.1130663635124312
6617,1.0,100.0,0.0,0.6900666586707636
6619,3.0357142857142856,25.62358276643991,10.0,0.5681443969126467
6621,1.3571428571428572,80.95238095238095,0.0,0.4746272957304586
6623,1.7380952380952381,39.909297052154194,46.5685424949238,0.6739652576010398
6624,1.0,100.0,0.0,0.6900666586707636
6625,1.4523809523809523,79.08045977011494,10.0,0.5004024235381879
6627,1.4722222222222223,90.64516129032258,140.0,0.29062903877096474
6628,2.7051282051282053,24.603174603174605,30.966503721403058,0.6878437425537809
6629,1.8333333333333333,48.29931972789116,18.284271247461902,0.430880930784583
6630,2.5657894736842106,46.94444444444444,111.389224995593,1.3744440692405564
6632,1.7261904761904763,49.88662131519274,20.0,0.44183500291894784
6633,1.0,100.0,0.0,0.6900666586707636
6635,1.5357142857142858,76.19047619047619,20.0,0.4075460674117677
6637,2.238095238095238,57.59637188208617,24.675952817977457,0.7881359746917274
6638,1.869047619047619,58.73015873015873,18.95346881172206,0.6900666586707636
6640,1.9880952380952381,43.08390022675737,15.394325003483507,0.43986723479181933
6643,1.3095238095238095,86.7579908675799,0.0,0.3915042504240069
6645,1.9523809523809523,40.36281179138322,25.10810810810811,0.8600670424632615
6647,2.392857142857143,31.25,14.952165900926332,0.9956787251787638
6648,1.9761904761904763,47.84580498866213,12.396256900958642,0.5557007965751773
6649,1.6904761904761905,71.20181405895691,12.569197200494234,0.4017156007266884
6650,2.357142857142857,46.403712296983755,30.426149493987303,1.0030685088492
6652,1.0,100.0,0.0,0.6900666586707636
6653,2.0238095238095237,70.97505668934241,10.0,0.4036647275610208
6654,1.9761904761904763,48.52607709750567,10.0,1.1670088397940372
6656,1.1111111111111112,100.0,0.0,0.6900666586707636
6657,1.6851851851851851,67.83625730994152,0.0,0.6299244948964686
6658,1.3333333333333333,86.62131519274377,40.0,0.3480061226022792
6659,2.390625,65.56016597510373,48.309518948453004,0.6816908613258166
6660,1.3571428571428572,93.87755102040816,30.0,0.2496915912590911
6661,1.4404761904761905,77.32426303854875,0.0,0.606785620972729
6662,1.5357142857142858,74.14965986394557,41.49162862899169,0.6928686615415094
6663,1.869047619047619,58.73015873015873,18.95346881172206,0.6900666586707636
6664,2.011904761904762,87.07482993197279,38.421052631578945,0.3492444842557457
6665,2.6547619047619047,39.909297052154194,36.68684387493147,1.0639212314476674
6666,2.892857142857143,77.77777777777777,45.23431275714391,0.6947316541643946
6667,1.0,100.0,0.0,0.6900666586707636
6668,1.619047619047619,75.51020408163265,12.360679774997898,0.3354217069750239
6669,1.5714285714285714,49.65986394557823,0.0,1.0219721369360104
6670,2.25,45.57823129251701,111.2618601568218,1.2579220714268569
6672,1.0,100.0,0.0,0.6900666586707636
6673,1.5952380952380953,51.47392290249433,21.622776601683793,0.41646373300315087
6674,1.0,100.0,0.0,0.6900666586707636
6675,1.0,100.0,0.0,0.6900666586707636
6676,1.7763157894736843,55.202312138728324,0.0,0.9911782560218945
6678,2.3452380952380953,53.06122448979592,76.5781512920234,0.9767461476631019
6680,2.4743589743589745,67.48633879781421,31.10038749344499,0.4738274643099878
6682,1.8214285714285714,57.142857142857146,26.055512754639892,0.5621622740887446
6684,2.975609756097561,24.449877750611247,40.43710459291276,1.5342700294049922
6685,1.3928571428571428,78.68480725623583,10.0,0.5028680063956953
6686,1.6219512195121952,91.14832535885168,0.0,0.2740830682059421
6687,2.1785714285714284,27.43764172335601,20.52851898495206,1.0504264275612212
6688,2.6666666666666665,26.303854875283445,10.884341339859892,0.5968616363168637
6690,2.738095238095238,67.12018140589569,19.57753553008737,0.5418526439168785
6693,1.8095238095238095,67.34693877551021,41.53520887661383,0.8061965025355183
6694,2.1346153846153846,85.35031847133757,12.360679774997898,0.3242861474404823
6695,2.8095238095238093,64.62585034013605,15.374149659863946,0.46922034844159877
6696,1.7619047619047619,41.26984126984127,0.0,1.1220752680177442
6697,1.25,61.904761904761905,0.0,0.6630646759129466
6699,1.7857142857142858,61.45124716553288,38.84912712737,1.056357842913497
6700,1.4047619047619047,88.8631090487239,130.0,0.4158035374270709
6701,2.380952380952381,40.36281179138322,32.35221949084272,1.1012613008885235
6702,1.0238095238095237,99.77324263038548,0.0,0.009205721925471222
6703,1.2142857142857142,95.23809523809524,18.284271247461902,0.14211381154630345
6704,2.25,35.046728971962615,31.060606060606062,1.2756208936070614
6706,1.853658536585366,61.44278606965174,10.0,0.2021388953461535
6707,1.486842105263158,91.11111111111111,30.0,0.2613532750185817
6708,2.011904761904762,46.71201814058957,11.60495060610418,0.6153352965336049
6709,2.1875,50.0,0.0,0.6918712577446204
6711,2.1341463414634148,75.29976019184652,48.309518948453004,0.543635831723679
6712,2.9404761904761907,35.62945368171022,28.72397646107642,0.6773435875340833
6713,1.119047619047619,99.05437352245863,18.284271247461902,0.6900666586707636
6714,1.0,100.0,0.0,0.6900666586707636
6715,2.130952380952381,44.02810304449649,54.031242374328485,0.6589529916724088
6716,2.1973684210526314,48.717948717948715,72.72979016212369,0.8660662404326529
6717,2.7142857142857144,83.44671201814059,0.0,0.49648601944767745
6718,1.8928571428571428,73.69614512471655,30.936597636405892,0.7110822463915107
6719,1.6904761904761905,68.02721088435374,31.23105625617661,0.5606834154149765
6720,2.7115384615384617,57.861635220125784,12.360679774997898,0.8740467730223552
6721,2.2976190476190474,60.613207547169814,40.73858060394623,0.7318159214453359
6722,2.0833333333333335,65.53287981859411,31.281858687532218,0.9890757026655265
6724,2.857142857142857,83.6734693877551,23.055555555555557,0.4467087273399621
6725,2.7976190476190474,50.34013605442177,20.54054130669217,1.0251250128411424
6726,2.1547619047619047,64.20323325635104,26.141678205816863,0.7685799391473738
6727,2.2857142857142856,28.34467120181406,20.0,0.8943664838047827
6728,2.857142857142857,46.25850340136054,18.647721508672316,0.47994861471265415
6730,1.25,100.0,0.0,0.6900666586707636
6731,2.8095238095238093,24.71655328798186,24.498885438199984,1.4110039478783463
6732,1.5119047619047619,86.84807256235828,15.506672620045206,0.38232939490164863
6734,1.0,100.0,0.0,0.6900666586707636
6735,1.0,100.0,0.0,0.6900666586707636
6736,1.0,100.0,0.0,0.6900666586707636
6737,3.2023809523809526,31.294117647058822,14.682871154447346,0.4931909383986557
6738,3.135135135135135,32.30769230769231,19.38366571563087,1.1081796604977812
6739,2.261904761904762,39.49771689497717,25.035415969812345,1.0679783072574929
6740,1.0,100.0,0.0,0.6900666586707636
6741,2.130952380952381,41.26984126984127,28.9009643226655,1.0542732034560462
6742,1.0,100.0,0.0,0.6900666586707636
6743,3.607142857142857,66.21315192743764,10.0,0.7699918201801839
6744,1.9285714285714286,37.641723356009074,0.0,1.288579160124266
6746,2.4166666666666665,36.054421768707485,20.6435550968245,0.6624686283504502
6747,1.75,58.956916099773245,40.0,0.6041645510208468
6749,2.0595238095238093,60.317460317460316,57.916666666666664,1.0812900025252339
6750,3.107142857142857,49.43310657596372,13.6871879685976,0.7316898914689034
6752,2.0476190476190474,64.62585034013605,64.8314606741573,0.9113550166929556
6754,1.7317073170731707,100.0,0.0,0.6900666586707636
6755,2.011904761904762,31.519274376417233,35.490432993042766,1.096577368501842
6756,2.369047619047619,35.147392290249435,26.983325296208992,0.6470773844115609
6757,1.0357142857142858,99.54648526077098,0.0,0.02028458805428382
6758,1.0,100.0,0.0,0.6900666586707636
6759,1.8095238095238095,43.764172335600904,0.0,1.069279678418567
6760,2.142857142857143,54.19501133786848,20.732197857092565,0.8787854876365739
6761,1.9024390243902438,63.43825665859564,45.83617747440273,0.7915369792574112
6762,1.8452380952380953,81.859410430839,67.91106086426117,0.5765815829365133
6763,1.5714285714285714,82.76643990929705,21.6227766016838,0.5631948355944185
6765,2.0833333333333335,40.58956916099773,21.151577095572296,0.6432989081045745
6766,1.6666666666666667,47.61904761904762,10.0,1.0126479241292983
6767,1.0,100.0,0.0,0.6900666586707636
6768,1.7380952380952381,75.73696145124717,40.75736720843191,0.7491154749512767
6770,1.0,100.0,0.0,0.6900666586707636
6771,1.9523809523809523,43.53741496598639,23.476367105945712,0.4600148378867477
6772,1.5526315789473684,81.6618911174785,0.0,0.4497424747858567
6773,3.5476190476190474,29.466357308584687,16.212471661371488,0.927282809558401
6774,1.5357142857142858,78.45804988662131,0.0,0.6494895055007702
6775,1.6904761904761905,42.17687074829932,88.99494936611664,1.0665675335912603
6777,1.7682926829268293,77.01711491442543,30.0,0.5901017399848878
6779,2.25,34.240362811791385,21.472224649513088,0.5817134600328018
6781,2.0595238095238093,72.33560090702947,12.144561204047385,0.4488279564428044
6782,2.392857142857143,29.25170068027211,33.66870450837051,1.0795981642702692
6783,2.292682926829268,32.839506172839506,31.176470588235293,0.9449234253883474
6784,1.7804878048780488,61.650485436893206,0.0,0.671501530548243
6785,1.9047619047619047,29.25170068027211,25.77319587628866,0.80799990380601
6786,2.892857142857143,31.065759637188208,28.216151130012857,0.9203662171179903
6787,2.3333333333333335,36.08815426997245,18.696346298249995,0.7757969228728473
6788,1.9285714285714286,52.15419501133787,12.360679774997898,0.4143593703682138
6789,2.2023809523809526,55.10204081632653,19.920388442855945,0.41118139669363196
6790,2.0,53.7117903930131,91.98039027185568,0.7266384298531781
6791,2.1785714285714284,60.0,12.360679774997896,0.909911285108921
6792,1.7023809523809523,62.585034013605444,32.426406871192846,0.496248763305596
6795,1.2625,78.94736842105263,0.0,0.5038577305146166
6796,2.0952380952380953,49.88662131519274,44.69657654001392,0.8909331711974566
6797,2.5357142857142856,27.210884353741495,13.169230769230769,0.9786225220908877
6798,1.358974358974359,95.73333333333333,40.0,0.6900666586707636
6799,2.0,49.62593516209476,17.246511551705783,0.37715670743938684
6800,1.8823529411764706,53.97923875432526,0.0,0.9592752274035943
6801,1.7261904761904763,60.45977011494253,45.96306670722276,0.9177529165545952
6803,1.9285714285714286,42.40362811791383,23.53527813107594,1.002124376306276
6804,2.6666666666666665,36.054421768707485,12.011077433131062,1.0150259275764868
6805,1.7976190476190477,89.56916099773242,14.469113927753336,0.30226230381123925
6807,1.9166666666666667,64.85260770975057,20.0,0.5397075212338895
6808,2.3333333333333335,33.10657596371882,21.17916880002841,1.337829970052342
6809,2.859375,26.556016597510375,46.55377176943822,1.247104446478734
6810,1.5526315789473684,100.0,0.0,0.6900666586707636
6811,2.4166666666666665,35.18518518518518,45.04485322430198,1.3428788030188334
6812,1.5208333333333333,98.52941176470588,0.0,0.0585071361181239
6815,1.869047619047619,58.73015873015873,18.95346881172206,0.6900666586707636
6816,2.4642857142857144,33.560090702947846,20.146126802995223,1.2234890980328041
6817,1.7738095238095237,39.002267573696145,50.0,1.052258862969135
6818,3.0595238095238093,32.87981859410431,11.014084507042254,1.1210323057906666
6819,1.630952380952381,74.60317460317461,64.85363212276766,0.6196495684102841
6820,2.0714285714285716,55.32879818594105,10.0,0.8674866920112059
6821,2.1341463414634148,47.857142857142854,60.54650307123006,1.0028466187523208
6822,2.1052631578947367,69.27536231884058,22.6056338028169,0.5260573383954766
6823,1.0,100.0,0.0,0.6900666586707636
6824,1.6071428571428572,52.60770975056689,20.0,0.4329523267884938
6825,1.7142857142857142,53.74149659863946,12.3606797749979,0.35047926411666175
6826,2.261904761904762,55.78231292517007,24.606083207173654,0.6753733205065513
6827,1.975609756097561,65.35626535626535,20.650280055788585,0.25633517010072415
6829,1.2857142857142858,87.3015873015873,0.0,0.36502313423558724
6830,2.357142857142857,32.19954648526077,11.521827356574246,0.6167954948260806
6831,2.511904761904762,46.03174603174603,20.398181295783523,0.8692435464261203
6832,1.0833333333333333,99.09297052154194,0.0,0.04532760025886792
6833,1.869047619047619,58.73015873015873,18.95346881172206,0.6900666586707636
6834,2.9404761904761907,78.91156462585035,13.436705398931116,0.48625354982860663
6836,1.7261904761904763,51.47392290249433,12.360679774997898,0.3662128046180504
6837,1.6785714285714286,58.50340136054422,10.0,0.5309461753606856
6838,1.8928571428571428,53.06122448979592,20.0,0.6153352965336049
6839,2.9342105263157894,22.969187675070028,12.268907563025211,0.5338946496156959
6840,2.2875,51.95822454308094,22.307692307692307,0.9544377486424422
6841,1.7738095238095237,67.12018140589569,38.625760972327704,0.521216050183096
6842,1.853658536585366,50.72115384615385,21.622776601683796,0.55515355696612
6843,2.2976190476190474,35.374149659863946,18.284271247461902,0.9592429347286568
6844,2.3214285714285716,40.816326530612244,10.0,0.49729212316278054
6846,3.0714285714285716,31.746031746031747,38.6619659230267,1.1692743600461937
6847,1.5119047619047619,57.36961451247166,0.0,0.7890057108880639
6848,2.2738095238095237,57.57575757575758,36.64699042994624,0.6052487030932578
6849,1.8452380952380953,76.41723356009071,137.648230602334,0.6831290482380612
6850,1.9880952380952381,49.88662131519274,21.14453766281492,0.5353632190768391
6851,1.0,100.0,0.0,0.6900666586707636
6852,1.8714285714285714,70.44673539518901,53.24555320336759,0.6003176615649487
6853,2.3947368421052633,42.737430167597765,34.255512054683344,0.8624555307545941
6854,1.0,100.0,0.0,0.6900666586707636
6855,1.05,100.0,0.0,0.6900666586707636
6856,1.5357142857142858,83.44671201814059,55.08049883729149,0.3982072189753537
6857,2.511904761904762,34.35294117647059,27.0374692361265,0.766463582130968
6858,1.9880952380952381,49.20634920634921,12.360679774997898,1.0141811298288728
6859,2.3902439024390243,37.62135922330097,19.04541453409492,1.1565610776378243
6861,1.2142857142857142,94.78458049886622,202.602916254693,0.1985152433458726
6862,1.7380952380952381,36.961451247165535,44.240362811791385,0.6481804772996035
6863,1.1071428571428572,97.27891156462584,0.0,0.11029778985093835
6864,2.2195121951219514,41.3625304136253,14.341858269913624,0.6474853701301707
6865,1.0,100.0,0.0,0.6900666586707636
6866,1.6428571428571428,46.910755148741416,50.0,0.8793563881224832
6868,2.1097560975609757,70.12048192771084,31.23105625617661,0.6913777753036771
6869,2.25,63.945578231292515,14.956262350452173,0.45720511144594705
6870,1.630952380952381,77.24137931034483,25.21372830020535,0.4776711148670111
6871,2.175,96.62337662337663,10.0,0.11557676614223629
6872,1.6071428571428572,83.90022675736961,70.4225352112676,0.4025791794707776
6873,1.8928571428571428,51.47392290249433,50.0,1.0120365526546538
6874,1.5476190476190477,80.36529680365297,21.622776601683796,0.3947663053511177
6875,1.869047619047619,58.73015873015873,18.95346881172206,0.6900666586707636
6878,2.0238095238095237,90.47619047619048,100.0,0.31716411734718
6879,1.5921052631578947,81.8941504178273,57.0820393249937,0.4250530169018143
6880,1.6071428571428572,70.29478458049887,21.622776601683793,0.46280223702904744
6881,1.0714285714285714,98.63945578231292,0.0,0.05925858145533138
6882,1.0,100.0,0.0,0.6900666586707636
6885,1.6071428571428572,82.31292517006803,70.0,0.6221913847577926
6888,1.880952380952381,33.78684807256236,22.22222222222222,0.6206162298396908
6889,2.9358974358974357,37.534246575342465,35.632577609430086,1.0858442269058428
6890,1.5833333333333333,36.054421768707485,0.0,1.0932387953098686
6891,1.7261904761904763,79.13832199546485,38.291378616822094,0.44960193338164517
6892,2.9210526315789473,43.46590909090909,26.281099234963357,1.2778700278021482
6893,2.5526315789473686,42.97752808988764,132.10995208222081,1.2635044914454425
6894,2.5595238095238093,53.06122448979592,19.32926109107405,1.050226217463583
6895,2.8214285714285716,42.40362811791383,10.338343525994846,0.7137467170672014
6898,1.1785714285714286,93.19727891156462,0.0,0.2337916587064593
6899,1.25,94.78458049886622,12.360679774997898,0.15991595531465677
6900,1.9047619047619047,39.909297052154194,31.23105625617661,0.6753514554877318
6902,1.9404761904761905,49.88662131519274,24.102855248457885,0.708561838144052
6903,1.7619047619047619,50.79365079365079,40.0,0.9453949630938563
6904,1.2162162162162162,100.0,0.0,0.6900666586707636
6905,2.0357142857142856,55.32879818594105,47.265247984958265,1.1330884559163683
6906,2.3658536585365852,32.20338983050848,20.266265367149547,1.1187043076055903
6907,1.5595238095238095,89.97668997668998,202.13203435596427,0.301790083998282
6908,1.7976190476190477,53.96825396825397,40.0,0.8071128102941144
6909,1.6785714285714286,70.52154195011337,10.0,0.7341327587962403
6910,2.3452380952380953,56.22119815668203,25.87064760682799,0.9863633515819286
6911,2.0,37.188208616780045,18.580939043289813,0.5256999192809596
6912,3.1153846153846154,34.65608465608466,15.701017121428372,0.6669265080288493
6913,2.1785714285714284,41.723356009070294,92.90485703851866,1.3233373150293157
6914,3.4047619047619047,44.44444444444444,15.150684931506849,1.0406835249820099
6915,2.6785714285714284,38.321995464852606,14.708683971100815,1.3643902684646505
6916,1.5,78.91156462585035,0.0,0.6442514190710299
6918,2.892857142857143,44.21768707482993,24.78040871338093,0.6254290016114961
6919,1.0,100.0,0.0,0.6900666586707636
6920,2.0952380952380953,34.92063492063492,0.0,1.0982933794154257
6921,1.0,100.0,0.0,0.6900666586707636
6922,2.011904761904762,45.57823129251701,41.392237980485504,1.216171244217186
6923,2.142857142857143,39.229024943310655,24.42105263157895,1.164916912466624
6924,3.0476190476190474,49.20634920634921,28.59224260759817,0.7646268371088752
6925,3.0,31.065759637188208,11.292632383968812,0.7911239442174971
6926,2.642857142857143,23.582766439909296,30.72742925277123,1.3803890795315055
6927,2.0714285714285716,67.80045351473923,36.561470576572646,0.6167954948260806
6928,1.2023809523809523,94.77272727272727,0.0,0.2042792858174254
6929,2.1785714285714284,30.385487528344672,76.02325267042627,1.2174978067633062
6930,1.869047619047619,58.73015873015873,18.95346881172206,0.6900666586707636
6931,2.107142857142857,41.68564920273349,31.231056256176608,1.068985628052585
6932,1.25,100.0,0.0,0.6900666586707636
6933,1.6428571428571428,74.60317460317461,18.284271247461902,0.553124684987105
6936,1.7142857142857142,50.5938242280285,22.963029993956813,0.6929932791588755
6937,1.3095238095238095,59.183673469387756,0.0,0.6744332096403476
6939,1.4871794871794872,90.27027027027027,0.0,0.2838961871838873
6940,1.7857142857142858,78.65429234338747,18.284271247461902,0.3061877467634679
6941,2.606060606060606,27.715355805243444,59.34880109363918,1.5526976338998066
6942,1.8095238095238095,46.48526077097506,0.0,0.937724694305521
6943,1.3409090909090908,98.2905982905983,0.0,0.06560064052111216
6944,2.119047619047619,62.811791383219955,10.0,0.5863748431136488
6945,2.0238095238095237,84.58049886621315,18.18542455475384,0.35293814493876025
6946,1.6071428571428572,59.66981132075472,50.0,0.9338689149069499
6947,2.8452380952380953,35.96287703016241,16.503233027591822,1.197638237024175
6948,1.369047619047619,91.83673469387755,160.0,0.28253301820991755
6949,1.8214285714285714,56.00907029478458,12.360679774997898,0.5353122075266319
6950,1.0,100.0,0.0,0.6900666586707636
6952,2.0476190476190474,58.276643990929706,100.0,1.103087057869838
6953,2.7976190476190474,39.45578231292517,13.492063492063492,0.4664843498278032
6954,1.6904761904761905,65.53287981859411,12.360679774997898,0.34551858634519184
6956,1.5952380952380953,69.84126984126983,21.622776601683796,0.5125248138555375
6957,1.0,100.0,0.0,0.6900666586707636
6958,2.2,54.568527918781726,36.165991048624896,0.5276006029364357
6959,1.7571428571428571,80.0,0.0,0.5749703624750653
6960,1.6785714285714286,71.42857142857143,32.42640687119284,0.541107593675221
6961,2.7804878048780486,41.87192118226601,29.274258730630553,1.1620010798511982
6962,1.9642857142857142,57.638888888888886,20.157552048029302,0.5709597714687255
6964,1.9444444444444444,61.8421052631579,160.0,0.589542934696727
6965,1.6666666666666667,46.93877551020408,0.0,1.0588254683794474
6966,1.2976190476190477,90.02267573696145,130.0,0.30226230381123925
6967,2.2738095238095237,44.67120181405895,36.238161285087344,1.0284354702008414
6968,2.119047619047619,34.92063492063492,32.70298983632382,1.2996350148913107
6969,1.9404761904761905,41.043083900226755,12.360679774997898,1.008703298080256
6970,1.0476190476190477,99.77220956719817,0.0,-0.0
6971,1.75,74.14965986394557,21.573786516665265,0.7263277349590374
6973,1.3333333333333333,87.52834467120181,40.0,0.3250829733914482
6975,1.0,100.0,0.0,0.6900666586707636
6978,1.869047619047619,54.19501133786848,10.158598641214327,0.3756102595012569
6979,1.6547619047619047,74.14965986394557,29.628690898194247,0.35171047884938955
6980,2.1904761904761907,42.40362811791383,25.204659479207518,0.6373361566272606
6981,1.5833333333333333,76.41723356009071,26.055512754639896,0.47373211956773076
6982,1.7023809523809523,58.73015873015873,49.27725861081811,0.8230401502977285
6984,1.4761904761904763,94.33106575963718,0.0,0.22235678813303203
6986,1.9523809523809523,58.956916099773245,0.0,1.0712703903847935
6987,2.5833333333333335,34.467120181405896,53.018295342664544,1.3942831224554322
6988,2.6547619047619047,39.909297052154194,17.56908027699135,1.1729758415930376
6989,3.0,32.87981859410431,30.81190462638039,1.0963769159255607
6990,1.3333333333333333,87.98185941043084,20.0,0.3302831859375967
6991,1.2261904761904763,91.15646258503402,46.568542494923804,0.28253301820991755
6992,1.2727272727272727,93.69369369369369,0.0,0.2007511283230233
6994,1.9404761904761905,53.45622119815668,50.82762530298219,1.0585001440279183
6995,2.642857142857143,37.188208616780045,23.457601604089685,1.054012387386536
6996,1.6666666666666667,86.72985781990522,38.215050808476974,0.20929302474661432
6997,2.3452380952380953,59.1016548463357,100.0,1.1371671969680905
7000,1.6904761904761905,58.276643990929706,20.0,0.5039279040106316
7001,1.4166666666666667,90.47619047619048,131.4213562373095,0.3077400432837397
7002,2.0238095238095237,51.24716553287982,54.8340419332208,0.9547029551925983
7003,2.125,43.85964912280702,34.721359549995796,0.6790533835853987
7004,1.0,100.0,0.0,0.6900666586707636
7005,1.7380952380952381,73.69614512471655,35.05668934240363,0.46922034844159877
7006,1.0,100.0,0.0,0.6900666586707636
7007,2.9047619047619047,28.798185941043084,10.550514255829551,0.9725286847212373
7008,1.0,100.0,0.0,0.6900666586707636
7009,1.9583333333333333,39.36507936507937,50.82762530298219,0.5520067538525256
7010,2.0476190476190474,39.002267573696145,37.593582887700535,1.1910799851566778
7012,2.607142857142857,35.82766439909297,20.386332282087167,0.7687372861732022
7013,2.75,57.70609318996416,10.140040325635468,0.7537305382484163
7014,1.1666666666666667,96.75174013921114,0.0,0.11913316116141424
7015,1.3571428571428572,91.83673469387755,0.0,0.32402602119479473
7016,1.8658536585365855,57.907542579075425,10.0,0.47782185756421913
7017,2.0952380952380953,44.44444444444444,26.48912660076104,0.8735989485234845
7018,1.869047619047619,68.70748299319727,112.06555615733701,0.92734190917213
7019,3.119047619047619,56.235827664399096,14.62233006987131,0.9847465377850986
7021,1.7142857142857142,65.98639455782313,20.0,0.7632531079322267
7023,1.1904761904761905,95.91836734693878,18.284271247461902,0.1339135490837782
7024,1.275,89.51406649616368,0.0,0.3221035648069268
7025,1.0,100.0,0.0,0.6900666586707636
7026,1.5365853658536586,84.57831325301204,0.0,0.41272287375267747
7027,1.0238095238095237,99.77324263038548,0.0,0.009205721925471222
7028,1.5277777777777777,100.0,0.0,0.6900666586707636
7029,1.619047619047619,78.68480725623583,19.82511539178664,0.37908025971958126
7031,2.0238095238095237,46.48526077097506,20.0,0.6548370883578958
7033,1.9761904761904763,71.75398633257403,19.361702127659573,0.541618896347347
7034,2.6547619047619047,32.38770685579196,16.59649699793103,1.1826857305532696
7035,1.2857142857142858,92.97052154195012,27.422794307706972,0.20889975708752806
7036,3.142857142857143,50.34013605442177,10.632183908045977,0.6156160806973248
7037,3.357142857142857,32.426303854875286,10.921240887804059,1.1959559457752496
7038,2.5595238095238093,29.25170068027211,18.076584788109336,1.2903997609472742
7039,1.5833333333333333,82.08616780045351,52.050674649020955,0.5782928239441127
7042,1.9285714285714286,51.02040816326531,22.96829971181556,0.5241824083678722
7043,2.380952380952381,37.674418604651166,14.915941179812558,1.0682029899412067
7044,2.0357142857142856,35.374149659863946,28.32904884318766,0.8202883420010514
7045,2.4761904761904763,73.92290249433107,18.49078122987364,0.66924566006859
7047,1.3928571428571428,82.76643990929705,0.0,0.4848418329411394
7050,1.0833333333333333,99.09297052154194,190.0,0.03335700604079931
7051,1.8571428571428572,53.06122448979592,43.009962883472426,0.5256999192809596
7052,1.0,100.0,0.0,0.6900666586707636
7053,2.817073170731707,45.38834951456311,11.272016771964887,0.8772681013971526
7054,2.4027777777777777,49.19093851132686,53.24555320336759,0.6306832788818801
7056,2.6951219512195124,61.19047619047619,34.83884099767174,0.9881738097872825
7057,1.6428571428571428,53.28798185941043,0.0,0.9750941357013674
7058,3.392857142857143,24.03628117913832,22.469050146259175,1.1793517932708584
7059,1.9761904761904763,33.78684807256236,26.93146463471332,0.717299824309573
7060,1.7380952380952381,45.80498866213152,126.01470508735443,1.2104933915029203
7061,2.2560975609756095,43.890274314214466,54.629247765317906,1.1207846003440862
7062,1.6428571428571428,38.54875283446712,0.0,1.0918745918154653
7063,1.975609756097561,60.24096385542169,15.895522388059701,0.8771874925213883
7064,1.8571428571428572,46.03174603174603,17.657033735046454,0.5004024235381879
7065,2.3026315789473686,49.43181818181818,90.72038432060124,0.8617982566621003
7066,1.8095238095238095,53.28798185941043,20.0,0.5302028718738865
7067,2.130952380952381,38.775510204081634,13.695652173913043,0.7405375323246738
7068,1.9880952380952381,61.45124716553288,15.647058823529411,0.8112193433136329
7069,1.0,100.0,0.0,0.6900666586707636
7070,2.011904761904762,71.65532879818593,21.03175582372871,0.4701275086077958
7072,1.880952380952381,69.16099773242631,43.91952301434867,0.7479205323835942
7073,1.8571428571428572,40.136054421768705,50.0,1.0862485005495253
7074,2.4390243902439024,39.900249376558605,31.241421289413,0.9162295683264068
7075,1.0238095238095237,99.77324263038548,0.0,0.009205721925471222
7078,1.8235294117647058,53.521126760563384,0.0,0.6829081047004717
7079,2.0357142857142856,64.62585034013605,12.360679774997898,0.8376167425618914
7080,2.8793103448275863,53.807106598984774,63.97985389259519,1.1577729018837446
7081,1.3928571428571428,68.93424036281179,0.0,0.6172788953139328
7082,1.5238095238095237,84.12322274881517,10.0,0.22655562282714092
7083,1.1071428571428572,97.50566893424036,0.0,0.10582799510406321
7084,1.7380952380952381,56.235827664399096,40.0,0.6243313065714509
7085,2.8095238095238093,46.48526077097506,26.055512754639892,1.219927253599983
7086,1.880952380952381,60.997732426303855,26.18790848043927,0.5909301974371248
7087,1.75,69.38775510204081,29.462616822429908,0.6856320699163843
7088,2.892857142857143,57.36961451247166,13.91024530061824,0.7657892680031158
7089,1.6666666666666667,74.14965986394557,12.360679774997898,0.31716411734718
7090,2.4761904761904763,37.188208616780045,10.0,0.8742629542264365
7092,1.25,95.23809523809524,0.0,0.15603279458857647
7094,1.4285714285714286,83.44671201814059,10.0,0.5577073928057225
7096,2.011904761904762,51.92743764172336,40.60328528524443,0.5988141320408399
7097,1.8214285714285714,72.68518518518519,32.426406871192846,0.6355741734224615
7098,1.7857142857142858,52.38095238095238,44.69604173653441,0.9216885115666928
7101,2.7023809523809526,54.8235294117647,38.98919591032823,0.6198106289038592
7102,2.25,66.66666666666667,31.231056256176608,0.6949961288634677
7103,1.4880952380952381,65.75963718820861,90.49875621120891,0.6377447627526958
7104,1.0,100.0,0.0,0.6900666586707636
7105,1.369047619047619,58.276643990929706,0.0,0.6781736264318057
7109,1.869047619047619,58.73015873015873,18.95346881172206,0.6900666586707636
7110,2.392857142857143,44.36619718309859,18.846915191332187,0.4842141847562764
7111,2.9285714285714284,50.569476082004556,12.874804648634845,0.6726089461776255
7112,1.1904761904761905,92.7437641723356,0.0,0.24493002679463532
7114,1.7857142857142858,92.97052154195012,90.0,0.25731864054383163
7115,1.0588235294117647,100.0,0.0,0.6900666586707636
7116,1.7826086956521738,58.19672131147541,26.055512754639892,0.24920008952123776
7117,2.119047619047619,33.64705882352941,18.32941176470588,0.5563396490719942
7118,2.1842105263157894,56.42458100558659,33.894232997601286,0.6358651209366012
7119,1.2619047619047619,94.78458049886622,10.0,0.22227487429269982
7120,2.7857142857142856,33.41121495327103,10.0,0.5471988281978256
7122,1.869047619047619,58.73015873015873,18.95346881172206,0.6900666586707636
7123,2.369047619047619,42.857142857142854,27.71826930968128,1.3284732353440138
7124,1.5238095238095237,65.75963718820861,40.0,0.538988488265067
7126,1.0,100.0,0.0,0.6900666586707636
7127,2.119047619047619,45.57823129251701,10.0,1.00522918123084
7128,1.0,100.0,0.0,0.6900666586707636
7129,1.8214285714285714,56.68934240362812,43.85164807134504,0.8559571811046276
7130,1.8928571428571428,46.71201814058957,34.0280882676477,0.9999365145923287
7131,3.658536585365854,32.846715328467155,15.969963006390854,0.8526502594728699
7132,1.5833333333333333,76.64399092970521,18.284271247461902,0.2994975477914789
7133,2.292682926829268,31.234866828087167,17.72122868417205,0.9951060463433826
7134,2.1666666666666665,49.88662131519274,19.438924942525464,0.5824670123829175
7135,2.7023809523809526,74.14965986394557,28.949345666826105,0.6403749909946046
7137,3.1785714285714284,46.25850340136054,47.55170850334912,1.1842067720575915
7138,2.2857142857142856,40.18691588785047,18.284271247461902,1.3768800316614511
7139,1.630952380952381,57.142857142857146,20.0,0.4195990397990943
7140,2.2857142857142856,31.7016317016317,50.97345132743363,1.5401495115703716
7141,2.1052631578947367,55.40166204986149,49.31675098466018,1.1271168348008995
7142,1.0,100.0,0.0,0.6900666586707636
7143,1.0,100.0,0.0,0.6900666586707636
7144,1.7380952380952381,48.29931972789116,20.0,0.6177606326574299
7145,1.4642857142857142,83.90022675736961,31.23105625617661,0.4763530588573829
7148,3.0375,44.41624365482234,32.050063602240655,0.9340882364030048
7149,2.731707317073171,37.32057416267943,23.95426499945597,1.1847151069093
7150,1.4285714285714286,86.39455782312925,12.360679774997898,0.235400578834075
7151,1.9047619047619047,55.125284738041,12.590361445783133,0.5576775196393814
7152,2.5595238095238093,30.612244897959183,16.67749564754008,0.9286790757829276
7153,2.6125,39.7984886649874,20.23318746415981,0.7924295845707914
7154,3.107142857142857,28.798185941043084,15.696763830755692,1.2804660975539615
7156,2.107142857142857,74.88479262672811,137.2383161056628,0.6931479193134816
7157,1.9642857142857142,58.50340136054422,31.305301635991277,0.6213000585069854
7158,1.0,100.0,0.0,0.6900666586707636
7160,1.9523809523809523,44.67120181405895,13.598506546667048,0.5133250699575179
7161,2.738095238095238,40.816326530612244,20.30348737069529,0.567506416214338
7162,2.011904761904762,40.136054421768705,11.124457870154108,0.48082726677783616
7163,1.7023809523809523,65.98639455782313,26.825791223460218,0.636925958945354
7164,1.9880952380952381,41.51376146788991,30.737327188940093,0.9690071196036069
7165,1.0,100.0,0.0,0.6900666586707636
7167,1.5952380952380953,71.23287671232876,30.0,0.4769182703436179
7168,1.6785714285714286,64.39909297052154,0.0,0.8929970481016154
7169,2.8333333333333335,70.06802721088435,32.11538461538461,0.8186067668438147
7170,2.0833333333333335,56.46258503401361,42.083333333333336,0.9416940640974327
7172,2.1904761904761907,48.52607709750567,12.3606797749979,1.1421877659712307
7173,1.9047619047619047,42.40362811791383,40.0,0.8484578005090093
7174,2.7857142857142856,32.55813953488372,32.500859111109726,1.4965966044030357
7175,1.8095238095238095,40.816326530612244,0.0,1.2192505624979253
7177,2.0476190476190474,45.57823129251701,21.622776601683796,0.7781549944707778
7178,1.6904761904761905,70.06802721088435,26.05551275463989,0.5259200410937108
7179,1.0,100.0,0.0,0.6900666586707636
7180,1.6071428571428572,56.46258503401361,0.0,0.9769563090491931
7182,2.011904761904762,64.36781609195403,18.284271247461902,0.3893772362904818
7183,2.2083333333333335,62.23776223776224,40.851063829787236,0.9765839376991499
7184,2.7261904761904763,80.95238095238095,13.295900464971538,0.44960193338164517
7185,1.6842105263157894,56.44699140401146,0.0,0.9571669723728832
7186,2.7738095238095237,29.931972789115648,14.157885188840194,1.0873743948947512
7187,1.2619047619047619,93.42403628117914,0.0,0.2123045436603068
7188,1.0,100.0,0.0,0.6900666586707636
7189,1.0,100.0,0.0,0.6900666586707636
7190,1.8333333333333333,48.07256235827664,18.381095452028333,1.0507188803684724
7191,3.238095238095238,23.80952380952381,10.204730837332251,0.8763926235479187
7192,1.0,100.0,0.0,0.6900666586707636
7193,1.5,44.44444444444444,0.0,1.0317039211489516
7194,1.6904761904761905,56.00907029478458,160.29386365926402,1.087791863888738
7195,1.8780487804878048,55.50239234449761,0.0,1.117162770136938
7197,1.0,100.0,0.0,0.6900666586707636
7198,1.0,100.0,0.0,0.6900666586707636
7200,3.0833333333333335,23.80952380952381,10.0,1.1793483905939772
7201,1.9523809523809523,48.75283446712018,10.0,0.39930469596662954
7202,1.8095238095238095,45.80498866213152,31.231056256176608,0.6059821513119796
7203,2.0595238095238093,64.85260770975057,16.84039687470524,0.3847994983433037
7204,1.8214285714285714,41.043083900226755,34.721359549995796,0.6958241300814554
7205,1.9761904761904763,46.478873239436616,10.923177241666544,1.0528159338391776
7207,1.5357142857142858,51.24716553287982,20.0,0.33923586196437505
7208,2.119047619047619,53.06122448979592,32.84833421568097,0.6202113385329582
7209,1.5357142857142858,80.72562358276645,0.0,0.5095219756420775
7210,1.0,100.0,0.0,0.6900666586707636
7211,2.128205128205128,31.03448275862069,12.360679774997898,1.2455079125382857
7212,2.011904761904762,46.48526077097506,126.01470508735444,1.2401825777212383
7213,3.2023809523809526,57.59637188208617,29.714285714285715,0.8057727595267237
7214,1.25,90.47619047619048,0.0,0.2910972010008829
7215,1.5238095238095237,92.7437641723356,19.646375159263467,0.2386004902137555
7216,1.2619047619047619,91.60997732426304,21.622776601683796,0.2542543903906543
7219,1.2619047619047619,64.46469248291572,0.0,0.6484771485178827
7220,2.357142857142857,29.478458049886623,14.372759856630825,0.9647858703049305
7221,2.4761904761904763,48.75283446712018,26.71942161161603,0.5858464384233526
7222,3.263157894736842,28.8135593220339,18.574484747322263,0.7297554500997261
7223,1.9404761904761905,42.40362811791383,21.622776601683796,0.8270568515108078
7224,1.8333333333333333,50.22831050228311,50.0,0.8802150176359178
7225,2.0595238095238093,65.07936507936508,22.926208351812797,0.7368531553294942
7226,3.511904761904762,31.972789115646258,15.039615000654912,1.1639523439211967
7228,1.2682926829268293,98.0952380952381,10.0,0.6900666586707636
7230,1.5595238095238095,84.35374149659864,137.91686360467207,0.48406751622452604
7232,1.4047619047619047,83.6734693877551,26.055512754639892,0.394896686264308
7233,1.7375,51.26262626262626,0.0,0.9265963217057996
7234,1.6521739130434783,93.84615384615384,62.111025509279784,0.6900666586707636
7237,2.5609756097560976,51.96078431372549,15.576543008834838,0.909276058994613
7238,2.7142857142857144,34.01360544217687,15.274390243902438,1.1939855709952365
7239,1.7261904761904763,50.56689342403628,16.043360433604335,0.4823934596677253
7240,1.130952380952381,97.73242630385488,0.0,0.10431523101713117
7241,1.4390243902439024,92.57425742574257,12.360679774997898,0.27466907391349604
7243,3.369047619047619,61.224489795918366,17.241456194572265,0.6798978356830625
7244,2.4642857142857144,40.136054421768705,17.231571320720427,1.0719966455954197
7245,1.7619047619047619,53.73831775700935,100.0,0.884462971951913
7246,1.4285714285714286,50.11337868480726,0.0,0.6930451362725594
7247,1.5714285714285714,65.75963718820861,0.0,0.8430755068350273
7248,1.5357142857142858,82.76643990929705,27.207736551170022,0.4237402004999783
7249,1.3157894736842106,100.0,0.0,0.6900666586707636
7250,1.6785714285714286,65.98639455782313,20.0,0.5744221862193774
7251,1.880952380952381,46.93877551020408,12.725941447562702,0.4368958027392995
7252,1.6666666666666667,57.142857142857146,20.0,0.6814731540974716
7253,1.0,100.0,0.0,0.6900666586707636
7254,1.25,95.23809523809524,0.0,0.15603279458857647
7256,2.6785714285714284,40.415704387990765,11.800777504873217,0.4405255365953082
7257,1.8452380952380953,37.188208616780045,10.0,1.08566165295249
7258,1.6904761904761905,41.043083900226755,38.97891217632577,0.6413508271320342
7259,1.0,100.0,0.0,0.6900666586707636
7260,1.130952380952381,97.95918367346938,0.0,0.08153221665030125
7261,2.4634146341463414,47.61904761904762,16.030495168499705,0.8439807973945129
7263,2.25,33.78684807256236,23.406121493043955,0.863347314524237
7264,1.0,100.0,0.0,0.6900666586707636
7265,1.4642857142857142,63.265306122448976,70.6225774829855,0.6521056627727886
7267,1.869047619047619,58.73015873015873,18.95346881172206,0.6900666586707636
7268,2.0365853658536586,61.83574879227053,42.02956986131917,0.6360609668097387
7269,1.880952380952381,46.48526077097506,40.4923696219994,0.9926797177559037
7270,2.1666666666666665,34.01360544217687,35.68689601558313,0.8578135207515669
7271,2.0,62.94964028776978,30.0,0.63697526674802
7273,1.0,100.0,0.0,0.6900666586707636
7274,1.619047619047619,57.82312925170068,0.0,0.9446777540976183
7275,1.1666666666666667,92.97052154195012,0.0,0.24177683987667298
7276,2.238095238095238,30.158730158730158,35.90781661588646,1.3775347678807357
7277,1.6547619047619047,63.718820861678005,26.055512754639892,0.46280223702904744
7278,2.392857142857143,37.414965986394556,20.914332804154128,0.5353632190768391
7279,1.0,100.0,0.0,0.6900666586707636
7281,1.9761904761904763,31.746031746031747,18.284271247461902,1.2270804125645456
7282,2.1666666666666665,55.32879818594105,35.6457736705805,1.0322660487296949
7283,2.6607142857142856,31.93717277486911,118.11347124277066,0.9223117274465547
7284,2.107142857142857,44.44444444444444,10.0,1.2771948234543802
7285,1.2,98.44961240310077,40.0,0.6900666586707636
7287,2.8333333333333335,30.612244897959183,10.0,0.7751506649379756
7288,1.8333333333333333,83.44671201814059,17.424582721781892,0.4852384772449453
7289,1.8928571428571428,67.34693877551021,32.323566052626106,0.5563728219880723
7290,1.2023809523809523,94.33106575963718,0.0,0.19675885742915436
7291,1.5476190476190477,48.52607709750567,40.0,0.5331638407372986
7292,1.8333333333333333,75.96371882086167,33.134391916963736,0.6746721816301432
7293,1.6785714285714286,65.07936507936508,90.0,0.8604350347145988
7294,2.8333333333333335,59.41043083900227,23.506404885688763,0.8765017856599889
7295,2.5,55.55555555555556,17.82375089164039,0.8553113340312447
7296,1.8095238095238095,71.65532879818593,10.128167378581228,0.5836909694918051
7297,1.0,100.0,0.0,0.6900666586707636
7298,1.0,100.0,0.0,0.6900666586707636
7299,1.5357142857142858,36.507936507936506,70.0,0.6612584192685826
7300,1.3333333333333333,93.19727891156462,0.0,0.2542810577795277
7301,2.142857142857143,38.49658314350797,44.603625450330554,1.3152177945796317
7302,2.011904761904762,89.56916099773242,38.69565217391305,0.33923586196437505
7303,1.5238095238095237,90.47619047619048,19.794170558518786,0.36737316361198136
7304,1.0,100.0,0.0,0.6900666586707636
7305,2.5,51.47392290249433,14.310374872318684,0.6640111070816559
7306,2.607142857142857,29.25170068027211,15.28540506323163,1.2571693871320488
7307,1.9404761904761905,47.16553287981859,45.986738454708366,0.9782293881863836
7308,1.7619047619047619,65.98639455782313,21.735222553339046,0.6460566976807474
7310,1.4166666666666667,100.0,0.0,0.6900666586707636
7311,1.8452380952380953,67.57369614512471,17.712590587796715,0.8269457442767614
7312,2.0595238095238093,33.78684807256236,31.231056256176608,1.239077275383084
7315,2.4404761904761907,30.385487528344672,58.37564644400527,1.4301482239730405
7316,1.7023809523809523,73.69614512471655,32.62843799754908,0.5605252701214672
7318,2.630952380952381,43.99092970521542,26.055512754639892,1.3183773671678545
7321,1.4285714285714286,83.90022675736961,0.0,0.48482450848628555
7322,1.6666666666666667,77.77777777777777,0.0,0.37677016125643675
7323,2.1547619047619047,83.6734693877551,10.0,0.36143379385448493
7325,2.4523809523809526,28.798185941043084,10.0,0.9138638171624456
7326,1.9761904761904763,32.426303854875286,26.055512754639896,0.6356858024011764
7327,1.05,100.0,0.0,0.6900666586707636
7328,1.5,71.42857142857143,20.0,0.3198197673223754
7331,1.8333333333333333,50.79365079365079,82.19544457292886,1.066258808374089
7332,1.951219512195122,44.416873449131515,40.0,0.6821869448456304
7333,1.5119047619047619,55.32879818594105,40.0,0.6506999925178663
7334,1.2619047619047619,94.33106575963718,0.0,0.2363239717850241
7335,2.5,76.86567164179104,66.1577310586391,0.6900666586707636
7337,2.3684210526315788,55.0,25.29468870021534,0.14874579713923564
7338,2.3095238095238093,39.002267573696145,26.863115910033684,1.1888530618970434
7339,2.011904761904762,43.53741496598639,31.23105625617661,1.0571534357902013
7340,1.7380952380952381,49.65986394557823,23.77822590674113,0.5117400734174093
7341,2.2023809523809526,36.281179138321995,61.718082641986655,1.187736126777056
7342,1.8214285714285714,43.53741496598639,43.85164807134504,1.000913876973652
7343,1.2023809523809523,95.01133786848072,120.0,0.1750671558611867
7344,3.357142857142857,30.839002267573697,16.96783532730595,1.0377521486652075
7345,2.2142857142857144,56.235827664399096,28.662871542618372,1.0204535227668885
7347,1.7195121951219512,67.38095238095238,0.0,0.8005836711342764
7348,2.238095238095238,29.931972789115648,27.829893748507384,0.9392885500609491
7349,2.231707317073171,40.84158415841584,19.696575300998088,0.5387744140081546
7350,1.7380952380952381,58.049886621315196,0.0,0.8472093875394984
7351,1.5,52.38095238095238,70.0,0.6421347837839517
7352,1.5238095238095237,76.87074829931973,88.99494936611666,0.5287101190234743
7353,1.9848484848484849,50.56603773584906,31.755725190839694,0.6921511658363506
7354,2.4285714285714284,48.07256235827664,22.636140343748057,0.755569803023815
7355,1.630952380952381,80.95238095238095,18.284271247461902,0.3709379907515273
7356,2.0,45.35147392290249,13.52112676056338,1.1081664607415207
7357,1.5714285714285714,49.65986394557823,26.055512754639892,0.42885439451264507
7358,1.9761904761904763,49.65986394557823,26.67451463522236,0.6580750744446553
7359,2.2738095238095237,58.73015873015873,35.82382079578952,0.9546003011768894
7360,1.0,100.0,0.0,0.6900666586707636
7361,3.1547619047619047,44.89795918367347,15.529197810009139,0.5309461753606856
7363,2.4285714285714284,32.426303854875286,10.978260869565217,1.082218164597342
7364,1.0,100.0,0.0,0.6900666586707636
7365,1.4285714285714286,81.40589569160997,50.0,0.5476529239430152
7368,1.869047619047619,58.73015873015873,18.95346881172206,0.6900666586707636
7369,1.1785714285714286,97.27891156462584,0.0,0.11908032827148854
7370,1.7261904761904763,57.36961451247166,43.37728005911358,0.4553194653360305
7371,4.146341463414634,38.0722891566265,15.073965548298839,0.7603013638002356
7373,1.869047619047619,58.73015873015873,18.95346881172206,0.6900666586707636
7375,1.869047619047619,58.73015873015873,18.95346881172206,0.6900666586707636
7376,1.7619047619047619,60.54421768707483,10.0,0.3721109843002241
7377,1.9047619047619047,32.426303854875286,20.0,0.48691270946460224
7379,2.0,68.31168831168831,62.11102550927979,0.6257555644374044
7381,1.2857142857142858,79.13832199546485,0.0,0.5101464839287555
7382,1.6547619047619047,66.66666666666667,20.0,0.4025791794707776
7383,1.2857142857142858,95.34883720930233,12.360679774997896,0.09707660842443223
7384,1.0,100.0,0.0,0.6900666586707636
7385,2.761904761904762,42.40362811791383,18.237248229212877,0.48691270946460224
7387,1.9880952380952381,31.746031746031747,21.622776601683796,1.2986296533952113
7388,2.2261904761904763,48.52607709750567,43.96455862031786,1.197102293455481
7389,1.0,100.0,0.0,0.6900666586707636
7390,1.0,100.0,0.0,0.6900666586707636
7391,1.95,52.87958115183246,26.055512754639892,0.640978171678722
7392,1.8333333333333333,85.58558558558559,94.40306508910551,0.16176467898632785
7393,1.7439024390243902,63.70192307692308,148.11388300841895,0.7514754755928179
7396,1.5476190476190477,79.13832199546485,20.0,0.3721109843002241
7397,1.7023809523809523,54.87528344671202,34.721359549995796,1.0866539537476008
7398,1.9404761904761905,51.70068027210884,10.042251349354316,0.40613870982948813
7399,1.5238095238095237,77.55102040816327,20.0,0.3697616900395684
7400,1.2857142857142858,87.3015873015873,0.0,0.36502313423558724
7401,1.525,93.04123711340206,20.0,0.09640165958091496
7403,1.4761904761904763,74.82993197278911,40.0,0.5036854613653327
7404,1.4625,62.62626262626262,0.0,0.6637368176484135
7405,2.1666666666666665,39.45578231292517,26.055512754639896,1.111944636822675
7406,2.5357142857142856,61.904761904761905,30.929446188498503,0.6093436691966633
7407,1.7738095238095237,55.78231292517007,20.0,0.9204672263607814
7409,1.75,75.96371882086167,10.0,0.387065056684456
7411,1.8452380952380953,54.87528344671202,116.49110640673518,0.9570429391947823
7412,2.357142857142857,49.20634920634921,11.681957186544343,0.9022107231829544
7413,1.0,100.0,0.0,0.6900666586707636
7414,1.7380952380952381,78.91156462585035,20.0,0.4673987753976768
7415,1.8214285714285714,34.92063492063492,20.0,0.8532373433829092
7416,1.2592592592592593,100.0,0.0,0.6900666586707636
7418,1.6097560975609757,67.4074074074074,43.85164807134504,0.5623351446188083
7419,2.0357142857142856,50.11337868480726,11.640625,0.9786945103657831
7420,2.2142857142857144,31.519274376417233,32.426406871192846,1.4982403671104672
7421,1.0,100.0,0.0,0.6900666586707636
7422,1.5476190476190477,74.14965986394557,130.0,0.695319266307074
7423,2.0714285714285716,44.89795918367347,11.975988934047825,0.6907791171316052
7424,1.1666666666666667,96.59863945578232,0.0,0.1461447460085638
7425,1.7023809523809523,57.59637188208617,31.7099718661234,0.8305265086295754
7426,1.7380952380952381,65.75963718820861,0.0,0.947946062008078
7427,2.073170731707317,35.81730769230769,40.0,1.049273001821338
7429,2.182926829268293,38.18615751789976,43.96342450897899,1.289235869632167
7430,1.2857142857142858,83.21995464852608,0.0,0.4388794027139652
7431,1.8928571428571428,44.89795918367347,18.284271247461902,0.409048346357458
7433,1.0,100.0,0.0,0.6900666586707636
7434,2.011904761904762,46.03174603174603,29.926861405298226,0.765382809821914
7435,2.8378378378378377,36.87315634218289,36.02491924349391,0.7429559484425152
7436,1.3214285714285714,100.0,0.0,0.6900666586707636
7437,3.5595238095238093,32.87981859410431,19.927248161873667,0.9731089769201359
7438,1.4642857142857142,84.80725623582767,24.198752776212153,0.3492444842557457
7439,2.4285714285714284,29.25170068027211,28.422503300670844,1.0906284090948817
7440,2.630952380952381,43.53741496598639,25.3158861413938,1.0564932193957763
7442,1.6071428571428572,72.10884353741497,25.275761797193113,0.4646481885217453
7443,1.9880952380952381,56.00907029478458,24.783339952195682,0.627496005782675
7446,1.9761904761904763,42.63038548752834,66.74710010192621,1.0304263190095524
7447,1.9880952380952381,53.47222222222222,34.48786008127593,0.5596463012094076
7448,2.011904761904762,42.17687074829932,46.568542494923804,1.0622820020175892
7450,1.869047619047619,58.73015873015873,18.95346881172206,0.6900666586707636
7451,1.9268292682926829,41.54228855721393,42.266666666666666,0.564545180524417
7452,2.0476190476190474,45.57823129251701,0.0,1.1391792627179893
7453,1.5238095238095237,90.70294784580499,0.0,0.31716411734718
7454,2.0833333333333335,51.47392290249433,45.96383317684603,0.9476626615536559
7455,1.7738095238095237,70.0228832951945,20.0,0.7778846861403669
7456,1.6904761904761905,56.91609977324263,35.35168195718654,0.5787072575692275
7458,1.2894736842105263,100.0,0.0,0.6900666586707636
7459,1.5909090909090908,87.71929824561404,12.3606797749979,0.28579940019294636
7460,2.4285714285714284,67.80045351473923,38.86363316780322,0.5738027124200926
7464,1.6842105263157894,72.41379310344827,0.0,0.5395941226655728
7465,2.0595238095238093,53.28798185941043,18.284271247461902,0.8681939288375284
7466,1.3243243243243243,96.7551622418879,0.0,0.08809514428448671
7467,2.2738095238095237,87.98185941043084,0.0,0.3662128046180504
7468,2.2023809523809526,75.51020408163265,20.715858750171346,0.7527795092002916
7469,1.7023809523809523,55.76470588235294,10.0,0.2961345385953637
7470,1.3214285714285714,77.77777777777777,0.0,0.529457521067542
7471,1.75,63.718820861678005,24.892569164795535,0.496248763305596
7473,2.130952380952381,54.64852607709751,20.983556545163683,0.8040304395483957
7474,1.9523809523809523,46.71201814058957,20.0,0.5529934580933702
7476,2.0,46.91358024691358,42.123456790123456,0.50522185550423
7481,2.6785714285714284,32.426303854875286,53.858305358067206,1.4574157529212477
7482,1.0,100.0,0.0,0.6900666586707636
7483,1.8214285714285714,44.44444444444444,16.537055396395907,0.9882196565899733
7484,2.4047619047619047,57.59637188208617,19.232468384984607,0.5526743602479409
7485,3.392857142857143,65.98639455782313,14.918834716075768,0.7666491472957064
7486,1.0,100.0,0.0,0.6900666586707636
7487,2.0,39.682539682539684,15.396341463414634,1.0790807235209479
7488,1.0,100.0,0.0,0.6900666586707636
7489,1.5714285714285714,82.99319727891157,22.974540142249438,0.2810892768717612
7490,2.025,35.549872122762146,30.0,1.0452620450185344
7491,2.4166666666666665,74.37641723356009,16.694128813980146,0.5739312695545011
7492,1.1428571428571428,97.95918367346938,10.0,0.07986757703784414
7493,2.0833333333333335,39.909297052154194,35.84268184925435,1.0822367019293322
7494,2.107142857142857,49.43310657596372,39.54560898876207,1.1850909180263525
7495,2.6547619047619047,45.35147392290249,15.530910030508263,0.6301495968950194
7497,1.119047619047619,96.59863945578232,0.0,0.1339135490837782
7499,1.6666666666666667,60.997732426303855,0.0,0.8869805785982137
7500,1.75,65.3061224489796,21.622776601683796,0.5607803630787573
7501,1.369047619047619,61.904761904761905,0.0,0.6630646759129466
7502,2.4523809523809526,30.612244897959183,18.279450493115338,0.514901509505461
7503,2.0875,45.063291139240505,40.0,0.9844681496260608
7504,2.0595238095238093,54.588235294117645,112.42270097695845,0.9858172588084366
7505,1.7258064516129032,55.26315789473684,60.0,0.6838206287849113
7506,1.8928571428571428,46.71201814058957,43.8543778838931,0.6072924479589379
7507,1.369047619047619,85.4875283446712,0.0,0.4331091791169176
7508,2.2857142857142856,52.83446712018141,10.0,0.898449855049981
7509,1.8214285714285714,34.467120181405896,0.0,1.312972021799864
7510,1.9523809523809523,32.6530612244898,10.792809748996788,0.9424145070558905
7511,1.7976190476190477,43.99092970521542,0.0,1.0794403929479417
7512,1.6071428571428572,74.37641723356009,0.0,0.721389067519894
7513,2.7023809523809526,33.78684807256236,17.09989625903135,0.998187015807481
7514,1.7976190476190477,34.01360544217687,40.0,0.8837790004301651
7515,2.25,41.723356009070294,18.284271247461902,1.3236755383360528
7516,2.9047619047619047,50.34013605442177,38.47115383518626,0.8765832577708885
7517,2.119047619047619,59.63718820861678,70.6225774829855,0.8933643440371797
7518,1.5952380952380953,58.049886621315196,20.0,0.36263364361387745
7519,1.5238095238095237,79.36507936507937,18.284271247461902,0.3250829733914482
7520,2.0357142857142856,50.4739336492891,45.374262041301286,1.0282502771587145
7521,2.911764705882353,40.57971014492754,17.31206250281216,0.47413931305783735
7522,3.5,28.767123287671232,13.022938528674182,1.2924880183009857
7523,1.3571428571428572,83.44671201814059,0.0,0.4985585645358217
7524,1.0,100.0,0.0,0.6900666586707636
7525,1.6666666666666667,76.41723356009071,36.93836591022423,0.394896686264308
7526,1.8333333333333333,46.48526077097506,30.0,0.9738520813644145
7527,1.3095238095238095,82.31292517006803,0.0,0.4581441790615257
7528,1.7380952380952381,80.98591549295774,33.81771466369839,0.35997676305644755
7530,1.0,100.0,0.0,0.6900666586707636
7531,1.2023809523809523,94.78458049886622,0.0,0.1986019481601527
7532,2.0357142857142856,50.79365079365079,31.320212553045,1.096456855758295
7533,1.0,100.0,0.0,0.6900666586707636
7534,2.4761904761904763,59.183673469387756,33.85621874414944,1.157951797138809
7535,1.0238095238095237,99.77324263038548,0.0,0.009205721925471222
7537,2.9047619047619047,56.235827664399096,10.0,0.8358212895597174
7538,1.5357142857142858,77.32426303854875,18.284271247461906,0.387065056684456
7539,1.869047619047619,45.57823129251701,34.7213595499958,0.7080644631579962
7540,1.8214285714285714,58.41121495327103,30.0,0.5958805943583709
7542,2.7261904761904763,58.73015873015873,10.008841497284637,0.9375635685148913
7543,1.8095238095238095,42.17687074829932,40.0,0.5846745581478878
7544,1.75,50.45871559633027,0.0,1.0250369185937878
7546,1.869047619047619,58.73015873015873,18.95346881172206,0.6900666586707636
7547,1.0,100.0,0.0,0.6900666586707636
7548,2.8095238095238093,81.40589569160997,12.108393668069533,0.5065422657258936
7549,1.8095238095238095,52.15419501133787,67.7528034902705,1.1257963578479184
7550,2.107142857142857,64.39909297052154,33.790761112717725,0.8251445171283961
7551,1.380952380952381,51.70068027210884,0.0,0.6929657636932951
7552,2.4166666666666665,75.85421412300683,16.30404717050088,0.4290876596270006
7553,1.7738095238095237,78.11764705882354,41.687041564792175,0.5849168658836392
7554,2.097560975609756,68.4964200477327,25.17570200390081,0.6024486588585127
7555,2.1547619047619047,50.79365079365079,12.360679774997896,1.242876529968043
7556,2.607142857142857,52.38095238095238,14.137516916916693,0.994838477847898
7557,2.824324324324324,22.80701754385965,50.32659111520186,1.3605522874281673
7558,1.6071428571428572,61.45124716553288,0.0,0.9672313420373353
7559,1.380952380952381,81.40589569160997,0.0,0.5650951988755456
7560,1.5714285714285714,69.61451247165533,94.54556549031736,0.7513807499550187
7562,1.7857142857142858,50.34013605442177,21.622776601683796,0.4486400995559142
7563,1.5357142857142858,67.34693877551021,0.0,0.8101208146405003
7567,1.2738095238095237,88.88888888888889,0.0,0.3489535673337081
7569,2.0833333333333335,29.478458049886623,19.12644298270164,0.5731814003707648
7570,1.0238095238095237,100.0,0.0,0.6900666586707636
7572,2.107142857142857,36.32183908045977,25.339233038348084,1.1961504553734494
7573,2.0476190476190474,32.19954648526077,21.881606679778482,1.0837545879308172
7574,1.869047619047619,58.73015873015873,18.95346881172206,0.6900666586707636
7575,3.380952380952381,36.281179138321995,20.03974588140989,1.0891437984112375
7578,1.6666666666666667,59.58904109589041,20.0,0.42457640162608506
7580,1.5,47.61904761904762,0.0,0.9439818893375727
7581,1.8214285714285714,54.87528344671202,19.10096346896362,0.6163104294023093
7582,1.869047619047619,58.73015873015873,18.95346881172206,0.6900666586707636
7583,2.7976190476190474,22.90249433106576,47.101782488671866,1.5502605364005178
7584,2.85,44.13265306122449,48.94717261187137,1.031306183168822
7585,2.369047619047619,30.839002267573697,35.78445703287033,1.570330764756919
7586,1.0,100.0,0.0,0.6900666586707636
7587,1.3214285714285714,77.32426303854875,0.0,0.529457521067542
7589,1.7142857142857142,38.095238095238095,24.692737430167597,0.49033943049065165
7590,1.9285714285714286,37.44186046511628,34.13194444444444,0.6341962071500218
7591,1.7926829268292683,72.15496368038741,40.0,0.787863346275103
7592,2.0833333333333335,43.99092970521542,88.48857801796103,0.9177844749619458
7593,1.2857142857142858,100.0,0.0,0.6900666586707636
7594,3.7261904761904763,41.935483870967744,22.591145054181,0.7900829092151298
7595,2.418918918918919,49.707602339181285,37.023274645530584,0.9375042148240424
7596,1.3571428571428572,84.80725623582767,0.0,0.4730644126073733
7597,1.7619047619047619,40.816326530612244,37.80487804878049,0.8006920631662777
7598,2.119047619047619,65.53287981859411,24.384602567663453,0.5931867146850656
7599,1.869047619047619,41.87643020594966,0.0,1.2687007014909812
7600,2.5357142857142856,33.333333333333336,27.802881239217108,0.6593977055702662
7602,4.119047619047619,32.19954648526077,14.757879566605267,1.3290483755894038
7603,2.5476190476190474,27.891156462585034,25.301408632564627,1.0895600346327545
7604,1.869047619047619,47.16553287981859,26.055512754639892,1.0255913402271863
7605,1.5595238095238095,67.34693877551021,20.0,0.36383008546231416
7606,1.0,100.0,0.0,0.6900666586707636
7609,2.142857142857143,34.467120181405896,60.710678118654755,1.3080844902822013
7610,1.024390243902439,100.0,0.0,0.6900666586707636
7611,2.130952380952381,38.095238095238095,32.426406871192846,0.6648166803507292
7612,1.1785714285714286,92.51700680272108,0.0,0.2527141480996228
7613,1.6666666666666667,65.75963718820861,97.06808819912307,0.8600454360368042
7614,1.0,100.0,0.0,0.6900666586707636
7615,1.6547619047619047,45.57823129251701,66.15773105863909,1.0688320511596971
7616,1.3452380952380953,74.25968109339408,0.0,0.5655966842646097
7617,1.619047619047619,52.15419501133787,0.0,1.0008063324173573
7618,2.1785714285714284,35.82766439909297,25.112981352060057,0.6009749878606472
7619,2.75,26.41025641025641,11.876174608705039,0.9714079708379014
7620,1.75,65.45454545454545,94.070796460177,0.954380186496601
7621,2.4404761904761907,31.554524361948957,11.299116228379345,0.6496670212461078
7622,1.5357142857142858,81.17913832199547,20.0,0.36383008546231416
7623,1.6785714285714286,49.88662131519274,26.05551275463989,0.45151793332600054
7624,3.4642857142857144,38.775510204081634,19.24170616113744,0.9769173993350472
7626,2.261904761904762,39.678899082568805,30.67767357873296,1.0172234383533325
7627,1.7619047619047619,55.78231292517007,62.80109889280519,0.9497292989085009
7628,1.0,100.0,0.0,0.6900666586707636
7629,1.8452380952380953,45.57823129251701,20.62871851901477,1.140184717618001
7630,2.5833333333333335,53.28798185941043,24.816281869055416,0.6520520410665661
7632,2.7738095238095237,21.08843537414966,44.97603561349325,1.5037015435418426
7633,1.7976190476190477,96.0,10.0,0.11667252213635486
7634,1.5952380952380953,73.46938775510205,31.231056256176604,0.7363589768331011
7635,3.607142857142857,66.89342403628117,37.21525177167281,0.7920418929291717
7636,1.2976190476190477,86.84807256235828,0.0,0.37328068450719404
7637,1.8095238095238095,62.585034013605444,64.46281943350864,0.7413437037853237
7639,2.8095238095238093,51.70842824601367,10.0,0.5535216518928043
7640,2.5357142857142856,35.374149659863946,59.55826768291799,1.2411854876126887
7641,1.9047619047619047,83.90022675736961,14.720588830043532,0.394896686264308
7642,2.0595238095238093,32.426303854875286,20.874242324146554,1.2125856354859477
7643,1.5595238095238095,77.09750566893425,90.0,0.6650649342341494
7644,2.054054054054054,64.11764705882354,102.239782176413,0.9009654223764731
7645,1.8095238095238095,54.48275862068966,54.031242374328485,0.6444022483558272
7646,3.575,34.43037974683544,20.0201304125833,0.8860473518585809
7647,1.05,100.0,0.0,0.6900666586707636
7648,2.2261904761904763,45.35147392290249,46.59180255730925,1.178437426040354
7649,2.125,52.33160621761658,120.0,1.1402333413144514
7650,2.2023809523809526,43.764172335600904,113.6931687685298,1.2773296770145293
7651,2.65625,41.666666666666664,0.0,1.065241230227254
7653,2.5375,33.08270676691729,13.342878089641024,1.0082554367082845
7654,1.8095238095238095,66.21315192743764,31.231056256176604,0.6595462985911349
7655,2.0714285714285716,48.07256235827664,37.94207363120691,1.0939174194013384
7656,1.0,100.0,0.0,0.6900666586707636
7657,1.9166666666666667,43.08390022675737,18.2842712474619,0.45151793332600054
7658,2.1785714285714284,41.723356009070294,18.57894736842105,0.9548731641800356
7659,1.0,100.0,0.0,0.6900666586707636
7660,1.45,80.4177545691906,0.0,0.6245212400715295
7661,2.5365853658536586,34.32835820895522,15.877483331222253,1.1666012559530274
7662,2.1904761904761907,41.723356009070294,25.280954948431074,0.5960740318257864
7663,1.5909090909090908,93.33333333333333,0.0,0.21812135982720493
7664,3.261904761904762,30.158730158730158,20.6200503803266,1.2006500034921075
7665,3.261904761904762,38.095238095238095,25.898768107928916,0.832456153480567
7666,1.7023809523809523,45.12471655328798,10.0,1.07217525005683
7667,3.3026315789473686,24.78134110787172,75.19189152178257,1.3303768439576056
7668,2.6875,64.14141414141415,19.090143843351008,0.9746918997840044
7669,1.2619047619047619,84.58049886621315,0.0,0.4143593703682138
7670,1.8333333333333333,60.54421768707483,12.360679774997898,0.9451755496708077
7671,2.0,56.25,82.19544457292886,0.6413779651234767
7672,1.6428571428571428,71.88208616780045,36.054421768707485,0.394896686264308
7673,2.0476190476190474,58.12356979405034,19.379595393518436,0.6898997900293786
7674,1.7023809523809523,60.997732426303855,40.0,0.5368193623290812
7676,2.323529411764706,47.56944444444444,53.24555320336759,0.6929022302124002
7677,1.7380952380952381,45.12471655328798,32.426406871192846,0.5750398244780919
7678,2.25,50.46296296296296,24.882219497898713,0.6471113595611458
7679,3.2023809523809526,38.321995464852606,35.62358276643991,0.9600988794728047
7680,1.4642857142857142,88.43537414965986,102.76595744680851,0.36543717909201856
7681,2.4761904761904763,72.33560090702947,14.489795918367347,0.42476854334255676
7682,1.0,100.0,0.0,0.6900666586707636
7683,1.8452380952380953,53.96825396825397,31.373063442311402,0.9355866836651883
7684,1.7261904761904763,77.17647058823529,30.0,0.3855928686356072
7685,1.7142857142857142,68.54460093896714,0.0,0.9304798354838455
7687,2.7976190476190474,49.65986394557823,12.159090909090908,0.47646658599496106
7688,1.0,100.0,0.0,0.6900666586707636
7690,1.3902439024390243,87.8048780487805,42.94956479097555,0.34554430494464045
7692,2.8095238095238093,73.01587301587301,21.63182693499048,0.4618755735502886
7693,1.869047619047619,58.18181818181818,89.59822299733776,0.9541161667141806
7694,1.25,95.46485260770974,130.0,0.18258593074318816
7695,1.5384615384615385,86.53846153846153,26.055512754639896,0.6900666586707636
7696,1.7738095238095237,39.45578231292517,0.0,1.271986036561825
7697,2.1785714285714284,35.374149659863946,22.61396294431821,0.88727150511939
7698,1.6785714285714286,63.038548752834465,0.0,1.0520041594178786
7699,1.4285714285714286,85.03401360544218,39.74365643520624,0.38366200046938814
7700,1.869047619047619,47.61904761904762,10.014051665327369,1.0917941656826295
7701,1.4761904761904763,75.28344671201815,0.0,0.6656681403392086
7702,2.7023809523809526,35.147392290249435,37.526334031388814,1.0755360043235835
7704,2.2142857142857144,63.718820861678005,30.0,0.9249476138991986
7705,2.511904761904762,27.210884353741495,40.609075078010484,1.234593061146384
7706,1.25,95.01133786848072,0.0,0.2070602015585462
7707,1.4523809523809523,87.98185941043084,36.935878938086375,0.3036381718552369
7708,1.5119047619047619,77.55102040816327,0.0,0.6658451344099366
7709,2.0833333333333335,33.78684807256236,37.78425039075115,0.8202092400643113
7710,2.130952380952381,31.065759637188208,30.212092089079114,0.9399499950293482
7711,2.4047619047619047,29.705215419501133,55.19354754769834,1.0954611720274503
7713,1.5476190476190477,74.82993197278911,30.0,0.4562635425192022
7714,1.0,100.0,0.0,0.6900666586707636
7715,2.661290322580645,60.352422907488986,91.9803902718557,0.9493868276192587
7716,1.8064516129032258,80.08849557522124,97.70329614269008,0.4385301255778533
7717,1.9634146341463414,40.714285714285715,40.0,0.5861334974006218
7718,1.6547619047619047,56.46258503401361,104.21816969502424,0.6686948056098574
7719,2.08974358974359,39.66942148760331,0.0,1.4248736085696054
7720,1.4390243902439024,90.0,35.33341378753442,0.29132033444735994
7721,1.9642857142857142,50.56689342403628,112.06555615733703,1.197147880030685
7722,1.5357142857142858,39.45578231292517,50.0,0.5706777149639215
7723,2.6547619047619047,31.746031746031747,20.062285602293983,0.9008901729212726
7724,2.4761904761904763,30.385487528344672,10.0,0.6187191250308035
7725,1.3333333333333333,56.235827664399096,0.0,0.6845482418682356
7726,2.3214285714285716,46.25850340136054,16.286197063121897,0.5324266559320824
7727,1.880952380952381,57.59637188208617,65.97428149949373,1.018624711431209
7728,2.125,48.78048780487805,40.18113325657217,0.6900666586707636
7729,2.238095238095238,44.77272727272727,46.25218786849511,0.8178150736384244
7730,1.6666666666666667,74.37641723356009,18.284271247461902,0.36502313423558724
7732,2.4642857142857144,42.622950819672134,32.426406871192846,0.8793778470009808
7735,1.2625,78.94736842105263,0.0,0.5038577305146166
7737,1.6666666666666667,34.240362811791385,130.0,1.1474501532905665
7738,1.9880952380952381,53.191489361702125,48.309518948453004,0.5577051281729002
7739,2.261904761904762,41.723356009070294,20.47185813672519,0.9859306368920944
7740,2.0595238095238093,39.002267573696145,39.0,0.8310368488762628
7741,1.25,95.23809523809524,0.0,0.15603279458857647
7742,1.5657894736842106,80.74712643678161,0.0,0.5671244665697249
7743,1.0,100.0,0.0,0.6900666586707636
7744,1.7857142857142858,78.45804988662131,0.0,0.7229226155606643
7745,2.119047619047619,63.945578231292515,39.20071104637014,0.8147087471846464
7746,2.238095238095238,46.18937644341801,48.94209495671527,1.2262173880419747
7747,1.7976190476190477,43.08390022675737,24.668729776994745,0.6618665453311015
7748,1.0,100.0,0.0,0.6900666586707636
7749,1.9642857142857142,56.68934240362812,26.055512754639892,0.6329420960250566
7750,2.730769230769231,30.08130081300813,40.784063124380744,0.7576690220503882
7751,2.130952380952381,43.73522458628842,50.414591203172094,1.1100469442410177
7752,1.75,57.82312925170068,18.284271247461902,0.5852613928829812
7753,2.7857142857142856,69.61451247165533,18.51917293009081,0.6022393367500618
7754,2.0238095238095237,65.98639455782313,31.23105625617661,0.7303337001771573
7755,1.630952380952381,75.28344671201815,12.360679774997896,0.35416227869290245
7756,1.5714285714285714,50.56689342403628,20.0,0.4122435915770757
7757,3.1547619047619047,37.188208616780045,25.446213317006524,1.5285040738773825
7759,2.7023809523809526,34.69387755102041,36.037262328863484,1.2946824265020584
7760,3.642857142857143,56.235827664399096,14.56158833079361,0.5927283050129112
7761,1.0,100.0,0.0,0.6900666586707636
7763,2.2837837837837838,32.93768545994065,0.0,1.2696842744008574
7764,1.95,36.734693877551024,25.884615384615383,0.9609785361224057
7765,2.268292682926829,45.714285714285715,24.741638368924892,0.9465845479241592
7766,3.5476190476190474,57.36961451247166,28.30925643185863,0.9352526602127782
7767,1.9642857142857142,34.240362811791385,44.62456988757907,1.4736090254285261
7768,1.3333333333333333,74.37641723356009,0.0,0.5794263650252447
7769,2.9125,46.666666666666664,43.30202658036984,0.9700747766805349
7771,2.425925925925926,78.4090909090909,10.180434122929775,0.3389620939790954
7772,1.0,100.0,0.0,0.6900666586707636
7774,1.6547619047619047,74.37641723356009,146.5247584249853,0.7180078196279756
7775,1.5714285714285714,82.31292517006803,35.47456501466646,0.5187513104400892
7776,1.6666666666666667,60.54421768707483,34.126949187461136,0.48170358168672356
7777,1.8333333333333333,46.71201814058957,26.055512754639892,1.0003990547515915
7778,1.4642857142857142,61.678004535147394,0.0,0.6618665453311015
7779,1.619047619047619,59.863945578231295,0.0,0.9289059803675506
7781,2.142857142857143,50.91324200913242,10.0,0.7825923429313311
7782,1.869047619047619,58.73015873015873,18.95346881172206,0.6900666586707636
7783,2.1904761904761907,40.816326530612244,45.81286946453434,0.910454487289492
7785,2.9047619047619047,44.89795918367347,22.22615350452363,0.7062724615419091
7786,1.7380952380952381,72.78911564625851,18.284271247461902,0.7309283796377215
7788,1.0833333333333333,98.1859410430839,0.0,0.07738386290374488
7789,2.525,43.43434343434343,31.273834305008645,1.273743247965283
7790,2.3333333333333335,51.97215777262181,67.58571126602688,0.7564870973527522
7791,1.9523809523809523,64.36781609195403,10.0,0.3204868215216288
7792,2.6547619047619047,34.240362811791385,21.846472591906817,1.2667407470495373
7793,1.0,100.0,0.0,0.6900666586707636
7794,1.869047619047619,58.73015873015873,18.95346881172206,0.6900666586707636
7795,1.9166666666666667,57.59637188208617,30.0,0.9601187415492325
7796,2.4642857142857144,48.75283446712018,14.87012987012987,1.0844842616042778
7797,2.869047619047619,27.210884353741495,27.025457725803054,0.4995761402843666
7799,2.1666666666666665,38.54875283446712,26.831683168316832,0.6261494944014616
7800,2.2261904761904763,44.67120181405895,91.9803902718557,1.2918874513354468
7801,1.4642857142857142,77.32426303854875,80.0,0.5264555659299445
7802,1.0,100.0,0.0,0.6900666586707636
7803,2.488095238095238,50.56689342403628,18.43040622249003,0.5324266559320824
7805,1.4523809523809523,93.54838709677419,0.0,0.22750802265521763
7806,1.6547619047619047,41.26984126984127,31.231056256176608,0.5028680063956953
7807,1.1547619047619047,95.23809523809524,0.0,0.1750671558611867
7808,3.2625,31.202046035805626,18.060550068727757,1.4019733312684315
7809,1.6071428571428572,53.74149659863946,100.29411764705883,0.8757976071494126
7811,2.130952380952381,59.183673469387756,0.0,1.017246348116763
7812,1.7142857142857142,64.39909297052154,44.91170874869934,0.869066005764049
7813,1.0952380952380953,97.95918367346938,0.0,0.08476607571480994
7815,1.9047619047619047,51.47392290249433,131.45631067961165,1.2056042551949855
7816,1.0,100.0,0.0,0.6900666586707636
7817,2.630952380952381,31.57894736842105,46.493506493506494,1.4116723909024225
7818,1.7142857142857142,35.01144164759725,40.0,0.6313727800636019
7819,2.2261904761904763,31.746031746031747,33.732176428489645,1.3333542205907487
7820,2.357142857142857,52.38095238095238,40.0,0.973001214869829
7821,1.3452380952380953,87.98185941043084,18.284271247461902,0.22400921478331673
7822,1.2738095238095237,83.6734693877551,0.0,0.4359000187391009
7823,2.369047619047619,27.210884353741495,12.184271599910833,0.9162776008681365
7824,1.4880952380952381,50.68807339449541,0.0,0.6931442420814014
7825,2.3452380952380953,28.83295194508009,18.214673053170884,0.8896237298234027
7826,1.130952380952381,95.69160997732426,0.0,0.16375984434440055
7828,1.7258064516129032,58.333333333333336,0.0,0.6738938068288842
7829,2.8333333333333335,66.66666666666667,19.30240516955782,0.47994861471265415
7830,1.9523809523809523,46.71201814058957,39.221556886227546,1.11350466024863
7831,1.6666666666666667,65.75963718820861,32.426406871192846,0.49708395419202456
7832,1.8928571428571428,51.24716553287982,30.0,1.020638778674697
7833,1.0833333333333333,98.41269841269842,0.0,0.06719688036269783
7834,1.0,100.0,0.0,0.6900666586707636
7835,2.0365853658536586,61.961722488038276,35.04854368932039,0.9736543703067959
7836,1.9166666666666667,45.35147392290249,100.02128398893744,1.1401741274810613
7837,3.261904761904762,42.17687074829932,26.181225037724534,1.1778925623734433
7838,1.5238095238095237,90.47619047619048,0.0,0.31716411734718
7839,2.8452380952380953,56.68934240362812,19.299890852693174,0.7775252786924128
7840,1.869047619047619,58.73015873015873,18.95346881172206,0.6900666586707636
7841,1.3452380952380953,66.89342403628117,0.0,0.6318789236615519
7842,1.619047619047619,60.997732426303855,58.86621315192744,0.5488743844849944
7846,1.5476190476190477,88.47926267281106,31.16769306652046,0.3812533889010309
7847,1.375,100.0,0.0,0.6900666586707636
7848,1.25,92.97052154195012,0.0,0.24649805496493607
7849,1.9642857142857142,60.997732426303855,18.284271247461902,0.487772822780555
7850,2.325,35.786802030456855,40.0,1.3165636277795634
7852,2.075,40.616966580976865,10.8,1.0053366889153397
7853,1.5714285714285714,55.10204081632653,70.62257748298548,0.7162947051250856
7854,1.7619047619047619,70.06802721088435,38.74145691017257,0.6541493619123411
7856,1.6428571428571428,59.863945578231295,40.0,0.8054276477989004
7857,1.5595238095238095,47.16553287981859,0.0,0.8833522086129686
7858,1.75,58.50340136054422,46.568542494923804,0.9586020163748765
7859,2.5833333333333335,77.55102040816327,13.71230771337206,0.4476757000177537
7860,2.107142857142857,41.26984126984127,18.55794905599589,0.7516781065948853
7861,2.3902439024390243,48.067632850241544,12.360679774997898,1.0355937266813278
7863,2.142857142857143,53.28798185941043,33.35110683539064,0.5085442650827917
7864,2.1785714285714284,44.44444444444444,12.360679774997898,0.9578795920931926
7865,2.880952380952381,37.414965986394556,17.857038993642064,0.6944859680181811
7866,1.869047619047619,46.03174603174603,32.426406871192846,0.6058842464188351
7867,2.1875,41.645244215938305,28.44612900256772,1.064740982290282
7868,2.1904761904761907,34.240362811791385,37.88487789093707,1.0607007684284626
7869,1.9047619047619047,46.03174603174603,33.688672392660706,0.6305810283860147
7870,1.619047619047619,62.585034013605444,0.0,0.9131145929136755
7871,1.0,100.0,0.0,0.6900666586707636
7872,2.5238095238095237,33.10657596371882,22.33758024715518,1.3461234642499724
7875,2.0357142857142856,56.46258503401361,94.4030650891055,0.961706020118104
7876,1.6785714285714286,63.492063492063494,0.0,1.0226514605070067
7877,2.4642857142857144,43.99092970521542,74.13115996482117,1.4526633453719315
7878,1.5714285714285714,59.41043083900227,0.0,0.8500678513940041
7879,1.880952380952381,48.75283446712018,10.0,1.0582442992457877
7880,1.0,100.0,0.0,0.6900666586707636
7881,2.2738095238095237,44.67120181405895,44.37674603733146,0.8360043158537088
7882,2.0384615384615383,42.32804232804233,30.0,1.0031260302374592
7883,2.0,47.61904761904762,40.99019513592785,1.02835292233894
7884,1.0952380952380953,97.95918367346938,0.0,0.08476607571480994
7885,2.0357142857142856,65.3061224489796,30.713625681294815,0.4719346076242709
7886,1.0,100.0,0.0,0.6900666586707636
7887,1.5595238095238095,55.10204081632653,0.0,0.891118534905921
7888,2.119047619047619,62.585034013605444,56.79794162941877,0.7826234696513839
7889,1.0,100.0,0.0,0.6900666586707636
7890,1.7619047619047619,53.06122448979592,40.0,0.6703212492581456
7891,2.2857142857142856,31.065759637188208,40.93889548597795,1.0247230416928577
7892,3.0952380952380953,38.095238095238095,33.321139243900284,1.1404375480430988
7893,1.2976190476190477,96.82539682539682,0.0,0.14486447877995248
7895,1.1951219512195121,98.30097087378641,31.231056256176608,0.009862767929553899
7896,2.3,49.36061381074169,23.12,0.8594385644753428
7898,1.705128205128205,58.79120879120879,0.0,0.9368822801514916
7899,3.25,26.077097505668934,10.378077620214507,0.9653077420198257
7900,2.3095238095238093,36.507936507936506,60.0,1.1829274483616987
7901,1.4285714285714286,54.19501133786848,50.0,0.6883748447567706
7903,3.238095238095238,36.507936507936506,20.598098212497202,0.5927283050129112
7904,1.7142857142857142,67.12018140589569,0.0,0.8503349495626196
7905,1.9642857142857142,31.519274376417233,18.284271247461902,1.0896002074967313
7906,2.7976190476190474,41.26984126984127,15.7885776285552,1.2240294547893407
7907,2.4166666666666665,42.17687074829932,43.38169506595877,1.4104150597479477
7909,2.0416666666666665,74.91961414790997,46.60342701147737,0.721759521346739
7910,1.0,100.0,0.0,0.6900666586707636
7911,2.3902439024390243,30.37037037037037,30.596992032166312,1.4365270941198232
7912,1.9166666666666667,47.16553287981859,0.0,1.1492713674493067
7913,1.2738095238095237,56.91609977324263,0.0,0.683078620733218
7914,2.0238095238095237,56.235827664399096,39.88903104272287,1.0705535432378177
7915,1.0,100.0,0.0,0.6900666586707636
7916,1.0,100.0,0.0,0.6900666586707636
7917,1.0476190476190477,99.31972789115646,0.0,0.03021296566677581
7918,2.2625,52.30769230769231,12.64106481303833,1.0300980861709974
7921,1.869047619047619,49.65986394557823,20.070996476323664,0.5887449133450744
7922,1.075,100.0,0.0,0.6900666586707636
7923,1.7142857142857142,50.34013605442177,36.76829268292683,0.5738027124200926
7924,3.119047619047619,29.25170068027211,23.45956895190432,1.3553877115554265
7926,2.2976190476190474,54.87528344671202,13.501732582113217,0.4154129738607282
7927,1.1904761904761905,95.48693586698337,0.0,0.17580947784512427
7928,1.869047619047619,58.73015873015873,18.95346881172206,0.6900666586707636
7929,1.631578947368421,59.375,0.0,0.8374336644539923
7930,1.0,100.0,0.0,0.6900666586707636
7931,1.9285714285714286,28.798185941043084,82.19544457292886,1.2694938142823349
7932,2.0357142857142856,38.54875283446712,12.360679774997898,1.0597915510215479
7933,1.869047619047619,37.67123287671233,80.5,1.3094968204440265
7935,2.238095238095238,35.147392290249435,50.0,1.260363438352968
7936,1.8452380952380953,46.71201814058957,0.0,1.221097274335614
7937,2.5833333333333335,34.92063492063492,17.620539787523242,1.305443114842844
7938,3.0,62.811791383219955,10.0,0.5101464839287555
7939,1.0,100.0,0.0,0.6900666586707636
7940,1.0,100.0,0.0,0.6900666586707636
7941,1.6025641025641026,82.59668508287292,30.0,0.03294839738417496
7942,3.119047619047619,46.03174603174603,11.606406097667064,0.6510417630786811
7943,1.8452380952380953,40.58956916099773,20.0,0.696462942241957
7944,1.5595238095238095,72.33560090702947,137.648230602334,0.5910317337779547
7945,2.392857142857143,77.77777777777777,15.110779285942085,0.6559232852773238
7946,3.0595238095238093,29.25170068027211,10.0,0.8632209916142426
7947,3.1538461538461537,39.62765957446808,21.3112313767079,0.42920484250674173
7948,1.6904761904761905,72.10884353741497,70.0,0.7638318491496173
7949,1.2976190476190477,77.09750566893425,0.0,0.5338989936645611
7950,1.4285714285714286,100.0,0.0,0.6900666586707636
7951,2.4761904761904763,25.170068027210885,54.08188167344587,1.3713951351676106
7952,2.511904761904762,25.396825396825395,29.846898524344287,1.1527364730164955
7953,2.4642857142857144,74.37641723356009,16.723422018789087,0.5763053422140547
7954,1.1666666666666667,93.42403628117914,0.0,0.22892839848457908
7955,1.4761904761904763,74.37641723356009,0.0,0.6277019588473249
7956,1.0,100.0,0.0,0.6900666586707636
7957,2.5357142857142856,33.560090702947846,17.55766020071522,0.5012264923619153
7958,1.4523809523809523,86.84807256235828,38.576313409951794,0.33416318733039263
7959,1.0357142857142858,99.54648526077098,0.0,0.02028458805428382
7960,1.0,100.0,0.0,0.6900666586707636
7961,1.0,100.0,0.0,0.6900666586707636
7962,1.0,100.0,0.0,0.6900666586707636
7963,1.9404761904761905,41.26984126984127,21.622776601683796,1.0388300813140443
7964,1.0,100.0,0.0,0.6900666586707636
7965,2.380952380952381,46.71201814058957,20.336122365335036,0.9179937190053983
7966,1.4285714285714286,86.77494199535963,10.0,0.36308436404862227
7967,1.6785714285714286,59.183673469387756,0.0,0.9668272333393083
7968,1.7926829268292683,69.26829268292683,20.02496579387206,0.5149687931485762
7969,1.5714285714285714,64.74654377880184,26.63594470046083,0.45540539436507255
7970,1.8452380952380953,49.53703703703704,50.82762530298219,0.6026723344507402
7971,1.5833333333333333,75.28344671201815,12.360679774997898,0.6540428784561767
7972,1.7142857142857142,60.770975056689345,0.0,0.9377566484648727
7973,1.0,100.0,0.0,0.6900666586707636
7974,1.2857142857142858,83.6734693877551,0.0,0.4562406185500449
7976,2.9523809523809526,32.19954648526077,13.659858724558292,1.0054893634540836
7977,1.9864864864864864,41.36904761904762,27.011741924178473,0.6808821340934404
7978,1.9047619047619047,45.80498866213152,53.24555320336759,1.4789709360996033
7979,2.642857142857143,69.84126984126983,15.918367346938776,0.4937297328275828
7980,1.9880952380952381,60.54421768707483,45.1268118066191,0.6197993544700875
7981,1.2261904761904763,88.43537414965986,0.0,0.34676416230947943
7982,2.6125,33.50785340314136,57.135575112227286,1.1073123721130511
7983,1.9761904761904763,29.25170068027211,33.28113951212402,1.1369086754592013
7984,2.238095238095238,53.74149659863946,26.055512754639892,0.9850742812347244
7985,2.5238095238095237,35.147392290249435,28.137198594729924,1.2526957637208003
7986,3.4642857142857144,40.50925925925926,33.97736457791819,1.0552986465098046
7987,1.8333333333333333,47.84580498866213,12.360679774997898,0.4185567565053988
7988,1.0,100.0,0.0,0.6900666586707636
7989,2.4404761904761907,40.58956916099773,55.20978428077563,1.0992673176266243
7990,1.4285714285714286,100.0,0.0,0.6900666586707636
7992,1.7380952380952381,92.97052154195012,49.53024983377892,0.2511684374110193
7993,1.4761904761904763,75.51020408163265,0.0,0.6572699477706663
7994,2.380952380952381,37.414965986394556,23.46938775510204,0.8651217212384044
7995,2.0833333333333335,90.47619047619048,64.83709536667568,0.3158302038226156
7996,1.9880952380952381,35.69794050343249,84.33981132056603,1.1294611286806193
7997,2.0833333333333335,43.08390022675737,30.06563049786879,1.006672676012493
7998,1.5588235294117647,87.91208791208791,94.40306508910551,0.3176524613195512
7999,1.0,100.0,0.0,0.6900666586707636
8000,1.9642857142857142,35.147392290249435,23.705296265950984,0.6521056627727886
8001,1.8452380952380953,84.80725623582767,140.1041934567253,0.4843224155138349
8002,2.3815789473684212,37.46478873239437,0.0,1.3105373949333083
8003,1.1547619047619047,94.5578231292517,0.0,0.19675885742915436
8004,1.9047619047619047,42.857142857142854,35.18748756372474,0.8205305338316393
8005,1.3928571428571428,83.21995464852608,0.0,0.5211645243812575
8007,1.5476190476190477,75.51020408163265,20.0,0.34954236660146976
8009,2.011904761904762,52.60770975056689,40.0,1.0155914669617052
8010,1.5238095238095237,65.75963718820861,12.360679774997898,0.3198197673223754
8011,2.607142857142857,61.904761904761905,14.873578341409543,0.7735522995974111
8012,2.0238095238095237,36.961451247165535,29.29381697879504,1.0152320773025518
8013,2.9565217391304346,64.56692913385827,10.0,0.300230240024202
8014,2.4523809523809526,69.84126984126983,10.390770121484913,0.8080457068237601
8015,2.119047619047619,34.240362811791385,18.284271247461906,0.9856199773128433
8016,1.7738095238095237,59.863945578231295,18.284271247461902,0.41751165738249474
8017,1.0,100.0,0.0,0.6900666586707636
8018,2.1666666666666665,24.644549763033176,30.0,1.5558606723452841
8019,2.1153846153846154,33.333333333333336,0.0,1.47869682931424
8020,2.3947368421052633,30.681818181818183,36.76533567924693,1.2817527115836722
8021,2.5357142857142856,41.49659863945578,41.5976718932264,1.283518196774866
8022,3.3421052631578947,51.8413597733711,10.357623895436424,1.0276201445106405
8023,2.857142857142857,35.82766439909297,35.12168954580249,0.9182012812693449
8026,1.0,100.0,0.0,0.6900666586707636
8028,2.0238095238095237,37.641723356009074,12.483627962962755,0.9941888254393259
8029,1.0,100.0,0.0,0.6900666586707636
8030,1.6547619047619047,70.06802721088435,10.0,0.3846577242894527
8031,1.869047619047619,58.73015873015873,18.95346881172206,0.6900666586707636
8032,1.9523809523809523,32.19954648526077,22.68882175226586,0.5687805142984326
8033,1.5,81.17913832199547,0.0,0.5963748269743688
8034,1.7380952380952381,56.00907029478458,18.688338934163124,0.2925084684723972
8035,1.8214285714285714,77.88235294117646,18.487179487179485,0.26054932386645635
8036,1.7380952380952381,59.41043083900227,40.49103025332347,0.6356858024011764
8037,1.75,45.35147392290249,20.0,0.43788892803652846
8038,1.7738095238095237,38.775510204081634,14.523809523809524,0.4154129738607282
8039,1.303030303030303,95.36679536679537,0.0,0.1666176905152338
8040,3.2023809523809526,36.961451247165535,39.16144823200371,1.3182359529783723
8041,2.0714285714285716,52.38095238095238,88.48857801796103,1.0825780484459493
8042,2.596774193548387,36.86440677966102,10.0,0.7324156445787352
8043,2.0,89.92805755395683,0.0,0.2745011268684232
8044,2.25,28.798185941043084,56.62454075727086,1.2945793966127868
8045,1.4642857142857142,93.42403628117914,20.0,0.2615836831035899
8046,1.0714285714285714,98.63945578231292,0.0,0.05925858145533138
8047,1.9642857142857142,48.75283446712018,20.0,0.8702675506810712
8048,1.7261904761904763,68.48072562358277,26.146356319756244,0.7818272867896972
8051,1.7857142857142858,63.2183908045977,12.360679774997898,0.7376622955581985
8052,1.3571428571428572,77.77777777777777,0.0,0.5501766305936878
8053,2.3,54.13533834586466,51.74863387978142,0.6861036344024118
8054,2.2857142857142856,44.67120181405895,42.33035369086959,1.1612126820078803
8055,2.0609756097560976,50.0,10.0,0.622746440462437
8056,1.9880952380952381,65.10538641686183,0.0,0.8220417879040152
8058,1.869047619047619,58.73015873015873,18.95346881172206,0.6900666586707636
8060,2.15,67.66917293233082,10.0,0.5135276890485178
8061,2.1666666666666665,41.78082191780822,24.86552889943982,1.0741456544190964
8063,2.7976190476190474,43.764172335600904,16.280679547548043,0.8614113739342402
8065,2.9285714285714284,43.31065759637188,10.6640625,0.8560147651266894
8066,1.3571428571428572,91.38321995464852,10.0,0.24177683987667298
8067,1.3095238095238095,88.66213151927438,0.0,0.36310809192046745
8068,1.5476190476190477,83.44671201814059,18.284271247461902,0.3602305211946065
8069,2.392857142857143,41.950113378684804,10.23076923076923,0.7064315888478336
8070,2.1219512195121952,47.688564476885645,35.16630886840078,1.0151661537390984
8071,1.9523809523809523,38.775510204081634,12.00836820083682,0.9676278824527181
8073,2.4074074074074074,39.66480446927374,43.851648071345046,1.0835627578842388
8074,2.130952380952381,43.764172335600904,10.0,1.1131812442889382
8075,2.7261904761904763,28.571428571428573,28.4115260130364,1.2841322058195623
8076,2.738095238095238,34.92063492063492,26.89110481894986,1.0971195807403649
8077,1.5119047619047619,82.87037037037037,12.360679774997898,0.45084660632529944
8078,1.0,100.0,0.0,0.6900666586707636
8079,1.7142857142857142,74.14965986394557,25.440918725495866,0.6780310272410193
8080,1.0,100.0,0.0,0.6900666586707636
8081,1.7142857142857142,73.57630979498862,137.648230602334,0.704241028284275
8082,2.6515151515151514,41.04477611940298,35.07066796044383,0.9658581681975658
8084,2.238095238095238,37.641723356009074,37.042949398394214,1.0959121838634553
8085,1.3333333333333333,81.63265306122449,0.0,0.4778681695294509
8087,2.8333333333333335,34.467120181405896,17.993318842918057,0.6467065711625684
8088,2.6578947368421053,31.80515759312321,10.441176470588236,1.0531713041682917
8089,1.0,100.0,0.0,0.6900666586707636
8090,2.0357142857142856,55.01165501165501,16.195247866791483,0.6484567432906649
8091,2.2261904761904763,39.45578231292517,43.813747339606735,0.6789922559359626
8092,2.5595238095238093,31.065759637188208,10.353356890459365,0.7944082928135929
8093,2.130952380952381,49.88662131519274,19.52460376963163,0.9586188995961176
8094,2.1666666666666665,33.333333333333336,28.14982062420776,0.9847699280753861
8096,2.0833333333333335,48.470588235294116,20.0,0.9256389166316622
8097,1.8452380952380953,70.06802721088435,26.17372131789338,0.5249422014475434
8098,1.146341463414634,100.0,0.0,0.6900666586707636
8099,1.0,100.0,0.0,0.6900666586707636
8100,1.869047619047619,46.48526077097506,0.0,1.1825738135753403
8101,1.8333333333333333,43.38747099767981,26.055512754639892,0.6696396999040921
8102,1.3571428571428572,100.0,0.0,0.6900666586707636
8103,1.3333333333333333,100.0,0.0,0.6900666586707636
8104,1.75,72.26107226107226,0.0,0.7633808481028285
8105,1.9166666666666667,61.45124716553288,18.284271247461902,0.8117474161976745
8107,1.5595238095238095,80.72562358276645,61.05357476994586,0.5906258176077585
8108,2.3452380952380953,53.96825396825397,19.427969626164654,0.5264555659299445
8110,1.130952380952381,95.91836734693878,0.0,0.15603279458857647
8111,2.3846153846153846,55.46448087431694,70.62257748298549,0.8986692119744577
8112,3.2142857142857144,40.802675585284284,45.82944068248123,1.1217257906816926
8113,1.3214285714285714,65.98639455782313,190.0,0.6518957732910682
8114,2.475609756097561,42.51207729468599,20.686015831134565,0.8198012579636593
8116,2.511904761904762,51.02040816326531,31.568287367966107,0.8503841430409658
8117,1.0,100.0,0.0,0.6900666586707636
8118,1.9642857142857142,50.79365079365079,73.4161259524251,1.081975650129467
8119,1.5375,60.869565217391305,0.0,0.7873379912561642
8120,2.263888888888889,42.546583850931675,18.284271247461902,0.854895878358456
8121,1.8214285714285714,71.65532879818593,27.305032592479115,0.6415309183188433
8125,1.7261904761904763,63.492063492063494,31.380475083053636,0.5694147712178035
8126,2.011904761904762,61.904761904761905,20.320510587832715,0.5203521703780737
8127,1.8214285714285714,76.74418604651163,49.911686480616645,0.5199259190147267
8128,1.0476190476190477,99.31972789115646,0.0,0.03021296566677581
8129,2.7794117647058822,52.4822695035461,53.24555320336759,0.9106666511123793
8130,2.238095238095238,37.641723356009074,29.97837693733333,1.0885508857307709
8131,1.0,100.0,0.0,0.6900666586707636
8132,1.9404761904761905,57.1753986332574,30.0,0.8287498995433091
8134,2.75,34.92063492063492,13.349085233800778,0.7574556837599824
8135,3.142857142857143,25.396825396825395,16.863270777479894,1.073345823850054
8136,2.0357142857142856,62.811791383219955,94.0,1.0349769763179688
8137,1.9444444444444444,63.75,20.0,0.7651345261230966
8139,3.3375,33.249370277078086,19.579820914040845,1.1677562196728133
8140,2.4761904761904763,70.74829931972789,23.378407401764825,0.73662110218242
8141,1.9285714285714286,46.03174603174603,27.57443328904934,0.7337240984662721
8142,1.619047619047619,63.718820861678005,0.0,0.8969904332714123
8143,2.142857142857143,39.002267573696145,19.047619047619047,0.37908025971958126
8144,1.9523809523809523,36.507936507936506,17.51435335318902,0.5316874354228258
8145,1.4166666666666667,51.24716553287982,0.0,0.6928346479997213
8146,2.896551724137931,57.48792270531401,12.117647058823529,0.5263471742907033
8147,2.130952380952381,43.187066974595844,25.843202546310835,0.4198500859630836
8149,2.2857142857142856,42.17687074829932,40.58631703468833,1.3036977165067332
8150,1.6904761904761905,49.65986394557823,20.0,0.5346321185173757
8151,1.6071428571428572,50.79365079365079,40.0,0.9148242830398241
8152,2.7261904761904763,35.7630979498861,22.504167359685702,1.1341290433929105
8153,1.5952380952380953,84.02777777777777,160.0,0.5941614603315061
8154,2.7261904761904763,26.303854875283445,24.146341463414632,1.0001474119604747
8155,1.1666666666666667,100.0,0.0,0.6900666586707636
8156,1.7435897435897436,74.53580901856763,12.3606797749979,0.6728000941708513
8157,1.0,100.0,0.0,0.6900666586707636
8158,1.9761904761904763,41.723356009070294,18.284271247461902,0.6957795835949845
8159,1.0714285714285714,98.63945578231292,0.0,0.05925858145533138
8160,2.25,32.426303854875286,18.43001439345209,0.6327361320590759
8161,2.2375,43.14720812182741,18.284271247461902,1.0493473541581875
8162,1.7023809523809523,48.75283446712018,20.0,0.4590807522603987
8163,1.8214285714285714,66.43990929705215,17.505535654368558,0.7482224565243456
8164,2.5238095238095237,44.874715261959,55.69184389591245,1.3102012339555609
8165,2.0625,44.36619718309859,26.05551275463989,0.6701929565810554
8167,1.8452380952380953,71.65532879818593,17.494155010203222,0.28540634029405193
8168,2.1904761904761907,31.065759637188208,22.36194397533874,1.2065133037900104
8169,1.880952380952381,62.131519274376416,37.430892249459006,0.6480986039139329
8170,1.4047619047619047,84.58049886621315,0.0,0.48570301502347046
8171,2.2023809523809526,55.29953917050691,10.0,0.5387306398688629
8172,2.625,34.46475195822455,21.87134952151197,1.10769554727188
8173,1.0,100.0,0.0,0.6900666586707636
8174,1.6666666666666667,52.38095238095238,31.231056256176604,0.858867657408317
8175,1.3928571428571428,90.24943310657596,130.0,0.32114154806519024
8177,1.869047619047619,58.73015873015873,18.95346881172206,0.6900666586707636
8178,3.0952380952380953,38.775510204081634,13.291334950387837,0.6004373673226022
8179,1.2352941176470589,100.0,0.0,0.6900666586707636
8180,1.0,100.0,0.0,0.6900666586707636
8181,1.630952380952381,81.859410430839,100.0,0.5542159134809906
8182,1.6071428571428572,55.10204081632653,34.721359549995796,0.602045054835379
8183,1.6428571428571428,75.05668934240363,0.0,0.6499179135886934
8184,1.0,100.0,0.0,0.6900666586707636
8185,1.3571428571428572,50.11337868480726,0.0,0.7493154962787363
8186,2.2142857142857144,45.80498866213152,16.536441495489804,1.1415764294097759
8187,1.5952380952380953,62.8175519630485,36.094674556213015,0.5324086503993097
8188,1.8214285714285714,73.46938775510205,0.0,0.7541728874388407
8189,2.0595238095238093,53.06122448979592,14.218077101109493,0.49457165776275935
8190,3.1666666666666665,63.718820861678005,10.0,0.5687805142984326
8191,2.4166666666666665,33.10657596371882,30.56778712172119,1.3696283838740961
8193,1.1428571428571428,96.82539682539682,18.284271247461902,0.12123959979577595
8194,2.6785714285714284,34.01360544217687,10.0,0.7558680744631858
8195,1.1547619047619047,94.78458049886622,0.0,0.18965698617549817
8196,1.7857142857142858,56.00907029478458,12.360679774997896,0.8090047070857598
8197,1.9285714285714286,57.142857142857146,51.97180763177539,0.902651847444037
8198,2.0595238095238093,42.857142857142854,26.089800829296458,0.6555120498141986
8199,1.5357142857142858,51.70068027210884,0.0,0.9228139691402817
8200,1.0595238095238095,99.09297052154194,0.0,0.03945184585421838
8201,1.5,75.73696145124717,0.0,0.650355210021011
8202,1.7857142857142858,53.51473922902494,18.284271247461902,0.8125646704826432
8203,1.5526315789473684,95.18072289156626,0.0,0.18786198374115456
8204,1.4761904761904763,90.24943310657596,21.451038491143322,0.2752663642990345
8205,1.0,100.0,0.0,0.6900666586707636
8206,1.75,60.317460317460316,10.565059646857046,0.9061929918845586
8207,2.0,42.8235294117647,20.94077036706334,0.8104254067324067
8208,1.869047619047619,58.73015873015873,18.95346881172206,0.6900666586707636
8209,2.4404761904761907,38.54875283446712,21.1997563830693,0.4911904069822062
8211,2.119047619047619,52.38095238095238,18.2842712474619,0.514901509505461
8212,1.0,100.0,0.0,0.6900666586707636
8213,3.0714285714285716,56.46258503401361,14.59016393442623,0.6272685651073248
8214,1.5,57.82312925170068,0.0,0.7232821400058622
8215,2.0952380952380953,30.612244897959183,26.055512754639892,1.2307438584558275
8216,3.4285714285714284,46.93877551020408,19.984822269408216,0.7581223007115001
8217,1.630952380952381,44.89795918367347,30.0,0.6813082947114375
8218,2.025,49.35064935064935,0.0,0.9547098442956677
8219,2.369047619047619,29.25170068027211,25.317901105265733,1.547645755581985
8221,2.141025641025641,48.37837837837838,20.405405405405407,0.4179444543102776
8223,2.7564102564102564,42.857142857142854,70.67084298384128,1.1472155759979628
8224,3.107142857142857,36.281179138321995,24.159493027205738,0.9800146183826006
8225,2.768292682926829,42.30769230769231,54.031242374328485,1.1699047466661054
8226,1.8571428571428572,45.12471655328798,23.662175556330062,0.9986321014908899
8227,2.619047619047619,52.83446712018141,20.6216353469668,0.8343316345121556
8228,1.8928571428571428,75.05668934240363,80.0909090909091,0.6927369117917745
8229,2.869047619047619,75.28344671201815,13.79844110483346,0.47373211956773076
8230,1.8928571428571428,31.746031746031747,30.0,1.3633109701180364
8231,2.2023809523809526,31.422018348623855,12.950958535425402,0.6629323442557528
8232,1.369047619047619,86.16780045351474,0.0,0.3937871040507973
8233,2.011904761904762,45.12471655328798,88.99494936611666,1.1827292435471954
8234,1.5714285714285714,66.66666666666667,27.945945945945947,0.4467087273399621
8235,1.9285714285714286,43.53741496598639,67.5235403708585,0.7920336564870197
8236,3.1785714285714284,67.80045351473923,10.0,0.5125336435482439
8237,1.6666666666666667,53.28798185941043,88.48857801796103,0.8756941805396143
8238,1.7763157894736843,83.0028328611898,30.0,0.22282661690343614
8239,1.670731707317073,84.48687350835323,44.20047732696897,0.3111291548118492
8240,3.0357142857142856,34.92063492063492,17.290333374821476,0.9282062865659083
8241,3.142857142857143,39.229024943310655,12.890365448504983,0.7531549484571396
8243,1.5357142857142858,77.77777777777777,18.284271247461902,0.44183500291894784
8244,1.9285714285714286,42.40362811791383,20.563227701179787,0.5432727813369008
8246,1.8452380952380953,68.48072562358277,25.36055108104612,0.6887608034114954
8247,1.9166666666666667,40.816326530612244,22.88613629501819,0.9179861410723883
8248,1.3214285714285714,70.74829931972789,0.0,0.599898019262134
8249,1.6547619047619047,54.54545454545455,20.0,0.44637580713006303
8250,1.0,100.0,0.0,0.6900666586707636
8252,2.5609756097560976,36.9928400954654,23.227711577967558,0.5450572285099561
8253,2.5,47.39229024943311,10.0,1.1908204297240315
8254,1.0,100.0,0.0,0.6900666586707636
8255,2.3658536585365852,38.80952380952381,21.798012983517452,0.8001789459418807
8256,1.3571428571428572,77.55102040816327,0.0,0.5368271878109268
8257,2.4285714285714284,51.70068027210884,13.35536105982185,0.5241824083678722
8258,3.014705882352941,26.73611111111111,71.41692352388294,1.3327651833670795
8259,2.433333333333333,43.05555555555556,94.40306508910551,0.6896895643167427
8260,1.9285714285714286,43.31065759637188,0.0,1.0682443463314186
8261,1.0,100.0,0.0,0.6900666586707636
8262,1.9166666666666667,47.93577981651376,37.24148017948355,0.7014316309867085
8263,2.0714285714285716,41.950113378684804,107.01706363886979,1.0409704230711763
8264,1.8108108108108107,56.11940298507463,0.0,0.6840977964176764
8265,1.5952380952380953,60.770975056689345,40.0,0.6678884337784288
8266,1.3928571428571428,90.02267573696145,21.622776601683796,0.34363623259102505
8267,2.1923076923076925,38.522427440633244,12.360679774997898,0.5854964800053122
8268,2.011904761904762,25.396825396825395,50.68167632540433,1.3304943066782189
8269,1.869047619047619,58.73015873015873,18.95346881172206,0.6900666586707636
8270,1.35,93.60613810741688,160.0,0.24241625647172682
8271,1.548780487804878,85.5421686746988,10.0,0.3411814333405468
8272,2.8452380952380953,40.816326530612244,12.574626296201744,0.7008575730598039
8273,3.369047619047619,73.46938775510205,13.789473684210526,0.6916219335269049
8275,1.0,100.0,0.0,0.6900666586707636
8276,1.0,100.0,0.0,0.6900666586707636
8277,1.8214285714285714,67.12018140589569,18.2842712474619,0.5093464554688649
8278,3.1666666666666665,24.03628117913832,24.442406569956926,0.8662357140634522
8279,1.9404761904761905,54.50346420323326,16.742857142857144,0.4773831346729193
8280,1.5,83.82687927107061,44.02431150861364,0.3685425016942684
8281,1.0238095238095237,99.77324263038548,0.0,0.009205721925471222
8282,2.4761904761904763,27.664399092970523,10.027799567944504,0.8860193876451014
8283,1.9390243902439024,62.40786240786241,39.49197860962567,0.7002783408972459
8284,2.426829268292683,49.029126213592235,39.902813543800264,0.9675051611784888
8285,1.9523809523809523,42.72727272727273,50.0,1.038897268511463
8286,1.131578947368421,100.0,0.0,0.6900666586707636
8287,2.107142857142857,35.82766439909297,37.070335046775114,0.9742339623688181
8288,2.738095238095238,44.21768707482993,24.24690908044185,0.5418526439168785
8289,1.8333333333333333,75.23364485981308,12.360679774997898,0.3401228785640079
8290,2.3095238095238093,53.51473922902494,16.923443052891237,1.1055379532442107
8291,1.0,100.0,0.0,0.6900666586707636
8292,2.1785714285714284,27.210884353741495,97.70329614269006,1.3732730819327184
8293,2.2023809523809526,55.10204081632653,50.51060176624061,1.040666405773317
8294,1.4848484848484849,89.272030651341,40.0,0.28222296893393983
8295,2.0476190476190474,32.6530612244898,27.28896804960592,1.2510927139397632
8296,1.6904761904761905,73.46938775510205,52.25537670096039,0.6747161479859067
8297,1.9523809523809523,72.10884353741497,20.0,0.8433585077723383
8298,1.880952380952381,53.11778290993072,20.0,0.5724700527757691
8299,1.0,100.0,0.0,0.6900666586707636
8300,1.369047619047619,82.31292517006803,40.0,0.43986723479181933
8302,3.2023809523809526,36.054421768707485,12.534754471643806,1.0537063571100385
8303,1.4761904761904763,80.0453514739229,0.0,0.6085385517212696
8304,2.119047619047619,48.29931972789116,12.056075933062685,0.9004147042851325
8305,2.7261904761904763,65.07936507936508,10.336345027891099,0.8528444959848535
8306,1.7976190476190477,57.82312925170068,18.71450987396754,0.5012264923619153
8307,2.0238095238095237,28.798185941043084,26.055512754639892,1.121213769334223
8308,1.0833333333333333,98.1859410430839,0.0,0.07738386290374488
8309,1.2976190476190477,91.60997732426304,0.0,0.3217791134310425
8310,2.2976190476190474,37.641723356009074,14.549061947147969,0.8137124941428311
8311,1.8095238095238095,53.74149659863946,37.281885891251406,0.6538280622890269
8313,1.0,100.0,0.0,0.6900666586707636
8314,2.011904761904762,33.560090702947846,20.0,0.6809751768205338
8315,1.5238095238095237,41.950113378684804,40.0,0.5272091454319068
8316,2.011904761904762,38.775510204081634,18.402459546314972,0.6853212191455087
8317,2.2142857142857144,68.48072562358277,12.360679774997896,0.8161694663799454
8318,2.011904761904762,34.9537037037037,11.496271440870709,0.6193930781892512
8319,2.423076923076923,54.30107526881721,28.164823436877203,0.37734548359127057
8320,2.4761904761904763,64.85260770975057,11.995970098259695,0.5697552560000838
8322,2.5476190476190474,41.26984126984127,19.41545987535586,0.8045737021348296
8323,2.142857142857143,43.764172335600904,23.464070302931223,0.7734473552557675
8324,1.0,100.0,0.0,0.6900666586707636
8325,2.2023809523809526,42.40362811791383,18.284271247461902,0.5077399081474974
8326,1.0357142857142858,99.54648526077098,0.0,0.02028458805428382
8327,2.0595238095238093,39.909297052154194,12.947845804988662,0.4025791794707776
8328,1.0,100.0,0.0,0.6900666586707636
8329,1.6666666666666667,69.84126984126983,21.622776601683796,0.42681695528136204
8330,2.1578947368421053,64.62395543175488,26.055512754639892,0.7953910536267663
8331,1.7023809523809523,69.84126984126983,70.0239150681247,0.7721079576104459
8332,2.107142857142857,49.43310657596372,24.974831493590827,0.5218905366627559
8333,2.0238095238095237,80.72562358276645,82.63172874828133,0.6245158740944734
8334,2.119047619047619,36.054421768707485,0.0,1.2666505256382337
8335,2.2976190476190474,41.723356009070294,65.33984919223332,1.1925022512190675
8336,1.5375,87.93969849246231,50.8276253029822,0.3811018466233025
8337,2.7261904761904763,26.077097505668934,25.88619768502197,1.29469934819577
8338,1.8928571428571428,71.65532879818593,84.45570098669978,0.7534270158508184
8339,2.0595238095238093,43.53741496598639,37.330992124847256,0.9491528429051751
8340,1.0833333333333333,97.95918367346938,0.0,0.08718249621769805
8341,1.875,53.164556962025316,0.0,1.1577402692360792
8342,2.7976190476190474,54.87528344671202,40.0,0.8041472258890042
8343,2.0595238095238093,63.265306122448976,20.451146546961322,0.8102827589029762
8344,2.0238095238095237,34.240362811791385,0.0,1.3285608295887927
8345,1.3870967741935485,94.29824561403508,170.0,0.16362124518028362
8346,2.375,30.126582278481013,20.0,1.0163589809734765
8347,3.5238095238095237,77.09750566893425,44.47070838087214,0.602126784515437
8348,2.4642857142857144,37.850467289719624,19.166087574697293,0.5595649425122582
8349,3.1333333333333333,29.245283018867923,30.569792246248845,1.167324951556737
8350,1.6071428571428572,79.13832199546485,30.398690143328462,0.4553194653360305
8351,1.869047619047619,76.41723356009071,20.67510951916067,0.5093326381298597
8352,1.619047619047619,80.49886621315193,18.284271247461902,0.38366200046938814
8353,1.8571428571428572,39.229024943310655,19.887323943661972,0.7704448800486119
8355,1.3452380952380953,75.73696145124717,0.0,0.6283304186614281
8356,1.7857142857142858,84.12698412698413,22.54097826302701,0.3302831859375967
8357,2.242424242424242,41.947565543071164,30.0,1.0155819375968644
8358,2.2857142857142856,78.2312925170068,10.0,0.37908025971958126
8359,1.3214285714285714,86.16780045351474,0.0,0.4051889832981819
8360,1.2619047619047619,94.10430839002268,0.0,0.19144408195771734
8361,1.0357142857142858,99.77324263038548,0.0,0.013084006061872712
8362,2.9047619047619047,31.972789115646258,20.50777081311104,1.0942898992090542
8363,1.7619047619047619,66.66666666666667,0.0,0.9662128606501262
8364,1.9285714285714286,34.92063492063492,21.622776601683796,1.1607337461571148
8365,1.2738095238095237,51.47392290249433,0.0,0.6926305099383167
8366,2.138888888888889,41.666666666666664,0.0,1.0494770207137962
8367,2.1785714285714284,34.69387755102041,55.48929672633195,1.5012237194787026
8368,1.3928571428571428,67.34693877551021,0.0,0.6310152731892362
8369,3.3095238095238093,39.229024943310655,16.479108659212137,0.8662659385088867
8370,1.2023809523809523,92.97052154195012,0.0,0.25393224798811764
8372,1.25,90.47619047619048,0.0,0.2910972010008829
8373,1.9285714285714286,49.43310657596372,44.13261674919057,0.9775187139051494
8374,2.107142857142857,35.147392290249435,10.315865603696901,1.260862090067656
8375,1.380952380952381,90.70294784580499,23.900226757369616,0.2752663642990345
8376,2.238095238095238,54.19501133786848,40.6262658209734,1.082918051718976
8377,1.4285714285714286,92.7437641723356,10.0,0.18060094175749508
8379,1.869047619047619,58.73015873015873,18.95346881172206,0.6900666586707636
8380,1.630952380952381,74.37641723356009,18.976656801890652,0.5188054035036833
8381,1.9285714285714286,35.147392290249435,51.33728713379166,1.0295446470722627
8382,2.6904761904761907,58.50340136054422,10.09679324817759,0.6378994199595225
8383,1.5357142857142858,66.66666666666667,104.0175425099138,0.7305766432388743
8384,1.6904761904761905,53.51473922902494,0.0,1.0581523247487143
8385,1.5595238095238095,61.224489795918366,40.0,0.5309461753606856
8386,2.0833333333333335,41.49659863945578,20.67903418084641,1.1821216921541702
8387,1.0,100.0,0.0,0.6900666586707636
8388,1.8452380952380953,39.45578231292517,40.0,1.1135289184562394
8389,1.8214285714285714,36.507936507936506,0.0,1.0963438773888639
8390,1.0,100.0,0.0,0.6900666586707636
8391,1.6785714285714286,57.59637188208617,23.25699745547074,0.4199202440523158
8392,1.7142857142857142,74.82993197278911,26.65559058368203,0.4974672691449845
8393,1.7142857142857142,43.99092970521542,55.72491498264977,0.6524532223024057
8394,1.2380952380952381,93.65079365079364,26.05551275463989,0.19144408195771734
8395,2.2058823529411766,65.0909090909091,40.0,0.6410621661932111
8396,1.6904761904761905,60.54421768707483,0.0,0.8949474115048888
8399,1.8571428571428572,68.48072562358277,26.055512754639892,0.6885983648638392
8400,2.111111111111111,45.68690095846645,34.9083552455219,0.7233946010495248
8401,2.231707317073171,42.54807692307692,31.903578581289587,1.2207797273633498
8402,4.107142857142857,31.292517006802722,23.995680238819855,1.1964062584435253
8403,1.880952380952381,66.66666666666667,25.08177316551075,0.8698849038899105
8404,1.6666666666666667,40.58956916099773,0.0,1.0564959954679247
8405,2.548780487804878,47.549019607843135,16.46700424705997,0.45936919263531956
8406,1.5476190476190477,70.97505668934241,0.0,0.7397364139024429
8407,1.725,88.75,18.284271247461902,0.2165059396979122
8408,2.2023809523809526,46.25850340136054,13.797955748896829,0.8824264900913689
8409,1.6547619047619047,59.41043083900227,120.0,0.8827192779328464
8410,3.0476190476190474,24.263038548752835,20.270241174680113,0.8890074254328151
8411,1.7738095238095237,67.12018140589569,55.0322805722903,0.5563728219880723
8412,2.3095238095238093,33.10657596371882,33.856723369650595,0.6457362201196777
8414,1.6666666666666667,64.39909297052154,13.174847690134175,0.3379682235266145
8415,1.3636363636363635,100.0,0.0,0.6900666586707636
8416,1.1842105263157894,100.0,0.0,0.6900666586707636
8417,1.7875,42.10526315789474,60.0,0.5116645887684947
8418,1.880952380952381,32.19954648526077,30.0,0.7845640100861043
8420,1.869047619047619,58.73015873015873,18.95346881172206,0.6900666586707636
8421,1.9404761904761905,45.35147392290249,0.0,1.2462742122623376
8422,3.0833333333333335,76.87074829931973,10.048142984707882,0.5264555659299445
8423,1.5833333333333333,72.56235827664399,0.0,0.7640611806524003
8424,1.4047619047619047,86.82352941176471,90.0,0.37435483459292374
8425,1.5357142857142858,72.10884353741497,26.055512754639892,0.582903294121053
8426,2.119047619047619,55.32879818594105,12.360679774997898,0.7695682352755118
8427,1.7857142857142858,41.043083900226755,18.293724298440075,0.4581441790615257
8428,1.5853658536585367,77.26161369193154,20.0,0.40813220985194953
8429,1.619047619047619,39.002267573696145,57.08203932499371,0.6261494944014616
8430,2.3452380952380953,37.29977116704806,40.56449478269981,1.0846306456722408
8431,2.3452380952380953,26.53061224489796,10.347796711530053,1.3305486342566815
8432,1.9878048780487805,40.0,34.70175438596491,1.077528998014396
8433,1.7560975609756098,79.75308641975309,32.488881908373976,0.5080396587583216
8435,2.857142857142857,28.34467120181406,20.8843537414966,0.5858464384233526
8436,3.0952380952380953,33.10657596371882,15.637625859952939,0.8522724209771977
8437,1.0,100.0,0.0,0.6900666586707636
8438,2.414285714285714,41.11842105263158,39.371347565002154,0.6839328702551271
8439,2.5,41.86046511627907,31.003967260631292,0.888650684963168
8440,3.0,40.136054421768705,12.94064649408256,0.9355281945683047
8441,1.369047619047619,88.43537414965986,18.2842712474619,0.3237731297571971
8442,1.6547619047619047,83.44671201814059,23.517375356530806,0.4990623824760836
8444,3.107142857142857,43.632075471698116,40.87431464934945,1.39440635933156
8445,2.119047619047619,54.19501133786848,90.37267080745342,1.1392697285843145
8446,1.3095238095238095,92.64367816091954,134.22205101855957,0.2568758781288857
8448,1.8780487804878048,50.717703349282296,10.0,0.28216414057581135
8449,2.130952380952381,43.764172335600904,69.25519653553118,1.3599961264717482
8450,2.988095238095238,37.868480725623584,10.269058295964125,0.9531016627729849
8451,1.9761904761904763,48.75283446712018,63.42655719638608,1.1180941491520258
8452,2.7261904761904763,25.85034013605442,29.35416733906882,1.204176312441257
8453,3.25,78.68480725623583,12.119623315884684,0.5045007214245907
8454,3.4285714285714284,74.82993197278911,13.510114076772387,0.7394508261683758
8455,1.8333333333333333,34.467120181405896,20.0,0.5004024235381879
8456,1.3214285714285714,91.15646258503402,27.514691543035305,0.2708479067726216
8457,2.011904761904762,41.108545034642034,40.0,0.5761663907549024
8458,3.5595238095238093,64.8018648018648,38.05538478349454,0.858801693154319
8459,1.4666666666666666,100.0,0.0,0.6900666586707636
8460,2.8214285714285716,66.43990929705215,29.993432281963017,1.0544173428536148
8461,1.2976190476190477,52.38095238095238,80.0,0.6911553532144415
8462,3.0875,37.46770025839793,78.26859493591363,1.0539667495069773
8463,1.2625,78.94736842105263,0.0,0.5038577305146166
8464,1.7976190476190477,70.52154195011337,12.463998230912969,0.7486959793562505
8465,2.0714285714285716,38.321995464852606,40.0,1.133808012737031
8466,1.6428571428571428,56.2929061784897,40.0,0.5875553387446115
8467,1.7142857142857142,56.91609977324263,10.0,0.7090711210031546
8468,2.761904761904762,17.913832199546484,12.064896755162241,1.1614121469517455
8469,1.9285714285714286,43.99092970521542,26.055512754639892,0.6108643020548935
8470,1.0,100.0,0.0,0.6900666586707636
8471,2.6785714285714284,41.950113378684804,0.0,1.4060346979314091
8472,3.7222222222222223,41.533546325878596,15.644672425937259,1.0202737466058314
8473,1.8095238095238095,58.73015873015873,20.0,0.8158297757513567
8474,1.525,92.96482412060301,0.0,0.19549968206201584
8476,2.130952380952381,37.641723356009074,26.055512754639896,1.2753416253387484
8477,1.6666666666666667,85.26077097505669,0.0,0.42063851661235563
8478,1.8452380952380953,71.20181405895691,37.09382151029748,0.5597658989875354
8479,2.0714285714285716,76.64399092970521,19.45955194571447,0.42222575767623904
8480,1.0,100.0,0.0,0.6900666586707636
8481,2.0476190476190474,55.78231292517007,80.0,1.0647866567176396
8482,2.3333333333333335,32.426303854875286,28.803874880287108,0.6531437196775371
8483,2.2142857142857144,38.33718244803695,10.0,1.3756365011748701
8484,1.7857142857142858,55.125284738041,18.284271247461906,0.4517757340993631
8485,1.2857142857142858,69.61451247165533,0.0,0.6088334082225699
8486,1.8026315789473684,73.21937321937322,21.25352357204848,0.5093443504062489
8487,1.5952380952380953,65.8256880733945,31.231056256176608,0.8176516552415198
8488,2.8214285714285716,44.67120181405895,27.948207494938046,1.1755380046305364
8489,1.0,100.0,0.0,0.6900666586707636
8490,2.3333333333333335,39.909297052154194,61.62686684403933,1.2386671677114391
8491,1.630952380952381,57.82312925170068,75.44003745317531,0.6785858602516202
8492,1.0,100.0,0.0,0.6900666586707636
8494,2.35,39.81042654028436,0.0,1.1314955986379118
8495,1.9634146341463414,61.63069544364508,0.0,0.7939480200121884
8496,2.857142857142857,41.26984126984127,14.74131247496247,0.5949657929379321
8498,1.619047619047619,84.80725623582767,10.0,0.4511991111843915
8499,2.097560975609756,34.49131513647643,42.95454545454545,0.6398712615259691
8500,1.8095238095238095,49.43310657596372,0.0,1.0404285796165533
8501,1.0238095238095237,99.77324263038548,0.0,0.009205721925471222
8502,1.0,100.0,0.0,0.6900666586707636
8503,2.1785714285714284,48.97959183673469,27.305949488272574,0.7762407470260413
8504,2.5357142857142856,55.082742316784866,16.304099240952507,0.4667564600925561
8505,1.6666666666666667,67.80045351473923,14.817518248175183,0.6540688797524952
8506,1.0,100.0,0.0,0.6900666586707636
8507,1.0,100.0,0.0,0.6900666586707636
8508,2.7875,38.86010362694301,29.337160322295997,0.8789096418406328
8509,1.7619047619047619,65.98639455782313,198.0865204668481,0.8199257492994327
8510,2.6785714285714284,77.32426303854875,17.303068557247833,0.7165489989393417
8512,1.8571428571428572,39.002267573696145,34.52348494809543,0.6705242457968548
8515,2.551282051282051,49.061662198391424,22.2585716394244,0.5991635050888493
8516,1.2738095238095237,94.31818181818181,23.07850252316276,0.18639092286528228
8517,2.107142857142857,41.723356009070294,10.0,1.2733498406340946
8518,1.7976190476190477,50.34013605442177,123.41664064126334,0.9642124181266063
8520,1.3333333333333333,59.63718820861678,0.0,0.6734914119696037
8521,1.8571428571428572,65.07936507936508,13.183865694445618,0.6483102633525402
8522,1.7023809523809523,43.08390022675737,34.721359549995796,1.0328091277639633
8523,2.0238095238095237,42.032332563510394,20.21777521494458,1.0117474296873812
8524,1.0,100.0,0.0,0.6900666586707636
8525,1.8571428571428572,43.99092970521542,18.284271247461902,0.5418526439168785
8526,1.869047619047619,58.73015873015873,18.95346881172206,0.6900666586707636
8527,1.4761904761904763,83.21995464852608,50.0,0.4974672691449845
8528,2.5952380952380953,31.972789115646258,10.419186128270656,0.5858464384233526
8529,1.7317073170731707,52.64423076923077,22.121238921404444,0.7536054603676239
8530,2.4047619047619047,32.426303854875286,19.00414450028185,0.5543509810891
8531,1.869047619047619,58.73015873015873,18.95346881172206,0.6900666586707636
8532,2.4761904761904763,77.09750566893425,21.622776601683793,0.5287101190234743
8533,2.3333333333333335,53.96825396825397,30.26913194553898,1.1072242850663665
8534,1.5357142857142858,45.80498866213152,20.0,0.38252134027027596
8535,1.9166666666666667,57.82312925170068,20.0,0.49288555287440095
8537,2.4523809523809526,41.950113378684804,14.984227129337539,0.5993569415487854
8539,2.7857142857142856,29.931972789115648,15.538847117794486,0.800199343035355
8540,1.2261904761904763,88.43537414965986,0.0,0.35416227869290245
8541,1.869047619047619,58.73015873015873,18.95346881172206,0.6900666586707636
8542,2.619047619047619,44.21768707482993,35.11811088700657,0.7590502023467607
8544,2.1666666666666665,32.87981859410431,30.39784368643444,1.011537522282165
8545,1.4642857142857142,71.88208616780045,31.231056256176604,0.5768817528856959
8546,2.207317073170732,60.53921568627451,64.39886491043683,1.1388325167431623
8548,1.6296296296296295,85.87570621468926,10.0,0.6900666586707636
8549,1.4285714285714286,95.91836734693878,62.1110255092798,0.1732052067491771
8550,1.869047619047619,58.73015873015873,18.95346881172206,0.6900666586707636
8551,2.236842105263158,63.2183908045977,117.05467415507485,0.7674361430056165
8552,1.5119047619047619,77.55102040816327,26.055512754639896,0.4339004419779914
8553,1.7976190476190477,63.718820861678005,57.9746835443038,0.8908279317653407
8554,2.203125,33.734939759036145,40.0,1.000329747790929
8555,1.6785714285714286,56.91609977324263,20.0,0.39600322529260257
8556,3.0952380952380953,41.950113378684804,25.69377990430622,0.7611901291236334
8557,1.3157894736842106,100.0,0.0,0.6900666586707636
8558,3.5476190476190474,39.45578231292517,17.54436294527379,1.172557199573257
8560,1.5952380952380953,52.83446712018141,20.0,0.4079774708103113
8561,1.1547619047619047,95.01133786848072,0.0,0.18242856013800107
8562,1.8928571428571428,33.86363636363637,30.0,1.1648012133399392
8563,1.6666666666666667,53.96825396825397,20.0,0.39930469596662954
8564,2.2023809523809526,39.909297052154194,18.2842712474619,0.5382674532283414
8565,2.25,50.79365079365079,28.72717802932339,0.6925511154072894
8566,2.0357142857142856,79.36507936507937,20.651308632494672,0.36143379385448493
8567,1.6547619047619047,72.78911564625851,0.0,0.7131900456380142
8568,1.0,100.0,0.0,0.6900666586707636
8569,2.2142857142857144,84.16075650118204,18.284271247461902,0.27610727803127877
8570,1.25,100.0,0.0,0.6900666586707636
8571,1.9404761904761905,40.58956916099773,30.0,1.1165810476339786
8572,2.3333333333333335,36.486486486486484,21.695611994015625,0.6634018287730512
8573,2.0238095238095237,29.25170068027211,18.954477791422097,0.7542429465083595
8574,2.1785714285714284,46.25850340136054,23.933016313500957,0.7301283117809969
8575,1.8095238095238095,54.292343387471,28.077494170934425,0.5729022837342028
8576,2.9166666666666665,75.80645161290323,10.0,0.4964845564975565
8577,1.5595238095238095,79.59183673469387,20.0,0.4593267492079133
8578,1.2738095238095237,90.02267573696145,40.0,0.28826098756316365
8579,2.119047619047619,43.53741496598639,33.18498955581809,0.7698519630293978
8581,1.1071428571428572,98.41269841269842,0.0,0.06845392403750283
8582,2.0714285714285716,30.839002267573697,26.95185924880902,1.0631781667017242
8583,2.607142857142857,33.333333333333336,16.557841456202983,1.2499568738313194
8584,1.7738095238095237,76.19047619047619,28.919051478656094,0.35859672190663217
8585,2.488095238095238,42.494226327944574,14.983482976063124,0.8595666802088235
8586,1.0714285714285714,100.0,0.0,0.6900666586707636
8587,1.1428571428571428,97.95918367346938,173.33333333333334,0.07487597323206041
8588,1.7738095238095237,48.29931972789116,30.272108843537413,0.8497667412860165
8589,2.875,46.666666666666664,10.9550232269192,0.7961572568960149
8590,2.111111111111111,67.90123456790124,50.0,0.551772277916803
8591,2.511904761904762,83.6734693877551,16.19873600921048,0.4278370420997264
8592,1.9761904761904763,68.70748299319727,61.966228730642705,0.8273723083615905
8594,1.869047619047619,58.73015873015873,18.95346881172206,0.6900666586707636
8595,2.369047619047619,32.426303854875286,30.563716030121952,0.9314893499587739
8596,1.8214285714285714,82.08616780045351,58.18711812304008,0.5651159867009594
8597,1.8846153846153846,49.45355191256831,34.721359549995796,1.023080884885521
8598,2.574074074074074,45.08670520231214,12.360679774997898,1.0254564562023485
8599,2.0476190476190474,55.32879818594105,12.114803625377643,0.899646754348064
8600,2.8333333333333335,35.600907029478456,24.012338436751396,0.5272091454319068
8601,1.2023809523809523,90.9297052154195,0.0,0.2910972010008829
8602,1.8452380952380953,47.84580498866213,20.0,0.8662904168706971
8603,1.869047619047619,43.48837209302326,0.0,1.0471166606743065
8604,1.869047619047619,58.73015873015873,18.95346881172206,0.6900666586707636
8605,2.6904761904761907,48.34905660377358,20.551641899120373,0.6677023758431622
8607,1.4285714285714286,88.20861678004535,16.53061224489796,0.20546701585577318
8608,2.2142857142857144,39.682539682539684,32.50201348472763,1.2547037743064902
8609,1.130952380952381,97.27891156462584,18.284271247461902,0.10581421900262146
8610,2.5952380952380953,70.29478458049887,16.4410093956506,0.4328966327294673
8611,2.513157894736842,44.875346260387815,31.005411689112453,0.8767870979823075
8612,1.8333333333333333,62.585034013605444,32.61689656465173,0.853489344975523
8613,1.5119047619047619,52.38095238095238,0.0,0.7945451861293501
8614,1.9390243902439024,63.793103448275865,0.0,0.7407131018834985
8615,2.5833333333333335,27.891156462585034,14.47120952125848,0.5188054035036833
8616,2.682926829268293,42.822966507177036,14.352723873369046,0.6919831850928679
8617,1.9642857142857142,63.718820861678005,21.622776601683796,0.7566112002502008
8618,1.630952380952381,72.78911564625851,40.0,0.6994233607444313
8619,1.8095238095238095,72.56235827664399,38.98553586713435,0.8548631788132446
8620,1.5714285714285714,75.0,0.0,0.714482124314475
8621,1.2162162162162162,83.58662613981762,0.0,0.44180334801001603
8625,1.7380952380952381,46.71201814058957,45.787234042553195,1.0488901936538437
8626,1.0,100.0,0.0,0.6900666586707636
8627,2.4642857142857144,41.723356009070294,21.845222822735717,1.080992477537191
8628,1.0,100.0,0.0,0.6900666586707636
8629,1.9642857142857142,48.52607709750567,0.0,1.341084373245551
8630,2.5972222222222223,47.90996784565916,41.6324279169207,0.9457863427986413
8631,2.107142857142857,50.79365079365079,50.0,1.2104543337297144
8632,1.9523809523809523,46.03174603174603,48.24705714430156,1.0265604916715598
8633,3.358974358974359,19.047619047619047,23.256793670229683,1.0573446024932849
8635,1.380952380952381,84.58049886621315,0.0,0.46046147248294444
8636,1.119047619047619,96.3718820861678,0.0,0.14211381154630345
8638,2.0357142857142856,40.140845070422536,32.3521849760784,0.8859740199695727
8639,1.0,100.0,0.0,0.6900666586707636
8640,1.7619047619047619,58.956916099773245,26.055512754639892,0.8604136187807279
8641,1.5,74.82993197278911,127.72650047525522,0.7383099208907886
8642,1.5952380952380953,78.45804988662131,33.13961117251238,0.5910223613670934
8643,1.619047619047619,92.7437641723356,79.44271909999159,0.30570925732725407
8644,2.4404761904761907,62.358276643990926,26.055512754639892,0.7272075374107084
8645,1.5119047619047619,83.44671201814059,32.027921740419664,0.28253301820991755
8646,1.8571428571428572,41.043083900226755,0.0,1.0654318466722024
8648,2.6904761904761907,37.641723356009074,13.29815303430079,1.2721173249817155
8649,1.0,100.0,0.0,0.6900666586707636
8650,1.0,100.0,0.0,0.6900666586707636
8651,1.0,100.0,0.0,0.6900666586707636
8653,1.8571428571428572,58.276643990929706,18.284271247461902,0.4637264398194103
8654,2.1951219512195124,45.566502463054185,31.352451788146347,1.1283823237780894
8655,2.1463414634146343,30.097087378640776,26.055512754639896,1.3787488539393684
8656,1.7142857142857142,48.29931972789116,74.85281374238569,0.6930451362725594
8657,1.5952380952380953,76.19047619047619,25.31325761081695,0.4543728728998414
8658,2.107142857142857,88.88888888888889,53.68648090509747,0.33923586196437505
8659,1.7976190476190477,47.61904761904762,0.0,1.0591316725488746
8660,1.4761904761904763,86.39455782312925,10.0,0.2896813837185812
8662,1.6785714285714286,67.57369614512471,64.41604573656718,0.5397075212338895
8663,3.046875,36.51452282157676,19.15032679738562,0.8977538812358898
8664,1.6071428571428572,85.4875283446712,29.88235294117647,0.4648274658577986
8665,1.7738095238095237,47.84580498866213,12.360679774997898,0.387065056684456
8666,1.0,100.0,0.0,0.6900666586707636
8667,2.630952380952381,56.91609977324263,30.608603274142883,0.9548419834209677
8668,3.7432432432432434,26.567164179104477,20.86779691092329,0.7503953078656624
8669,2.25,57.512953367875646,25.910849025981705,0.7515705661621854
8670,1.869047619047619,58.73015873015873,18.95346881172206,0.6900666586707636
8671,1.7619047619047619,55.78231292517007,20.0,0.42476854334255676
8673,1.6666666666666667,82.76643990929705,23.513513513513512,0.5544077114740663
8674,2.1219512195121952,42.18362282878412,0.0,1.2545546813637813
8675,3.1818181818181817,48.091603053435115,16.789473684210527,1.065625585313202
8676,1.6666666666666667,63.945578231292515,0.0,0.894791145287918
8677,3.0921052631578947,31.714285714285715,28.90510301403061,1.0924776787217663
8678,3.0714285714285716,40.58956916099773,29.67305313028214,1.1618367319764467
8679,1.0,100.0,0.0,0.6900666586707636
8680,1.35,94.5,0.0,0.17703929457366102
8681,2.5714285714285716,34.01360544217687,28.246666978990277,0.886121847923999
8682,1.5238095238095237,75.51020408163265,0.0,0.7122086590609795
8683,2.9047619047619047,54.87528344671202,20.088307573030153,1.1659337353626498
8684,1.7380952380952381,50.79365079365079,12.3606797749979,0.4122435915770757
8685,1.7142857142857142,72.33560090702947,36.675686002176306,0.394896686264308
8686,1.3333333333333333,100.0,0.0,0.6900666586707636
8687,2.369047619047619,39.909297052154194,23.78604940801699,1.086269305827829
8688,2.8625,36.50385604113111,20.274914089347078,1.315851024941409
8689,2.0125,51.03092783505155,113.69316876852982,1.043783558133804
8690,1.6666666666666667,88.66213151927438,0.0,0.36263364361387745
8691,1.0,100.0,0.0,0.6900666586707636
8692,1.380952380952381,90.47619047619048,38.03650414482748,0.2810892768717612
8693,2.3214285714285716,41.26984126984127,14.924442571597245,0.6377447627526958
8694,1.9285714285714286,37.188208616780045,12.3606797749979,0.904685084619177
8695,1.4523809523809523,83.6734693877551,0.0,0.5340796772943388
8697,1.2619047619047619,55.10204081632653,0.0,0.687649570233094
8698,1.6547619047619047,73.92290249433107,140.0,0.782971164387137
8699,1.0,100.0,0.0,0.6900666586707636
8700,1.0,100.0,0.0,0.6900666586707636
8701,1.0595238095238095,99.09297052154194,0.0,0.03945184585421838
8702,1.9404761904761905,41.26984126984127,20.665156914951464,0.7621685908262592
8703,1.6547619047619047,71.88208616780045,26.05551275463989,0.5687379625946732
8704,2.011904761904762,61.678004535147394,10.0,0.7977634297401219
8705,1.4642857142857142,74.82993197278911,0.0,0.6623514537080739
8706,2.9404761904761907,49.65986394557823,20.897897702331225,0.8867476438202894
8708,2.1904761904761907,52.293577981651374,0.0,0.9377118337723238
8709,2.1666666666666665,40.36281179138322,50.0,1.0770596881413304
8710,2.5833333333333335,45.12471655328798,17.419864875969044,0.6574823224406887
8711,1.630952380952381,53.28798185941043,80.0,0.6809368289317362
8712,2.5714285714285716,34.01360544217687,45.25939047978277,1.272380525696847
8713,1.53125,100.0,0.0,0.6900666586707636
8714,1.9761904761904763,49.20634920634921,39.06015842451531,0.551628201779003
8715,1.9523809523809523,50.56689342403628,47.24027035790991,1.0291768861708595
8716,2.5476190476190474,60.770975056689345,10.105082018663575,0.514901509505461
8717,1.5833333333333333,79.59183673469387,20.0,0.3937871040507973
8718,4.119047619047619,22.22222222222222,20.550760928425706,1.4022936756741085
8719,1.6547619047619047,39.909297052154194,47.797023635179755,0.6702673551378278
8720,2.0357142857142856,63.492063492063494,10.0,0.4025791794707776
8721,1.6547619047619047,74.82993197278911,28.140864553221785,0.5249422014475434
8722,2.2142857142857144,44.67120181405895,28.454959212012408,1.2636914636261198
8723,1.7073170731707317,73.03921568627452,10.0,0.6900666586707636
8724,1.4761904761904763,85.03401360544218,12.360679774997898,0.2752663642990345
8725,1.25,93.65079365079364,18.284271247461902,0.18605897828072895
8726,2.1666666666666665,41.950113378684804,37.3773423087523,0.6551783186770925
8727,1.8928571428571428,35.600907029478456,80.0,1.1720919387588982
8728,1.7976190476190477,48.07256235827664,23.058159525011572,0.5439798773729981
8729,1.7619047619047619,66.74528301886792,26.055512754639892,0.5716898731063533
8730,1.6785714285714286,65.3061224489796,43.85164807134504,0.7555321537222631
8731,2.9404761904761907,71.20181405895691,60.0,0.8034879455275528
8732,2.261904761904762,54.19501133786848,19.118549818492877,0.9694338705393378
8733,1.9625,36.8421052631579,39.66555183946488,0.5627075014685816
8734,1.0,100.0,0.0,0.6900666586707636
8735,1.2857142857142858,94.78458049886622,16.673564719505613,0.12974069471942834
8736,2.4878048780487805,34.29951690821256,37.78280317098689,1.2985745704984628
8737,1.2142857142857142,94.32624113475177,20.0,0.20143467638678067
8738,1.8928571428571428,60.317460317460316,18.284271247461906,0.4553194653360305
8739,2.4404761904761907,58.73015873015873,61.994279760455825,1.1091741038075642
8740,2.1785714285714284,44.21768707482993,51.877410071066,1.2017345696731567
8741,1.0769230769230769,100.0,0.0,0.6900666586707636
8742,1.5,57.142857142857146,20.0,0.3198197673223754
8743,1.2619047619047619,92.06349206349206,0.0,0.2603615222565439
8745,2.75,25.62358276643991,31.715035818414574,0.9599590630970248
8746,1.6904761904761905,60.997732426303855,30.0,0.5392702268920417
8747,1.880952380952381,53.74149659863946,0.0,1.1100072217633792
8749,1.9166666666666667,35.82766439909297,21.622776601683793,1.238915021491248
8750,3.130952380952381,67.12018140589569,44.2659043566742,0.850725271987453
8751,3.7875,37.913486005089055,19.744151363442725,1.0066120902238183
8752,1.0,100.0,0.0,0.6900666586707636
8753,1.0238095238095237,99.77324263038548,0.0,0.009205721925471222
8754,1.0,100.0,0.0,0.6900666586707636
8755,1.9880952380952381,49.65986394557823,26.266802309037768,0.9059373999694446
8756,1.0,100.0,0.0,0.6900666586707636
8757,1.5595238095238095,88.8382687927107,27.659649276111267,0.3168581245318431
8758,2.6923076923076925,29.878048780487806,81.47323746610611,1.0789053656395142
8759,1.25,90.47619047619048,0.0,0.2910972010008829
8760,2.5714285714285716,36.674259681093396,24.202838510660037,1.1142727407989765
8761,3.130952380952381,30.158730158730158,12.669439550847896,0.9245008943557312
8762,1.4487179487179487,61.351351351351354,0.0,0.6642461853455662
8763,1.7142857142857142,63.718820861678005,30.0,0.5509411404046627
8764,1.7261904761904763,71.65532879818593,24.96225245362378,0.5274984540088697
8765,1.5714285714285714,80.27210884353741,0.0,0.5724344870171842
8766,2.607142857142857,49.43310657596372,14.783560773714882,0.5368193623290812
8767,1.5476190476190477,89.3424036281179,22.72108843537415,0.2480604356143019
8768,1.951219512195122,61.743341404358354,30.0,0.6646720055428121
8770,2.4166666666666665,51.620370370370374,18.284271247461902,0.7679555606254216
8773,1.2261904761904763,83.90022675736961,0.0,0.4359000187391009
8774,1.4761904761904763,84.58049886621315,23.1823449579808,0.27232567720395406
8775,2.988095238095238,46.93877551020408,16.580635546362796,1.0012163357875483
8776,1.9024390243902438,51.566265060240966,20.0,1.0367535931534917
8777,1.5595238095238095,47.39229024943311,20.0,0.39155876426514985
8778,1.0,100.0,0.0,0.6900666586707636
8779,2.238095238095238,37.188208616780045,42.304717346211575,1.072540596154887
8780,2.738095238095238,47.84580498866213,22.62704342508449,1.0026334830632067
8781,1.2261904761904763,92.06349206349206,0.0,0.25884273199356694
8782,1.6515151515151516,77.77777777777777,0.0,0.6591154486937589
8783,2.1785714285714284,82.53968253968254,65.74468085106383,0.5641992101126775
8784,1.0,100.0,0.0,0.6900666586707636
8785,1.2105263157894737,100.0,0.0,0.6900666586707636
8786,2.988095238095238,72.33560090702947,13.094073449648553,0.8258211693849109
8787,1.2023809523809523,90.47619047619048,0.0,0.3050097342771294
8788,1.9880952380952381,35.147392290249435,25.765605792439022,0.7865355727981658
8789,1.119047619047619,98.1859410430839,130.0,0.06978361016123828
8790,1.0,100.0,0.0,0.6900666586707636
8791,1.1904761904761905,90.47619047619048,0.0,0.30637701641738985
8792,1.3095238095238095,80.95238095238095,0.0,0.4746272957304586
8794,2.2261904761904763,40.36281179138322,32.41404659227297,0.6194909300745616
8795,3.4285714285714284,45.80498866213152,12.573571793429208,0.6215548701255431
8796,1.9047619047619047,68.02721088435374,44.26196875100121,0.7195745417978878
8797,1.1111111111111112,100.0,0.0,0.6900666586707636
8798,2.0595238095238093,37.641723356009074,57.74630126261417,1.2494964308468839
8799,1.0,100.0,0.0,0.6900666586707636
8800,1.7261904761904763,44.67120181405895,40.0,0.5910317337779547
8801,2.3048780487804876,34.71882640586797,46.634542059260944,0.9510066137284245
8802,3.293103448275862,53.333333333333336,25.579571477434673,0.9091018383117111
8803,2.0,47.39229024943311,0.0,1.1766640512189621
8804,1.3452380952380953,92.97052154195012,25.17714229921611,0.21736055602492949
8805,1.8928571428571428,65.58891454965358,21.86892503675647,0.5649859735643618
8806,1.0357142857142858,99.54648526077098,0.0,0.02028458805428382
8807,2.238095238095238,37.414965986394556,18.391896463309603,0.867914171664862
8808,1.8452380952380953,62.358276643990926,22.752542682848034,0.6478655862653478
8809,1.6428571428571428,48.52607709750567,0.0,1.0080419328834225
8810,2.289473684210526,44.38202247191011,40.0,1.0981437575988788
8812,1.0,100.0,0.0,0.6900666586707636
8813,3.6904761904761907,36.55172413793103,22.95228327552836,0.9907668088118619
8814,2.4761904761904763,49.65986394557823,30.01353406864763,1.017654946333753
8815,2.0476190476190474,45.57823129251701,21.319914860963202,1.1846130392396983
8816,1.0,100.0,0.0,0.6900666586707636
8817,3.111111111111111,33.333333333333336,71.48127012878845,0.7604148884372216
8818,1.869047619047619,58.73015873015873,18.95346881172206,0.6900666586707636
8819,2.357142857142857,60.770975056689345,18.299319727891156,0.4079774708103113
8820,1.8452380952380953,41.59090909090909,50.827625302982185,1.0816971918205938
8821,1.9523809523809523,57.82312925170068,11.571731965076928,0.394896686264308
8822,1.8214285714285714,55.55555555555556,18.284271247461902,0.43788892803652846
8823,2.048780487804878,50.86848635235732,20.0,0.9515171052707327
8824,1.0,100.0,0.0,0.6900666586707636
8825,1.0,100.0,0.0,0.6900666586707636
8826,1.85,77.35849056603773,0.0,0.5442151365230092
8827,1.5,81.17913832199547,28.03526337014613,0.542659630274665
8828,1.6785714285714286,50.11337868480726,82.19544457292886,0.6929423763285394
8830,1.880952380952381,46.93877551020408,18.284271247461902,0.4618755735502886
8831,1.4047619047619047,84.58049886621315,0.0,0.48383884129798205
8832,1.9404761904761905,38.46153846153846,24.434782608695652,0.4935867390361334
8833,1.9880952380952381,77.32426303854875,21.782927899671996,0.3756102595012569
8834,1.9285714285714286,47.39229024943311,26.05551275463989,1.1646109706496346
8835,2.7083333333333335,57.63239875389408,43.493280517706204,0.6707699386683673
8836,1.5119047619047619,64.39909297052154,134.22205101855957,0.7777188806335109
8838,1.25,90.47619047619048,0.0,0.2910972010008829
8839,1.9880952380952381,29.024943310657598,19.033610612275226,0.5655812655472677
8840,1.5952380952380953,80.27210884353741,30.65466271537569,0.4143593703682138
8841,1.6904761904761905,80.95238095238095,33.47483728661351,0.6140996771481728
8842,2.3452380952380953,39.34426229508197,17.232872667876805,0.8045893622924845
8843,1.2976190476190477,95.41284403669725,16.557625747073665,0.137888194718606
8844,1.935897435897436,60.949868073878626,20.59347181008902,0.358740085543216
8846,2.011904761904762,48.747152619589976,49.261213720316626,0.9766732568880162
8847,1.5357142857142858,78.2312925170068,21.6227766016838,0.3566000135610585
8848,1.5,76.19047619047619,30.0,0.41646373300315087
8849,1.880952380952381,67.98143851508121,0.0,0.8200880877848324
8850,1.0,100.0,0.0,0.6900666586707636
8851,3.3452380952380953,67.80045351473923,11.809319192628775,0.5706777149639215
8852,1.5476190476190477,76.41723356009071,0.0,0.6658293492617489
8853,2.0714285714285716,40.136054421768705,32.20322012242795,1.1719136195606161
8854,1.7142857142857142,76.19047619047619,10.0,0.2981086074106909
8855,3.2560975609756095,30.317848410757946,43.061812633359175,1.3304061912445309
8856,2.4523809523809526,84.58049886621315,25.934055439976735,0.42681695528136204
8858,1.0238095238095237,99.77324263038548,0.0,0.009205721925471222
8859,1.3928571428571428,91.47465437788019,0.0,0.2789484804880409
8860,1.7738095238095237,57.40318906605923,0.0,0.959648750906142
8861,1.380952380952381,80.27210884353741,0.0,0.6014846609398068
8862,1.4464285714285714,81.18279569892474,0.0,0.47067279509768273
8863,1.5952380952380953,68.02721088435374,31.231056256176608,0.49033943049065165
8864,1.853658536585366,79.80535279805353,32.426406871192846,0.4590843685249912
8865,1.5833333333333333,70.29478458049887,0.0,0.6103591141797364
8866,1.869047619047619,50.56689342403628,11.38888888888889,0.978603012255455
8867,3.738095238095238,57.305936073059364,10.09047901576647,0.8096170191345524
8868,1.1219512195121952,100.0,0.0,0.6900666586707636
8870,2.4761904761904763,32.19954648526077,27.262111914633973,1.2025967863140328
8871,1.0238095238095237,99.77324263038548,0.0,0.009205721925471222
8872,2.619047619047619,32.426303854875286,37.33473903550202,1.3354266233354142
8873,1.75,60.35502958579882,0.0,0.6723413686955855
8875,1.6547619047619047,75.96371882086167,91.2,0.6685371520946696
8876,2.107142857142857,39.229024943310655,21.622776601683796,1.0900551087445849
8877,1.7738095238095237,59.41043083900227,18.2842712474619,0.4069036814688988
8878,1.6363636363636365,57.69230769230769,214.7220505424423,0.6900666586707636
8879,2.9642857142857144,58.73015873015873,10.0,0.5359126968160302
8880,2.380952380952381,40.816326530612244,0.0,1.2389585974347015
8881,3.1547619047619047,45.12471655328798,12.112676056338028,0.6576615512392695
8882,1.25,80.95238095238095,0.0,0.4755200934516536
8883,2.1973684210526314,51.111111111111114,79.62433039409326,1.0163746454291052
8884,1.7045454545454546,82.45614035087719,0.0,0.4170584255136608
8885,2.182926829268293,36.58536585365854,38.211009174311926,1.2132928150583249
8886,2.9324324324324325,46.546546546546544,32.426406871192846,0.1632454343233686
8887,1.5595238095238095,59.183673469387756,34.721359549995796,0.5481810556897022
8888,1.9166666666666667,54.64852607709751,0.0,0.9946477384155361
8889,1.3214285714285714,81.40589569160997,130.0,0.4701275086077958
8890,2.423076923076923,56.557377049180324,12.979470526303915,0.7043094631080075
8891,1.525,89.08629441624366,60.0,0.30116723327833944
8892,1.8214285714285714,48.29931972789116,43.85164807134504,0.6247883054760051
8893,1.0,100.0,0.0,0.6900666586707636
8895,1.7926829268292683,86.63484486873509,27.719532712320092,0.3711906858720794
8896,1.619047619047619,69.16099773242631,26.055512754639892,0.48594353683800046
8897,3.2142857142857144,65.3206650831354,10.0,0.6262882728898147
8898,1.0,100.0,0.0,0.6900666586707636
8899,2.011904761904762,76.87074829931973,14.86643853562549,0.5384547364556819
8900,3.1666666666666665,48.75283446712018,19.11981053948568,0.5180288592332405
8901,1.5238095238095237,36.281179138321995,60.0,0.638961045798629
8902,2.2261904761904763,52.38095238095238,12.567789662776105,0.8067508115980866
8903,1.3095238095238095,93.65079365079364,0.0,0.24177683987667298
8904,2.0384615384615383,47.397260273972606,10.0,1.0181019097547874
8905,1.0,100.0,0.0,0.6900666586707636
8906,2.2857142857142856,87.52834467120181,30.0,0.38137750520600266
8907,1.5,83.44671201814059,135.60219778561037,0.4349015678890801
8908,1.5952380952380953,78.91156462585035,12.360679774997898,0.3430165183285131
8909,2.5476190476190474,25.62358276643991,10.0,1.1100524536829095
8911,1.0,100.0,0.0,0.6900666586707636
8912,2.869047619047619,39.002267573696145,16.480206068934162,0.6247883054760051
8913,1.2857142857142858,78.5876993166287,0.0,0.5146531654289292
8914,1.8214285714285714,55.93607305936073,25.33229376189116,0.8774496945578087
8915,1.0833333333333333,98.39080459770115,0.0,0.06798712393134305
8916,1.7738095238095237,49.20634920634921,24.366560217631488,0.5887449133450744
8917,1.3571428571428572,51.24716553287982,0.0,0.6930763172080534
8918,1.9523809523809523,32.87981859410431,34.721359549995796,0.8245715399420783
8919,1.5357142857142858,74.82993197278911,0.0,0.7116633984841068
8920,1.9523809523809523,49.20634920634921,13.719298245614034,0.9532944226908497
8921,1.0,100.0,0.0,0.6900666586707636
8922,1.869047619047619,58.73015873015873,18.95346881172206,0.6900666586707636
8923,1.6547619047619047,70.06802721088435,38.93193379985379,0.7539980759728968
8924,1.8333333333333333,77.88235294117646,62.11102550927979,0.5325125597835098
8925,1.2023809523809523,93.19727891156462,0.0,0.23968597812179715
8926,1.3875,70.92731829573935,0.0,0.6677086138043836
8927,1.7976190476190477,82.42280285035629,36.0941532256185,0.35722366468954986
8928,1.8571428571428572,38.095238095238095,90.0,1.0885109814143217
8929,1.7619047619047619,67.95454545454545,19.79851510813029,0.526363700418764
8930,1.0595238095238095,99.09297052154194,0.0,0.03945184585421838
8931,3.5952380952380953,48.97959183673469,44.59594798363757,0.9394575168674137
8932,2.392857142857143,45.57823129251701,16.698726645137,0.8877139709725319
8933,1.9285714285714286,46.81818181818182,18.284271247461902,1.0405403504479738
8935,1.0714285714285714,98.63945578231292,0.0,0.05925858145533138
8936,1.5595238095238095,71.93396226415095,40.0,0.5026302689515738
8937,2.857142857142857,46.71201814058957,13.03073026276751,0.4851855839316036
8938,2.0853658536585367,66.82692307692308,21.406470812493655,0.6292188188573923
8939,1.0,100.0,0.0,0.6900666586707636
8940,2.340909090909091,34.74576271186441,0.0,1.0962263915253105
8941,2.0476190476190474,35.374149659863946,51.44156908271758,1.0771748729002453
8942,1.9880952380952381,34.2789598108747,39.411764705882355,0.7031940289348542
8944,1.0,100.0,0.0,0.6900666586707636
8945,1.4761904761904763,64.17233560090703,150.0,0.6452077071520776
8946,1.0,100.0,0.0,0.6900666586707636
8947,1.6428571428571428,78.2312925170068,28.19205032907951,0.5851603576413894
8948,1.7682926829268293,90.53398058252426,15.301519784780599,0.282699996329963
8949,1.5476190476190477,72.10884353741497,30.0,0.4834492229474761
8950,1.1547619047619047,95.01133786848072,0.0,0.18242856013800107
8951,1.9761904761904763,42.35294117647059,10.301924865652136,1.1564733118906392
8952,2.539473684210526,31.564245810055866,49.07296516904559,0.6574682428071658
8953,2.6904761904761907,42.63038548752834,47.880143738599884,1.2804444784067683
8954,1.6785714285714286,86.20689655172414,36.99294486791777,0.34528673484489986
8955,1.880952380952381,44.67120181405895,18.284271247461902,0.9877540545673859
8956,2.0952380952380953,36.054421768707485,63.828111692579505,1.2249143713425419
8957,1.7023809523809523,72.56235827664399,12.360679774997898,0.6948334222618504
8959,1.9761904761904763,56.00907029478458,20.0,0.5726793376824921
8961,1.8571428571428572,63.038548752834465,18.2842712474619,0.7858391188961342
8962,1.5714285714285714,40.816326530612244,40.0,0.5418526439168785
8963,2.1666666666666665,38.775510204081634,14.431528826347103,0.45056120886630463
8964,1.7261904761904763,73.46938775510205,20.0,0.7500641340089598
8966,1.9642857142857142,70.96018735362998,27.31564214851871,0.6871927178221374
8967,1.4285714285714286,84.80725623582767,18.284271247461902,0.2925084684723972
8968,2.4166666666666665,36.507936507936506,10.0,0.9119959331070799
8969,1.8928571428571428,28.117913832199548,30.0,0.7612705047755783
8970,1.75,53.06122448979592,0.0,1.0466661368839796
8971,2.7023809523809526,53.96825396825397,45.18836637099261,0.9263026302705977
8972,1.0,100.0,0.0,0.6900666586707636
8973,2.2564102564102564,60.68601583113456,36.10024094010309,0.4790081281259907
8974,1.2261904761904763,96.14512471655328,210.2271554554524,0.1481436221932862
8975,1.0,100.0,0.0,0.6900666586707636
8976,2.2142857142857144,60.046728971962615,46.098098435438814,0.5727679950050295
8977,1.6428571428571428,69.38775510204081,49.15939693353104,0.498747637641526
8978,1.5952380952380953,83.90022675736961,36.21693197850827,0.5448827586258811
8979,1.8452380952380953,75.73696145124717,26.454934947513834,0.677615905259521
8980,1.5476190476190477,73.69614512471655,0.0,0.7437870036817757
8982,1.7976190476190477,48.52607709750567,32.426406871192846,0.541139595462429
8983,1.2142857142857142,94.33106575963718,130.0,0.19499492707291877
8984,2.0357142857142856,43.99092970521542,38.65617649683868,1.055146068497544
8985,2.7948717948717947,72.16216216216216,26.226348174710736,0.6225602772978547
8986,1.9523809523809523,37.868480725623584,76.02325267042627,1.3101246967483113
8987,1.6341463414634145,95.16908212560386,51.817886252548305,0.1449161397476493
8989,1.7619047619047619,76.64399092970521,31.972967542188265,0.5856599042775017
8991,1.6547619047619047,56.46258503401361,0.0,0.9834023363232548
8992,1.4880952380952381,91.44893111638955,0.0,0.2886007921479772
8993,1.6904761904761905,61.45124716553288,39.14308559165077,0.5085442650827917
8995,2.511904761904762,48.52607709750567,106.2401823709279,1.3360209950537396
8996,2.4047619047619047,63.492063492063494,10.148809523809524,0.5404245557637325
8997,2.6785714285714284,40.58956916099773,18.150458027075114,1.0224738421479842
8998,1.869047619047619,58.73015873015873,18.95346881172206,0.6900666586707636
8999,1.869047619047619,57.82312925170068,11.999932463537093,0.7824176096000721
9000,1.2857142857142858,87.07482993197279,26.055512754639892,0.3697616900395684
9001,1.6666666666666667,47.84580498866213,53.24555320336759,0.6510537271947858
9002,1.6904761904761905,48.29931972789116,20.682492581602375,0.551628201779003
9003,1.9166666666666667,69.84126984126983,32.41962231416485,0.535365845856749
9004,1.4642857142857142,77.55102040816327,0.0,0.5109443550565066
9005,2.3095238095238093,44.21768707482993,37.278481012658226,1.1517406233130703
9006,2.7142857142857144,39.909297052154194,34.17769677219873,1.2334507922020936
9007,1.6666666666666667,63.718820861678005,20.0,0.8965682115349121
9008,1.7023809523809523,52.15419501133787,72.46211251235322,0.9893628792306751
9009,1.9880952380952381,54.87528344671202,18.284271247461902,0.7522508685550914
9010,1.9285714285714286,60.090702947845806,31.231056256176608,0.7237068121299333
9011,2.5952380952380953,32.6530612244898,34.494760349579686,1.4680453375172757
9012,2.0833333333333335,38.775510204081634,0.0,1.26778900008409
9013,1.869047619047619,58.73015873015873,18.95346881172206,0.6900666586707636
9014,1.0,100.0,0.0,0.6900666586707636
9015,2.1739130434782608,85.9375,0.0,0.27304125002099433
9018,2.130952380952381,36.281179138321995,40.47945565656378,0.8888228329832752
9019,1.7261904761904763,48.07256235827664,0.0,1.0712380329581128
9020,3.607142857142857,33.78684807256236,18.15053011582309,1.068797772434059
9021,2.014705882352941,69.89247311827957,50.0,0.6766001403870532
9022,1.2142857142857142,89.79591836734694,0.0,0.31716411734718
9023,2.5714285714285716,35.82766439909297,10.518889905100657,1.0897039314613948
9024,1.0,100.0,0.0,0.6900666586707636
9025,2.0357142857142856,52.38095238095238,56.04106858944432,1.0105844818636927
9026,2.2738095238095237,33.71824480369515,47.40962947224625,1.0095116672396447
9027,1.0952380952380953,98.41269841269842,0.0,0.06458143637762753
9028,1.0952380952380953,97.73242630385488,0.0,0.09430911064540556
9029,3.0952380952380953,33.560090702947846,22.89062268973476,1.288552276379542
9030,1.5357142857142858,69.61451247165533,50.0,0.7537628695553342
9031,1.7142857142857142,44.67120181405895,0.0,1.036225219404815
9032,2.0365853658536586,38.095238095238095,28.857142857142858,0.5637428420493612
9033,2.7738095238095237,36.961451247165535,35.11425685594482,1.217226302807771
9034,2.5238095238095237,26.53061224489796,14.986939567729058,0.9327724831749908
9035,1.5714285714285714,82.46013667425969,50.8276253029822,0.5604993889202269
9036,2.488095238095238,31.27853881278539,28.787551137812663,0.9234588807680222
9037,1.8205128205128205,64.67391304347827,21.622776601683796,0.6900666586707636
9038,2.369047619047619,55.32879818594105,68.73020854549627,1.2357401058404907
9039,3.325,36.34020618556701,19.01156074977376,0.8729799447714819
9041,2.107142857142857,90.9297052154195,112.06555615733703,0.30226230381123925
9042,1.5238095238095237,60.997732426303855,0.0,0.6702090063441444
9043,1.630952380952381,54.64852607709751,12.360679774997896,0.32898896618144813
9045,1.4047619047619047,87.07482993197279,0.0,0.4290096491774066
9047,1.5238095238095237,46.03174603174603,20.0,0.38137750520600266
9050,1.8214285714285714,37.641723356009074,0.0,1.0880034345819
9051,1.0,100.0,0.0,0.6900666586707636
9053,2.0952380952380953,42.17687074829932,60.0,1.212105299147066
9054,1.380952380952381,70.06802721088435,0.0,0.6067753955275415
9055,2.107142857142857,42.857142857142854,28.172233695393366,1.1491778942583788
9057,2.2738095238095237,61.904761904761905,19.636409467541252,0.47906761971419254
9058,1.5833333333333333,78.91156462585035,12.360679774997896,0.33669684473999006
9059,2.0238095238095237,56.68934240362812,0.0,1.1273728709281314
9060,1.2261904761904763,95.21640091116173,0.0,0.18727888470314719
9061,1.0,100.0,0.0,0.6900666586707636
9062,1.8571428571428572,53.74149659863946,80.0,1.22613848863308
9063,2.4523809523809526,26.303854875283445,14.991929935376797,1.327174768313278
9064,3.4642857142857144,29.478458049886623,14.464547408923085,1.098929608366686
9065,1.6428571428571428,59.863945578231295,40.0,0.5460893167820342
9066,2.2261904761904763,49.65986394557823,12.662799783896286,0.6496922442808309
9067,2.238095238095238,78.00453514739229,10.0,0.38819314164552043
9070,1.5609756097560976,59.068627450980394,0.0,0.674699370027759
9071,1.9642857142857142,39.45578231292517,21.15172282074669,0.5368193623290812
9073,2.119047619047619,40.142517814726844,40.187822471904724,1.0901102147219879
9074,1.8452380952380953,66.66666666666667,18.348122442761227,0.4553194653360305
9075,3.5416666666666665,56.2962962962963,40.0,0.6900666586707636
9076,2.7142857142857144,63.265306122448976,18.284271247461902,0.7010752015919266
9077,1.0,100.0,0.0,0.6900666586707636
9078,1.7926829268292683,76.73267326732673,0.0,0.6424699650553498
9079,1.880952380952381,66.66666666666667,10.0,0.6099022779578529
9080,2.3289473684210527,51.31195335276968,63.00442100628761,0.8750283824796554
9081,2.1904761904761907,57.4468085106383,17.781392162152713,0.8842379179717073
9082,1.4404761904761905,75.96371882086167,0.0,0.5925000296722093
9083,2.0625,45.52429667519181,0.0,1.0569645200997186
9084,1.869047619047619,58.73015873015873,18.95346881172206,0.6900666586707636
9085,2.4523809523809526,86.84807256235828,76.02325267042627,0.4223241903940102
9086,2.619047619047619,61.678004535147394,53.65079365079365,0.8716786865415382
9087,1.6547619047619047,72.78911564625851,12.360679774997898,0.2737984848109472
9088,1.0476190476190477,100.0,0.0,0.6900666586707636
9089,1.5119047619047619,74.37641723356009,0.0,0.6290144110563035
9090,2.869047619047619,51.70068027210884,14.191574831052447,0.48948617787537874
9091,1.3095238095238095,92.06349206349206,0.0,0.31063443738752927
9092,1.9523809523809523,51.70068027210884,10.225988700564972,0.4937297328275828
9093,2.0714285714285716,82.31292517006803,10.0,0.5060930346179054
9094,2.7439024390243905,48.56459330143541,98.79802065074834,1.0464760183866701
9095,1.0,100.0,0.0,0.6900666586707636
9096,1.8333333333333333,58.73015873015873,28.26263774304691,0.7398278443873134
9097,1.4285714285714286,79.81859410430839,0.0,0.5424237598324606
9098,1.2857142857142858,90.66059225512528,46.568542494923804,0.2827388800668725
9099,1.630952380952381,60.090702947845806,18.284271247461902,0.39600322529260257
9100,1.4047619047619047,84.58049886621315,0.0,0.4671916885328592
9101,1.675,57.74278215223097,21.622776601683796,0.4846078252992848
9102,1.6785714285714286,66.89342403628117,29.46781445569025,0.6083214523323685
9103,1.4166666666666667,60.770975056689345,0.0,0.6692249380443862
9104,1.8095238095238095,52.38095238095238,45.100244432383725,0.9618262102983446
9105,1.869047619047619,68.70748299319727,10.0,0.4701275086077958
9106,2.738095238095238,37.38317757009346,21.308877657913442,1.0826833969652765
9107,1.9404761904761905,52.60770975056689,40.0,0.9624534897940571
9108,1.6428571428571428,94.5578231292517,50.0,0.21845485741699022
9109,1.4880952380952381,59.183673469387756,68.24817518248175,0.6653886601242041
9110,2.607142857142857,39.19239904988124,34.92731052708033,1.3143392717595912
9111,2.630952380952381,33.560090702947846,24.8058361575808,1.0992176087765992
9112,2.0357142857142856,44.44444444444444,42.480884390407766,0.5793121216866488
9113,1.9047619047619047,44.89795918367347,26.4685900393834,1.1143342660423308
9114,1.7142857142857142,50.34013605442177,48.30951894845301,1.0092586784246478
9115,1.6547619047619047,48.07256235827664,0.0,0.9750908199148546
9116,1.0,100.0,0.0,0.6900666586707636
9118,2.511904761904762,39.909297052154194,25.485062624294155,1.148974623322853
9119,1.7023809523809523,75.93457943925233,26.05551275463989,0.5078202101882405
9120,1.0,100.0,0.0,0.6900666586707636
9121,1.7142857142857142,82.21709006928407,17.866527356839438,0.46574427242427724
9122,3.130952380952381,55.86854460093897,12.687640936245717,0.7955810507830773
9123,1.7023809523809523,59.863945578231295,32.426406871192846,0.5324266559320824
9124,1.2619047619047619,89.3424036281179,30.0,0.3302831859375967
9125,1.7142857142857142,65.6470588235294,104.01754250991381,0.8103827732289728
9126,1.4146341463414633,92.36276849642005,92.07603655534163,0.23614488377093326
9127,1.6904761904761905,65.07936507936508,26.055512754639896,0.772497673164388
9128,1.6904761904761905,85.54502369668246,10.0,0.30410109420886167
9129,2.1538461538461537,66.48648648648648,25.170321521403498,0.8753228631217089
9130,1.95,54.77386934673367,110.0,0.9744875629348004
9131,2.0952380952380953,29.931972789115648,16.881625641318543,1.0255520688096345
9132,1.2023809523809523,91.83673469387755,0.0,0.26787733589126167
9133,2.369047619047619,46.93877551020408,24.526315789473685,0.9084821716547822
9134,3.268292682926829,31.951219512195124,14.759963732064802,0.6552798784959739
9135,2.7142857142857144,56.68934240362812,37.36163551779192,0.8894314080631833
9136,1.55,89.58333333333333,20.0,0.0348775115189437
9137,3.8076923076923075,49.056603773584904,10.56338028169014,0.9735400072242276
9138,1.7380952380952381,53.06122448979592,22.10383288524812,0.4079774708103113
9139,2.5238095238095237,37.641723356009074,35.68049605248653,1.0902629456033095
9140,1.6547619047619047,62.131519274376416,20.0,0.566015504887494
9141,3.0714285714285716,21.99546485260771,13.44671201814059,0.6405605590923158
9142,2.2560975609756095,40.49382716049383,12.3606797749979,0.8860091776697341
9143,1.8452380952380953,69.16099773242631,20.8621567402928,0.665351406562279
9144,3.5,24.523809523809526,10.0,0.6224470457152315
9145,3.5,75.28344671201815,30.672591057199543,0.5821424948077627
9146,1.2857142857142858,92.29024943310658,18.284271247461902,0.18786198374115456
9147,2.0833333333333335,56.46258503401361,28.167692587619875,0.5668665693417115
9148,1.619047619047619,62.10045662100457,140.0,0.8519843840205552
9149,2.011904761904762,35.600907029478456,11.132075471698114,0.8740407334545544
9150,2.7738095238095237,48.29931972789116,48.99712149792969,1.261624620242773
9151,1.9166666666666667,43.99092970521542,18.34903159335505,0.47906761971419254
9152,1.630952380952381,78.68480725623583,18.284271247461902,0.40687560583073146
9153,1.0,100.0,0.0,0.6900666586707636
9154,1.9523809523809523,39.770114942528735,35.55210419542797,1.206776844140946
9155,2.2857142857142856,34.01360544217687,20.419167387888805,0.8120145220040133
9156,1.1428571428571428,98.1859410430839,110.0,0.08396903277912916
9157,1.0357142857142858,99.54648526077098,0.0,0.02028458805428382
9158,1.7738095238095237,57.04545454545455,18.284271247461902,0.38081397436628284
9159,1.0,100.0,0.0,0.6900666586707636
9160,1.8974358974358974,57.85123966942149,0.0,0.6793647489415683
9161,3.5357142857142856,38.54875283446712,15.63056799419161,0.8468684112754499
9162,2.2857142857142856,33.333333333333336,14.407509215223463,1.0366020629205404
9163,3.0357142857142856,71.65532879818593,10.0,0.5012264923619153
9164,1.9285714285714286,55.55555555555556,20.0,0.5331638407372986
9165,1.2738095238095237,92.29024943310658,0.0,0.243356304311711
9166,1.0,100.0,0.0,0.6900666586707636
9167,1.0,100.0,0.0,0.6900666586707636
9168,1.2738095238095237,84.35374149659864,0.0,0.4237402004999783
9169,1.2261904761904763,95.91836734693878,0.0,0.1400813599784731
9171,2.3214285714285716,88.66213151927438,40.99019513592784,0.35416227869290245
9172,1.4880952380952381,76.87074829931973,0.0,0.5188054035036833
9173,1.380952380952381,69.38775510204081,0.0,0.6108643020548935
9174,1.0,100.0,0.0,0.6900666586707636
9175,1.0,100.0,0.0,0.6900666586707636
9176,2.4166666666666665,52.60770975056689,50.55241369571512,1.2608175563549735
9177,1.7380952380952381,75.51020408163265,26.055512754639896,0.6087623773678303
9178,1.9166666666666667,65.75963718820861,148.14720915344748,0.8978998604120229
9179,2.9358974358974357,28.14207650273224,13.1001984098842,0.9636165226700211
9180,1.5571428571428572,68.01346801346801,0.0,0.6316008550922785
9181,1.2857142857142858,85.94104308390023,0.0,0.39043998352785825
9182,2.642857142857143,59.183673469387756,0.0,0.9246197272041408
9183,1.162162162162162,100.0,0.0,0.6900666586707636
9184,1.4761904761904763,84.80725623582767,0.0,0.5196067152448508
9185,1.4761904761904763,88.43537414965986,30.238264598815007,0.32245932838585173
9186,1.5833333333333333,51.92743764172336,63.6764705882353,0.6681587152460315
9187,2.013157894736842,61.756373937677054,31.231056256176608,0.46464094022660657
9188,1.5595238095238095,80.27210884353741,0.0,0.6773141903822908
9189,1.1547619047619047,98.41269841269842,0.0,0.08232803187333451
9190,1.7261904761904763,48.52607709750567,40.0,1.003093058700248
9192,2.142857142857143,67.05607476635514,20.773971858530363,0.8056305155898551
9193,1.5357142857142858,72.33560090702947,0.0,0.7439790170884865
9194,1.951219512195122,76.81159420289855,10.336758993799263,0.3479286056886533
9195,1.7261904761904763,58.76993166287016,30.0,0.7984593741506343
9196,1.5357142857142858,48.97959183673469,0.0,0.9323603475807142
9197,2.880952380952381,35.374149659863946,27.054840769996513,0.9731777905782302
9199,1.8428571428571427,79.33333333333333,10.0,0.3540511393449268
9201,2.0,62.67605633802817,21.622776601683796,0.4420044879427244
9202,1.7380952380952381,66.21315192743764,26.055512754639892,0.6506499985677603
9203,1.6944444444444444,63.888888888888886,50.0,0.6516871345145518
9204,1.7023809523809523,57.59637188208617,31.231056256176608,0.5109443550565066
9205,2.630952380952381,52.522935779816514,10.06006006006006,0.5605303974359791
9206,2.1785714285714284,60.770975056689345,56.208086990531456,0.7595774095881793
9207,2.5833333333333335,49.20634920634921,11.74674629809276,0.8275149166888986
9210,1.9047619047619047,49.65986394557823,37.66756032171582,1.199135728998885
9211,3.1341463414634148,36.19047619047619,55.78665497389198,1.0626238215760815
9213,2.238095238095238,28.571428571428573,15.33805599682123,0.6025775054772525
9214,1.2976190476190477,89.56916099773242,0.0,0.32898896618144813
9217,2.25,57.142857142857146,45.04578168799276,0.6663466990491191
9218,1.0476190476190477,99.54648526077098,0.0,0.02368929199724598
9219,1.4166666666666667,95.91836734693878,16.977510642183518,0.15603279458857647
9220,2.5238095238095237,40.36281179138322,18.12871089388413,0.7206987020005997
9221,1.2738095238095237,93.65079365079364,0.0,0.26037592086810346
9222,1.2142857142857142,95.91836734693878,0.0,0.1732052067491771
9223,2.1785714285714284,30.385487528344672,0.0,1.368525803330202
9224,2.1547619047619047,46.48526077097506,30.49792372306729,1.0394242429810225
9225,2.013888888888889,32.8125,60.0,0.875939329764065
9226,1.8095238095238095,44.70046082949309,0.0,1.0684429816335812
9227,1.7619047619047619,54.42176870748299,40.0,0.6866022772194198
9228,2.9285714285714284,44.67120181405895,11.983897216705902,1.1423620319766863
9229,2.5238095238095237,26.303854875283445,23.060706776108542,1.2637964466762464
9230,1.9761904761904763,35.374149659863946,27.68472906403941,1.053628543870861
9231,1.7142857142857142,73.46938775510205,118.06248474865698,0.7333014794138096
9232,3.0238095238095237,33.78684807256236,31.926792911853937,1.0247254435835527
9233,1.6547619047619047,61.904761904761905,34.721359549995796,0.7693740014033765
9234,1.0,100.0,0.0,0.6900666586707636
9235,3.142857142857143,58.956916099773245,15.582635570123157,0.6992632258503724
9236,1.8095238095238095,65.98639455782313,10.0,0.6312042718062691
9237,2.6904761904761907,82.99319727891157,15.95870589702761,0.4388794027139652
9238,1.3333333333333333,63.945578231292515,0.0,0.6551783186770925
9239,2.142857142857143,42.17687074829932,19.563098672577894,0.4543728728998414
9240,1.3,96.29629629629629,230.41630560342617,0.14041660558890898
9241,1.6547619047619047,75.51020408163265,0.0,0.7188736674350883
9242,1.630952380952381,73.92290249433107,63.044682546012204,0.5093464554688649
9245,1.8452380952380953,47.84580498866213,44.60817762672772,0.6919555223276452
9246,1.0,100.0,0.0,0.6900666586707636
9247,2.3095238095238093,32.6530612244898,21.245059028386795,0.5834955112454832
9248,1.619047619047619,76.19047619047619,20.0,0.699794310664344
9249,1.869047619047619,58.73015873015873,18.95346881172206,0.6900666586707636
9250,2.261904761904762,79.13832199546485,15.22822116916012,0.4079774708103113
9251,1.9285714285714286,53.74149659863946,22.69314858612464,0.8686325867833092
9252,2.5121951219512195,37.04600484261501,12.360679774997898,1.2846407370701676
9254,2.1451612903225805,70.6896551724138,0.0,0.7366792438438586
9255,3.2261904761904763,38.775510204081634,21.830817133206537,1.0938902227014995
9256,1.8333333333333333,88.88888888888889,200.2379604162864,0.6900666586707636
9257,1.3333333333333333,100.0,0.0,0.6900666586707636
9258,2.5714285714285716,36.734693877551024,10.0,0.4543728728998414
9259,1.5119047619047619,44.67120181405895,30.0,0.6884907138053875
9260,2.0441176470588234,39.63636363636363,0.0,1.06099445939113
9261,1.7619047619047619,66.43990929705215,31.288286822505004,0.6234123949982815
9262,1.0,100.0,0.0,0.6900666586707636
9263,2.4761904761904763,34.92063492063492,19.051979407888187,0.745671486927888
9264,1.7976190476190477,57.36961451247166,10.0,1.01563379416267
9265,2.357142857142857,51.70068027210884,10.132622459269545,0.8985928179702336
9266,2.380952380952381,38.54875283446712,12.360679774997898,0.6707027157562522
9267,3.2738095238095237,57.077625570776256,0.0,0.804365144891078
9268,2.488095238095238,37.414965986394556,14.149612704332098,0.9804048115411245
9269,1.7619047619047619,75.51020408163265,90.4987562112089,0.754768562061066
9270,2.488095238095238,40.58956916099773,39.65694005317052,0.846027917298297
9271,1.380952380952381,88.43537414965986,37.20154392568832,0.3250829733914482
9272,2.3095238095238093,29.024943310657598,10.594594594594595,1.287655398197006
9273,1.0,100.0,0.0,0.6900666586707636
9275,2.4634146341463414,27.64423076923077,36.657301046273176,1.5155465771311865
9276,1.8928571428571428,46.71201814058957,34.21025367583111,1.1399784470027843
9277,1.6666666666666667,71.20181405895691,0.0,0.8023892678379216
9278,1.0,100.0,0.0,0.6900666586707636
9280,2.5357142857142856,52.5462962962963,13.068557191181279,0.9454820721553373
9281,2.426470588235294,42.21453287197232,10.0,0.859307898891519
9282,1.8333333333333333,48.97025171624714,73.43175639154668,0.8838117293856742
9283,2.5476190476190474,52.60770975056689,18.855896005394754,1.1739314112688748
9284,1.3452380952380953,81.859410430839,0.0,0.48976700222812997
9285,2.5238095238095237,42.40362811791383,36.303030303030305,1.2780276319228794
9286,1.0,100.0,0.0,0.6900666586707636
9287,1.6547619047619047,56.46258503401361,94.40306508910551,0.9448238385735077
9288,1.675,58.354755784061695,0.0,0.7232870913057642
9289,2.6904761904761907,48.75283446712018,26.184418877956592,1.1108985076540545
9290,2.3333333333333335,39.04109589041096,29.058089639831902,1.1846150912908708
9291,1.5119047619047619,45.283018867924525,0.0,1.0061324322312122
9292,3.1785714285714284,40.58956916099773,10.214607252272536,1.0473438698134934
9293,2.9047619047619047,82.08616780045351,32.781192751663745,0.471032259590378
9294,1.4878048780487805,78.43137254901961,34.72135954999579,0.5031512701383174
9295,1.5833333333333333,50.56689342403628,88.99494936611664,0.6930614354787922
9296,1.7261904761904763,61.678004535147394,49.96924578966122,0.6238726702974893
9297,1.75,100.0,0.0,0.6900666586707636
9298,1.8,56.37755102040816,51.05437400796819,0.7213951970593948
9299,2.0357142857142856,52.60770975056689,54.031242374328485,0.9700010363708809
9300,1.619047619047619,38.095238095238095,40.0,1.203722262499352
9301,1.0,100.0,0.0,0.6900666586707636
9302,1.2857142857142858,83.21995464852608,0.0,0.4388794027139652
9303,1.5357142857142858,62.358276643990926,0.0,0.9168014018257691
9304,2.357142857142857,22.22222222222222,47.28561715852005,1.4850864902632368
9305,1.3452380952380953,77.09750566893425,100.0,0.5249422014475434
9307,1.8452380952380953,54.42176870748299,32.724638067759535,0.4590807522603987
9308,1.5476190476190477,73.4090909090909,0.0,0.7114866915057073
9309,1.5952380952380953,74.37641723356009,32.426406871192846,0.7213752777276408
9310,1.0,100.0,0.0,0.6900666586707636
9311,2.024390243902439,56.17433414043583,20.0,0.6282696207833964
9312,2.4285714285714284,45.833333333333336,15.79012746958232,0.515081739653842
9315,1.0,100.0,0.0,0.6900666586707636
9316,1.4761904761904763,71.42857142857143,90.0,0.640815899892563
9317,1.6428571428571428,48.07256235827664,0.0,1.0078148653112127
9318,1.7142857142857142,63.492063492063494,20.0,0.870846787214775
9319,3.0238095238095237,44.89795918367347,10.0,0.7187243046038914
9320,3.1,37.264150943396224,37.340701011589765,0.9401441141890746
9321,1.6547619047619047,78.45804988662131,36.92697015630878,0.3847994983433037
9322,1.1282051282051282,99.73404255319149,70.0,0.6900666586707636
9323,3.4285714285714284,29.62962962962963,17.30958846950542,1.389254386003171
9324,3.1666666666666665,46.71201814058957,16.896977154415126,0.5946900839059756
9325,1.3571428571428572,86.62131519274377,62.111025509279784,0.37677016125643675
9326,3.4523809523809526,31.065759637188208,11.269210494437937,1.0014934429868605
9327,2.0657894736842106,69.49152542372882,13.941228787067299,0.750848302389857
9328,2.0853658536585367,40.86538461538461,44.97825643119622,1.1514553479826795
9329,1.369047619047619,92.06349206349206,21.76714288107688,0.24649805496493607
9330,2.2857142857142856,29.705215419501133,48.16129202575493,1.212194032908804
9331,1.6071428571428572,42.857142857142854,30.0,0.7623882213491666
9332,1.7261904761904763,61.971830985915496,30.0,0.3798223323004402
9333,1.7738095238095237,62.131519274376416,18.284271247461906,0.6772888886884396
9334,2.0833333333333335,55.55555555555556,78.96103896103897,1.1358303351140824
9335,3.4761904761904763,30.158730158730158,14.40112680343611,1.0156109273467
9336,1.3214285714285714,83.21995464852608,0.0,0.43986723479181933
9337,3.2023809523809526,41.26984126984127,13.724694721044363,0.7918381653254745
9338,2.5384615384615383,47.45308310991957,31.231056256176608,1.2172073311805889
9339,1.5476190476190477,74.37641723356009,21.622776601683796,0.4954113328700338
9340,2.130952380952381,36.734693877551024,50.16483516483517,1.2916648426990358
9341,1.3452380952380953,90.47619047619048,0.0,0.3285605284442453
9342,1.8452380952380953,55.32879818594105,40.0,0.9515035432178733
9343,1.9285714285714286,46.03174603174603,130.356688476182,0.9936844257784122
9344,2.4166666666666665,51.288056206088996,49.00099819039815,1.1556562900452252
9345,1.3928571428571428,83.44671201814059,0.0,0.4958592888105092
9346,2.142857142857143,34.01360544217687,30.0,0.6429124396658009
9347,1.0,100.0,0.0,0.6900666586707636
9348,2.6,37.2093023255814,19.44102534939009,0.7495422422964855
9349,2.4761904761904763,33.333333333333336,27.040977246038047,1.189308015138466
9350,2.0,28.117913832199548,63.33994839699732,0.9938582236186324
9351,3.3095238095238093,38.321995464852606,18.286847199074284,0.5774920757843843
9352,2.0,52.15419501133787,43.85164807134504,0.8404701098958219
9353,1.9523809523809523,56.235827664399096,40.0,0.9742956115310663
9354,2.011904761904762,47.39229024943311,31.231056256176608,1.0516060594139118
9355,1.9047619047619047,48.07256235827664,42.027027027027025,1.133674161812824
9356,2.0375,46.90721649484536,21.622776601683796,1.1489784277249608
9357,1.0,100.0,0.0,0.6900666586707636
9358,1.0,100.0,0.0,0.6900666586707636
9359,1.3333333333333333,96.14512471655328,100.0,0.15797935940955057
9360,1.9404761904761905,33.10657596371882,0.0,1.2239076964599995
9361,2.107142857142857,45.80498866213152,38.48202253533624,1.0362685122905826
9362,1.0,100.0,0.0,0.6900666586707636
9363,2.4285714285714284,52.15419501133787,29.723664869323432,0.7958815480626232
9364,1.9880952380952381,39.002267573696145,25.35421134898837,0.9943922559736158
9365,2.6547619047619047,44.41913439635535,42.38147220854597,1.3446301141125339
9366,2.1785714285714284,47.477064220183486,10.263594815990777,0.9969403389267664
9367,2.792682926829268,40.54726368159204,16.886225317758168,1.0811964721948193
9368,2.5476190476190474,71.20181405895691,16.67877271679486,0.7695504769637486
9369,2.5476190476190474,22.448979591836736,19.68299711815562,0.9483179338994008
9370,1.5119047619047619,82.31292517006803,26.055512754639892,0.5352281574254406
9371,1.869047619047619,52.60770975056689,100.0,1.0289877525936941
9372,1.9324324324324325,61.07784431137725,40.0,0.23322898762940453
9373,1.7738095238095237,70.97505668934241,52.89652420454015,0.8158139640243937
9374,2.4166666666666665,35.84905660377358,30.47687451789518,0.6633243957973908
9375,2.119047619047619,55.89622641509434,20.96581595833497,1.0844294429305317
9376,1.5595238095238095,51.70068027210884,0.0,0.858995344457408
9377,2.488095238095238,32.87981859410431,10.0,0.6758104099499089
9378,1.9523809523809523,61.224489795918366,10.0,0.5160678498651341
9379,2.5121951219512195,43.7956204379562,137.15992381979706,1.1455308860385847
9380,2.3214285714285716,21.99546485260771,52.0490792694879,1.2850507166245813
9381,3.5833333333333335,24.71655328798186,21.402345989643813,1.3437514816862437
9382,3.0714285714285716,40.816326530612244,12.871660509044315,0.7273096232565088
9383,2.0476190476190474,53.96825396825397,19.558654902979832,0.7424149410336146
9384,1.6666666666666667,78.68480725623583,164.64249196572976,0.6523559843292147
9385,1.8333333333333333,64.62585034013605,50.690537084398976,0.849576442714151
9386,2.1666666666666665,73.46938775510205,20.1618730798794,0.7554661056415972
9387,1.4761904761904763,80.72562358276645,32.426406871192846,0.38819314164552043
9388,1.119047619047619,98.1859410430839,0.0,0.08957802666754391
9389,2.8214285714285716,32.87981859410431,19.00944728393617,0.8252021999014375
9390,2.130952380952381,56.235827664399096,40.0,1.0045083924880944
9391,2.392857142857143,74.37641723356009,10.30392571966968,0.5012264923619153
9392,1.4880952380952381,87.52834467120181,160.0,0.41442682413414056
9393,2.3076923076923075,32.7027027027027,50.0,1.1486431725337265
9394,1.6341463414634145,52.50596658711217,0.0,1.018767411572064
9395,1.9285714285714286,28.117913832199548,74.59494835003832,1.344797624788938
9396,1.6071428571428572,45.348837209302324,0.0,0.9915468613451182
9397,1.3095238095238095,84.58049886621315,0.0,0.41646373300315087
9398,1.3571428571428572,80.95238095238095,0.0,0.5241612886332706
9399,1.6904761904761905,67.80045351473923,26.802721088435373,0.39930469596662954
9400,1.7380952380952381,64.62585034013605,18.284271247461902,0.8741265688596487
9401,1.630952380952381,42.63038548752834,57.0820393249937,0.672769580465882
9402,2.2261904761904763,47.39229024943311,10.890200473812056,1.1184620858009904
9403,1.6428571428571428,78.00453514739229,10.0,0.2981086074106909
9404,1.880952380952381,54.64852607709751,25.336392101700664,0.42885439451264507
9406,2.325,42.55874673629243,43.42482731927741,0.6787886230757698
9407,1.1666666666666667,93.87755102040816,0.0,0.21568194893639836
9408,2.0238095238095237,32.6530612244898,21.622776601683796,1.260317852338146
9409,1.3928571428571428,87.07482993197279,10.0,0.2910972010008829
9410,1.7023809523809523,75.73696145124717,60.0,0.6925738711405782
9411,2.5595238095238093,76.24703087885986,22.581147404296516,0.4953830622776354
9412,1.9880952380952381,73.24263038548753,14.914622334997864,0.5951796127599872
9413,1.8095238095238095,66.66666666666667,12.627645266731841,0.4349015678890801
9414,2.869047619047619,27.210884353741495,18.541913730568545,1.2744197418894947
9415,1.2857142857142858,95.91836734693878,0.0,0.1732052067491771
9416,1.5952380952380953,89.1156462585034,0.0,0.35293814493876025
9417,1.670731707317073,67.16417910447761,26.055512754639892,0.4473790297599405
9418,1.9880952380952381,42.40362811791383,18.284271247461902,0.46280223702904744
9419,1.7738095238095237,60.997732426303855,18.59836585208759,0.4339004419779914
9420,2.825,85.93350383631713,11.994647772450389,0.39422485532129603
9421,1.119047619047619,97.27891156462584,0.0,0.1080640186652094
9422,2.3452380952380953,34.59715639810427,43.66088454231722,0.7652298217891551
9423,2.5833333333333335,54.02298850574713,29.307499223668504,0.9239702146941932
9424,1.4880952380952381,84.58049886621315,10.0,0.22069791126250085
9425,1.4047619047619047,75.73696145124717,0.0,0.6742516097697598
9426,2.142857142857143,34.92063492063492,18.284271247461902,0.9118308810615843
9427,3.6904761904761907,44.705882352941174,10.0,0.9550920546318586
9428,2.142857142857143,64.17233560090703,26.845285672299116,0.8708174158360447
9429,1.7142857142857142,72.56235827664399,13.068935277140334,0.5177843667937132
9430,2.261904761904762,58.73015873015873,21.622776601683796,0.6859246090614465
9432,2.402439024390244,49.02439024390244,10.0,0.4551323447775778
9433,2.130952380952381,51.24716553287982,18.725868725868725,1.0546737570555136
9434,1.2560975609756098,78.1637717121588,0.0,0.5136967654204554
9435,2.880952380952381,76.94063926940639,24.714403834397743,0.6174874816201485
9436,1.8170731707317074,83.33333333333333,0.0,0.4584044543646356
9437,1.5595238095238095,85.94104308390023,18.284271247461902,0.36529147464464584
9438,1.3928571428571428,63.718820861678005,0.0,0.6555120498141986
9439,1.9642857142857142,42.042755344418055,48.309518948453004,0.5506924136634295
9440,1.9285714285714286,47.16553287981859,22.501558108430544,0.8430024632614748
9441,2.1463414634146343,71.46401985111663,10.520908755257537,0.34315930483628654
9442,1.0476190476190477,99.31972789115646,0.0,0.03021296566677581
9443,2.5238095238095237,56.8075117370892,0.0,1.2209569498639576
9444,2.392857142857143,33.333333333333336,60.39675367289814,1.5538018698542189
9445,2.4166666666666665,24.263038548752835,69.20157446497488,1.3741597032297865
9446,2.2857142857142856,86.84807256235828,46.45110480431013,0.42357604938861326
9447,2.1666666666666665,58.372093023255815,20.0,0.7208055026130648
9448,1.5833333333333333,77.09750566893425,40.0,0.5028680063956953
9449,1.2380952380952381,94.78458049886622,201.8962010041709,0.17692035111794388
9450,3.1547619047619047,56.235827664399096,16.95550351288056,0.8604448327818054
9451,2.484375,56.91699604743083,46.80181353927331,0.9609836474531954
9452,1.5833333333333333,67.80045351473923,40.0,0.7331239361612896
9453,2.107142857142857,34.240362811791385,21.154729822185303,0.5616802634097218
9454,4.574074074074074,68.71508379888269,18.952459832022022,0.6295012608763815
9455,3.0833333333333335,28.117913832199548,10.0,0.9407524975551229
9456,3.6724137931034484,59.701492537313435,10.0,0.6828453593378594
9457,1.3095238095238095,91.60997732426304,140.0,0.30492178885651067
9458,2.4,30.591259640102827,32.958348273131065,1.4139096161187548
9459,3.3214285714285716,44.44444444444444,12.106999859692568,0.5805164093441294
9460,3.488095238095238,41.49659863945578,11.88303533072238,1.0767987005084518
9461,1.6785714285714286,52.60770975056689,12.3606797749979,0.35416227869290245
9462,2.0476190476190474,36.72985781990521,31.231056256176608,0.8386486495844869
9463,1.5595238095238095,84.12698412698413,12.3606797749979,0.5605401142934725
9464,2.3484848484848486,37.735849056603776,37.42345319936421,1.1546099341337959
9465,1.869047619047619,58.73015873015873,18.95346881172206,0.6900666586707636
9466,1.9166666666666667,58.049886621315196,20.0,0.9239133359689928
9467,2.7857142857142856,54.64852607709751,21.7822821048926,0.8580358645724786
9468,2.4642857142857144,29.655172413793103,20.377453944441733,0.5794606533871653
9469,2.642857142857143,46.62004662004662,35.623053405082096,0.5855045837190114
9470,1.6785714285714286,31.065759637188208,40.0,1.0022883864689187
9471,1.1547619047619047,97.50566893424036,0.0,0.10126481756679193
9472,1.5119047619047619,83.90022675736961,18.284271247461902,0.35171047884938955
9473,2.306451612903226,45.18828451882845,31.231056256176608,0.9149000786124596
9474,3.142857142857143,31.519274376417233,14.38846256127649,0.6942416607893817
9475,1.9404761904761905,65.53287981859411,0.0,1.0397722443384532
9476,2.4285714285714284,47.16553287981859,28.05991816765776,0.9241843913671589
9477,2.238095238095238,54.42176870748299,20.066006600660067,0.6261494944014616
9478,2.1951219512195124,60.859188544152744,13.732525329162273,0.7097887268108658
9479,1.7261904761904763,56.00907029478458,40.0,0.5840859317593606
9480,2.768292682926829,29.055690072639226,22.302258807819438,1.2220389856071838
9481,1.5357142857142858,66.66666666666667,20.0,0.35416227869290245
9483,1.0,100.0,0.0,0.6900666586707636
9484,3.3214285714285716,31.972789115646258,12.496019422142796,1.0325354424296311
9485,1.8452380952380953,34.467120181405896,67.51551491926082,1.0979892666458204
9486,1.6785714285714286,56.00907029478458,12.360679774997898,0.36143379385448493
9487,1.9642857142857142,89.56916099773242,14.910940772690841,0.3050097342771294
9488,2.0476190476190474,42.40362811791383,33.25732243835598,1.0558371669685511
9489,2.357142857142857,59.54545454545455,31.88900677849606,0.6285134527933299
9490,2.5238095238095237,35.879629629629626,16.146843027546538,0.8487949388163184
9491,1.7380952380952381,39.229024943310655,20.15576323987539,0.5834955112454832
9492,1.7666666666666666,71.36150234741784,0.0,0.6696533518196259
9493,1.5595238095238095,58.956916099773245,48.309518948453004,0.9047406053502007
9494,1.7619047619047619,65.3061224489796,12.360679774997898,0.8751890207503485
9495,1.7976190476190477,56.91609977324263,40.0,0.7914187590645378
9496,3.2142857142857144,36.734693877551024,24.115877050568294,1.1612599363716531
9497,1.5595238095238095,79.81859410430839,12.360679774997898,0.3492444842557457
9498,1.6904761904761905,64.85260770975057,44.62242562929062,0.5091819045106191
9499,1.8333333333333333,75.0,30.0,0.6900666586707636
9500,3.1904761904761907,34.92063492063492,11.132094164722957,1.09684447059479
9501,1.9404761904761905,34.467120181405896,0.0,1.3135914609299275
9502,1.853658536585366,66.5859564164649,128.92443989449808,0.8694197722823642
9503,2.107142857142857,67.12018140589569,15.046304337610941,0.38368808108936747
9504,1.7738095238095237,43.31065759637188,0.0,1.1517785649388068
9505,1.0357142857142858,99.77324263038548,0.0,0.013084006061872712
9506,1.7857142857142858,61.45124716553288,11.732522796352583,0.7480617380129098
9507,1.9404761904761905,42.17687074829932,12.102272727272727,0.5045007214245907
9508,1.8095238095238095,42.857142857142854,30.0,1.2798533841666215
9509,1.0,100.0,0.0,0.6900666586707636
9510,1.0,100.0,0.0,0.6900666586707636
9511,1.0,100.0,0.0,0.6900666586707636
9512,2.011904761904762,53.96825396825397,66.6430944045973,1.1071011441240097
9513,3.2857142857142856,46.2962962962963,14.648124954027441,1.0319222576149187
9514,2.1097560975609757,61.940298507462686,0.0,0.9666329129663529
9515,2.619047619047619,57.36961451247166,12.330107287139018,0.7881654405657634
9516,1.0,100.0,0.0,0.6900666586707636
9517,1.4404761904761905,75.28344671201815,0.0,0.6474824080795554
9518,1.8333333333333333,74.37641723356009,18.284271247461902,0.4524721140221746
9519,1.75,53.28798185941043,59.079414296464556,0.5642884623172352
9521,2.0172413793103448,49.75609756097561,0.0,0.8352781633368062
9522,1.7380952380952381,50.79365079365079,27.466666666666665,0.8480347884885993
9523,1.6071428571428572,81.859410430839,25.25,0.5558437295885583
9524,2.4047619047619047,39.909297052154194,21.573964287851396,0.4185567565053988
9526,1.75,58.276643990929706,48.771487318586104,0.892052929297903
9527,3.3214285714285716,34.467120181405896,20.27881325235152,1.1110085417900963
9528,2.5357142857142856,49.65986394557823,59.40113769663223,1.0276824981407344
9529,1.6666666666666667,80.0453514739229,26.19599527556651,0.5815417517518402
9531,2.4761904761904763,43.53741496598639,13.522169320372141,1.071918862488416
9532,1.6428571428571428,70.9090909090909,76.02325267042627,0.6063496214437603
9533,1.7619047619047619,65.07936507936508,43.85164807134504,0.8116173350729832
9534,1.0263157894736843,100.0,0.0,0.6900666586707636
9536,2.238095238095238,51.24716553287982,26.543328494331067,0.8645267644365561
9537,1.8392857142857142,90.10416666666667,12.360679774997896,0.24008630462695035
9538,2.1666666666666665,51.02040816326531,62.18129001450795,1.200168345419719
9539,1.6547619047619047,70.29478458049887,21.622776601683793,0.671251650717163
9540,1.0,100.0,0.0,0.6900666586707636
9541,1.9047619047619047,62.131519274376416,28.274031716935262,0.8125241295981233
9542,1.5595238095238095,85.94104308390023,42.72727272727273,0.41495641341090883
9543,1.8095238095238095,62.585034013605444,34.72135954999579,0.9629798361811637
9544,2.0757575757575757,68.07692307692308,38.159335702752166,0.6763767049664019
9545,1.9523809523809523,59.183673469387756,19.546479262958965,0.685343211398103
9546,2.5952380952380953,40.58956916099773,11.902521529192384,0.7466531839789
9547,2.1666666666666665,54.42176870748299,12.427359550549767,1.0309805988215628
9548,2.5476190476190474,54.42176870748299,26.9873625937571,0.9647011958379901
9549,3.6785714285714284,57.142857142857146,24.323527351683484,1.0337027403449384
9550,1.0,100.0,0.0,0.6900666586707636
9551,1.4285714285714286,85.94104308390023,31.231056256176608,0.3651441251007369
9552,1.8928571428571428,48.75283446712018,20.0,0.7661092400070628
9553,1.7738095238095237,47.15261958997722,26.055512754639896,0.6134857791881874
9554,1.0,100.0,0.0,0.6900666586707636
9555,2.2738095238095237,82.53968253968254,44.43224652391246,0.46094644273499047
9556,2.5357142857142856,34.27230046948357,18.582995951417004,1.1818113858193333
9557,2.2261904761904763,76.41723356009071,10.0,0.528985247329953
9558,2.130952380952381,34.467120181405896,17.722678197816425,0.5509426654817893
9559,1.9166666666666667,53.51473922902494,35.75821673433849,0.8355352518462137
9560,1.75,45.35147392290249,62.801098892805186,0.6764662104011079
9561,1.2738095238095237,87.52834467120181,0.0,0.3566000135610585
9562,2.3452380952380953,39.229024943310655,21.343458848123582,1.051646683925774
9563,1.3571428571428572,92.97052154195012,12.360679774997896,0.2770424690084514
9564,1.630952380952381,80.9090909090909,31.84008370613736,0.5978891938064047
9565,1.0,100.0,0.0,0.6900666586707636
9566,3.5833333333333335,31.972789115646258,10.056355586717427,0.628385547264991
9567,2.0357142857142856,53.28798185941043,88.99494936611666,1.1105688121055117
9568,1.5595238095238095,71.20181405895691,10.0,0.3050097342771294
9569,2.238095238095238,54.8235294117647,32.47588424437299,0.5913137952237214
9570,2.4285714285714284,78.2312925170068,13.673469387755102,0.4036647275610208
9571,1.7261904761904763,58.049886621315196,0.0,0.6785858602516202
9572,2.4404761904761907,33.560090702947846,14.662793734571446,1.2734518606124332
9573,1.3571428571428572,53.51473922902494,0.0,0.6909233093138181
9574,1.8333333333333333,40.182648401826484,150.0,1.118991733127811
9575,1.9166666666666667,66.21315192743764,38.171310089834236,0.5324266559320824
9576,1.9166666666666667,46.71201814058957,30.679169647842183,0.6292685973267769
9577,2.1785714285714284,37.868480725623584,11.573604060913706,0.7422020647846898
9578,3.2142857142857144,21.768707482993197,17.23078010616617,0.9667430483160252
9579,1.6666666666666667,65.53287981859411,0.0,0.874422497516719
9580,1.0714285714285714,99.31972789115646,70.0,0.03021296566677581
9581,1.8214285714285714,40.816326530612244,12.360679774997898,0.9197613685288726
9583,1.3333333333333333,80.72562358276645,0.0,0.48170358168672356
9584,1.7023809523809523,60.317460317460316,90.0,0.8762888018686352
9585,2.0365853658536586,38.795180722891565,46.04861589629256,1.013330565222261
9586,2.6724137931034484,41.20603015075377,36.36065441983078,0.689083561069699
9587,1.0,100.0,0.0,0.6900666586707636
9588,1.0238095238095237,99.77324263038548,0.0,0.009205721925471222
9589,1.0,100.0,0.0,0.6900666586707636
9590,1.619047619047619,85.94104308390023,19.170883401636306,0.2663844632679204
9591,1.5365853658536586,87.65432098765432,186.9771560359221,0.33515099461334474
9592,1.5833333333333333,86.39455782312925,0.0,0.46491368077980577
9593,1.7261904761904763,84.58049886621315,19.77277666872417,0.3341427913871891
9594,1.5454545454545454,100.0,0.0,0.6900666586707636
9595,1.6904761904761905,50.34013605442177,50.0,0.8775551918319733
9596,1.1785714285714286,92.06349206349206,0.0,0.2648864834469934
9597,1.5595238095238095,81.63265306122449,0.0,0.520891914699516
9598,1.0,100.0,0.0,0.6900666586707636
9599,1.0,100.0,0.0,0.6900666586707636
9600,2.347826086956522,52.67175572519084,32.421052631578945,0.5817797510640118
9601,1.8214285714285714,70.29478458049887,59.39749835776554,0.7978683603049794
9602,2.317073170731707,64.46078431372548,27.03046967527198,0.9479982955834403
9603,1.0,100.0,0.0,0.6900666586707636
9604,1.2619047619047619,58.956916099773245,0.0,0.6762461938040951
9605,1.5,42.857142857142854,50.0,0.5557007965751773
9606,2.2738095238095237,49.43310657596372,34.3475033359029,1.216696447868998
9607,2.5476190476190474,40.136054421768705,23.857469575241698,1.077418573702245
9608,3.3214285714285716,81.859410430839,40.0,0.47373211956773076
9609,2.024390243902439,49.629629629629626,39.65569167295407,1.190451956455437
9610,2.880952380952381,64.85260770975057,19.38132312110636,0.5655662088462436
9611,1.9523809523809523,35.84474885844749,111.7930995830184,1.1352826926648827
9612,3.4523809523809526,48.97959183673469,39.88631301060757,0.997307689423498
9613,1.0,100.0,0.0,0.6900666586707636
9614,1.8571428571428572,70.97505668934241,14.351230770009847,0.38593384631347266
9615,1.0,100.0,0.0,0.6900666586707636
9616,2.142857142857143,46.635730858468676,31.23105625617661,0.8987577480399693
9617,2.4523809523809526,80.82191780821918,0.0,0.4819175769936197
9618,2.0595238095238093,48.75283446712018,0.0,1.2375642657325723
9619,1.763157894736842,66.9467787114846,0.0,0.6244699210824829
9620,1.5,78.68480725623583,61.81890155952219,0.49033943049065165
9621,2.15,41.5617128463476,12.360679774997896,0.9460773366200904
9622,3.0,41.043083900226755,10.401333185848186,0.6565040613734728
9623,2.3333333333333335,36.281179138321995,53.62325679894025,1.4458826680700967
9624,1.0,100.0,0.0,0.6900666586707636
9625,2.0476190476190474,59.57943925233645,44.250631297028846,0.7680074737193536
9626,1.5609756097560976,88.23529411764706,0.0,0.3156311865497606
9627,1.0,100.0,0.0,0.6900666586707636
9628,2.8452380952380953,34.92063492063492,31.920134724268337,0.6581268712894468
9629,1.9761904761904763,53.51473922902494,36.38560513508328,0.6261494944014616
9630,2.607142857142857,29.478458049886623,55.132413893164326,1.5991553627544257
9631,1.8333333333333333,62.358276643990926,20.0,0.905200901571426
9632,2.0595238095238093,55.55555555555556,30.0,0.7775866636496696
9633,1.8095238095238095,68.25396825396825,18.284271247461902,0.4818696901036041
9634,2.6666666666666665,49.06103286384977,16.058823529411764,1.0041335079325249
9635,2.9166666666666665,41.49659863945578,10.552698836209826,1.0444941636603708
9636,2.75,39.19597989949749,38.66234178815727,0.80138690071921
9637,2.5952380952380953,25.85034013605442,10.0,0.7148599022982202
9638,3.261904761904762,26.75736961451247,29.669421487603305,1.2147985215107282
9639,1.0,100.0,0.0,0.6900666586707636
9640,1.6785714285714286,70.16317016317016,0.0,0.713080598592579
9642,1.92,85.13513513513513,123.41664064126333,0.37736249325785143
9645,2.261904761904762,28.798185941043084,19.288407429822907,1.2384512231869356
9646,2.607142857142857,33.333333333333336,22.067381228183134,0.6541679283402482
9647,2.6216216216216215,68.3076923076923,10.941602358673581,0.7927186129591258
9648,2.3333333333333335,37.868480725623584,18.971206505532248,0.9739797879699013
9649,1.619047619047619,73.92290249433107,36.345898470819556,0.42476854334255676
9650,1.869047619047619,58.73015873015873,18.95346881172206,0.6900666586707636
9651,1.6428571428571428,50.11337868480726,31.231056256176608,0.5502551860431701
9652,2.119047619047619,52.23529411764706,20.0,0.5442746609697391
9653,2.107142857142857,31.065759637188208,24.604574719230367,1.308392517383468
9654,2.8095238095238093,25.85034013605442,10.267110555580802,0.5700471705012848
9655,1.8333333333333333,63.492063492063494,18.284271247461902,0.5599753739104947
9656,2.869047619047619,48.52607709750567,26.12935563977145,0.9281757753219153
9657,1.4404761904761905,78.45804988662131,80.0,0.582044265478306
9658,2.25,35.147392290249435,18.525330377411862,1.0783012225668616
9659,1.6547619047619047,62.55707762557078,164.6424919657298,0.9018355386893971
9661,2.4047619047619047,35.600907029478456,11.621621973098861,0.5713064074053795
9662,2.5357142857142856,49.43310657596372,10.7041691312515,0.6426466824753533
9663,1.6785714285714286,65.07936507936508,12.3606797749979,0.35416227869290245
9664,1.0357142857142858,99.54648526077098,0.0,0.02028458805428382
9665,2.0121951219512195,42.857142857142854,70.0,1.2364184263922224
9666,1.5714285714285714,77.77777777777777,10.0,0.26338335888071124
9667,1.0,100.0,0.0,0.6900666586707636
9668,1.2142857142857142,95.23809523809524,18.284271247461902,0.14211381154630345
9669,2.2261904761904763,40.36281179138322,26.889779651322925,0.9200694162355767
9670,2.717948717948718,34.584450402144775,39.101053933541024,1.1278056952892501
9671,1.880952380952381,43.764172335600904,40.0,0.9232187497510927
9672,1.7380952380952381,43.31065759637188,21.622776601683796,0.4368958027392995
9673,3.25,29.49438202247191,16.407884173001133,1.1425693304427562
9674,1.8452380952380953,58.049886621315196,32.83854741586091,0.5382674532283414
9675,2.9285714285714284,68.70748299319727,26.56273723733606,0.8560092778754689
9676,2.0595238095238093,55.10204081632653,40.016251797969545,1.0280997415437494
9677,1.8095238095238095,50.11337868480726,95.54331423670395,0.9842915529021349
9678,1.619047619047619,51.24716553287982,57.08203932499371,0.6305810283860147
9679,1.6666666666666667,77.55102040816327,38.10679356940168,0.39267446722755217
9680,2.3658536585365852,54.30622009569378,32.64399229966228,0.6029219595326507
9681,1.4047619047619047,88.66213151927438,0.0,0.40568013574787437
9682,3.024390243902439,36.86746987951807,48.78405353517338,1.3226587228744513
9683,1.869047619047619,58.73015873015873,18.95346881172206,0.6900666586707636
9684,1.0,100.0,0.0,0.6900666586707636
9686,1.369047619047619,94.33106575963718,10.0,0.2497954350637116
9687,2.5625,45.22613065326633,27.783510776546844,0.6833848609769495
9688,1.0,100.0,0.0,0.6900666586707636
9689,1.6857142857142857,86.62207357859532,39.72350075234982,0.33813993228504385
9690,1.9047619047619047,59.183673469387756,11.394592484534593,0.38137750520600266
9691,1.7738095238095237,44.09090909090909,12.360679774997898,1.0836145261756982
9692,2.3214285714285716,35.374149659863946,26.771063178224008,1.2365552827628536
9693,2.6097560975609757,31.76178660049628,37.8743696067123,0.5612051677706963
9694,3.4047619047619047,72.10884353741497,12.247191011235955,0.7640739437415647
9695,2.8095238095238093,48.52607709750567,10.459923542450623,0.9613881830736477
9696,1.9864864864864864,47.747747747747745,0.0,1.0341112639661745
9697,2.65625,45.90163934426229,39.48900669595798,0.9994987567935273
9698,2.9166666666666665,49.43310657596372,16.133788446314586,0.7899733825284256
9699,2.317073170731707,54.679802955665025,77.80379507773962,0.991043346588033
9700,2.0714285714285716,32.19954648526077,11.570845624017878,0.8192186815207982
9701,2.5952380952380953,53.51473922902494,12.573571793429206,0.6196709860921363
9702,2.2023809523809526,39.45578231292517,36.5238098407776,1.3039492478890768
9703,1.6904761904761905,54.64852607709751,0.0,1.0938794496697155
9704,2.3214285714285716,41.950113378684804,30.59155091220503,1.0787561499690341
9705,2.1785714285714284,45.35147392290249,13.176246716858884,0.914397896248039
9706,1.869047619047619,34.467120181405896,59.653179190751445,1.10692738582953
9707,2.107142857142857,51.92743764172336,19.53831449732947,0.5603648200051794
9708,3.2738095238095237,25.62358276643991,11.192160437073829,0.5793121216866488
9709,1.9166666666666667,46.25850340136054,32.426406871192846,0.7759074367684843
9710,1.7976190476190477,79.36507936507937,27.802197802197803,0.6226474509606857
9711,1.5119047619047619,87.75510204081633,20.0,0.32898896618144813
9712,1.0,100.0,0.0,0.6900666586707636
9713,1.5,76.19047619047619,0.0,0.6720482220327484
9714,1.6071428571428572,58.29383886255924,0.0,1.029998750626695
9715,3.642857142857143,31.746031746031747,16.796887322372495,1.1210611455208135
9716,2.0595238095238093,46.25850340136054,18.284271247461902,0.8060113101578852
9718,2.5714285714285716,35.82766439909297,29.48325774853309,0.9888169827103872
9719,1.619047619047619,72.56235827664399,26.055512754639896,0.666206564724057
9721,2.4285714285714284,28.34467120181406,23.792993408809494,1.2471992994103756
9722,1.6071428571428572,46.25850340136054,0.0,0.9497320284329831
9725,2.5357142857142856,51.395348837209305,89.70301911032968,1.2963307602861904
9726,1.2619047619047619,91.38321995464852,32.426406871192846,0.25731864054383163
9727,1.0,100.0,0.0,0.6900666586707636
9728,1.5833333333333333,74.14965986394557,34.72135954999579,0.5350888936673318
9730,1.4047619047619047,89.47368421052632,18.284271247461902,0.4004482058471265
9731,1.3452380952380953,86.0730593607306,43.85164807134504,0.3750165374908124
9733,2.7857142857142856,54.64852607709751,36.90691925349344,0.811634848203181
9734,1.380952380952381,72.10884353741497,0.0,0.5870111716892371
9736,1.9285714285714286,53.96825396825397,48.41187358622044,0.8583783273543769
9737,2.0833333333333335,65.53287981859411,16.439909297052154,0.43788892803652846
9738,3.0476190476190474,32.87981859410431,19.306296944062115,0.7690164933426517
9740,2.119047619047619,42.88990825688074,21.622776601683796,1.223453017776809
9741,1.6785714285714286,71.20181405895691,20.0,0.4318901318012787
9742,1.0714285714285714,98.63945578231292,0.0,0.05925858145533138
9743,3.0357142857142856,66.21315192743764,32.06264667021619,0.973784367146769
9744,3.3452380952380953,40.816326530612244,29.162487825893834,0.8564512529616958
9745,2.9285714285714284,30.158730158730158,21.219339847493483,1.1643176038660439
9746,1.880952380952381,67.37089201877934,0.0,0.966778395246852
9747,1.4047619047619047,89.56916099773242,0.0,0.35621733604943473
9748,2.6785714285714284,32.78688524590164,10.0,0.5833650891325106
9749,2.0476190476190474,46.03174603174603,96.42857142857143,0.9539608729912985
9750,1.7738095238095237,49.65986394557823,50.0,1.0492105874208917
9751,1.0512820512820513,100.0,0.0,0.6900666586707636
9752,1.7738095238095237,46.93877551020408,100.0,1.216184958588459
9753,2.0595238095238093,44.89795918367347,22.559702902811267,1.0503177950167184
9755,1.5256410256410255,84.84042553191489,0.0,0.4177916082689401
9756,1.5,86.21495327102804,38.89029984702931,0.3755582476191766
9757,1.1785714285714286,100.0,0.0,0.6900666586707636
9758,1.6071428571428572,68.02721088435374,0.0,0.7742712347539584
9759,1.9285714285714286,43.31065759637188,20.0,0.5360922991018108
9760,2.0833333333333335,37.868480725623584,14.304910012669572,0.5368193623290812
9761,2.3076923076923075,34.51086956521739,26.862132702922572,0.44204175739631757
9762,1.5416666666666667,100.0,0.0,0.6900666586707636
9763,1.4761904761904763,75.28344671201815,0.0,0.6761726236555455
9765,1.9642857142857142,40.816326530612244,22.947845804988663,0.677570428074859
9766,2.369047619047619,50.79365079365079,23.220284948222154,0.7820944587922253
9767,1.8717948717948718,33.425414364640886,12.360679774997898,1.0926763092537761
9768,2.2162162162162162,40.652818991097924,86.46200440752334,1.0838536699446129
9769,2.5952380952380953,71.42857142857143,16.578717096190683,0.4961607658686654
9770,1.5357142857142858,62.131519274376416,20.0,0.37328068450719404
9772,1.8452380952380953,50.79365079365079,70.62257748298549,1.0059557201003604
9773,1.0,100.0,0.0,0.6900666586707636
9774,2.869047619047619,61.678004535147394,19.12356624337329,0.8720302245897871
9775,1.1666666666666667,94.33106575963718,0.0,0.20200572044375864
9776,2.2738095238095237,43.96355353075171,63.2991823839505,0.9297374144478495
9777,1.4761904761904763,52.38095238095238,0.0,0.6920129648318738
9778,2.5,63.32179930795848,65.58930748345742,0.8449267946838532
9779,2.011904761904762,51.47392290249433,73.89668239406767,1.0339464793350017
9780,2.0,39.62264150943396,53.2455532033676,1.0775940153460524
9781,1.0238095238095237,99.77324263038548,0.0,0.009205721925471222
9782,1.0595238095238095,99.09297052154194,0.0,0.03945184585421838
9783,1.4642857142857142,85.03401360544218,12.360679774997898,0.2648864834469934
9784,1.9880952380952381,59.863945578231295,16.704646854804835,0.47729857761079486
9785,2.4523809523809526,36.281179138321995,21.540095185240077,0.7184207619153504
9786,1.630952380952381,80.95238095238095,18.284271247461902,0.41955584609325464
9787,3.6785714285714284,58.276643990929706,21.622776601683796,0.627496005782675
9788,2.9146341463414633,53.22195704057279,12.753059962661304,0.5615536058604089
9789,2.2738095238095237,42.654028436018955,21.720885014873076,0.598353262951444
9790,2.9166666666666665,75.96371882086167,20.410240409856026,0.6780086436617728
9791,2.5595238095238093,58.18181818181818,16.878980891719745,0.9267981278303556
9792,2.392857142857143,40.58956916099773,22.180638044409015,0.9314277781136446
9793,1.369047619047619,62.358276643990926,0.0,0.6636546955132131
9794,1.0,100.0,0.0,0.6900666586707636
9795,1.6071428571428572,57.82312925170068,30.0,0.496248763305596
9796,1.119047619047619,96.59863945578232,0.0,0.1339135490837782
9797,2.607142857142857,45.283018867924525,15.462207611456938,1.12152022443809
9798,1.4285714285714286,93.44262295081967,0.0,0.24116723161506948
9799,2.2125,61.86868686868687,12.360679774997898,0.7194674200479713
9800,2.158536585365854,38.669950738916256,26.006788862254407,1.0613810238600279
9801,1.0,100.0,0.0,0.6900666586707636
9803,1.5476190476190477,78.45804988662131,21.622776601683796,0.37677016125643675
9804,1.4404761904761905,86.39455782312925,36.19315227664396,0.3583096336906662
9805,2.869047619047619,60.090702947845806,12.707855053628089,0.5629881361817596
9806,1.7976190476190477,73.24263038548753,19.077202619962232,0.7475059309625915
9807,2.119047619047619,51.47392290249433,45.39340503495448,0.8717289594976041
9808,1.0,100.0,0.0,0.6900666586707636
9809,1.0,100.0,0.0,0.6900666586707636
9810,1.6547619047619047,45.57823129251701,0.0,1.2362878327450817
9811,4.273809523809524,36.734693877551024,12.869162166096661,1.004293394029708
9812,2.892857142857143,38.35616438356164,36.118170950663576,1.2674771719774727
9813,2.1666666666666665,45.57823129251701,23.91585123167977,0.5548077156409141
9814,1.5365853658536586,51.243781094527364,32.426406871192846,0.6929783929479783
9815,1.75,56.91609977324263,20.903081203911594,0.8244598574218578
9816,2.4285714285714284,47.50593824228029,27.33840333771479,1.0930305167365386
9817,1.0,100.0,0.0,0.6900666586707636
9818,1.9878048780487805,59.45945945945946,30.0,0.8766612989241384
9819,1.4523809523809523,77.55102040816327,40.0,0.4764105187520543
9820,1.5833333333333333,88.20861678004535,0.0,0.3709379907515273
9821,1.9047619047619047,69.61451247165533,77.88517866652649,0.7630955228493645
9822,1.5952380952380953,70.97505668934241,26.055512754639892,0.4543728728998414
9823,1.2738095238095237,52.60770975056689,0.0,0.6917115444317026
9824,1.9404761904761905,64.39909297052154,67.89972181588644,0.8428191961808
9825,2.1666666666666665,47.84580498866213,42.20095693779904,1.1683647312719674
9826,1.0,100.0,0.0,0.6900666586707636
9827,1.7261904761904763,65.53287981859411,60.0,0.9273056510446781
9828,1.0,100.0,0.0,0.6900666586707636
9829,2.0952380952380953,43.99092970521542,34.02530372498415,0.6590408553887066
9830,3.0,44.44444444444444,26.7132715869682,1.1215675884689553
9831,3.7794117647058822,33.92857142857143,10.008975968726228,1.128443710226068
9832,1.4642857142857142,85.94104308390023,42.25806451612903,0.3756102595012569
9833,1.9404761904761905,56.235827664399096,94.13793103448276,0.9708689673124673
9834,1.0,100.0,0.0,0.6900666586707636
9835,2.4404761904761907,45.57823129251701,14.249302621313095,0.6736295372525263
9837,1.5,57.142857142857146,20.0,0.3198197673223754
9838,2.4047619047619047,40.91954022988506,26.947945569757326,0.6246435805602666
9839,3.4642857142857144,34.92063492063492,10.215322810159444,0.6616873660942338
9840,1.2738095238095237,89.56916099773242,0.0,0.3131500868738515
9841,2.9047619047619047,60.090702947845806,14.996080604726194,0.9432095739454092
9842,2.2738095238095237,41.49659863945578,25.10511449304233,0.8900461276073379
9843,1.8928571428571428,42.40362811791383,15.373563218390805,0.5234205359555119
9844,2.5625,57.326478149100254,21.67453470780688,0.9367772591465291
9845,1.4523809523809523,86.39455782312925,18.284271247461902,0.3794943809698136
9846,2.3214285714285716,52.60770975056689,26.9544881022691,0.9392336799663878
9847,1.869047619047619,62.131519274376416,22.712998295485757,0.599898019262134
9848,3.1363636363636362,36.162361623616235,41.01554619178034,1.1492877757895732
9849,1.8928571428571428,37.41339491916859,0.0,1.089239879402808
9850,2.3095238095238093,39.909297052154194,20.087086464653744,0.6753514554877318
9851,1.4285714285714286,100.0,0.0,0.6900666586707636
9852,2.75,37.641723356009074,10.0,0.5061246759906288
9853,1.5595238095238095,54.166666666666664,70.0,0.9061321413412914
9854,1.75,63.718820861678005,40.0,0.8961750840588814
9855,1.9880952380952381,37.87528868360277,28.206457591216626,0.6639438642170893
9856,3.1785714285714284,52.38095238095238,13.530726184469422,0.6085503353757666
9857,1.3452380952380953,86.84807256235828,26.055512754639892,0.3590238104886269
9858,1.9285714285714286,32.6530612244898,23.332285755015533,0.7469774110342096
9859,2.1547619047619047,40.36281179138322,18.426768427215276,0.7282747139566977
9861,1.7023809523809523,64.38356164383562,54.031242374328485,0.645414558835524
9862,1.7142857142857142,66.89342403628117,46.172504890739546,0.7126222797323302
9863,1.630952380952381,49.20634920634921,0.0,0.981925670886717
9864,1.0,100.0,0.0,0.6900666586707636
9865,1.6666666666666667,67.57369614512471,134.03133529695978,0.7011714588994455
9866,2.142857142857143,39.909297052154194,31.443155553983573,1.0824794023004132
9867,1.7738095238095237,46.97674418604651,0.0,1.1220641888194995
9868,2.1219512195121952,57.31707317073171,26.055512754639892,0.7693742107525223
9869,1.7380952380952381,45.57823129251701,80.6768807108169,1.0347219708379547
9870,1.4285714285714286,73.92290249433107,0.0,0.7008386430235336
9871,1.0,100.0,0.0,0.6900666586707636
9872,1.9404761904761905,33.333333333333336,18.284271247461902,0.9607936128742978
9873,2.5125,39.54659949622166,12.729831631911534,0.8324682045384745
9874,1.7023809523809523,55.32879818594105,20.0,0.4553194653360305
9875,2.22972972972973,43.78698224852071,0.0,1.1309944325379249
9876,1.9404761904761905,90.24943310657596,15.186127073299307,0.2910972010008829
9877,2.5833333333333335,37.188208616780045,19.931972789115648,0.4457391740388933
9878,2.4285714285714284,37.188208616780045,36.48358333727694,1.181207066844026
9879,1.4166666666666667,86.62131519274377,18.284271247461902,0.24649805496493607
9880,2.738095238095238,43.53741496598639,12.950079597721988,0.5346321185173757
9881,1.6904761904761905,80.27210884353741,17.345011468838106,0.3480061226022792
9882,2.2261904761904763,48.03695150115473,50.0,1.0175806236664684
9883,2.0357142857142856,45.57823129251701,18.284271247461906,0.4683107728127525
9884,1.8095238095238095,74.37641723356009,38.70847736835666,0.5810479952472356
9885,1.0,100.0,0.0,0.6900666586707636
9886,1.6904761904761905,68.25396825396825,18.284271247461902,0.42476854334255676
9887,1.4523809523809523,58.73015873015873,0.0,0.6744332096403476
9888,2.3095238095238093,75.28344671201815,11.328955975800012,0.7495986684245809
9889,2.0476190476190474,40.58956916099773,17.84366007102366,1.0484616423273538
9890,1.3214285714285714,93.65079365079364,18.58735899750034,0.16375984434440055
9891,1.5833333333333333,78.0185758513932,0.0,0.5247904089817199
9892,1.1666666666666667,94.5578231292517,0.0,0.2062037194721834
9893,1.619047619047619,82.08616780045351,25.888331030841655,0.49201930760801504
9894,3.3214285714285716,64.36781609195403,32.57643220542857,0.6947459923440109
9895,2.0,68.25396825396825,21.94880464787008,0.5072595595816
9896,1.853658536585366,58.56079404466501,10.0,0.6900666586707636
9897,1.8571428571428572,43.08390022675737,46.91035129276734,0.6868727086724566
9898,1.2738095238095237,83.90022675736961,0.0,0.4318901318012787
9899,2.392857142857143,48.97959183673469,11.422022761741738,0.8856246545822337
9900,1.0,100.0,0.0,0.6900666586707636
9901,2.217948717948718,31.693989071038253,24.99256195363806,0.5907627620161421
9902,2.7857142857142856,47.39229024943311,10.0,0.5603696143934949
9903,1.6547619047619047,61.904761904761905,31.231056256176608,0.5012264923619153
9904,2.231707317073171,45.91346153846154,45.372859435158084,1.2014899700016146
9905,1.4523809523809523,82.08616780045351,21.6227766016838,0.46556748968912554
9906,1.9166666666666667,53.758542141230066,40.0,0.7346936680455003
9908,2.1547619047619047,47.93577981651376,30.24177719712954,0.9593859480970369
9910,2.0595238095238093,28.571428571428573,24.795880960463222,0.7648106181053447
9911,1.8214285714285714,75.73696145124717,22.02460846505522,0.6985392069851717
9912,1.0476190476190477,99.31972789115646,0.0,0.03021296566677581
9913,2.0476190476190474,53.51473922902494,67.15443030159571,1.2253065738264808
9914,2.1547619047619047,52.83446712018141,18.980521985481992,0.6789552777445327
9915,1.9285714285714286,66.89342403628117,30.0,0.8259899692898418
9916,2.0476190476190474,26.077097505668934,16.689342403628117,0.394896686264308
9917,1.6785714285714286,65.3061224489796,34.21147274220954,0.6377447627526958
9918,3.2142857142857144,82.53968253968254,28.09807849527805,0.46556748968912554
9919,1.8928571428571428,67.57369614512471,97.53864587868911,0.9303866586215225
9920,1.0,100.0,0.0,0.6900666586707636
9921,3.0357142857142856,70.29478458049887,14.564175651644165,0.6171008351493793
9922,2.7023809523809526,42.517814726840854,20.06063834428132,0.7593655076161372
9923,1.6428571428571428,60.770975056689345,18.284271247461902,0.39267446722755217
9924,1.4047619047619047,68.93424036281179,40.0,0.6158236972416349
9925,1.0,100.0,0.0,0.6900666586707636
9926,1.0,100.0,0.0,0.6900666586707636
9927,1.6904761904761905,41.723356009070294,50.0,0.6429124396658009
9928,2.25,49.20273348519362,105.14409164027093,1.242162038385585
9929,1.5952380952380953,73.24263038548753,20.0,0.39267446722755217
9930,1.3333333333333333,76.19047619047619,0.0,0.5432727813369008
9931,1.875,60.0,193.9607805437114,1.0658072689182339
9932,2.107142857142857,34.240362811791385,20.83803035839363,1.2730909921543754
9933,2.1625,52.83505154639175,23.28655814391818,0.8912384786645793
9934,1.869047619047619,58.73015873015873,18.95346881172206,0.6900666586707636
9935,2.3292682926829267,42.344497607655505,30.628258194685614,1.218306353784265
9936,1.5,52.38095238095238,70.0,0.6421347837839517
9937,1.9285714285714286,67.12018140589569,35.775862068965516,0.7927306199129607
9938,1.5952380952380953,63.945578231292515,0.0,0.8261619091720179
9939,2.6666666666666665,26.303854875283445,27.365166753002192,0.7208857743910719
9940,1.5476190476190477,72.33560090702947,40.0,0.5020483516825999
9941,2.7439024390243905,43.890274314214466,28.02985736603099,0.8612448748031327
9942,2.4761904761904763,34.03755868544601,17.708333333333332,1.2339380424004451
9943,1.5714285714285714,79.81859410430839,44.778785306694374,0.5604302942976542
9944,1.630952380952381,71.88208616780045,26.099249741976823,0.5030404575771884
9945,2.369047619047619,23.356009070294785,23.953848162029747,1.0560471136399683
9946,1.5119047619047619,50.56689342403628,92.95630140987001,0.690332037890638
9947,2.2738095238095237,66.27906976744185,32.40974777477573,0.7815387641664184
9948,2.1666666666666665,34.69387755102041,57.93547410756475,1.0287323152623533
9949,3.3333333333333335,47.84580498866213,10.0,0.7789138111536641
9950,1.8214285714285714,38.095238095238095,30.0,0.7705970166718854
9951,1.95,43.08093994778068,51.55129909031436,1.1143959160270498
9952,1.9642857142857142,37.868480725623584,19.44797882807639,0.5156865315218879
9953,1.869047619047619,58.73015873015873,18.95346881172206,0.6900666586707636
9954,1.7023809523809523,62.131519274376416,30.0,0.696880146202536
9955,1.7142857142857142,57.142857142857146,30.20943464801587,0.471032259590378
9956,2.5,37.1875,62.466678105978936,1.15105259123421
9957,2.097560975609756,53.73134328358209,75.69933972134807,1.1746129908164402
9958,1.6428571428571428,62.585034013605444,40.0,0.6015108829955298
9959,1.75,47.294117647058826,17.40963855421687,0.5296200493129509
9960,2.1,55.18987341772152,16.311112365279243,0.9384170431862436
9961,2.2261904761904763,42.63038548752834,13.186198988145007,0.5719332506100465
9962,1.5357142857142858,55.55555555555556,79.44271909999159,0.676901846653597
9964,1.7619047619047619,48.29931972789116,20.038522886686856,0.5474857704012599
9965,1.0,100.0,0.0,0.6900666586707636
9966,1.0,100.0,0.0,0.6900666586707636
9967,2.7738095238095237,29.705215419501133,14.819277089712573,0.9320424685903004
9968,2.2023809523809526,59.863945578231295,44.79153105322314,0.88502505947187
9969,2.111111111111111,75.9493670886076,0.0,0.5331638407372986
9970,1.869047619047619,43.764172335600904,21.60443660802523,0.6052140133468746
9971,1.6785714285714286,66.51480637813212,31.231056256176604,0.4852105599302301
9972,1.4743589743589745,80.70652173913044,34.30717116754209,0.4478454204293628
9973,2.369047619047619,34.240362811791385,19.952900397563425,1.0848767495313978
9974,2.4285714285714284,73.92290249433107,13.756000233714042,0.4328966327294673
9975,1.0,100.0,0.0,0.6900666586707636
9976,1.9166666666666667,60.317460317460316,40.69226092635881,0.8816288395738254
9977,1.869047619047619,58.73015873015873,18.95346881172206,0.6900666586707636
9978,2.1666666666666665,33.333333333333336,31.695458701612587,1.2489075242255088
9979,2.0238095238095237,62.585034013605444,28.950626829571313,0.9391803070614391
9980,2.0,45.88235294117647,18.284271247461902,0.9150492406471877
9981,2.9761904761904763,40.136054421768705,15.163868342240194,0.9566615080372958
9982,2.2976190476190474,62.131519274376416,26.168866351252998,0.7535695451749853
9983,3.011904761904762,38.74709976798144,32.280986990328834,1.1695114303231917
9984,2.4166666666666665,45.80498866213152,82.57250242290988,1.091210166091299
9985,2.2261904761904763,40.136054421768705,106.61903789690601,1.2285628905823687
9986,3.3333333333333335,54.64852607709751,21.999537135067886,1.0029040554359845
9987,2.5,53.00261096605744,72.46211251235322,0.8154609392838026
9988,1.8095238095238095,43.05555555555556,39.537717694762684,0.7452453552211756
9989,1.0975609756097562,98.51485148514851,0.0,0.06389365270642068
9990,1.5357142857142858,64.62585034013605,0.0,0.8414583173285399
9991,3.392857142857143,39.229024943310655,10.608868436906853,0.6813082947114375
9992,2.7738095238095237,37.149532710280376,30.622620517710313,1.1611184273968556
9993,2.642857142857143,61.904761904761905,32.258627425051614,1.0703955093623523
9994,1.0476190476190477,99.31972789115646,0.0,0.03021296566677581
9995,3.3142857142857145,58.9041095890411,17.10435555982734,0.619943160067228
9996,1.8571428571428572,39.229024943310655,27.71756121863416,0.5700471705012848
9997,1.8928571428571428,60.770975056689345,35.569989146984774,0.8579896788706174
9998,1.8157894736842106,58.26330532212885,0.0,0.6771674021909464
9999,1.6904761904761905,73.92290249433107,12.360679774997898,0.4901539618394458
10000,1.2619047619047619,85.4875283446712,0.0,0.3971067324566754
10001,2.3214285714285716,34.403669724770644,16.253325599759954,0.5025765172784865
10002,3.619047619047619,31.292517006802722,25.20960610522177,1.290544954005924
10003,2.6547619047619047,81.40589569160997,16.71917147658227,0.4237402004999783
10004,2.6547619047619047,53.96825396825397,21.30407837143693,0.7595585028591403
10005,1.9761904761904763,48.75283446712018,31.23105625617661,1.2340477311002598
10006,1.0,100.0,0.0,0.6900666586707636
10008,2.107142857142857,72.78911564625851,21.282993908485665,0.5364281352185334
10009,3.238095238095238,37.414965986394556,10.0,0.6422596137398233
10010,2.0595238095238093,41.723356009070294,20.24684308508755,0.7803079773589521
10011,2.5476190476190474,25.62358276643991,10.0,1.0040512402653203
10012,2.3658536585365852,43.583535108958834,10.030395136778116,0.48209739125047724
10013,1.0,100.0,0.0,0.6900666586707636
10014,1.0,100.0,0.0,0.6900666586707636
10015,2.1666666666666665,34.69387755102041,19.14079740248093,1.117106878175677
10016,1.3571428571428572,83.21995464852608,110.0,0.430880930784583
10017,2.6,44.61538461538461,18.051271357348813,0.9389011603594959
10018,1.6547619047619047,58.276643990929706,79.4427190999916,0.9623947731129282
10019,1.25,88.66213151927438,0.0,0.33923586196437505
10020,1.869047619047619,58.73015873015873,18.95346881172206,0.6900666586707636
10022,1.7763157894736843,51.8413597733711,20.078125,0.5837104173554726
10023,2.4047619047619047,37.414965986394556,22.818178762074265,1.1836105738192775
10024,1.9404761904761905,45.80498866213152,26.055512754639892,0.636925958945354
10025,2.013888888888889,44.336569579288025,40.0,0.8515989883480535
10026,1.4880952380952381,54.64852607709751,0.0,0.7540487813361265
10027,1.8333333333333333,64.62585034013605,18.610163859675843,0.48170358168672356
10028,2.2261904761904763,40.816326530612244,21.340122349084105,1.0362433534806819
10029,2.142857142857143,44.44444444444444,22.284893914952775,0.806082158589759
10030,2.3214285714285716,37.641723356009074,47.868337023898654,1.0773169991258806
10031,2.0714285714285716,57.4468085106383,44.70634356004888,0.6713086582827748
10032,1.5238095238095237,80.72562358276645,17.61904761904762,0.5847165892804024
10033,1.9625,52.83505154639175,36.30478002389413,0.8736671715300242
10034,1.1625,98.44559585492227,0.0,0.05738560248476003
10035,1.75,38.07339449541284,20.0,0.8615605286641891
10036,1.5714285714285714,77.32426303854875,50.33517547202362,0.4618755735502886
10037,2.380952380952381,35.374149659863946,24.538499979502816,1.09228743145854
10038,2.7738095238095237,68.02721088435374,26.05551275463989,0.6800969673550521
10039,2.011904761904762,43.31065759637188,20.0,1.0652771941630326
10040,1.7142857142857142,80.0453514739229,26.16932750085743,0.6054514607127749
10042,3.380952380952381,37.67123287671233,18.19709692700673,0.7316174781894655
10043,1.878787878787879,71.59533073929961,14.607538664704398,0.8382551163050599
10044,2.5,24.942263279445726,30.09671850201849,1.3172336425297697
10045,1.0,100.0,0.0,0.6900666586707636
10048,2.076923076923077,68.36461126005362,13.318420580160767,0.3411502063156582
10049,1.9523809523809523,61.07226107226107,0.0,0.9228099797086075
10050,1.7142857142857142,30.839002267573697,60.05858027717575,1.0975244608072714
10051,1.1071428571428572,98.86621315192744,118.0,0.04532760025886792
10052,1.4880952380952381,64.85260770975057,0.0,0.8702367259889876
10053,1.8333333333333333,61.53846153846154,0.0,0.8077620435761019
10054,2.925,41.131105398457585,12.86370256734805,0.5714170226518072
10055,1.9404761904761905,62.585034013605444,34.691477882482,0.7801853323965966
10056,1.9871794871794872,85.6763925729443,31.231056256176608,0.1351281571050938
10057,1.8095238095238095,58.276643990929706,18.284271247461902,0.3721109843002241
10058,3.5714285714285716,28.798185941043084,32.83957813916267,1.1981770307215855
10059,1.7261904761904763,44.44444444444444,31.231056256176608,0.5214601698041629
10060,1.9404761904761905,43.764172335600904,18.284271247461902,0.496248763305596
10061,2.1785714285714284,48.29931972789116,10.0,0.5621971455585222
10063,1.6547619047619047,54.64852607709751,54.93217108960339,0.6612584192685826
10064,1.2619047619047619,92.29024943310658,0.0,0.24493002679463532
10065,1.5,71.42857142857143,20.0,0.3198197673223754
10066,2.738095238095238,41.950113378684804,31.568460948763025,1.1364547026024039
10067,1.9404761904761905,48.07256235827664,80.55385138137417,1.2684163678673945
10068,1.380952380952381,82.08616780045351,0.0,0.512869731627278
10069,1.975609756097561,70.34313725490196,10.500778025469975,0.5555737840604437
10070,1.146341463414634,100.0,0.0,0.6900666586707636
10071,1.2142857142857142,95.52941176470588,0.0,0.17449410090898768
10072,2.3333333333333335,31.926121372031663,50.75814354316479,1.33372322061308
10073,1.5476190476190477,61.904761904761905,30.0,0.48691270946460224
10074,2.0,43.53741496598639,18.48296776327043,0.5053137913757645
10075,2.024390243902439,53.026634382566584,10.360809486842756,0.4166417293592084
10077,1.2976190476190477,79.81859410430839,60.0,0.496248763305596
10078,1.6428571428571428,80.72562358276645,38.99145532415948,0.481106080567172
10079,1.6547619047619047,52.38095238095238,96.3014581273465,0.691002080543027
10080,2.369047619047619,36.281179138321995,20.720445410393648,1.0296832470021942
10081,1.9047619047619047,48.97959183673469,26.05551275463989,0.6024499031578265
10083,1.4285714285714286,49.43310657596372,80.0,0.8012375245912362
10084,1.7976190476190477,44.21768707482993,43.85164807134504,0.7406148469313647
10085,1.8928571428571428,41.950113378684804,50.0,1.130670106922974
10086,1.25,61.904761904761905,0.0,0.6630646759129466
10087,1.7976190476190477,54.87528344671202,0.0,1.0901282216952646
10088,2.5238095238095237,76.08200455580865,10.0,0.561098132456883
10089,2.0606060606060606,54.92424242424242,21.622776601683793,0.8431301370514014
10090,2.238095238095238,36.281179138321995,60.5888776658216,1.2925880853286906
10091,1.0,100.0,0.0,0.6900666586707636
10092,2.0,44.126074498567334,30.0,0.4572884208657786
10093,1.7023809523809523,43.764172335600904,30.0,1.010369036535065
10094,1.8333333333333333,35.374149659863946,30.71090047393365,1.0276068322300373
10095,2.511904761904762,28.117913832199548,33.25871038283007,1.4698770152760015
10096,2.1621621621621623,60.70381231671554,38.69710151426078,0.435494791909339
10097,1.8846153846153846,64.42048517520216,43.647184246396506,0.8428217351861774
10098,2.027027027027027,36.22754491017964,11.466666666666667,0.6354082612253751
10099,1.119047619047619,96.59863945578232,0.0,0.1339135490837782
10100,1.8095238095238095,53.28798185941043,10.0,0.4581441790615257
10101,1.6904761904761905,42.857142857142854,40.05813953488372,0.5793729804120625
10102,1.0952380952380953,97.95918367346938,0.0,0.08476607571480994
10103,1.119047619047619,98.18181818181819,244.55844122715712,0.06991866040407016
10104,2.0535714285714284,76.06382978723404,113.1363185890335,0.4842301936266157
10105,2.2142857142857144,52.38095238095238,10.0,0.42063851661235563
10106,1.9285714285714286,53.06122448979592,0.0,1.1910280296552442
10107,3.792682926829268,30.93525179856115,24.61533089539354,1.2031809442711503
10108,2.1547619047619047,40.816326530612244,27.9821621205029,1.2474018539432228
10109,1.7619047619047619,78.00453514739229,60.0,0.74904361006865
10110,1.869047619047619,58.73015873015873,18.95346881172206,0.6900666586707636
10111,1.2738095238095237,88.49765258215963,0.0,0.3417239468567157
10112,1.6785714285714286,55.32879818594105,21.622776601683796,0.4646481885217453
10113,2.130952380952381,43.764172335600904,72.46211251235322,1.2751364391593187
10114,1.7738095238095237,67.12018140589569,26.055512754639892,0.8755854580286551
10115,1.9404761904761905,79.81859410430839,17.199145357701756,0.30226230381123925
10116,1.8214285714285714,55.55555555555556,107.04699910719626,1.1606233977800966
10117,1.631578947368421,82.02247191011236,31.231056256176604,0.6900666586707636
10118,1.5,58.73015873015873,0.0,0.7109355933905499
10119,2.488095238095238,34.69387755102041,40.0,0.6492695754292059
10120,1.0,100.0,0.0,0.6900666586707636
10121,2.2857142857142856,37.641723356009074,29.016407482611992,1.1206606941990538
10122,3.0357142857142856,40.36281179138322,36.76415281119516,1.1793055713305398
10123,3.7023809523809526,50.79365079365079,16.260897919487366,1.0249845559978767
10124,1.6904761904761905,66.43990929705215,10.0,0.2810892768717612
10125,1.8452380952380953,42.17687074829932,26.055512754639892,0.5218905366627559
10126,2.375,43.66925064599483,150.0,1.1875872060550823
10127,1.8095238095238095,42.40362811791383,22.480314960629922,0.6842317651303003
10129,3.9838709677419355,65.53191489361703,32.426406871192846,0.9765762172575052
10130,1.0,100.0,0.0,0.6900666586707636
10131,1.9642857142857142,55.21327014218009,30.0,0.5324511986080367
10132,1.6904761904761905,78.45804988662131,64.79033685385846,0.6415029630095412
10133,1.7560975609756098,98.55072463768116,0.0,0.06437341627073791
10134,2.3902439024390243,39.119804400978,12.360679774997898,0.3728911495175229
10135,2.0,26.303854875283445,20.0,0.5823092778874998
10136,1.4615384615384615,100.0,0.0,0.6900666586707636
10137,2.4714285714285715,51.973684210526315,69.13933491768503,0.8894070348011271
10138,3.0375,42.45524296675192,22.940122856544043,0.9018323035874491
10139,2.0476190476190474,45.35147392290249,0.0,1.4662679961499459
10140,1.130952380952381,94.5578231292517,0.0,0.2002641699711772
10141,2.4285714285714284,38.321995464852606,24.20445579703378,0.6725260169022951
10142,2.0357142857142856,64.12037037037037,52.354946513971626,0.6277432624195161
10143,2.2261904761904763,71.65532879818593,11.6603966573834,0.4025791794707776
10144,1.0,100.0,0.0,0.6900666586707636
10145,1.0,100.0,0.0,0.6900666586707636
10146,1.5357142857142858,87.75981524249423,0.0,0.3732126367223161
10147,1.0,100.0,0.0,0.6900666586707636
10148,2.3,52.88220551378446,12.360679774997898,1.1097192820103408
10149,1.8571428571428572,47.84580498866213,0.0,1.1303819784860571
10150,1.9285714285714286,59.41043083900227,48.41816138158343,0.8488086510152995
10151,2.3095238095238093,32.18390804597701,19.082935467845235,1.0525481506785561
10152,1.5121951219512195,99.26470588235294,0.0,0.033011094361068624
10153,1.2738095238095237,93.42403628117914,75.51724137931035,0.2139966341004808
10154,1.5238095238095237,87.52834467120181,24.862075596203482,0.40380430485796814
10155,1.5,57.142857142857146,20.0,0.3198197673223754
10156,2.488095238095238,30.158730158730158,32.426406871192846,1.0982855189329328
10157,1.3571428571428572,85.4875283446712,40.0,0.3721109843002241
10159,1.6428571428571428,71.42857142857143,18.284271247461902,0.3971067324566754
10160,1.0714285714285714,98.63945578231292,0.0,0.05925858145533138
10161,2.1341463414634148,55.03685503685504,21.622776601683796,0.962840026705855
10162,1.8333333333333333,89.43661971830986,137.648230602334,0.3123016611107997
10163,2.0714285714285716,64.58333333333333,18.2842712474619,0.3898710630794451
10164,2.0357142857142856,24.71655328798186,94.58230986168361,1.368857769095189
10165,2.880952380952381,48.07256235827664,11.694915254237289,0.6936255800966367
10166,1.8452380952380953,39.909297052154194,26.055512754639892,0.6937856707873282
10167,2.4878048780487805,75.6563245823389,25.213807807238585,0.41213988434993143
10168,1.7142857142857142,74.77272727272727,20.0,0.7176651807864116
10169,2.1547619047619047,57.34265734265734,19.111218338898087,0.8237786971456098
10170,1.0952380952380953,97.27891156462584,0.0,0.11251593411963928
10171,1.8125,59.114583333333336,37.70111796677879,0.5194519785249824
10172,1.369047619047619,57.36961451247166,0.0,0.6816739546242518
10173,1.75,47.16553287981859,50.11494252873563,0.6229634278244358
10174,1.7380952380952381,61.904761904761905,0.0,0.9263548613160235
10175,2.2738095238095237,90.47619047619048,14.353397916062358,0.3184939644191941
10176,2.107142857142857,42.17687074829932,103.13708498984761,1.3423003660714903
10177,2.488095238095238,54.19501133786848,10.0,0.4683107728127525
10178,2.761904761904762,70.06802721088435,18.190709046454767,0.7262288195745111
10179,3.1904761904761907,22.22222222222222,20.754210506107842,1.1658449588685809
10180,1.1071428571428572,97.05215419501134,0.0,0.11908032827148854
10181,1.0,100.0,0.0,0.6900666586707636
10182,1.630952380952381,60.317460317460316,10.0,0.2337916587064593
10183,2.9404761904761907,84.80725623582767,50.545627878454866,0.42579412530396016
10184,1.6363636363636365,91.53846153846153,13.979829175434592,0.6900666586707636
10185,1.4642857142857142,80.49886621315193,20.0,0.4755200934516536
10186,1.7738095238095237,68.70748299319727,32.426406871192846,0.7500750061912566
10187,1.0,100.0,0.0,0.6900666586707636
10188,2.3095238095238093,69.38775510204081,17.264367816091955,0.4558532585500447
10189,2.75,43.07304785894207,14.702154575709736,0.828129366162149
10190,1.8452380952380953,53.28798185941043,43.85164807134503,0.9997101583671302
10191,1.7261904761904763,77.09750566893425,20.0,0.637547914817671
10192,1.6666666666666667,76.41723356009071,14.554276618252032,0.27232567720395406
10193,1.0,100.0,0.0,0.6900666586707636
10194,1.0,100.0,0.0,0.6900666586707636
10195,2.5,27.210884353741495,15.031156457861728,0.7849032392266521
10196,1.0,100.0,0.0,0.6900666586707636
10197,2.625,41.10275689223057,13.32099318899018,1.082128335595203
10198,2.6785714285714284,33.18181818181818,35.19313679287642,0.862041014194195
10199,3.182926829268293,30.295566502463053,19.496610405634605,1.0158878015294275
10200,1.6904761904761905,71.88208616780045,55.03496604482269,0.7343692461102491
10201,1.1785714285714286,92.29024943310658,0.0,0.25884273199356694
10202,1.7380952380952381,73.69614512471655,18.435374149659864,0.42476854334255676
10203,1.0,100.0,0.0,0.6900666586707636
10204,1.3636363636363635,100.0,0.0,0.6900666586707636
10205,1.8214285714285714,60.66350710900474,20.0,0.9338786288518204
10206,2.973684210526316,45.507246376811594,15.763324810524933,0.7039321388135058
10207,1.8928571428571428,59.63718820861678,21.698766364305904,0.5093464554688649
10208,2.5238095238095237,31.292517006802722,48.11921148743073,1.286677214151268
10209,3.1578947368421053,27.932960893854748,12.424076623338165,0.7626730380276967
10210,3.107142857142857,48.07256235827664,16.62374952257152,1.2000342225449216
10211,1.7380952380952381,78.2312925170068,88.82774298211255,0.6668379173313677
10212,1.8095238095238095,56.235827664399096,20.0,0.5047641276579045
10214,1.8333333333333333,74.60317460317461,20.0,0.6962990824621279
10215,1.0,100.0,0.0,0.6900666586707636
10216,2.011904761904762,41.723356009070294,31.231056256176604,1.4133386624480888
10218,1.8095238095238095,57.76255707762557,157.63054614240212,0.8605918414988207
10219,1.7023809523809523,49.65986394557823,40.0,0.5910317337779547
10220,1.5476190476190477,43.764172335600904,30.0,0.48691270946460224
10221,1.9880952380952381,69.38775510204081,137.10735747190844,0.8866842981519314
10222,2.0595238095238093,34.18013856812933,35.0781535644635,0.6907379784262679
10223,1.7142857142857142,62.131519274376416,18.284271247461902,0.37677016125643675
10224,3.261904761904762,24.355971896955502,10.0,0.8112949298796439
10226,2.630952380952381,35.82766439909297,13.437792920013688,1.1148006367578145
10227,1.3095238095238095,87.52834467120181,0.0,0.355382896246011
10228,1.75,39.63133640552996,30.0,1.0104487228969494
10229,1.8333333333333333,34.905660377358494,50.0,0.614366592086926
10230,2.2142857142857144,77.66990291262135,0.0,0.49629795412582844
10231,1.7619047619047619,73.46938775510205,45.21293884239801,0.6385800341753196
10232,2.5357142857142856,41.07981220657277,32.83870585600867,0.6828297225472216
10233,1.0,100.0,0.0,0.6900666586707636
10234,1.0,100.0,0.0,0.6900666586707636
10235,2.5238095238095237,76.19047619047619,12.6782286688197,0.6950530835132278
10236,2.4342105263157894,74.70930232558139,78.16011719170702,0.700310800008739
10237,1.3214285714285714,87.98185941043084,40.0,0.3158302038226156
10238,2.1578947368421053,58.13953488372093,0.0,1.0329224846678153
10239,1.869047619047619,58.73015873015873,18.95346881172206,0.6900666586707636
10240,1.5476190476190477,82.31292517006803,10.0,0.25731864054383163
10241,2.011904761904762,53.28798185941043,70.0894358993181,1.1555431687838646
10242,2.6666666666666665,33.333333333333336,12.17687074829932,0.638961045798629
10243,1.0,100.0,0.0,0.6900666586707636
10244,1.5119047619047619,41.723356009070294,0.0,1.0712457527536363
10245,1.7261904761904763,49.43310657596372,0.0,1.1239947939218726
10246,2.2142857142857144,28.798185941043084,20.568664811615374,1.0349457358703764
10247,1.0,100.0,0.0,0.6900666586707636
10248,2.15,43.62244897959184,13.683836464524456,1.1068014301133762
10249,3.2291666666666665,96.47887323943662,60.0,0.15407610367102942
10250,3.0238095238095237,33.333333333333336,14.142857142857142,0.6792797911104109
10251,1.7976190476190477,49.43310657596372,40.0,0.9934728882347569
10252,1.2619047619047619,95.01133786848072,0.0,0.16184273448660175
10253,2.630952380952381,32.6530612244898,47.43420847538498,1.1041874470440391
10254,1.4523809523809523,67.80045351473923,0.0,0.675067903499098
10255,1.0,100.0,0.0,0.6900666586707636
10256,2.9634146341463414,28.467153284671532,10.0,1.0075154743479118
10257,3.1785714285714284,73.01587301587301,10.045351473922903,0.5706777149639215
10258,1.8214285714285714,39.909297052154194,12.609523750078033,0.8038266615982192
10259,2.130952380952381,61.556064073226544,16.774657908218998,0.4563663808930086
10260,1.9880952380952381,34.467120181405896,40.0,0.993904615232555
10261,1.9761904761904763,57.59637188208617,39.390391642887096,0.658135656829431
10264,2.119047619047619,40.816326530612244,23.38490316646155,1.0207493647960515
10265,2.2285714285714286,42.2680412371134,26.055512754639892,0.930597601348302
10266,1.7261904761904763,37.641723356009074,31.231056256176604,0.6612584192685826
10267,3.0952380952380953,72.33560090702947,10.0,0.6802612426757624
10268,1.8452380952380953,42.40362811791383,36.3710866768039,0.6988539950903583
10269,1.5595238095238095,65.98639455782313,0.0,0.8517326341466624
10270,2.0238095238095237,40.136054421768705,30.297029702970296,0.8159305116625233
10271,1.4880952380952381,43.764172335600904,0.0,1.0553697323650644
10272,1.119047619047619,96.59863945578232,0.0,0.1339135490837782
10273,1.7142857142857142,61.45124716553288,0.0,0.9321255984431348
10274,1.7619047619047619,55.10204081632653,26.807990070416267,0.5570429300708654
10275,1.869047619047619,58.73015873015873,18.95346881172206,0.6900666586707636
10276,1.7261904761904763,56.16438356164384,20.0,0.5145280195899031
10277,2.1904761904761907,39.229024943310655,48.36375758971684,1.1950277712511423
10278,2.4166666666666665,40.801886792452834,20.278884462151396,0.6739759989849009
10279,1.0,100.0,0.0,0.6900666586707636
10280,1.3214285714285714,82.53968253968254,0.0,0.4750986914010418
10281,2.892857142857143,59.183673469387756,17.277569564228397,0.6389928710275099
10282,1.8452380952380953,45.35147392290249,85.76151427568342,1.054370084398628
10283,1.6428571428571428,69.38775510204081,18.284271247461902,0.3673991111448733
10284,1.975,50.259067357512954,20.0,0.8098989278509989
10285,1.6785714285714286,79.30232558139535,0.0,0.5351457593280563
10286,2.1547619047619047,58.891454965357966,18.661616161616163,0.6456690523644238
10289,3.630434782608696,37.98449612403101,56.32608709100409,0.806605735763024
10290,2.4761904761904763,52.38095238095238,10.0,0.49667946828127957
10291,1.7380952380952381,34.01360544217687,10.0,1.0718477345171138
10292,2.539473684210526,37.64367816091954,12.360679774997898,1.2360754736577673
10293,1.5,52.38095238095238,20.0,0.3198197673223754
10294,2.1904761904761907,41.043083900226755,20.905207579273043,0.688826898981229
10295,2.4404761904761907,49.187935034802784,39.05753396582044,0.9479863551904157
10296,1.7857142857142858,55.78231292517007,0.0,1.1429625923367706
10297,1.4285714285714286,85.71428571428571,20.016860016640873,0.3673991111448733
10298,1.869047619047619,73.46938775510205,0.0,0.5629881361817596
10299,1.8333333333333333,59.863945578231295,18.284271247461902,0.538988488265067
10300,1.8902439024390243,43.06930693069307,30.0,0.6015037491052047
10301,2.4404761904761907,51.47392290249433,51.810802535120686,1.2117495871225907
10302,1.5357142857142858,56.91609977324263,20.0,0.38252134027027596
10303,1.3095238095238095,93.42403628117914,39.6551724137931,0.2123045436603068
10304,1.8928571428571428,68.79271070615034,51.4887537231094,0.5596852144486133
10305,1.2142857142857142,94.33106575963718,0.0,0.20200572044375864
10306,3.0714285714285716,55.32879818594105,18.350479545237516,1.0790261516836108
10307,1.1428571428571428,96.3718820861678,0.0,0.1461447460085638
10308,1.2976190476190477,92.97052154195012,12.360679774997896,0.15210912422827577
10309,1.9642857142857142,50.79365079365079,26.055512754639892,0.7970251474566168
10310,1.8095238095238095,77.35849056603773,0.0,0.6418172175778261
10311,1.7073170731707317,68.57142857142857,0.0,0.794473973200973
10312,2.630952380952381,38.095238095238095,70.4881744003392,1.1682251044568774
10313,1.1071428571428572,97.24137931034483,0.0,0.11155341880073762
10314,2.511904761904762,52.60770975056689,15.034013605442176,0.45151793332600054
10316,1.6666666666666667,47.84580498866213,18.284271247461902,0.37677016125643675
10317,1.9642857142857142,34.01360544217687,20.0,0.6440671324887124
10318,2.2142857142857144,54.64852607709751,37.888835274744714,1.1237116011597121
10319,2.7023809523809526,23.58490566037736,25.409356577137146,1.2021222727901235
10320,2.371794871794872,23.404255319148938,52.076689927716764,1.2999217966030923
10321,2.75,43.08390022675737,29.463844317573052,0.704784038841191
10322,1.9404761904761905,30.839002267573697,18.284271247461902,0.9229570121173253
10323,1.1428571428571428,97.50566893424036,18.284271247461902,0.09876228509695717
10324,2.392857142857143,45.98930481283423,0.0,1.0657101785003487
10325,3.3452380952380953,56.00907029478458,30.0,1.120779641408657
10326,1.619047619047619,54.87528344671202,40.0,0.6545062590261197
10328,2.4404761904761907,37.641723356009074,36.97553041502415,0.9129021712956267
10329,1.0833333333333333,97.95918367346938,0.0,0.08718249621769805
10330,2.6052631578947367,37.43016759776536,17.017543859649123,0.8278166483378776
10331,1.2857142857142858,73.69614512471655,0.0,0.5762696051383255
10332,2.130952380952381,51.24716553287982,74.40546724592907,1.0225199510439549
10333,2.2023809523809526,37.868480725623584,36.12431330632432,1.0386464931079191
10334,2.1707317073170733,57.41626794258373,60.0,0.9491479752537508
10335,1.5238095238095237,88.66213151927438,17.58338301587111,0.2868359830561607
10336,1.5,76.88787185354691,0.0,0.5261398199464165
10337,1.8571428571428572,66.21315192743764,30.00536963979446,0.6057361802269288
10338,2.2857142857142856,56.68934240362812,14.149659863945578,0.410116318288409
10339,2.25,36.281179138321995,20.054233725965076,0.6581268712894468
10340,2.5238095238095237,38.54875283446712,33.36923310610028,1.308622190135437
10341,1.5357142857142858,73.46938775510205,20.0,0.3442693774888738
10342,2.5238095238095237,22.675736961451246,49.45832645226266,1.4579600061600688
10343,1.5142857142857142,95.56313993174061,40.0,0.6900666586707636
10344,1.8095238095238095,84.52655889145497,20.556522861313628,0.2915041252119029
10345,1.9642857142857142,43.08390022675737,34.721359549995796,1.0764127274614825
10346,1.75,54.60829493087557,30.0,0.7099946144387665
10347,1.4523809523809523,56.46258503401361,0.0,1.0067576269798855
10348,2.4166666666666665,76.19047619047619,67.6813355083963,0.6428706270458747
10349,1.7976190476190477,86.94638694638695,0.0,0.3825573489552955
10350,1.8095238095238095,56.00907029478458,64.2383493741442,0.9776226321787396
10351,1.7619047619047619,41.723356009070294,20.0,1.084844561087893
10352,2.6578947368421053,41.31054131054131,53.63995507023408,0.909390893324832
10353,3.1666666666666665,47.39229024943311,16.67866208589078,0.8643058470782361
10354,1.5595238095238095,73.46938775510205,53.100201772152666,0.6299542458154073
10355,1.619047619047619,62.585034013605444,35.915715545666,0.6565040613734728
10356,3.2,40.25974025974026,27.423945425226197,0.9583526861503784
10357,2.2738095238095237,88.20861678004535,0.0,0.3662128046180504
10359,2.0714285714285716,41.59090909090909,30.0,1.0435580742924764
10360,1.880952380952381,61.904761904761905,40.99019513592785,0.7643953684402747
10362,1.1176470588235294,100.0,0.0,0.6900666586707636
10363,2.4047619047619047,31.972789115646258,35.251517532755074,0.8118572142883027
10364,1.0,100.0,0.0,0.6900666586707636
10365,2.630952380952381,42.857142857142854,15.059442901849865,0.9577241115626116
10366,1.5952380952380953,70.97505668934241,0.0,0.7953412749885866
10367,2.130952380952381,33.78684807256236,31.660306595570457,0.9810275129685622
10368,1.869047619047619,58.73015873015873,18.95346881172206,0.6900666586707636
10369,1.2023809523809523,94.33106575963718,26.05551275463989,0.1932233650461378
10370,1.9285714285714286,41.723356009070294,17.258218712081437,0.5053137913757645
10371,1.0,100.0,0.0,0.6900666586707636
10372,3.0714285714285716,35.82766439909297,10.770975056689343,0.5488743844849944
10373,1.0,100.0,0.0,0.6900666586707636
10374,2.2435897435897436,28.571428571428573,27.021431680598685,0.6077630538524226
10375,2.0,57.142857142857146,10.0,0.9182077866332319
10376,1.0,100.0,0.0,0.6900666586707636
10377,1.630952380952381,66.43990929705215,0.0,0.8531256328526282
10378,2.75,31.065759637188208,14.218362282878411,0.8261457084557855
10379,1.119047619047619,97.73242630385488,18.284271247461902,0.08957802666754391
10380,1.8928571428571428,35.374149659863946,24.912280701754387,0.6541679283402482
10381,2.5595238095238093,39.682539682539684,28.42550985493688,1.0770570244301225
10383,1.6071428571428572,63.718820861678005,26.055512754639896,0.4359000187391009
10384,1.0,100.0,0.0,0.6900666586707636
10385,2.3452380952380953,24.263038548752835,24.740484429065745,1.281111305279413
10387,2.7023809523809526,68.48072562358277,14.71655328798186,0.5028680063956953
10388,1.7023809523809523,66.97247706422019,18.370799338819225,0.49956617154353417
10389,1.9285714285714286,59.183673469387756,19.848794031185935,0.5811158380314033
10390,2.090909090909091,62.546816479400746,26.055512754639892,0.5009868018041672
10391,1.4404761904761905,81.63265306122449,124.1640786499874,0.46280223702904744
10392,1.9642857142857142,46.93877551020408,21.805046803262503,1.0023181551387332
10393,2.225806451612903,58.05084745762712,0.0,1.0365007435629887
10394,2.74,95.42483660130719,0.0,0.19114923566740566
10395,1.6904761904761905,60.090702947845806,12.360679774997898,0.7169461987122079
10396,1.4880952380952381,77.55102040816327,0.0,0.6242331656255475
10397,2.107142857142857,46.910755148741416,34.469073161828085,1.2496561255149403
10398,1.15625,100.0,0.0,0.6900666586707636
10399,2.1666666666666665,49.88662131519274,11.727272727272727,0.6309633053312284
10400,1.0,100.0,0.0,0.6900666586707636
10402,1.1071428571428572,97.27891156462584,0.0,0.11029778985093835
10403,1.5119047619047619,59.63718820861678,117.27922061357856,0.6697491190739262
10404,1.130952380952381,97.50566893424036,18.284271247461902,0.09664590446220497
10405,1.9047619047619047,61.224489795918366,18.284271247461902,0.840661015301209
10406,1.8333333333333333,49.65986394557823,10.0,0.3578136464324508
10407,2.2023809523809526,36.961451247165535,23.08317446952277,0.6759687071628524
10408,1.829268292682927,73.90243902439025,91.69691044327988,0.6434019687507624
10409,1.7619047619047619,59.863945578231295,32.42640687119284,0.8916308665481485
10410,2.3095238095238093,30.839002267573697,10.0,1.4060099671207014
10411,1.6666666666666667,98.18181818181819,0.0,-0.0
10412,1.0,100.0,0.0,0.6900666586707636
10413,3.0595238095238093,33.78684807256236,19.232973438718112,0.599898019262134
10414,1.7857142857142858,69.38775510204081,138.66068747318505,0.7962892353770719
10415,1.9047619047619047,38.095238095238095,26.055512754639892,0.8103591125361076
10416,1.8333333333333333,65.53287981859411,20.0,0.46922034844159877
10417,1.9285714285714286,70.29478458049887,10.0,0.4980121564269182
10418,1.1547619047619047,97.05215419501134,150.0,0.13145299729632948
10419,1.9642857142857142,48.29931972789116,43.82755843695886,0.8408364623964962
10420,1.0,100.0,0.0,0.6900666586707636
10421,2.238095238095238,39.62264150943396,31.231056256176604,1.1646806905365252
10422,1.3452380952380953,74.14965986394557,0.0,0.5668665693417115
10423,1.6904761904761905,91.83673469387755,16.577149703120174,0.2542543903906543
10424,1.75,73.92290249433107,21.417461800497524,0.583669289966913
10425,3.6794871794871793,29.155313351498638,45.923357713687054,1.289017642513698
10426,1.0,100.0,0.0,0.6900666586707636
10427,2.369047619047619,39.909297052154194,10.0,0.9966106501139249
10428,1.8214285714285714,44.44444444444444,51.55693467040764,1.0436111627757572
10429,2.475609756097561,41.895261845386536,32.20431507161841,1.2692089176602461
10430,1.9404761904761905,39.682539682539684,20.0,0.6241061701071612
10431,2.0357142857142856,40.58956916099773,53.16327383317314,1.2513124709307277
10432,1.3333333333333333,87.3015873015873,0.0,0.37908025971958126
10433,2.369047619047619,56.77570093457944,60.710678118654755,0.6846234959707165
10434,2.5595238095238093,37.868480725623584,16.88953488372093,0.9459278639612759
10435,1.0,100.0,0.0,0.6900666586707636
10436,3.3095238095238093,49.65986394557823,18.780555288512893,0.7584832118681648
10437,1.8452380952380953,61.45124716553288,40.95792910965387,0.8593567037783101
10438,2.9404761904761907,42.40362811791383,17.836230291971987,1.090062576660574
10439,3.5238095238095237,65.1270207852194,14.984548542606127,0.5666738574845916
10440,1.7682926829268293,63.57142857142857,50.0,1.0473591424121078
10442,1.8928571428571428,72.78911564625851,11.136363636363637,0.7790840877913667
10443,2.0595238095238093,65.75963718820861,13.628117913832199,0.45342375816217845
10444,2.3076923076923075,40.8,25.528648923644777,0.6902802241495181
10445,3.2738095238095237,33.78684807256236,10.0,0.5946314235870965
10446,2.1219512195121952,51.43540669856459,23.650468719291798,0.59961894688121
10447,2.5714285714285716,38.54875283446712,12.360679774997898,0.6365569888094048
10448,1.9523809523809523,37.868480725623584,22.087134220227945,0.6215548701255431
10449,2.4404761904761907,82.76643990929705,16.275998650828857,0.41751165738249474
10450,2.7738095238095237,31.292517006802722,16.52853719998112,0.9054049123474345
10451,2.7976190476190474,34.467120181405896,26.3978396747593,0.6318789236615519
10452,2.5476190476190474,61.224489795918366,15.840831101503372,0.8455303846374418
10453,2.4404761904761907,26.303854875283445,21.41053140737279,1.1734320497744506
10454,1.9761904761904763,48.29931972789116,28.669678642619832,0.9516565856834087
10455,2.0714285714285716,56.00907029478458,16.651375064436632,0.6316144315032401
10456,1.0,100.0,0.0,0.6900666586707636
10457,1.2926829268292683,80.1980198019802,0.0,0.4963950286700143
10458,2.988095238095238,40.58956916099773,20.754902185204806,1.0237110762219452
10459,2.25,42.17687074829932,21.097011362843368,1.0636615594482552
10460,1.8452380952380953,49.65986394557823,0.0,1.185798528077365
10461,2.4642857142857144,41.723356009070294,20.317594315386376,0.8152476069623293
10462,1.0476190476190477,99.31972789115646,0.0,0.03021296566677581
10463,1.619047619047619,71.20181405895691,0.0,0.635936268201784
10464,2.261904761904762,58.50340136054422,10.0,0.4834492229474761
10465,2.0833333333333335,76.2589928057554,0.0,0.4841814508214878
10467,2.0714285714285716,41.723356009070294,31.45131285778081,0.6803687346484605
10468,1.880952380952381,49.88662131519274,26.644078774736258,0.6128682007482669
10469,3.0476190476190474,67.12018140589569,28.8294469845603,0.8670863650043079
10470,1.369047619047619,82.99319727891157,43.85164807134504,0.4133029128572379
10471,2.2976190476190474,24.94331065759637,60.0,1.5154461849470167
10472,2.2125,37.696335078534034,20.711111111111112,1.1874748816684209
10473,1.369047619047619,75.51020408163265,0.0,0.5481810556897022
10474,3.8214285714285716,24.94331065759637,18.87964981347717,1.5249160249347944
10475,2.0256410256410255,35.294117647058826,75.44003745317531,0.6162320369969374
10476,3.011904761904762,36.961451247165535,20.382139319841357,1.255833547983605
10477,3.119047619047619,39.002267573696145,11.67642476775213,0.7856484213064525
10478,1.131578947368421,99.71988795518207,0.0,0.011174871910056557
10479,1.2125,95.8974358974359,0.0,0.15022839379838485
10480,2.1375,31.524547803617573,30.309278350515463,1.3647128432442877
10481,1.0,100.0,0.0,0.6900666586707636
10482,2.2738095238095237,36.281179138321995,47.24259435255926,1.332698359017429
10483,1.619047619047619,42.40362811791383,66.15773105863909,0.675801760368683
10484,2.1785714285714284,60.229885057471265,13.346565408555868,0.5424294432155887
10486,1.7142857142857142,52.51141552511415,43.851648071345046,0.636792177831916
10487,1.880952380952381,68.02721088435374,45.40284360189573,0.7344394392567047
10488,2.857142857142857,43.99092970521542,15.615488507139615,1.0998652148026786
10490,1.7023809523809523,39.002267573696145,40.0,0.5603648200051794
10491,1.7023809523809523,82.31292517006803,10.0,0.42762522661672425
10492,1.9166666666666667,51.02040816326531,44.420803782505914,0.822959880977815
10493,1.0595238095238095,99.09297052154194,0.0,0.03945184585421838
10494,1.8333333333333333,36.507936507936506,36.551051648416795,0.5949657929379321
10495,1.0,100.0,0.0,0.6900666586707636
10496,2.2857142857142856,29.86111111111111,40.35398230088496,1.369400224657178
10497,1.4166666666666667,89.56916099773242,12.404450155336303,0.2708479067726216
10498,2.3536585365853657,30.382775119617225,32.20716817334337,1.3029352799741039
10499,1.7857142857142858,65.3061224489796,142.1561441287248,1.0636868613097348
10500,2.0,58.50340136054422,10.0,0.4618755735502886
10501,3.7375,23.929471032745592,52.514828537780915,1.3052122433036204
10502,1.4880952380952381,67.57369614512471,50.0,0.5817134600328018
10503,2.2261904761904763,43.99092970521542,47.82529391132567,1.2596793715300285
10504,1.4166666666666667,84.12698412698413,0.0,0.4457391740388933
10505,1.5595238095238095,62.585034013605444,0.0,0.9116469557781481
10506,2.5,38.095238095238095,40.44149172055131,0.6569294544845494
10507,1.2857142857142858,89.79591836734694,0.0,0.3765096336648018
10508,1.0,100.0,0.0,0.6900666586707636
10509,1.630952380952381,59.863945578231295,50.0,0.6541679283402482
10510,1.0,100.0,0.0,0.6900666586707636
10511,2.4047619047619047,39.229024943310655,34.721359549995796,1.3231115629235584
10512,1.880952380952381,45.995423340961096,68.20313282665273,1.0574309893023437
10513,1.7142857142857142,65.07936507936508,18.284271247461902,0.3971067324566754
10514,1.3333333333333333,86.84807256235828,170.0,0.4031450056207311
10515,3.357142857142857,47.61904761904762,12.360679774997898,0.6261008776030568
10516,1.3095238095238095,55.32879818594105,84.8683298050514,0.6868727086724566
10517,2.0833333333333335,58.956916099773245,18.523566370916875,0.5616802634097218
10518,1.5595238095238095,71.20181405895691,18.284271247461902,0.33923586196437505
10519,1.9047619047619047,62.131519274376416,70.80782784655266,1.0495620373524939
10520,1.4523809523809523,80.49886621315193,0.0,0.5385890796497085
10521,2.107142857142857,59.63718820861678,52.054794520547944,0.8330339789048317
10522,1.369047619047619,72.78911564625851,40.99019513592785,0.5681443969126467
10523,3.25,56.91609977324263,22.130326567349517,0.545388141621043
10524,1.8928571428571428,60.090702947845806,77.5345257804497,0.9914001128086518
10525,1.7380952380952381,47.84580498866213,33.060405064411874,0.5164694275727277
10526,1.4146341463414633,59.85401459854015,150.0,0.7558446937069405
10527,1.9047619047619047,53.96825396825397,78.0038974216248,1.0396392139883268
10528,1.2976190476190477,76.64399092970521,0.0,0.5353632190768391
10529,1.0,100.0,0.0,0.6900666586707636
10530,2.1875,45.31645569620253,38.27448706375266,1.061760108690709
10531,1.0,100.0,0.0,0.6900666586707636
10532,2.8214285714285716,31.292517006802722,40.793660911736325,1.2459665430887485
10533,1.6547619047619047,65.53287981859411,30.0,0.8007784245794618
10534,2.0714285714285716,38.54875283446712,14.584077608127716,0.567506416214338
10535,2.25,26.077097505668934,29.400977251976656,1.2432041664217899
10536,1.0,100.0,0.0,0.6900666586707636
10537,1.0,100.0,0.0,0.6900666586707636
10538,1.75,65.98639455782313,72.93333333333334,0.8461508605134491
10539,1.1666666666666667,93.42403628117914,0.0,0.22892839848457908
10540,1.0,100.0,0.0,0.6900666586707636
10541,1.0,100.0,0.0,0.6900666586707636
10542,2.3333333333333335,62.358276643990926,11.012269938650308,0.5774920757843843
10543,2.4761904761904763,65.66125290023201,22.399238097533015,0.44855024294324847
10544,1.5595238095238095,71.20181405895691,12.360679774997898,0.6549881073833688
10545,1.619047619047619,46.93877551020408,20.0,0.394896686264308
10546,1.875,62.732919254658384,0.0,1.1335819073727162
10547,2.5365853658536586,26.470588235294116,18.93001980568099,1.1623818311781453
10548,1.0,100.0,0.0,0.6900666586707636
10549,1.0,100.0,0.0,0.6900666586707636
10550,1.7894736842105263,52.87356321839081,30.0,0.6539817403766754
10552,1.5357142857142858,65.98639455782313,0.0,0.7417617417053887
10553,1.380952380952381,67.80045351473923,0.0,0.6270487968058396
10554,1.588235294117647,92.55319148936171,0.0,0.22371807606583377
10555,2.5365853658536586,31.951219512195124,12.360679774997898,0.5449500729937105
10556,1.8095238095238095,31.746031746031747,24.011461318051577,0.5133250699575179
10557,1.869047619047619,58.73015873015873,18.95346881172206,0.6900666586707636
10558,1.75,48.75283446712018,0.0,1.150234787347744
10560,1.7023809523809523,44.44444444444444,32.426406871192846,0.5898918635494957
10561,2.0833333333333335,31.972789115646258,62.6088235320582,1.12669276355821
10562,2.2261904761904763,66.0377358490566,30.298970805071466,0.6483739993259705
10563,1.4761904761904763,66.21315192743764,43.85164807134504,0.5938505566722734
10564,2.392857142857143,41.26984126984127,25.871448194954223,0.9844513859137566
10565,2.3214285714285716,35.05882352941177,40.0,0.9678344957381733
10566,2.6153846153846154,65.39509536784742,40.889265270631945,0.7515440474406776
10567,1.5119047619047619,68.48072562358277,0.0,0.6256973977568208
10568,1.0833333333333333,98.41269841269842,0.0,0.06719688036269783
10569,2.4642857142857144,29.478458049886623,32.01483107401156,0.9669146470991177
10570,1.4642857142857142,81.32387706855792,31.231056256176604,0.4070801755930716
10571,1.0714285714285714,98.63945578231292,0.0,0.05925858145533138
10572,2.738095238095238,39.229024943310655,16.54410495031449,0.5738027124200926
10573,2.607142857142857,44.44444444444444,24.578062065847643,1.1783755878587387
10575,1.3452380952380953,90.24943310657596,0.0,0.36544604538385494
10576,1.869047619047619,58.73015873015873,18.95346881172206,0.6900666586707636
10577,1.8095238095238095,58.198614318706696,21.622776601683796,0.9184698644673652
10578,2.5952380952380953,52.83446712018141,22.867590282625283,1.0717996542383514
10579,3.011904761904762,23.80952380952381,16.43317448944036,0.9009240507565495
10581,3.5526315789473686,42.89693593314763,29.031036692594498,0.8090745258414759
