OBJECTID,Albedo
1,0.1297
2,0.1453
3,0.1393
4,0.1811
6,0.1525
7,0.1279
8,0.1956
9,0.1795
10,0.1917
11,0.1592
12,0.1427
13,0.1546
14,0.1385
15,0.158
16,0.1214
17,0.1475
18,0.1503
19,0.1391
20,0.1678
21,0.1932
23,0.1934
24,0.1515
25,0.1731
27,0.1646
28,0.1763
30,0.117
31,0.1699
32,0.1493
34,0.1881
35,0.1439
36,0.1685
37,0.16
38,0.1427
39,0.1845
40,0.1659
41,0.1344
42,0.1793
43,0.1358
44,0.1418
45,0.1976
46,0.1648
48,0.1589
51,0.1674
52,0.1594
53,0.1503
55,0.1414
56,0.1424
57,0.1729
59,0.1826
61,0.1648
62,0.1931
63,0.1476
64,0.16
65,0.1093
68,0.1757
69,0.1964
70,0.1989
71,0.1748
72,0.1517
73,0.1846
74,0.1638
75,0.1533
76,0.1312
77,0.1476
78,0.1684
79,0.1504
80,0.1561
82,0.1315
84,0.142
85,0.055
86,0.1688
87,0.1575
88,0.1634
89,0.1526
90,0.1564
91,0.14
93,0.1551
94,0.1579
95,0.1386
96,0.1362
97,0.1422
98,0.1528
99,0.1546
100,0.1545
102,0.0797
104,0.1821
105,0.1502
106,0.1432
107,0.138
108,0.2744
109,0.1578
111,0.1489
112,0.1453
113,0.1958
114,0.1521
115,0.166
118,0.1482
119,0.1367
120,0.1949
121,0.1701
122,0.1392
124,0.2205
125,0.1567
126,0.1548
127,0.1716
128,0.1364
129,0.1344
130,0.1752
131,0.2197
132,0.1355
133,0.1337
134,0.1667
135,0.1872
136,0.1321
137,0.1323
138,0.2041
139,0.1382
140,0.1435
141,0.1636
142,0.1936
143,0.1767
145,0.1643
146,0.1513
147,0.1305
148,0.1608
150,0.1586
151,0.1768
153,0.1435
154,0.1809
155,0.1732
156,0.1609
157,0.1767
158,0.1494
159,0.1359
160,0.1196
161,0.1612
163,0.1486
164,0.1362
165,0.1257
166,0.1454
167,0.1664
168,0.1666
170,0.1526
171,0.1557
172,0.1583
173,0.1549
174,0.1656
175,0.1897
176,0.1452
177,0.1556
178,0.1475
179,0.1811
180,0.1315
182,0.1455
183,0.1729
184,0.1577
185,0.1647
186,0.1475
187,0.1802
188,0.1431
189,0.1669
190,0.168
191,0.1567
192,0.1587
193,0.1803
194,0.1734
196,0.1693
199,0.2027
200,0.1387
201,0.1633
204,0.1576
205,0.1511
206,0.1559
207,0.1676
208,0.1584
209,0.1544
210,0.1832
211,0.1555
212,0.1234
213,0.1499
214,0.1625
215,0.1334
220,0.1504
221,0.1271
222,0.1486
223,0.1701
224,0.1632
225,0.1501
226,0.1416
227,0.1548
228,0.1273
230,0.1621
231,0.1709
232,0.1757
233,0.1637
234,0.1543
235,0.1683
237,0.1284
238,0.1379
239,0.1685
242,0.1431
243,0.1548
245,0.151
246,0.1391
247,0.1603
248,0.145
250,0.1481
251,0.147
252,0.1442
253,0.1787
254,0.1507
255,0.1522
256,0.237
257,0.1571
258,0.1043
259,0.1659
260,0.1393
262,0.1746
264,0.153
265,0.1401
266,0.1703
267,0.1713
268,0.1512
269,0.1638
270,0.161
271,0.156
272,0.1472
273,0.1574
274,0.1742
275,0.1543
276,0.1369
278,0.1548
280,0.2231
281,0.1662
282,0.188
284,0.1544
285,0.1603
286,0.1689
287,0.1617
288,0.1365
289,0.163
291,0.1484
292,0.2114
295,0.1781
296,0.193
297,0.1618
298,0.1555
299,0.1731
300,0.1465
301,0.1525
302,0.1362
303,0.1312
304,0.1995
305,0.1578
306,0.1483
307,0.1374
308,0.1515
309,0.1671
310,0.1688
311,0.1767
313,0.1481
314,0.1638
315,0.1848
316,0.1615
317,0.1453
318,0.1628
319,0.1495
320,0.1547
321,0.1603
322,0.1691
323,0.0614
324,0.1371
325,0.1678
326,0.1526
327,0.1628
328,0.1505
329,0.185
330,0.1389
331,0.1611
332,0.1498
333,0.1806
334,0.189
335,0.1765
336,0.1791
337,0.1745
338,0.1469
339,0.1809
340,0.166
341,0.1481
342,0.1339
343,0.144
344,0.1823
345,0.1761
346,0.1624
347,0.1628
349,0.1295
350,0.16
351,0.164
352,0.1239
354,0.1747
355,0.1295
358,0.1265
359,0.1779
360,0.1922
362,0.1822
363,0.1644
364,0.135
365,0.1559
366,0.1639
367,0.163
368,0.1164
369,0.1436
371,0.1374
372,0.1395
373,0.15
374,0.1366
375,0.1532
376,0.1043
377,0.1381
378,0.153
380,0.1472
381,0.1801
382,0.1539
383,0.1562
384,0.1521
386,0.14
387,0.135
388,0.1806
389,0.1288
390,0.1689
391,0.1689
392,0.1494
393,0.1526
394,0.1314
395,0.1565
396,0.1415
397,0.1337
398,0.1376
399,0.1457
400,0.2068
401,0.1665
402,0.1364
403,0.1602
404,0.1643
405,0.1599
406,0.1256
408,0.1485
409,0.153
410,0.1307
411,0.183
412,0.1736
413,0.1642
414,0.1403
415,0.161
416,0.1885
417,0.1682
418,0.1696
419,0.1583
420,0.1556
422,0.1491
423,0.1507
424,0.1495
426,0.194
427,0.1565
428,0.1463
429,0.1654
430,0.1756
434,0.1357
435,0.09
437,0.1804
438,0.2411
439,0.1313
440,0.1582
441,0.1408
442,0.1518
443,0.0518
444,0.2099
445,0.155
447,0.1558
448,0.1703
449,0.1512
450,0.1776
451,0.1608
453,0.1292
454,0.152
455,0.1458
456,0.1356
457,0.1638
458,0.1338
459,0.1906
460,0.1967
461,0.1582
462,0.1504
463,0.1838
464,0.1963
465,0.1918
466,0.1399
467,0.1557
469,0.1407
470,0.1524
471,0.1566
472,0.1603
473,0.1528
474,0.1548
476,0.2023
477,0.1575
478,0.1433
479,0.1168
480,0.1666
481,0.1873
482,0.1292
483,0.161
484,0.1395
485,0.1778
486,0.1609
487,0.1608
488,0.1522
489,0.1785
493,0.1745
494,0.1401
495,0.1783
496,0.1359
497,0.1337
498,0.1488
499,0.2334
500,0.1471
501,0.1795
502,0.1443
503,0.1463
504,0.1858
505,0.1926
506,0.1475
507,0.1777
508,0.136
509,0.2217
510,0.1543
511,0.2056
512,0.1515
513,0.1724
514,0.1796
515,0.1735
516,0.1577
517,0.1596
518,0.1634
519,0.15
520,0.1408
521,0.1566
522,0.1639
523,0.1749
524,0.1465
525,0.1601
527,0.1279
528,0.1866
529,0.1668
530,0.1447
531,0.1376
532,0.1671
534,0.151
535,0.1533
536,0.1578
537,0.1737
538,0.1325
539,0.1524
540,0.1365
542,0.1431
543,0.1368
544,0.1682
546,0.1612
547,0.1682
548,0.1413
550,0.1308
551,0.1451
553,0.1619
554,0.1786
555,0.2118
556,0.164
557,0.1581
558,0.1508
559,0.1794
560,0.1409
561,0.1547
562,0.1704
563,0.1506
564,0.134
565,0.1296
566,0.1379
567,0.1718
568,0.153
569,0.1461
570,0.1132
571,0.1367
572,0.1588
575,0.1484
576,0.1601
577,0.1551
578,0.2419
579,0.1742
580,0.1296
581,0.1852
582,0.1687
583,0.1578
584,0.1707
585,0.1476
586,0.1955
587,0.1731
588,0.1686
589,0.1546
590,0.1507
592,0.1506
593,0.1497
594,0.1583
595,0.145
596,0.1946
597,0.1359
598,0.1669
599,0.1261
600,0.1743
601,0.2312
604,0.1718
605,0.1579
606,0.1697
607,0.1392
609,0.1624
610,0.177
611,0.1487
612,0.147
613,0.1426
614,0.1429
615,0.1362
616,0.1432
617,0.1635
618,0.1941
619,0.1504
620,0.1456
621,0.1483
622,0.1746
623,0.1542
626,0.1503
627,0.166
628,0.164
629,0.2096
630,0.1415
631,0.131
632,0.1471
633,0.1292
634,0.09
635,0.1617
636,0.1547
637,0.1596
638,0.1589
639,0.1553
640,0.1409
641,0.1812
643,0.1632
644,0.1336
645,0.1381
646,0.1426
647,0.1619
648,0.178
649,0.1575
650,0.1912
651,0.1409
652,0.1394
653,0.1657
655,0.1596
656,0.1752
658,0.1424
659,0.1806
661,0.1673
662,0.1587
664,0.1502
666,0.1284
667,0.2237
668,0.1429
670,0.1915
671,0.16
672,0.1519
673,0.1585
674,0.1096
675,0.1367
676,0.1733
677,0.1696
679,0.1777
680,0.1345
681,0.1853
682,0.1615
683,0.1833
684,0.155
685,0.1546
686,0.1596
688,0.1666
690,0.176
691,0.1545
692,0.1492
694,0.1594
695,0.1392
696,0.164
697,0.1895
698,0.1517
699,0.1522
701,0.1845
702,0.1316
704,0.1457
705,0.1571
706,0.1536
707,0.168
708,0.1104
709,0.1373
710,0.1607
711,0.1584
712,0.18
713,0.1648
714,0.1692
715,0.1486
716,0.1716
718,0.1457
719,0.1605
720,0.1706
721,0.1541
722,0.1629
724,0.1727
725,0.1935
726,0.1464
727,0.1325
728,0.1646
729,0.159
730,0.1759
732,0.1508
734,0.1536
735,0.1288
736,0.1146
738,0.1654
739,0.1478
740,0.0782
742,0.1755
743,0.1676
744,0.1468
745,0.1757
746,0.1513
749,0.1509
750,0.1496
751,0.1358
752,0.2095
753,0.1464
754,0.1563
755,0.1587
757,0.1572
758,0.1434
759,0.1754
760,0.1566
761,0.1521
762,0.1596
763,0.1654
764,0.1492
766,0.1776
768,0.1669
769,0.108
770,0.1637
771,0.2197
772,0.1563
774,0.1599
775,0.178
777,0.1452
778,0.152
779,0.1358
780,0.122
781,0.1669
782,0.1668
783,0.1683
784,0.1664
785,0.1441
786,0.1556
787,0.1693
789,0.1784
790,0.1205
791,0.2245
792,0.1845
793,0.1695
795,0.1542
796,0.1527
797,0.1619
798,0.1475
799,0.1429
801,0.132
802,0.1505
803,0.1585
805,0.1464
807,0.1701
808,0.1428
809,0.1699
810,0.1507
811,0.1618
812,0.1582
813,0.1807
814,0.1634
815,0.1399
816,0.1759
818,0.1465
819,0.1727
820,0.1561
822,0.139
823,0.1469
824,0.137
825,0.0992
826,0.133
827,0.1666
829,0.156
830,0.1548
831,0.1633
832,0.1927
833,0.1817
834,0.2121
835,0.1444
836,0.1583
838,0.1549
839,0.1378
840,0.169
841,0.1674
842,0.1762
843,0.1532
844,0.1426
845,0.1454
846,0.172
847,0.149
848,0.1836
849,0.1332
850,0.0919
851,0.1595
852,0.1514
854,0.1548
855,0.1583
856,0.1466
858,0.1522
859,0.152
861,0.1323
862,0.1915
863,0.1592
864,0.1634
865,0.1798
866,0.2124
867,0.1663
868,0.1548
869,0.1824
871,0.1684
872,0.1513
873,0.1534
874,0.1909
875,0.1418
876,0.1465
877,0.156
878,0.13
879,0.1479
880,0.1786
881,0.1118
883,0.1713
884,0.0759
885,0.1781
886,0.1655
887,0.1515
888,0.1484
889,0.1548
892,0.1458
893,0.1592
894,0.1797
895,0.1505
896,0.1646
897,0.1596
898,0.1893
899,0.1832
900,0.1754
901,0.1505
902,0.1543
903,0.145
904,0.1825
905,0.1406
906,0.1609
907,0.1492
908,0.1531
909,0.174
910,0.1587
911,0.0711
913,0.1461
914,0.1571
915,0.1264
916,0.1745
917,0.1894
918,0.1426
919,0.1313
920,0.1608
921,0.1455
922,0.175
923,0.1302
924,0.1638
925,0.1574
926,0.1498
927,0.164
928,0.153
929,0.1843
932,0.1696
933,0.1947
934,0.1694
935,0.1454
936,0.1807
937,0.1507
938,0.1716
939,0.1672
940,0.1785
941,0.1836
942,0.1487
943,0.1868
944,0.1685
945,0.1473
948,0.142
949,0.149
950,0.1336
951,0.141
952,0.1526
953,0.1705
954,0.1303
955,0.1284
956,0.159
957,0.1733
958,0.1463
959,0.1783
960,0.1553
961,0.1506
962,0.1747
963,0.2005
964,0.1258
965,0.1791
966,0.1815
967,0.1532
968,0.148
969,0.1889
972,0.1371
973,0.1563
974,0.1436
975,0.1688
976,0.1321
977,0.1559
978,0.1641
979,0.162
980,0.1541
981,0.1524
983,0.109
984,0.1543
985,0.151
986,0.1195
987,0.1353
988,0.1255
989,0.1501
990,0.1475
991,0.189
992,0.1684
993,0.1754
994,0.138
996,0.17
997,0.1564
999,0.144
1001,0.1668
1002,0.1492
1003,0.1386
1004,0.1516
1005,0.1375
1006,0.1452
1007,0.1594
1008,0.1662
1009,0.1468
1010,0.1527
1011,0.1518
1012,0.1489
1013,0.1379
1016,0.1407
1017,0.1922
1018,0.1598
1019,0.1585
1022,0.1776
1023,0.1567
1024,0.1633
1025,0.1303
1026,0.1515
1027,0.1711
1028,0.1596
1030,0.1701
1031,0.1664
1032,0.1927
1033,0.0674
1034,0.1343
1035,0.1471
1036,0.1765
1037,0.1684
1038,0.1604
1039,0.1391
1040,0.1572
1042,0.1515
1044,0.1741
1046,0.1293
1047,0.1657
1049,0.1651
1050,0.1755
1051,0.1737
1053,0.1637
1054,0.1512
1056,0.2083
1057,0.1839
1058,0.1299
1059,0.1546
1060,0.2352
1061,0.14
1062,0.1535
1063,0.1427
1064,0.1692
1065,0.1523
1066,0.1317
1067,0.1368
1068,0.1472
1069,0.1985
1070,0.1451
1071,0.1495
1072,0.0909
1073,0.1406
1074,0.1462
1075,0.1531
1076,0.1219
1077,0.1713
1078,0.1467
1079,0.1566
1080,0.1506
1081,0.1514
1082,0.1595
1083,0.154
1084,0.0726
1085,0.097
1086,0.1651
1087,0.1617
1088,0.1575
1089,0.1407
1090,0.1517
1091,0.1653
1092,0.1688
1093,0.1613
1094,0.1635
1095,0.165
1098,0.1406
1100,0.1429
1101,0.1674
1102,0.1531
1103,0.1607
1104,0.1508
1105,0.195
1106,0.1388
1107,0.1811
1109,0.1654
1110,0.1628
1111,0.1613
1112,0.1351
1114,0.15
1115,0.1736
1117,0.1501
1118,0.1836
1120,0.1614
1122,0.2008
1123,0.1621
1124,0.1435
1125,0.1501
1126,0.1488
1127,0.1659
1129,0.1375
1130,0.1328
1132,0.1577
1134,0.1472
1135,0.1749
1137,0.1436
1138,0.178
1139,0.1396
1140,0.1408
1141,0.1798
1142,0.1577
1143,0.1641
1144,0.1443
1145,0.0989
1147,0.141
1148,0.1318
1149,0.1054
1150,0.1875
1151,0.163
1152,0.1708
1153,0.1614
1154,0.1606
1155,0.1538
1156,0.1421
1157,0.1566
1158,0.1573
1159,0.1474
1160,0.1432
1161,0.1683
1162,0.1793
1163,0.1481
1165,0.1789
1167,0.1781
1168,0.1458
1169,0.1529
1170,0.1489
1171,0.1697
1172,0.1487
1173,0.1541
1174,0.1575
1175,0.1414
1177,0.1725
1178,0.1356
1179,0.1675
1180,0.1839
1181,0.1895
1182,0.1305
1183,0.1529
1184,0.1845
1185,0.1465
1186,0.1718
1187,0.1802
1188,0.1491
1189,0.2012
1190,0.1589
1191,0.1742
1192,0.1742
1193,0.1695
1194,0.215
1195,0.1543
1196,0.1543
1197,0.1393
1198,0.1524
1199,0.1308
1200,0.1561
1201,0.1394
1203,0.096
1204,0.1044
1205,0.161
1206,0.1461
1208,0.1094
1209,0.1515
1210,0.159
1211,0.1438
1212,0.1523
1213,0.159
1214,0.1762
1215,0.1507
1216,0.1455
1217,0.1497
1218,0.1366
1219,0.1701
1222,0.1318
1224,0.1341
1225,0.1443
1226,0.1589
1228,0.1518
1229,0.1701
1230,0.166
1231,0.1472
1232,0.1805
1233,0.214
1234,0.1537
1235,0.161
1236,0.1604
1237,0.1401
1238,0.1691
1239,0.1306
1240,0.1487
1242,0.1666
1243,0.1812
1244,0.1532
1245,0.1185
1247,0.1243
1248,0.1669
1249,0.1528
1250,0.1376
1251,0.1793
1252,0.1504
1253,0.1399
1255,0.1549
1256,0.171
1257,0.1598
1258,0.1682
1260,0.1467
1261,0.137
1263,0.1669
1264,0.1289
1265,0.1595
1266,0.1511
1267,0.177
1268,0.1939
1269,0.1444
1270,0.1509
1271,0.1706
1272,0.1622
1273,0.1377
1274,0.1724
1276,0.1993
1277,0.168
1279,0.1483
1280,0.1679
1281,0.1568
1282,0.1384
1283,0.1851
1284,0.1581
1285,0.1542
1287,0.1646
1288,0.1667
1289,0.1384
1292,0.1442
1293,0.1634
1294,0.1866
1295,0.1537
1297,0.144
1298,0.1926
1299,0.1476
1300,0.152
1303,0.1273
1304,0.1537
1305,0.1598
1307,0.2146
1308,0.1573
1309,0.1557
1310,0.1431
1311,0.1412
1312,0.1512
1313,0.1586
1314,0.162
1315,0.1524
1316,0.156
1317,0.1875
1318,0.1621
1320,0.1849
1321,0.1951
1322,0.1779
1323,0.1311
1324,0.189
1325,0.1431
1326,0.1685
1327,0.1496
1328,0.1544
1329,0.1568
1330,0.1596
1331,0.1508
1332,0.1479
1333,0.1581
1334,0.1239
1335,0.1523
1336,0.1823
1337,0.1624
1338,0.1855
1340,0.1633
1343,0.1408
1344,0.0832
1345,0.1984
1346,0.1375
1347,0.1661
1348,0.2322
1349,0.1613
1350,0.1642
1351,0.1589
1352,0.1784
1353,0.1296
1354,0.186
1355,0.1581
1357,0.1487
1358,0.1362
1359,0.1424
1360,0.1401
1362,0.1387
1363,0.1757
1364,0.1577
1365,0.1758
1366,0.1457
1367,0.1369
1368,0.1434
1370,0.1408
1371,0.2026
1372,0.1811
1374,0.1782
1375,0.1291
1376,0.1458
1377,0.1692
1378,0.1491
1379,0.176
1380,0.1451
1381,0.154
1382,0.1691
1383,0.1447
1384,0.1676
1385,0.1942
1386,0.1468
1387,0.1453
1388,0.168
1389,0.1639
1390,0.1518
1391,0.1496
1392,0.1486
1393,0.1565
1394,0.1392
1395,0.149
1396,0.1368
1397,0.1753
1398,0.1431
1399,0.219
1400,0.1714
1401,0.1649
1403,0.1635
1404,0.1605
1405,0.0603
1406,0.1641
1407,0.187
1408,0.1841
1409,0.1652
1410,0.1509
1411,0.1486
1414,0.149
1415,0.1635
1416,0.1545
1417,0.1809
1418,0.1372
1420,0.1659
1421,0.1733
1422,0.1583
1423,0.1228
1424,0.1487
1425,0.1389
1426,0.1609
1427,0.1464
1428,0.1748
1430,0.2116
1431,0.1515
1432,0.1487
1433,0.1387
1436,0.1449
1437,0.1307
1438,0.1693
1439,0.1669
1440,0.1698
1441,0.1286
1443,0.1325
1445,0.155
1446,0.1219
1447,0.144
1448,0.165
1449,0.1708
1450,0.1343
1452,0.1796
1453,0.1586
1454,0.2064
1456,0.131
1457,0.1766
1459,0.168
1460,0.1721
1461,0.1351
1463,0.1573
1464,0.1904
1465,0.1763
1466,0.1488
1467,0.0203
1468,0.145
1469,0.1731
1470,0.1306
1471,0.1343
1473,0.1589
1474,0.1656
1475,0.0591
1476,0.1547
1477,0.1532
1479,0.1717
1480,0.1514
1481,0.0968
1482,0.1556
1483,0.1589
1484,0.1295
1485,0.1392
1486,0.1707
1487,0.1528
1488,0.2078
1489,0.1484
1490,0.1469
1492,0.1725
1493,0.1591
1494,0.1459
1495,0.1101
1496,0.187
1497,0.1576
1498,0.1001
1499,0.1669
1500,0.147
1501,0.1523
1502,0.1585
1503,0.1936
1504,0.139
1505,0.1529
1506,0.1409
1507,0.1863
1508,0.1486
1510,0.1444
1512,0.1629
1513,0.1315
1514,0.1986
1515,0.1601
1516,0.1603
1517,0.157
1518,0.141
1519,0.1616
1520,0.1454
1521,0.1805
1522,0.1228
1524,0.1419
1525,0.161
1526,0.208
1527,0.1758
1528,0.1479
1529,0.15
1530,0.1636
1531,0.1554
1532,0.1993
1533,0.1846
1534,0.182
1536,0.1638
1537,0.1185
1538,0.1579
1539,0.1532
1540,0.1396
1541,0.1754
1543,0.1547
1544,0.1667
1545,0.1746
1546,0.1355
1547,0.1498
1549,0.1602
1550,0.1545
1551,0.1503
1552,0.1669
1553,0.1581
1554,0.1308
1555,0.1632
1556,0.1772
1557,0.1563
1558,0.2
1559,0.1895
1560,0.1612
1561,0.1709
1562,0.1448
1563,0.1633
1566,0.1597
1567,0.1717
1568,0.1651
1569,0.1448
1570,0.1715
1574,0.1346
1575,0.1362
1576,0.1703
1577,0.1461
1578,0.1656
1579,0.1436
1582,0.1761
1583,0.174
1584,0.1741
1588,0.1883
1589,0.1439
1590,0.1815
1592,0.1607
1593,0.156
1594,0.1548
1596,0.1476
1597,0.1569
1598,0.1504
1599,0.1601
1601,0.1491
1603,0.1742
1604,0.1487
1605,0.1437
1606,0.104
1607,0.1583
1608,0.169
1609,0.1703
1610,0.1376
1611,0.1639
1612,0.1787
1613,0.1443
1614,0.1959
1616,0.1646
1617,0.1725
1618,0.1406
1619,0.1575
1620,0.169
1621,0.1624
1622,0.1715
1623,0.1736
1624,0.1371
1625,0.1514
1627,0.1728
1628,0.1735
1629,0.1755
1630,0.1636
1631,0.161
1632,0.1335
1634,0.1414
1636,0.1529
1637,0.1459
1639,0.1861
1640,0.1749
1643,0.1581
1644,0.1517
1645,0.172
1646,0.1569
1647,0.1816
1648,0.1544
1649,0.2026
1650,0.1296
1651,0.1667
1652,0.1793
1654,0.1574
1655,0.1703
1656,0.1785
1657,0.1488
1658,0.1273
1659,0.1631
1661,0.143
1662,0.1554
1663,0.1702
1665,0.1518
1666,0.1635
1667,0.1564
1668,0.1462
1669,0.1536
1670,0.1261
1671,0.172
1672,0.1458
1674,0.1523
1675,0.1782
1676,0.157
1678,0.1769
1679,0.1497
1680,0.1595
1681,0.1634
1682,0.1697
1683,0.1485
1684,0.1813
1685,0.1421
1686,0.1499
1687,0.1878
1688,0.1481
1689,0.193
1690,0.1693
1691,0.0868
1692,0.1439
1693,0.1641
1694,0.1582
1695,0.144
1696,0.1665
1698,0.1598
1699,0.1908
1700,0.1684
1701,0.1544
1703,0.1497
1704,0.1719
1705,0.1071
1707,0.1391
1708,0.1693
1710,0.0456
1712,0.1872
1713,0.1454
1714,0.1611
1716,0.1652
1718,0.1474
1719,0.1668
1720,0.1376
1721,0.1709
1722,0.1321
1723,0.2123
1724,0.1486
1725,0.0772
1726,0.1517
1727,0.1818
1728,0.1834
1729,0.1542
1730,0.1773
1731,0.1586
1732,0.173
1734,0.1481
1735,0.1853
1736,0.1659
1737,0.1792
1738,0.1668
1739,0.1854
1740,0.152
1741,0.1481
1743,0.1531
1744,0.1659
1745,0.1538
1746,0.1643
1747,0.1879
1748,0.1302
1749,0.1473
1750,0.1683
1751,0.1953
1752,0.158
1753,0.1316
1754,0.1483
1755,0.1557
1756,0.1052
1757,0.1436
1758,0.1669
1759,0.1505
1760,0.1965
1761,0.1721
1762,0.1641
1763,0.1858
1764,0.1582
1765,0.1604
1766,0.1734
1767,0.2034
1768,0.1699
1769,0.1581
1770,0.1684
1772,0.1568
1774,0.1436
1775,0.1361
1776,0.1731
1777,0.1446
1778,0.1724
1779,0.1828
1780,0.1292
1781,0.1539
1782,0.1425
1784,0.1584
1785,0.1393
1786,0.1542
1788,0.1633
1789,0.1557
1790,0.1388
1791,0.1487
1792,0.1429
1793,0.1925
1794,0.1041
1797,0.1507
1798,0.1508
1799,0.373
1800,0.1835
1802,0.1638
1803,0.1734
1804,0.1567
1805,0.1609
1806,0.156
1809,0.1855
1810,0.1546
1811,0.1628
1812,0.1755
1814,0.1465
1816,0.1392
1817,0.1363
1818,0.1318
1819,0.1545
1820,0.1629
1821,0.1451
1822,0.1478
1823,0.1683
1824,0.1458
1825,0.1429
1827,0.1663
1828,0.1424
1829,0.1405
1830,0.1684
1832,0.1734
1833,0.147
1834,0.1619
1835,0.1494
1836,0.1663
1837,0.1365
1838,0.1642
1839,0.1436
1841,0.1596
1842,0.1487
1843,0.1569
1844,0.174
1846,0.1225
1847,0.1805
1848,0.1197
1849,0.1485
1850,0.1389
1851,0.1583
1852,0.1433
1853,0.1425
1854,0.1571
1856,0.1734
1857,0.1567
1858,0.1644
1859,0.1536
1860,0.1693
1861,0.1477
1862,0.1529
1864,0.1901
1867,0.1385
1868,0.1198
1869,0.1262
1870,0.1458
1871,0.1462
1872,0.1625
1873,0.1422
1874,0.1859
1876,0.1403
1877,0.2286
1878,0.1435
1879,0.1217
1881,0.1698
1882,0.1896
1883,0.1554
1884,0.2044
1885,0.1493
1886,0.1367
1887,0.1725
1889,0.1799
1891,0.1505
1893,0.1642
1894,0.1513
1895,0.1527
1896,0.1403
1897,0.1794
1898,0.1493
1899,0.1524
1900,0.1558
1901,0.1541
1902,0.1644
1903,0.1329
1905,0.1453
1906,0.1439
1907,0.2014
1908,0.1585
1909,0.168
1910,0.1316
1911,0.1382
1912,0.1549
1913,0.1567
1914,0.1549
1915,0.1637
1916,0.1672
1917,0.1385
1918,0.153
1919,0.1496
1920,0.1832
1921,0.1637
1922,0.155
1923,0.1596
1924,0.1956
1926,0.2787
1927,0.1123
1928,0.169
1929,0.1473
1930,0.1646
1932,0.1615
1933,0.1698
1934,0.171
1935,0.0975
1936,0.1579
1937,0.1447
1938,0.1701
1939,0.155
1940,0.0679
1941,0.1326
1942,0.1638
1943,0.1641
1944,0.1656
1945,0.1502
1946,0.166
1948,0.1248
1949,0.1588
1950,0.1503
1951,0.1687
1952,0.1547
1953,0.1416
1956,0.1868
1957,0.1525
1959,0.1634
1960,0.1333
1961,0.1884
1962,0.1418
1963,0.1531
1964,0.124
1966,0.1307
1967,0.1629
1968,0.1532
1969,0.1441
1970,0.1738
1971,0.162
1972,0.1573
1973,0.1434
1974,0.1755
1975,0.1508
1976,0.1548
1977,0.1638
1978,0.1652
1980,0.1361
1981,0.1668
1982,0.1575
1983,0.177
1984,0.159
1986,0.147
1987,0.1476
1988,0.1832
1989,0.1405
1990,0.164
1992,0.159
1993,0.1598
1994,0.1432
1995,0.1303
1996,0.1732
1997,0.1647
1999,0.1545
2000,0.1336
2001,0.1485
2002,0.1647
2003,0.1355
2004,0.165
2005,0.1512
2006,0.1509
2007,0.1649
2008,0.1614
2009,0.1517
2010,0.1658
2012,0.17
2013,0.1754
2014,0.1651
2015,0.173
2016,0.1167
2017,0.1528
2018,0.1516
2019,0.1455
2020,0.1787
2021,0.1604
2022,0.1625
2023,0.1713
2024,0.146
2025,0.1474
2026,0.1797
2028,0.1706
2029,0.1431
2030,0.1459
2031,0.1939
2032,0.153
2033,0.1724
2034,0.1453
2035,0.158
2036,0.1378
2037,0.1495
2039,0.1514
2040,0.1416
2041,0.1392
2042,0.2129
2044,0.1693
2045,0.1777
2046,0.1542
2048,0.1773
2049,0.1462
2050,0.155
2052,0.1457
2053,0.1756
2054,0.1519
2055,0.2048
2056,0.1634
2057,0.157
2058,0.1364
2059,0.1649
2060,0.1532
2061,0.1737
2062,0.1897
2063,0.152
2064,0.1665
2065,0.1778
2066,0.1725
2067,0.1786
2068,0.2047
2069,0.137
2070,0.186
2071,0.1553
2072,0.1629
2073,0.1692
2074,0.1447
2075,0.1543
2076,0.1296
2077,0.1346
2078,0.1445
2079,0.1455
2080,0.1375
2081,0.1669
2082,0.188
2083,0.1492
2084,0.1614
2085,0.1449
2087,0.1841
2088,0.1748
2089,0.1891
2090,0.1514
2091,0.1407
2093,0.1625
2094,0.3751
2095,0.1579
2096,0.1474
2097,0.1662
2098,0.1354
2099,0.175
2100,0.1444
2101,0.1854
2102,0.1487
2103,0.0995
2104,0.1287
2105,0.1804
2106,0.1439
2107,0.1823
2108,0.1717
2109,0.1443
2110,0.1949
2111,0.1647
2112,0.1347
2113,0.1678
2114,0.1555
2115,0.1575
2117,0.1688
2118,0.1591
2120,0.1514
2121,0.154
2122,0.1374
2123,0.1413
2124,0.1702
2125,0.1712
2126,0.1566
2127,0.1604
2128,0.1911
2129,0.1643
2130,0.1395
2131,0.1238
2133,0.1525
2135,0.1735
2136,0.1572
2137,0.163
2138,0.1293
2139,0.2418
2140,0.1512
2141,0.1858
2142,0.1597
2143,0.1808
2144,0.151
2145,0.1583
2146,0.1265
2147,0.1935
2148,0.1686
2149,0.1582
2150,0.1514
2152,0.1813
2153,0.1573
2154,0.1485
2155,0.1478
2156,0.1746
2157,0.1514
2160,0.1578
2161,0.1783
2162,0.1467
2163,0.1797
2164,0.1577
2165,0.1697
2166,0.1784
2167,0.1462
2168,0.1948
2169,0.1467
2170,0.1702
2171,0.1598
2172,0.1676
2173,0.1662
2174,0.162
2175,0.183
2176,0.2008
2177,0.1497
2178,0.1369
2179,0.1472
2180,0.1484
2182,0.1505
2183,0.1262
2184,0.1737
2185,0.1352
2186,0.168
2187,0.1672
2189,0.1709
2190,0.1409
2191,0.1505
2192,0.125
2193,0.2161
2194,0.1714
2195,0.1704
2197,0.1679
2198,0.17
2199,0.1826
2200,0.1406
2201,0.1408
2202,0.2015
2203,0.1628
2204,0.137
2206,0.1554
2207,0.1493
2208,0.1123
2209,0.1428
2210,0.164
2211,0.1545
2212,0.1263
2213,0.1514
2214,0.1345
2215,0.1466
2217,0.1704
2218,0.1438
2219,0.1776
2220,0.1501
2221,0.1678
2222,0.1622
2223,0.1403
2224,0.1387
2225,0.1509
2226,0.1427
2227,0.1615
2228,0.1433
2230,0.1768
2231,0.1902
2233,0.1484
2234,0.1608
2235,0.1668
2236,0.1602
2237,0.1804
2238,0.1641
2239,0.1798
2240,0.1566
2241,0.1328
2242,0.153
2243,0.1605
2244,0.1717
2245,0.1836
2246,0.1702
2247,0.135
2248,0.1686
2249,0.1688
2250,0.1564
2251,0.1389
2252,0.1628
2253,0.1377
2254,0.1772
2255,0.1303
2256,0.1786
2257,0.1615
2258,0.1521
2259,0.1575
2260,0.1591
2261,0.1375
2262,0.1207
2264,0.1574
2265,0.1788
2266,0.1407
2267,0.1301
2268,0.1413
2269,0.1725
2270,0.1548
2271,0.1492
2272,0.1621
2273,0.1787
2274,0.1643
2275,0.1642
2276,0.1486
2277,0.1754
2278,0.1321
2279,0.1696
2280,0.1803
2281,0.1461
2282,0.1296
2283,0.1701
2284,0.1494
2285,0.1836
2286,0.1855
2287,0.1931
2288,0.1442
2289,0.1406
2290,0.1341
2291,0.151
2293,0.1871
2295,0.148
2296,0.1431
2297,0.1299
2298,0.1783
2301,0.1584
2302,0.138
2303,0.1617
2304,0.1654
2305,0.1502
2306,0.1832
2308,0.1487
2310,0.1569
2311,0.1336
2312,0.1498
2313,0.1754
2314,0.181
2315,0.1577
2317,0.1569
2318,0.1647
2319,0.1486
2320,0.1392
2321,0.1785
2322,0.1521
2323,0.1359
2325,0.1474
2326,0.1305
2327,0.1607
2328,0.1487
2329,0.1331
2330,0.1861
2332,0.1572
2333,0.1637
2334,0.1445
2336,0.1422
2338,0.1729
2339,0.1745
2340,0.1497
2341,0.1693
2342,0.15
2343,0.1759
2345,0.1345
2346,0.1531
2347,0.1546
2348,0.1432
2349,0.1279
2350,0.1518
2351,0.168
2352,0.1406
2353,0.2121
2354,0.1312
2355,0.1532
2356,0.1379
2357,0.1376
2360,0.1283
2362,0.1496
2363,0.1537
2364,0.1281
2365,0.1496
2367,0.1297
2368,0.1542
2369,0.1601
2370,0.1362
2371,0.1609
2373,0.1447
2375,0.1424
2377,0.1469
2380,0.1642
2382,0.1714
2383,0.1881
2384,0.1728
2385,0.1435
2386,0.1524
2387,0.1617
2388,0.1356
2390,0.1928
2392,0.1646
2393,0.1844
2394,0.159
2395,0.1463
2397,0.1632
2398,0.1387
2399,0.1865
2400,0.1675
2401,0.1576
2402,0.1537
2403,0.1471
2405,0.158
2406,0.1637
2407,0.1591
2408,0.1597
2409,0.1733
2410,0.1782
2411,0.1356
2412,0.16
2413,0.1034
2414,0.1939
2415,0.1391
2416,0.1638
2417,0.1826
2418,0.1588
2419,0.1916
2420,0.157
2422,0.1335
2423,0.0803
2424,0.1531
2425,0.1488
2426,0.1947
2427,0.1714
2428,0.1503
2430,0.143
2431,0.1531
2432,0.1627
2433,0.1476
2434,0.1731
2435,0.1928
2436,0.1572
2437,0.1392
2438,0.1636
2439,0.1621
2440,0.1684
2443,0.1527
2445,0.1418
2446,0.1396
2447,0.1581
2449,0.1641
2450,0.1726
2451,0.1458
2452,0.1551
2453,0.1899
2454,0.1404
2455,0.1433
2456,0.1588
2457,0.1582
2458,0.154
2459,0.1392
2460,0.1313
2461,0.1708
2462,0.1642
2463,0.1707
2464,0.1305
2466,0.1562
2467,0.1951
2468,0.1423
2470,0.1486
2471,0.168
2473,0.1457
2475,0.1486
2476,0.1639
2478,0.1536
2479,0.1836
2480,0.1596
2481,0.1281
2482,0.1641
2483,0.1338
2484,0.1538
2485,0.1493
2486,0.1744
2487,0.1335
2488,0.1219
2489,0.145
2490,0.1591
2491,0.1379
2492,0.1652
2493,0.1558
2494,0.1612
2495,0.1582
2496,0.1817
2497,0.1495
2498,0.1819
2499,0.1778
2500,0.1441
2501,0.1452
2502,0.1542
2503,0.1838
2505,0.1233
2507,0.1971
2509,0.1435
2510,0.139
2511,0.1832
2512,0.1438
2513,0.157
2514,0.1468
2515,0.1704
2516,0.1935
2517,0.1381
2518,0.1232
2519,0.1664
2520,0.1676
2521,0.1443
2522,0.1886
2523,0.1647
2524,0.1375
2525,0.1497
2526,0.1566
2527,0.1686
2528,0.1476
2529,0.1482
2530,0.1424
2531,0.1903
2532,0.1329
2533,0.11
2534,0.18
2536,0.1664
2537,0.1435
2538,0.1381
2539,0.1457
2540,0.155
2541,0.1312
2542,0.1494
2543,0.131
2545,0.1618
2546,0.1199
2547,0.1619
2548,0.1735
2549,0.1485
2551,0.1091
2553,0.1471
2555,0.1549
2556,0.147
2557,0.0567
2560,0.1598
2561,0.1473
2562,0.1492
2563,0.1404
2564,0.1439
2566,0.1587
2567,0.1503
2569,0.1551
2570,0.1273
2571,0.1765
2572,0.1532
2573,0.1688
2574,0.1474
2575,0.1507
2576,0.1554
2577,0.159
2578,0.141
2579,0.1378
2580,0.1518
2581,0.1491
2582,0.1338
2584,0.1484
2585,0.1604
2586,0.1616
2588,0.1532
2589,0.1761
2591,0.1553
2592,0.1711
2593,0.1766
2594,0.1468
2595,0.1624
2596,0.1332
2597,0.156
2598,0.1476
2599,0.1611
2602,0.1425
2603,0.165
2604,0.1477
2606,0.1331
2607,0.1591
2608,0.1465
2609,0.1564
2610,0.2107
2611,0.1699
2612,0.1497
2613,0.1641
2614,0.1379
2615,0.1693
2616,0.149
2619,0.1597
2620,0.1708
2621,0.2108
2622,0.135
2623,0.1735
2624,0.1425
2625,0.2089
2626,0.1497
2627,0.148
2628,0.1662
2629,0.1613
2630,0.1087
2631,0.1626
2632,0.167
2633,0.1408
2634,0.1744
2635,0.1809
2636,0.1525
2637,0.1684
2638,0.1508
2639,0.163
2640,0.197
2641,0.1621
2642,0.1816
2645,0.1717
2646,0.1759
2647,0.1695
2648,0.186
2649,0.142
2652,0.1533
2653,0.1502
2654,0.1622
2655,0.1631
2656,0.1723
2657,0.1606
2658,0.1705
2659,0.1474
2660,0.1771
2661,0.1456
2662,0.1296
2663,0.1114
2667,0.1611
2668,0.2342
2669,0.1431
2670,0.1656
2671,0.1525
2672,0.1788
2674,0.142
2676,0.1616
2677,0.1839
2678,0.1353
2679,0.1547
2680,0.1654
2681,0.1551
2682,0.1555
2683,0.1506
2684,0.1448
2685,0.1521
2686,0.1476
2688,0.1666
2689,0.1405
2690,0.1477
2691,0.1598
2692,0.1627
2693,0.1658
2694,0.1943
2695,0.1218
2696,0.1457
2697,0.1747
2698,0.1686
2699,0.1619
2700,0.1533
2701,0.1488
2702,0.1457
2703,0.1597
2704,0.1271
2705,0.1674
2706,0.1788
2707,0.1415
2708,0.1492
2710,0.1549
2712,0.1632
2714,0.1173
2715,0.166
2716,0.173
2718,0.131
2719,0.1307
2720,0.1556
2721,0.1436
2723,0.1586
2724,0.1512
2725,0.1562
2726,0.1711
2727,0.1605
2728,0.1439
2729,0.1303
2730,0.139
2731,0.1528
2732,0.1604
2733,0.1476
2734,0.1474
2735,0.2002
2736,0.1331
2738,0.142
2739,0.163
2741,0.1431
2742,0.1467
2743,0.1711
2744,0.1942
2745,0.1447
2746,0.148
2747,0.1748
2748,0.1121
2749,0.1635
2751,0.1668
2752,0.1414
2753,0.151
2754,0.1486
2755,0.1833
2756,0.1596
2757,0.1602
2758,0.1483
2759,0.1633
2760,0.1643
2761,0.2046
2762,0.1596
2763,0.1519
2766,0.1684
2767,0.1579
2768,0.1674
2769,0.1482
2770,0.1609
2771,0.1683
2772,0.1531
2773,0.1439
2774,0.1415
2775,0.1853
2776,0.1603
2777,0.1816
2779,0.1621
2780,0.1645
2781,0.1661
2782,0.158
2783,0.1197
2784,0.1498
2786,0.1444
2787,0.1692
2788,0.1725
2789,0.1462
2790,0.1974
2791,0.1896
2792,0.1582
2793,0.1721
2794,0.1358
2796,0.1627
2797,0.086
2799,0.1328
2800,0.2014
2801,0.1451
2802,0.1248
2803,0.1555
2804,0.1914
2805,0.1923
2807,0.1866
2808,0.1558
2809,0.1427
2810,0.1472
2812,0.158
2813,0.1432
2814,0.1474
2816,0.1779
2817,0.1574
2818,0.1447
2819,0.1664
2821,0.169
2823,0.1568
2824,0.1999
2825,0.1503
2826,0.1521
2827,0.1378
2828,0.171
2829,0.1671
2830,0.1404
2831,0.1379
2832,0.1751
2834,0.1878
2836,0.177
2837,0.1514
2838,0.1946
2839,0.1638
2841,0.1874
2842,0.1666
2843,0.1417
2844,0.1056
2846,0.1456
2847,0.1456
2848,0.1338
2849,0.1604
2850,0.1343
2851,0.1437
2852,0.1701
2853,0.1419
2855,0.1622
2856,0.1447
2857,0.1522
2858,0.1466
2861,0.1401
2862,0.1971
2863,0.1456
2864,0.2048
2865,0.1853
2866,0.1271
2867,0.1519
2868,0.1442
2870,0.1519
2871,0.1352
2872,0.1553
2873,0.1567
2874,0.155
2875,0.1371
2876,0.1521
2877,0.1422
2878,0.1685
2880,0.1594
2882,0.1482
2883,0.1726
2884,0.1953
2885,0.1454
2886,0.1833
2888,0.1394
2889,0.1629
2890,0.1508
2891,0.168
2892,0.1552
2893,0.1788
2894,0.1983
2895,0.1718
2896,0.1477
2897,0.1769
2898,0.152
2899,0.161
2900,0.1661
2901,0.1754
2902,0.136
2903,0.1592
2904,0.1991
2905,0.1581
2906,0.1461
2907,0.1744
2908,0.1277
2910,0.156
2911,0.1664
2912,0.1551
2913,0.1433
2914,0.1547
2915,0.1514
2916,0.149
2917,0.1304
2918,0.1283
2919,0.1783
2920,0.1773
2921,0.157
2922,0.2346
2923,0.1437
2924,0.1661
2925,0.0662
2926,0.1565
2927,0.2031
2929,0.1867
2930,0.1591
2932,0.135
2933,0.1642
2934,0.146
2935,0.1736
2936,0.1474
2937,0.1684
2938,0.1917
2939,0.1303
2940,0.1629
2941,0.16
2942,0.1804
2943,0.1721
2945,0.1196
2946,0.1423
2947,0.123
2948,0.1497
2949,0.1711
2952,0.1463
2953,0.188
2955,0.1418
2956,0.1166
2957,0.1471
2958,0.1465
2959,0.1389
2960,0.1645
2962,0.1777
2963,0.1545
2964,0.1586
2965,0.1599
2966,0.1896
2967,0.1325
2968,0.1406
2969,0.1735
2970,0.1712
2971,0.1583
2972,0.1606
2973,0.1551
2974,0.172
2976,0.1459
2977,0.1639
2978,0.1548
2979,0.1498
2980,0.1498
2981,0.1608
2982,0.1633
2984,0.155
2985,0.1661
2986,0.1634
2987,0.122
2988,0.1206
2989,0.1494
2990,0.1686
2991,0.1609
2992,0.1496
2994,0.1798
2995,0.1514
2996,0.1753
2998,0.1726
2999,0.14
3000,0.1536
3001,0.1564
3002,0.1695
3003,0.1353
3004,0.1638
3005,0.1511
3007,0.1712
3008,0.1563
3009,0.1202
3010,0.1646
3011,0.1733
3013,0.1638
3015,0.189
3016,0.137
3017,0.159
3018,0.1651
3019,0.1468
3020,0.1474
3021,0.1443
3022,0.1723
3024,0.1635
3026,0.1527
3027,0.0739
3029,0.1842
3030,0.1608
3031,0.1304
3032,0.1433
3033,0.157
3034,0.1757
3035,0.1379
3037,0.1475
3038,0.1542
3041,0.1517
3042,0.2111
3043,0.1495
3044,0.1876
3046,0.1631
3047,0.1525
3048,0.2003
3049,0.1518
3050,0.132
3052,0.1817
3053,0.1527
3054,0.1656
3055,0.1839
3056,0.1528
3057,0.168
3058,0.1534
3059,0.1858
3060,0.1593
3061,0.1563
3062,0.1485
3064,0.1682
3066,0.1443
3067,0.1505
3069,0.1522
3070,0.1427
3071,0.1446
3072,0.1381
3073,0.1361
3074,0.1661
3075,0.1375
3076,0.1526
3077,0.1425
3080,0.1419
3081,0.1464
3082,0.1533
3083,0.1745
3084,0.1884
3085,0.1565
3086,0.1546
3087,0.1738
3088,0.1574
3089,0.1473
3090,0.1431
3091,0.1513
3092,0.173
3093,0.181
3094,0.1753
3095,0.1433
3096,0.1558
3097,0.1877
3099,0.1359
3100,0.1576
3101,0.1613
3102,0.1477
3103,0.1602
3104,0.1442
3105,0.194
3106,0.151
3107,0.14
3108,0.1241
3110,0.1783
3111,0.0779
3113,0.1431
3114,0.1498
3115,0.1449
3116,0.1574
3118,0.1422
3119,0.1597
3121,0.1471
3122,0.1343
3124,0.1693
3126,0.186
3128,0.1457
3129,0.194
3130,0.1538
3131,0.153
3132,0.1559
3133,0.1489
3135,0.1664
3137,0.1676
3138,0.1465
3139,0.1349
3141,0.1276
3142,0.1591
3143,0.1766
3144,0.1793
3145,0.169
3146,0.1549
3147,0.1579
3148,0.1576
3149,0.1466
3153,0.1439
3154,0.1643
3155,0.1502
3156,0.1341
3157,0.1763
3158,0.1598
3160,0.1549
3161,0.2142
3162,0.2142
3163,0.1696
3165,0.1526
3166,0.186
3167,0.1543
3168,0.1391
3169,0.1706
3170,0.1463
3171,0.1584
3172,0.1519
3173,0.1537
3174,0.125
3177,0.1553
3178,0.1726
3180,0.1525
3181,0.1647
3182,0.1633
3183,0.143
3185,0.141
3186,0.1558
3187,0.1628
3188,0.1647
3189,0.157
3191,0.1766
3193,0.1458
3195,0.1536
3196,0.1584
3197,0.2206
3198,0.2059
3199,0.0953
3200,0.1527
3201,0.1617
3202,0.1736
3203,0.1529
3204,0.1466
3205,0.1461
3206,0.1467
3207,0.134
3209,0.1613
3210,0.1297
3211,0.1222
3215,0.0347
3216,0.1501
3217,0.1889
3218,0.1603
3219,0.1736
3220,0.1461
3221,0.1507
3222,0.1441
3223,0.1699
3224,0.1591
3225,0.142
3226,0.1804
3227,0.1273
3228,0.1279
3229,0.1631
3230,0.1568
3231,0.1384
3232,0.1718
3233,0.1408
3236,0.1117
3237,0.1336
3238,0.1556
3240,0.1249
3241,0.149
3242,0.1533
3243,0.1552
3244,0.1508
3245,0.1474
3246,0.1579
3248,0.1551
3249,0.1592
3250,0.1313
3251,0.0877
3252,0.1491
3253,0.1781
3254,0.1523
3255,0.1669
3256,0.1586
3257,0.1398
3259,0.1594
3260,0.208
3261,0.141
3263,0.1348
3264,0.1564
3265,0.1427
3266,0.1375
3267,0.1302
3268,0.1531
3269,0.1317
3270,0.1572
3271,0.1393
3272,0.1336
3273,0.1738
3274,0.166
3275,0.1175
3276,0.167
3277,0.1323
3278,0.1551
3281,0.1377
3283,0.1358
3284,0.1999
3287,0.1551
3288,0.157
3289,0.1512
3290,0.1401
3291,0.1541
3292,0.1636
3293,0.1184
3295,0.153
3296,0.0823
3297,0.1542
3298,0.1608
3299,0.1853
3300,0.1562
3301,0.1524
3303,0.1542
3304,0.1384
3305,0.1394
3306,0.1962
3307,0.1398
3308,0.1388
3309,0.1593
3310,0.149
3311,0.1521
3312,0.1661
3313,0.1633
3314,0.1681
3315,0.16
3316,0.1268
3317,0.1325
3318,0.1224
3319,0.155
3320,0.1732
3321,0.1553
3322,0.1593
3323,0.1551
3324,0.1704
3325,0.1515
3327,0.1494
3330,0.2057
3331,0.1447
3333,0.1484
3335,0.1458
3336,0.1869
3337,0.181
3338,0.1755
3339,0.134
3340,0.1357
3342,0.1515
3344,0.1444
3345,0.1715
3346,0.1641
3347,0.1792
3349,0.1723
3350,0.1456
3351,0.1149
3352,0.1476
3353,0.1632
3354,0.1838
3356,0.1453
3357,0.1418
3358,0.141
3359,0.1444
3360,0.1323
3362,0.1558
3363,0.1731
3364,0.1475
3365,0.1548
3366,0.1471
3367,0.1113
3369,0.1124
3370,0.1253
3371,0.2015
3373,0.1801
3374,0.1518
3377,0.1364
3378,0.1637
3379,0.1654
3380,0.1378
3381,0.1599
3382,0.1619
3383,0.1601
3385,0.167
3386,0.1404
3387,0.1643
3388,0.1468
3389,0.143
3390,0.1421
3391,0.1419
3392,0.1701
3394,0.1732
3396,0.1705
3397,0.1331
3398,0.1403
3400,0.1684
3401,0.1517
3402,0.1319
3403,0.1601
3404,0.1408
3405,0.1292
3407,0.153
3408,0.2192
3409,0.1653
3410,0.1517
3412,0.161
3413,0.1545
3414,0.1494
3415,0.1588
3416,0.1923
3417,0.1439
3419,0.1739
3420,0.131
3421,0.1573
3422,0.1583
3426,0.1611
3427,0.1372
3428,0.1819
3429,0.1946
3430,0.1641
3431,0.1378
3432,0.171
3433,0.1608
3434,0.1424
3435,0.1269
3436,0.1496
3437,0.1532
3438,0.1573
3439,0.1462
3442,0.1679
3443,0.1519
3444,0.1533
3445,0.1532
3447,0.154
3448,0.1536
3449,0.1666
3451,0.1667
3453,0.1635
3454,0.1716
3456,0.2196
3457,0.1476
3458,0.1485
3459,0.1522
3460,0.1591
3462,0.1651
3464,0.1624
3465,0.2166
3466,0.1352
3467,0.1537
3468,0.1545
3469,0.2154
3470,0.1292
3472,0.1733
3473,0.1859
3474,0.1683
3476,0.1054
3478,0.1417
3479,0.1639
3480,0.1695
3481,0.1449
3482,0.1393
3483,0.1711
3486,0.1483
3487,0.1428
3488,0.1444
3489,0.1862
3490,0.1343
3491,0.1394
3492,0.1412
3493,0.0994
3494,0.1603
3495,0.1552
3496,0.1785
3497,0.1534
3498,0.1674
3500,0.1612
3501,0.2054
3502,0.1088
3503,0.1773
3504,0.0744
3506,0.1398
3507,0.1817
3509,0.1707
3510,0.1525
3511,0.1221
3512,0.1563
3514,0.1442
3515,0.1444
3516,0.1834
3517,0.2126
3518,0.1798
3519,0.157
3520,0.1612
3521,0.1448
3522,0.1366
3523,0.169
3524,0.1496
3525,0.1622
3526,0.1531
3527,0.1438
3528,0.1894
3529,0.1542
3530,0.1577
3531,0.1746
3532,0.1717
3533,0.1585
3534,0.206
3535,0.1375
3536,0.1673
3538,0.1478
3540,0.1604
3541,0.1638
3543,0.108
3545,0.1536
3546,0.1519
3548,0.1764
3549,0.141
3550,0.1389
3551,0.1306
3552,0.1984
3553,0.0807
3555,0.1468
3556,0.151
3557,0.1524
3558,0.1719
3559,0.1797
3560,0.1232
3561,0.1565
3562,0.1676
3563,0.1521
3564,0.1637
3565,0.1579
3566,0.1375
3567,0.1733
3568,0.1718
3569,0.194
3571,0.1788
3572,0.1676
3573,0.1548
3574,0.1758
3575,0.139
3576,0.1556
3577,0.1455
3578,0.1774
3579,0.161
3580,0.1512
3581,0.1611
3582,0.1681
3583,0.1336
3585,0.1771
3586,0.1865
3587,0.1197
3588,0.1861
3589,0.2405
3590,0.1669
3591,0.1779
3592,0.1659
3593,0.146
3594,0.1619
3595,0.3458
3596,0.1733
3597,0.1616
3598,0.16
3599,0.1905
3600,0.1487
3601,0.1466
3602,0.1452
3603,0.1797
3604,0.1583
3605,0.2001
3606,0.1419
3607,0.169
3608,0.1329
3609,0.1238
3611,0.1933
3612,0.121
3613,0.1486
3614,0.1483
3615,0.1584
3616,0.1552
3617,0.1187
3619,0.1346
3620,0.1732
3621,0.1545
3622,0.1018
3623,0.1779
3624,0.1685
3625,0.1634
3626,0.1741
3627,0.1455
3628,0.1535
3629,0.1491
3630,0.1639
3631,0.1423
3633,0.2475
3634,0.136
3635,0.1823
3636,0.1388
3637,0.1447
3638,0.1754
3639,0.1509
3640,0.1604
3641,0.2019
3642,0.1631
3643,0.1618
3644,0.1767
3645,0.1428
3646,0.1095
3647,0.1431
3648,0.1717
3649,0.1529
3650,0.1592
3651,0.1574
3652,0.1377
3653,0.1226
3655,0.1603
3656,0.1582
3657,0.1637
3658,0.1685
3661,0.1234
3662,0.1593
3663,0.1322
3664,0.1699
3665,0.1548
3666,0.1853
3667,0.1379
3668,0.1679
3669,0.142
3670,0.1518
3671,0.1781
3672,0.1439
3673,0.1537
3674,0.1412
3677,0.0903
3678,0.1682
3679,0.1423
3680,0.1688
3681,0.159
3682,0.1554
3683,0.1564
3684,0.1516
3685,0.1638
3686,0.1824
3687,0.1678
3688,0.161
3689,0.1428
3690,0.1143
3691,0.1449
3692,0.1951
3693,0.1492
3694,0.1426
3695,0.1641
3696,0.1535
3697,0.1892
3698,0.1357
3699,0.1503
3701,0.1802
3702,0.1548
3703,0.1624
3705,0.17
3707,0.1815
3708,0.137
3710,0.1682
3711,0.1737
3712,0.1766
3714,0.1709
3715,0.149
3716,0.1364
3717,0.1598
3718,0.0591
3719,0.1606
3720,0.1477
3721,0.1439
3722,0.1524
3724,0.147
3725,0.1481
3726,0.1625
3727,0.212
3728,0.1508
3729,0.1548
3730,0.1291
3731,0.1877
3733,0.1678
3734,0.1752
3735,0.1501
3736,0.1265
3737,0.1454
3738,0.1658
3739,0.1546
3740,0.1454
3741,0.1887
3742,0.1509
3743,0.1402
3744,0.1396
3745,0.1636
3746,0.1771
3747,0.1513
3748,0.1532
3749,0.1696
3750,0.1245
3751,0.1606
3753,0.1524
3754,0.1631
3756,0.1376
3757,0.1513
3758,0.1801
3759,0.1289
3760,0.1496
3761,0.1394
3762,0.1558
3763,0.1411
3764,0.1503
3765,0.1724
3766,0.1368
3767,0.1496
3769,0.1561
3770,0.1665
3771,0.1385
3772,0.1489
3773,0.1408
3774,0.1622
3775,0.1797
3777,0.1641
3778,0.1623
3779,0.1445
3780,0.1439
3781,0.1477
3782,0.1436
3783,0.1802
3784,0.1566
3786,0.1654
3787,0.1626
3788,0.1554
3789,0.2016
3790,0.1424
3793,0.1619
3794,0.1938
3795,0.1778
3796,0.1444
3797,0.1795
3798,0.0426
3799,0.1327
3800,0.1477
3801,0.166
3802,0.1494
3803,0.1478
3804,0.1436
3805,0.1943
3806,0.1598
3808,0.1944
3810,0.1472
3811,0.1719
3812,0.131
3813,0.1379
3814,0.1385
3815,0.1384
3817,0.0592
3818,0.1378
3819,0.1444
3820,0.1432
3821,0.1317
3822,0.1743
3823,0.166
3824,0.132
3825,0.1688
3826,0.1659
3827,0.1395
3828,0.1515
3829,0.1618
3830,0.1365
3831,0.136
3832,0.1431
3833,0.1501
3835,0.1322
3836,0.1633
3838,0.159
3839,0.1695
3841,0.2218
3842,0.1411
3843,0.1616
3844,0.1487
3845,0.1486
3846,0.1673
3847,0.1448
3848,0.0942
3849,0.1536
3850,0.1688
3851,0.1465
3852,0.1409
3853,0.1611
3854,0.1527
3857,0.1384
3859,0.1237
3860,0.157
3862,0.1758
3863,0.1556
3864,0.1425
3866,0.1485
3867,0.1667
3868,0.1726
3870,0.1346
3871,0.1548
3872,0.1954
3873,0.1448
3874,0.1893
3875,0.1473
3876,0.1437
3877,0.1503
3879,0.1367
3880,0.138
3881,0.143
3882,0.1468
3883,0.1897
3884,0.1449
3885,0.1627
3886,0.189
3887,0.1699
3888,0.1609
3889,0.1597
3890,0.1511
3891,0.1795
3892,0.1599
3893,0.1518
3894,0.2034
3895,0.1636
3896,0.1505
3897,0.1588
3898,0.1331
3899,0.1542
3900,0.1474
3901,0.1559
3902,0.1494
3903,0.1647
3904,0.1388
3906,0.1651
3907,0.1372
3908,0.1458
3909,0.1687
3910,0.1738
3911,0.1745
3912,0.1749
3913,0.1647
3915,0.1556
3916,0.1436
3917,0.1668
3918,0.1824
3920,0.1345
3921,0.1487
3923,0.1525
3924,0.1649
3925,0.1672
3926,0.1503
3927,0.1582
3928,0.1596
3929,0.1848
3930,0.1746
3931,0.1482
3932,0.1667
3933,0.1642
3934,0.1767
3937,0.1316
3938,0.1644
3939,0.1716
3940,0.1841
3941,0.1635
3942,0.1863
3943,0.1592
3944,0.1631
3945,0.1832
3946,0.1608
3947,0.1523
3948,0.1475
3949,0.1269
3951,0.1452
3952,0.1612
3953,0.1643
3954,0.1618
3955,0.1596
3956,0.1541
3958,0.1374
3959,0.1822
3960,0.1367
3961,0.1824
3962,0.1876
3963,0.1572
3964,0.1806
3965,0.1386
3966,0.1565
3967,0.1613
3968,0.1448
3969,0.1776
3970,0.1549
3972,0.2171
3973,0.1679
3974,0.1705
3975,0.2187
3976,0.1361
3977,0.1771
3979,0.1456
3980,0.142
3981,0.1652
3983,0.1664
3984,0.1742
3985,0.1746
3986,0.1408
3987,0.0454
3990,0.15
3991,0.175
3992,0.1428
3993,0.1377
3994,0.1519
3995,0.1444
3996,0.1602
3999,0.1372
4000,0.181
4001,0.1993
4002,0.135
4003,0.1899
4004,0.1638
4005,0.1582
4006,0.1702
4007,0.1651
4008,0.1631
4009,0.1501
4010,0.1646
4011,0.168
4012,0.1591
4014,0.1473
4015,0.147
4016,0.133
4017,0.1362
4018,0.1605
4019,0.1445
4021,0.1534
4022,0.1491
4023,0.1599
4024,0.1318
4026,0.154
4027,0.1452
4028,0.1279
4029,0.1654
4031,0.139
4032,0.1575
4033,0.141
4034,0.1542
4035,0.1511
4036,0.1526
4037,0.1652
4038,0.2014
4039,0.1603
4040,0.1858
4041,0.1652
4042,0.1394
4043,0.1591
4044,0.1504
4045,0.1493
4046,0.1624
4047,0.1503
4048,0.1506
4049,0.117
4050,0.1492
4051,0.1271
4052,0.1488
4053,0.1576
4054,0.1694
4055,0.1419
4056,0.1465
4057,0.1724
4058,0.1307
4059,0.166
4060,0.1765
4061,0.1364
4062,0.1401
4063,0.1646
4064,0.1842
4065,0.1632
4066,0.1558
4067,0.1359
4068,0.1134
4069,0.1761
4070,0.1553
4071,0.1992
4072,0.1906
4073,0.1018
4074,0.1783
4075,0.1559
4076,0.1228
4077,0.1511
4078,0.2175
4079,0.1488
4080,0.2048
4081,0.1451
4082,0.1718
4083,0.1687
4085,0.153
4086,0.1562
4087,0.2763
4089,0.162
4090,0.158
4091,0.1368
4093,0.1705
4094,0.149
4095,0.1734
4096,0.1524
4097,0.1529
4099,0.154
4100,0.1698
4102,0.1765
4103,0.1512
4105,0.1555
4106,0.1482
4107,0.1634
4108,0.111
4110,0.141
4112,0.1464
4114,0.1506
4115,0.1348
4117,0.184
4118,0.1716
4119,0.1383
4120,0.1713
4121,0.1287
4122,0.1413
4123,0.1555
4124,0.1728
4125,0.1218
4126,0.1745
4127,0.1546
4129,0.1616
4130,0.1714
4131,0.1649
4132,0.1578
4133,0.1744
4135,0.1583
4136,0.1823
4137,0.1366
4139,0.1465
4141,0.1587
4142,0.1848
4143,0.1636
4144,0.1369
4146,0.1531
4147,0.1736
4149,0.1678
4150,0.1773
4152,0.1516
4153,0.1619
4154,0.1736
4155,0.1531
4156,0.1932
4158,0.1689
4159,0.1331
4160,0.1538
4161,0.132
4162,0.1424
4163,0.1647
4164,0.1687
4165,0.1943
4166,0.1816
4167,0.2156
4168,0.1402
4169,0.1536
4170,0.1723
4171,0.1451
4172,0.1457
4173,0.1633
4174,0.1557
4175,0.1323
4176,0.1331
4177,0.1801
4178,0.1349
4179,0.1418
4180,0.1418
4181,0.1481
4182,0.1533
4183,0.141
4184,0.1358
4185,0.1649
4187,0.1996
4188,0.1661
4189,0.1522
4190,0.1651
4191,0.1596
4192,0.157
4193,0.137
4194,0.1676
4196,0.1409
4197,0.1582
4198,0.1484
4199,0.1696
4200,0.1342
4201,0.1567
4202,0.1717
4203,0.1439
4204,0.1643
4205,0.177
4207,0.1801
4209,0.1314
4210,0.1735
4211,0.1306
4212,0.1112
4213,0.1737
4214,0.1691
4217,0.1528
4218,0.1753
4220,0.1247
4221,0.1386
4223,0.1227
4224,0.1586
4225,0.1526
4226,0.1137
4227,0.159
4228,0.1619
4229,0.0853
4230,0.1485
4231,0.1448
4232,0.1737
4233,0.1503
4234,0.1529
4236,0.2034
4238,0.1544
4239,0.1764
4240,0.1662
4242,0.1728
4243,0.1475
4244,0.1413
4245,0.1684
4247,0.1459
4248,0.1539
4251,0.1244
4252,0.1465
4253,0.1508
4254,0.1309
4255,0.1593
4256,0.1399
4259,0.1891
4260,0.1975
4261,0.1544
4262,0.1785
4263,0.1181
4264,0.1741
4265,0.1746
4266,0.1334
4267,0.1563
4268,0.1527
4269,0.1492
4270,0.1498
4271,0.1593
4273,0.2007
4274,0.1792
4276,0.1434
4277,0.1484
4278,0.1728
4279,0.1766
4280,0.1608
4281,0.142
4282,0.1267
4283,0.1417
4284,0.1502
4285,0.1668
4287,0.1586
4288,0.1463
4289,0.1544
4290,0.1419
4292,0.153
4293,0.1423
4296,0.162
4297,0.1552
4298,0.1377
4299,0.1801
4300,0.1588
4301,0.1348
4302,0.1565
4303,0.1263
4304,0.1501
4305,0.1541
4306,0.1331
4307,0.1696
4308,0.1584
4309,0.1716
4310,0.2004
4311,0.1132
4312,0.1604
4313,0.1447
4314,0.1523
4315,0.1638
4316,0.145
4317,0.1332
4319,0.141
4320,0.1662
4321,0.1378
4322,0.1554
4323,0.1649
4324,0.1465
4325,0.1698
4326,0.1153
4328,0.1592
4329,0.1587
4330,0.1576
4331,0.1574
4332,0.1843
4333,0.1309
4336,0.1461
4337,0.1536
4339,0.1383
4340,0.1863
4341,0.1497
4342,0.1292
4343,0.1437
4345,0.1541
4348,0.1795
4349,0.1883
4350,0.1554
4351,0.1624
4352,0.1602
4353,0.1504
4355,0.1581
4356,0.149
4357,0.1917
4358,0.138
4359,0.1736
4361,0.1608
4362,0.2229
4363,0.1447
4364,0.1611
4365,0.1463
4366,0.1281
4367,0.1603
4368,0.2269
4369,0.1533
4371,0.1232
4372,0.1776
4373,0.1497
4374,0.1295
4375,0.1831
4376,0.1537
4379,0.1652
4380,0.1592
4381,0.139
4383,0.1352
4384,0.1707
4385,0.1428
4386,0.1461
4387,0.1415
4388,0.156
4391,0.1708
4394,0.1372
4395,0.1474
4397,0.2033
4398,0.1588
4399,0.1394
4401,0.1727
4402,0.1226
4403,0.1645
4404,0.1444
4405,0.1545
4408,0.1593
4409,0.1547
4411,0.1484
4413,0.1828
4415,0.1475
4416,0.1564
4417,0.1584
4418,0.1481
4420,0.1628
4422,0.1626
4423,0.1613
4425,0.1502
4428,0.1417
4429,0.1493
4430,0.1588
4431,0.1616
4432,0.1451
4433,0.1276
4434,0.1537
4435,0.1887
4437,0.1529
4438,0.1525
4439,0.0958
4440,0.1423
4442,0.1691
4443,0.1891
4444,0.1664
4445,0.1625
4446,0.134
4447,0.1666
4448,0.1274
4449,0.1363
4450,0.1709
4451,0.1539
4452,0.139
4453,0.1504
4454,0.1452
4455,0.1102
4456,0.1425
4457,0.1583
4458,0.1588
4459,0.1615
4460,0.1357
4462,0.1216
4463,0.1354
4464,0.1727
4465,0.1498
4466,0.139
4468,0.1496
4469,0.1759
4471,0.1718
4472,0.1377
4473,0.092
4474,0.1628
4475,0.1525
4476,0.1829
4478,0.1632
4479,0.1481
4480,0.1535
4481,0.2022
4482,0.1914
4484,0.1446
4485,0.1315
4486,0.1618
4487,0.1756
4488,0.1428
4489,0.1591
4490,0.1708
4492,0.1554
4493,0.1725
4494,0.1355
4495,0.0996
4496,0.1612
4497,0.1815
4498,0.165
4500,0.1507
4501,0.2009
4502,0.1394
4503,0.1856
4504,0.1307
4505,0.1744
4506,0.1375
4508,0.1591
4510,0.2001
4511,0.1446
4513,0.1454
4514,0.1454
4515,0.1157
4516,0.144
4517,0.1672
4520,0.15
4522,0.1109
4523,0.159
4526,0.169
4527,0.1533
4528,0.1277
4530,0.1616
4531,0.1552
4533,0.1554
4534,0.271
4535,0.1453
4538,0.1539
4539,0.1229
4541,0.139
4542,0.1333
4543,0.1403
4545,0.1565
4546,0.1544
4547,0.1852
4548,0.1551
4549,0.1487
4551,0.1483
4552,0.1497
4553,0.1761
4554,0.1335
4555,0.1632
4556,0.1749
4558,0.1841
4559,0.1349
4561,0.1545
4562,0.1551
4563,0.1701
4564,0.1415
4565,0.145
4566,0.1427
4568,0.1557
4569,0.1292
4570,0.1865
4573,0.1632
4574,0.134
4575,0.1822
4576,0.1725
4577,0.1473
4578,0.1197
4579,0.0656
4580,0.1475
4581,0.1623
4582,0.1648
4583,0.1733
4584,0.1515
4585,0.1655
4587,0.1569
4588,0.1692
4589,0.1451
4591,0.1583
4592,0.1513
4593,0.1588
4594,0.1669
4595,0.1713
4597,0.1749
4598,0.1414
4599,0.1586
4600,0.152
4601,0.1816
4602,0.1652
4603,0.1806
4604,0.1535
4605,0.1661
4607,0.1665
4608,0.1222
4609,0.1737
4610,0.1436
4611,0.1847
4612,0.1337
4613,0.1656
4614,0.1571
4615,0.1594
4616,0.1348
4617,0.163
4618,0.1177
4619,0.1581
4620,0.1591
4622,0.169
4623,0.13
4624,0.1448
4625,0.1368
4626,0.1278
4627,0.1582
4629,0.1553
4630,0.1493
4631,0.1496
4632,0.1646
4633,0.1513
4634,0.1271
4635,0.0779
4637,0.1851
4638,0.15
4639,0.1352
4641,0.147
4643,0.1056
4644,0.1678
4645,0.1459
4646,0.1572
4647,0.1689
4648,0.192
4649,0.1003
4651,0.1541
4652,0.2305
4653,0.1583
4654,0.1674
4655,0.1564
4656,0.1521
4657,0.1798
4658,0.1411
4659,0.1605
4661,0.1596
4662,0.1649
4663,0.1386
4665,0.1513
4666,0.136
4667,0.1807
4670,0.1514
4671,0.1594
4673,0.1736
4674,0.1456
4675,0.1686
4676,0.1481
4679,0.1586
4680,0.1466
4681,0.1587
4682,0.1378
4683,0.1653
4684,0.1488
4685,0.1781
4686,0.1774
4688,0.1538
4689,0.1451
4690,0.1472
4691,0.1555
4692,0.1782
4693,0.1712
4694,0.1474
4695,0.1582
4696,0.1519
4697,0.1257
4698,0.1515
4699,0.1395
4701,0.1584
4702,0.1279
4703,0.1568
4705,0.1346
4707,0.1774
4708,0.1649
4710,0.1384
4711,0.1526
4712,0.1532
4713,0.1463
4714,0.1567
4715,0.1823
4716,0.1738
4717,0.1455
4718,0.1341
4719,0.1578
4720,0.1584
4722,0.1614
4723,0.1638
4724,0.1432
4725,0.1581
4726,0.1844
4727,0.1348
4728,0.1349
4729,0.1628
4730,0.1834
4732,0.1456
4733,0.1572
4735,0.1671
4736,0.1627
4737,0.1399
4739,0.166
4740,0.1598
4741,0.1823
4742,0.1222
4743,0.1586
4744,0.2608
4746,0.1345
4747,0.1496
4748,0.1625
4750,0.1521
4751,0.1527
4753,0.1346
4754,0.1858
4755,0.1574
4756,0.1575
4757,0.1553
4758,0.1494
4759,0.1665
4760,0.1388
4761,0.1619
4762,0.1479
4763,0.1379
4765,0.1953
4766,0.1236
4767,0.176
4769,0.1669
4770,0.171
4771,0.171
4772,0.0504
4773,0.1333
4774,0.1491
4775,0.1435
4777,0.1151
4778,0.1758
4779,0.1501
4780,0.1567
4781,0.1602
4783,0.1998
4784,0.1476
4785,0.15
4786,0.1445
4787,0.1582
4788,0.1485
4789,0.1921
4790,0.2147
4792,0.1873
4793,0.1386
4795,0.1556
4796,0.147
4797,0.1663
4798,0.1537
4799,0.1306
4800,0.1511
4801,0.1716
4802,0.161
4803,0.1979
4804,0.1456
4805,0.1419
4806,0.0972
4807,0.1516
4808,0.1562
4809,0.1437
4810,0.1354
4812,0.1668
4813,0.1388
4814,0.1673
4815,0.1573
4816,0.1515
4817,0.1538
4818,0.1644
4819,0.1529
4820,0.0382
4821,0.1336
4822,0.1529
4825,0.1644
4826,0.1436
4828,0.1266
4830,0.169
4831,0.151
4832,0.1653
4834,0.1489
4835,0.1434
4837,0.1417
4842,0.1705
4843,0.1481
4844,0.1965
4845,0.1684
4846,0.1457
4847,0.1412
4848,0.2023
4849,0.1501
4850,0.1453
4851,0.1742
4852,0.177
4854,0.156
4855,0.1423
4856,0.1539
4857,0.1686
4858,0.1604
4859,0.1555
4860,0.1299
4861,0.1587
4863,0.1558
4864,0.1194
4866,0.1479
4867,0.1499
4868,0.1748
4869,0.1367
4870,0.1855
4871,0.1719
4872,0.1594
4873,0.1532
4874,0.1604
4875,0.1419
4876,0.1579
4878,0.2196
4879,0.1208
4880,0.1339
4881,0.1684
4882,0.1558
4883,0.1604
4884,0.1651
4885,0.1348
4886,0.1517
4887,0.163
4888,0.1359
4890,0.1646
4891,0.1513
4892,0.1375
4893,0.1813
4894,0.1637
4896,0.1424
4898,0.1797
4899,0.1699
4902,0.1705
4903,0.1638
4904,0.1506
4905,0.1735
4906,0.1808
4907,0.1785
4908,0.1674
4911,0.1188
4912,0.1368
4913,0.1507
4914,0.1559
4915,0.1818
4916,0.1608
4917,0.1448
4918,0.1604
4919,0.1434
4920,0.1575
4921,0.1748
4922,0.1497
4923,0.1503
4924,0.1352
4925,0.1386
4927,0.158
4928,0.1683
4929,0.2519
4930,0.1655
4931,0.1556
4933,0.1573
4934,0.1624
4935,0.1653
4937,0.1744
4938,0.149
4939,0.1605
4940,0.182
4941,0.1478
4942,0.142
4943,0.142
4944,0.1779
4945,0.1406
4946,0.136
4947,0.1248
4948,0.1625
4949,0.1601
4950,0.2052
4951,0.1792
4952,0.1628
4954,0.1683
4956,0.1456
4958,0.162
4960,0.149
4961,0.145
4962,0.1507
4963,0.1483
4964,0.1617
4966,0.121
4967,0.1533
4968,0.1606
4969,0.1228
4970,0.1672
4972,0.1736
4973,0.1757
4974,0.0977
4975,0.1696
4976,0.1408
4978,0.2016
4979,0.1384
4980,0.1528
4981,0.1615
4982,0.1659
4983,0.1677
4984,0.1424
4986,0.1415
4988,0.1584
4989,0.1364
4990,0.1673
4991,0.131
4992,0.1483
4993,0.182
4994,0.1545
4995,0.1722
4996,0.1403
4997,0.1535
4998,0.1536
4999,0.153
5001,0.1583
5002,0.1548
5003,0.1562
5004,0.1328
5005,0.1447
5006,0.1546
5010,0.1535
5011,0.1511
5013,0.1432
5014,0.1504
5015,0.1365
5016,0.1495
5017,0.1631
5018,0.1642
5019,0.1629
5020,0.1419
5021,0.1524
5022,0.1526
5024,0.1537
5025,0.1419
5026,0.149
5027,0.1783
5028,0.1507
5029,0.1298
5031,0.1647
5034,0.1786
5035,0.1509
5037,0.1545
5038,0.1436
5039,0.1439
5040,0.1597
5041,0.1344
5042,0.1641
5046,0.1653
5047,0.1542
5048,0.1679
5051,0.1671
5052,0.1811
5054,0.1847
5055,0.1489
5056,0.1225
5058,0.1728
5059,0.1542
5060,0.1638
5061,0.1609
5062,0.2784
5063,0.153
5064,0.161
5065,0.1671
5066,0.2305
5067,0.1321
5068,0.1029
5069,0.1515
5070,0.1481
5071,0.1575
5074,0.1623
5075,0.1719
5076,0.2086
5077,0.1581
5078,0.1593
5081,0.1529
5082,0.1417
5083,0.1679
5084,0.1625
5085,0.1615
5086,0.1144
5088,0.1406
5089,0.1865
5090,0.1274
5092,0.2089
5093,0.1598
5094,0.1512
5096,0.1654
5097,0.1403
5098,0.1422
5099,0.1788
5100,0.1449
5101,0.1539
5102,0.1531
5103,0.1569
5104,0.1391
5105,0.1374
5107,0.1396
5109,0.1519
5110,0.14
5112,0.1556
5114,0.1388
5115,0.1447
5117,0.1922
5118,0.1618
5119,0.1543
5121,0.2537
5122,0.1351
5123,0.1582
5124,0.1753
5125,0.143
5126,0.1599
5128,0.1784
5129,0.1481
5130,0.1643
5131,0.1374
5132,0.1593
5133,0.1335
5134,0.1548
5135,0.1626
5136,0.2068
5137,0.1385
5138,0.1243
5139,0.1569
5141,0.1905
5143,0.1418
5144,0.1482
5145,0.1625
5146,0.1795
5147,0.1473
5148,0.1493
5149,0.1286
5150,0.1578
5151,0.1775
5152,0.151
5153,0.1476
5154,0.2604
5155,0.1557
5156,0.1581
5157,0.1686
5158,0.1522
5159,0.1497
5160,0.1376
5161,0.1732
5162,0.1489
5163,0.1555
5164,0.166
5165,0.1483
5166,0.1591
5167,0.1466
5168,0.1389
5170,0.1446
5171,0.159
5172,0.1564
5173,0.1756
5174,0.172
5175,0.1552
5176,0.1424
5177,0.1037
5178,0.1651
5179,0.1932
5182,0.133
5183,0.1508
5184,0.1664
5185,0.1528
5186,0.1526
5187,0.18
5188,0.1912
5189,0.1345
5190,0.1429
5191,0.1821
5192,0.1559
5193,0.1557
5194,0.1496
5195,0.1977
5196,0.1346
5197,0.1376
5198,0.1505
5199,0.1605
5200,0.1713
5201,0.1773
5202,0.2069
5203,0.1634
5204,0.1506
5205,0.1642
5206,0.1746
5208,0.1695
5209,0.1799
5210,0.1543
5211,0.1551
5213,0.139
5215,0.184
5216,0.1419
5217,0.2038
5218,0.1779
5221,0.156
5223,0.1562
5224,0.1505
5225,0.1609
5226,0.1505
5228,0.11
5230,0.1638
5232,0.1478
5233,0.18
5234,0.1452
5236,0.1562
5238,0.0599
5240,0.1638
5242,0.1824
5243,0.1698
5244,0.1483
5245,0.1521
5246,0.1889
5248,0.1665
5249,0.1495
5250,0.1659
5251,0.1614
5252,0.1427
5253,0.1947
5254,0.1712
5255,0.1469
5256,0.1609
5257,0.1524
5258,0.1998
5260,0.1293
5261,0.1539
5262,0.1701
5263,0.1632
5264,0.1556
5266,0.1758
5267,0.1512
5268,0.16
5269,0.156
5270,0.0955
5271,0.1206
5272,0.1465
5273,0.1323
5274,0.1797
5275,0.1883
5277,0.1432
5278,0.1926
5280,0.1694
5281,0.1422
5282,0.1375
5283,0.1707
5284,0.1577
5285,0.1322
5286,0.1409
5287,0.1293
5288,0.1614
5290,0.1384
5291,0.1579
5292,0.123
5293,0.1441
5294,0.159
5295,0.1416
5296,0.1393
5297,0.1508
5298,0.1647
5299,0.1512
5301,0.1321
5302,0.1476
5303,0.147
5304,0.1667
5306,0.1535
5307,0.1709
5308,0.155
5309,0.1413
5310,0.1822
5311,0.149
5312,0.1664
5314,0.1683
5315,0.1914
5316,0.1757
5317,0.1513
5318,0.166
5319,0.1557
5321,0.1743
5322,0.1643
5323,0.1859
5324,0.1703
5325,0.1708
5326,0.1491
5327,0.1711
5328,0.1447
5329,0.1553
5330,0.1544
5331,0.1517
5332,0.2042
5334,0.1796
5335,0.1586
5336,0.1496
5337,0.1584
5338,0.1426
5339,0.1636
5341,0.1556
5343,0.1591
5344,0.1587
5345,0.1629
5346,0.1352
5347,0.1523
5349,0.1504
5350,0.1389
5351,0.1583
5352,0.1627
5353,0.1444
5354,0.1487
5355,0.149
5356,0.1528
5358,0.1998
5359,0.1324
5360,0.1147
5361,0.1528
5362,0.1638
5363,0.2006
5364,0.1738
5365,0.163
5366,0.1487
5367,0.159
5369,0.1622
5371,0.1602
5372,0.1316
5374,0.1467
5375,0.1904
5376,0.1485
5378,0.1492
5379,0.1313
5380,0.2202
5381,0.1479
5382,0.128
5383,0.1602
5384,0.1473
5385,0.1686
5386,0.1462
5387,0.1431
5388,0.1296
5389,0.1591
5390,0.1425
5391,0.1511
5392,0.1384
5394,0.1773
5395,0.1096
5398,0.1776
5399,0.1452
5400,0.1225
5402,0.1546
5404,0.2057
5405,0.1764
5407,0.1739
5408,0.1502
5411,0.1527
5412,0.1771
5413,0.1459
5416,0.1787
5417,0.154
5418,0.1785
5419,0.1582
5420,0.1538
5421,0.1616
5422,0.1668
5423,0.1413
5424,0.1846
5425,0.1796
5427,0.1544
5428,0.1463
5429,0.1876
5430,0.1507
5431,0.2007
5432,0.1453
5433,0.1564
5435,0.1704
5436,0.1586
5437,0.1305
5438,0.1433
5439,0.1585
5442,0.1417
5443,0.1463
5444,0.1571
5445,0.1808
5446,0.1749
5447,0.1687
5448,0.1767
5449,0.1242
5450,0.1732
5451,0.2208
5452,0.1467
5453,0.1649
5454,0.2236
5455,0.1447
5456,0.1396
5457,0.1408
5460,0.1388
5461,0.1327
5462,0.1522
5463,0.149
5464,0.1751
5465,0.1347
5469,0.1693
5470,0.1461
5471,0.163
5472,0.1343
5473,0.1598
5474,0.1818
5475,0.1667
5476,0.1443
5477,0.1065
5478,0.1694
5479,0.1613
5480,0.1631
5481,0.1529
5482,0.2752
5483,0.1394
5484,0.1768
5485,0.172
5487,0.0847
5488,0.1626
5489,0.1435
5490,0.1613
5491,0.1957
5492,0.1445
5493,0.1614
5494,0.1564
5496,0.161
5497,0.1656
5498,0.1593
5499,0.1489
5501,0.1578
5503,0.1717
5504,0.1578
5506,0.163
5507,0.179
5508,0.167
5509,0.1704
5510,0.1622
5513,0.1706
5514,0.1938
5515,0.1826
5516,0.1543
5519,0.1408
5520,0.1567
5522,0.192
5523,0.133
5524,0.1486
5525,0.1458
5526,0.1308
5527,0.1384
5528,0.1695
5529,0.1725
5530,0.1677
5531,0.1352
5532,0.1885
5533,0.1504
5534,0.1585
5535,0.1707
5537,0.299
5538,0.1523
5539,0.1605
5540,0.1404
5541,0.1524
5542,0.1445
5543,0.1221
5544,0.1524
5545,0.1471
5546,0.1783
5547,0.187
5548,0.127
5549,0.1556
5550,0.1412
5551,0.1499
5552,0.1378
5553,0.1987
5554,0.1544
5558,0.1628
5559,0.1401
5560,0.1454
5561,0.1328
5562,0.151
5563,0.1394
5564,0.1729
5565,0.171
5566,0.1388
5568,0.163
5569,0.1532
5570,0.1577
5571,0.1461
5572,0.1365
5573,0.165
5574,0.1446
5576,0.1574
5577,0.1574
5578,0.1615
5579,0.1434
5580,0.1467
5581,0.1527
5582,0.1652
5583,0.1618
5584,0.1547
5585,0.1489
5586,0.1564
5587,0.1556
5588,0.1357
5589,0.1757
5590,0.226
5591,0.1595
5592,0.1781
5593,0.1614
5594,0.1381
5595,0.1866
5596,0.1576
5597,0.1598
5598,0.188
5599,0.175
5600,0.1693
5601,0.1824
5603,0.1489
5605,0.1791
5606,0.1417
5609,0.1462
5610,0.1567
5611,0.1461
5612,0.1735
5613,0.119
5614,0.1596
5615,0.1532
5616,0.1794
5617,0.1474
5618,0.1691
5619,0.1428
5621,0.1738
5622,0.1402
5624,0.1696
5625,0.1571
5627,0.1345
5628,0.1481
5629,0.1607
5630,0.1852
5631,0.1344
5632,0.144
5633,0.1574
5634,0.1829
5635,0.1809
5637,0.1654
5638,0.1592
5640,0.1611
5642,0.2195
5644,0.1732
5645,0.1287
5646,0.0274
5647,0.1389
5648,0.1524
5650,0.1791
5651,0.1959
5653,0.1811
5654,0.1316
5655,0.1382
5656,0.147
5660,0.1568
5661,0.0481
5663,0.1674
5664,0.188
5665,0.1256
5666,0.153
5668,0.1602
5669,0.1656
5671,0.1532
5672,0.1742
5673,0.1662
5674,0.1641
5675,0.1531
5677,0.1391
5678,0.1727
5679,0.1637
5680,0.1391
5681,0.1486
5682,0.1532
5683,0.1469
5684,0.1623
5685,0.1548
5686,0.1557
5687,0.1586
5688,0.1774
5689,0.1641
5690,0.1733
5691,0.1536
5692,0.1586
5693,0.1504
5694,0.1665
5695,0.1654
5696,0.1788
5697,0.1408
5698,0.1469
5699,0.1739
5700,0.1234
5701,0.1402
5702,0.1597
5703,0.1519
5704,0.1451
5705,0.1574
5706,0.1737
5707,0.183
5708,0.1419
5709,0.1588
5710,0.1733
5711,0.1672
5712,0.1582
5713,0.154
5714,0.147
5715,0.1437
5716,0.1531
5717,0.1779
5719,0.1656
5721,0.1561
5722,0.1717
5724,0.1404
5725,0.167
5726,0.1517
5727,0.1549
5728,0.1497
5729,0.1391
5730,0.1289
5731,0.1704
5732,0.1018
5733,0.1413
5734,0.1471
5735,0.1597
5736,0.1395
5737,0.148
5738,0.1818
5739,0.1629
5740,0.1575
5741,0.1601
5743,0.147
5744,0.1561
5745,0.1474
5746,0.1504
5748,0.1578
5749,0.1369
5751,0.1307
5753,0.1606
5754,0.1495
5755,0.1598
5757,0.1515
5758,0.141
5760,0.1606
5761,0.1181
5762,0.1403
5764,0.1394
5765,0.1629
5766,0.2275
5767,0.119
5768,0.1281
5769,0.2
5771,0.1776
5773,0.1661
5774,0.153
5775,0.1818
5776,0.1679
5777,0.1671
5778,0.1424
5779,0.1712
5781,0.1222
5782,0.1846
5783,0.1661
5784,0.1507
5785,0.1597
5786,0.187
5787,0.162
5788,0.156
5789,0.1945
5790,0.1748
5791,0.1518
5792,0.1353
5793,0.1804
5794,0.1209
5795,0.1868
5797,0.1586
5798,0.1741
5799,0.177
5800,0.176
5801,0.2193
5802,0.1545
5803,0.1575
5804,0.1415
5805,0.1454
5806,0.1621
5807,0.2172
5808,0.184
5809,0.1891
5811,0.1588
5813,0.1508
5815,0.1601
5816,0.1517
5821,0.1869
5822,0.1487
5823,0.1691
5824,0.1839
5825,0.1461
5826,0.1859
5827,0.1402
5828,0.1902
5829,0.1355
5830,0.1523
5831,0.1437
5832,0.1599
5834,0.1516
5835,0.1396
5836,0.1374
5838,0.1413
5840,0.1858
5841,0.1524
5842,0.1492
5843,0.1522
5844,0.1781
5845,0.1431
5846,0.1561
5847,0.1259
5848,0.0842
5849,0.1657
5851,0.1768
5852,0.1451
5853,0.1437
5854,0.1789
5855,0.1556
5857,0.1347
5858,0.1397
5859,0.1349
5860,0.1523
5861,0.1272
5862,0.1557
5863,0.1693
5864,0.1706
5865,0.1577
5866,0.1729
5867,0.1596
5868,0.1715
5869,0.1736
5870,0.1354
5871,0.1422
5873,0.1475
5874,0.1448
5875,0.1415
5877,0.1424
5878,0.1873
5879,0.1562
5880,0.061
5882,0.1554
5883,0.1324
5885,0.1772
5886,0.1802
5887,0.1434
5891,0.1211
5892,0.1662
5894,0.1704
5898,0.1674
5899,0.1567
5900,0.1691
5901,0.1827
5904,0.1604
5905,0.1776
5906,0.1569
5907,0.1597
5908,0.1605
5911,0.1434
5912,0.1306
5913,0.1256
5916,0.1626
5917,0.2036
5918,0.176
5919,0.1729
5920,0.1662
5921,0.1332
5922,0.16
5923,0.1914
5926,0.1404
5927,0.1656
5928,0.1448
5929,0.1151
5930,0.2044
5931,0.1658
5932,0.1635
5933,0.1652
5934,0.1285
5935,0.1557
5937,0.1729
5938,0.1393
5939,0.1547
5943,0.1599
5944,0.1543
5945,0.1974
5946,0.1772
5947,0.1551
5948,0.1583
5949,0.1232
5950,0.1662
5951,0.1416
5952,0.1325
5953,0.1741
5954,0.1789
5955,0.1523
5956,0.1544
5957,0.1804
5959,0.1629
5960,0.1595
5961,0.1488
5963,0.1511
5964,0.1428
5965,0.181
5966,0.1827
5967,0.1518
5968,0.1826
5969,0.1458
5970,0.1172
5971,0.1618
5972,0.1505
5973,0.1639
5974,0.1608
5975,0.1607
5976,0.1509
5977,0.1793
5978,0.1603
5979,0.1628
5980,0.1443
5981,0.1644
5982,0.1297
5983,0.1668
5985,0.1486
5986,0.1579
5987,0.1636
5989,0.1403
5992,0.1595
5995,0.1632
5997,0.1677
5998,0.1409
5999,0.1728
6000,0.1446
6001,0.1612
6002,0.1553
6003,0.1595
6005,0.1712
6006,0.1585
6007,0.1442
6009,0.1454
6010,0.1775
6011,0.1833
6012,0.1565
6013,0.17
6014,0.1445
6015,0.1567
6016,0.1553
6018,0.1678
6019,0.1746
6020,0.1534
6021,0.1535
6022,0.1844
6025,0.1193
6026,0.1476
6027,0.1407
6028,0.1774
6029,0.1867
6031,0.1432
6032,0.1694
6033,0.1482
6034,0.144
6035,0.1668
6036,0.1849
6037,0.1513
6038,0.1188
6039,0.157
6040,0.1354
6041,0.186
6042,0.1636
6044,0.1521
6045,0.1276
6046,0.157
6047,0.184
6048,0.1468
6049,0.1387
6051,0.147
6052,0.16
6053,0.1408
6054,0.16
6055,0.1492
6056,0.1569
6057,0.1755
6058,0.1776
6059,0.147
6060,0.1889
6061,0.1107
6062,0.1651
6064,0.1733
6065,0.1329
6066,0.1775
6067,0.1349
6069,0.1744
6070,0.1431
6071,0.1777
6072,0.1641
6073,0.1452
6074,0.1212
6075,0.1527
6077,0.1547
6078,0.1487
6080,0.1558
6081,0.1598
6082,0.1761
6083,0.1545
6084,0.1563
6085,0.1768
6086,0.1653
6087,0.1313
6088,0.1608
6089,0.1371
6091,0.1474
6092,0.1647
6094,0.16
6095,0.1485
6096,0.1432
6097,0.1241
6098,0.1369
6099,0.1803
6100,0.1571
6101,0.1355
6102,0.1688
6103,0.1459
6104,0.136
6105,0.1869
6106,0.1587
6107,0.1739
6108,0.1623
6109,0.1368
6110,0.1622
6112,0.1376
6113,0.1449
6114,0.1681
6116,0.1741
6117,0.2188
6118,0.1342
6119,0.1486
6120,0.1545
6121,0.1396
6122,0.1563
6123,0.1568
6124,0.1721
6125,0.1465
6126,0.1418
6127,0.1323
6129,0.1665
6130,0.172
6131,0.1736
6132,0.1524
6133,0.1568
6134,0.1604
6135,0.145
6136,0.1328
6137,0.1681
6139,0.1563
6140,0.1548
6142,0.1526
6143,0.1729
6144,0.154
6145,0.1593
6146,0.1182
6147,0.1532
6148,0.1737
6149,0.1511
6150,0.1765
6151,0.1498
6152,0.1342
6153,0.1413
6154,0.1716
6156,0.1304
6158,0.1811
6159,0.1779
6160,0.1435
6161,0.1645
6164,0.1369
6165,0.1745
6166,0.076
6167,0.1561
6168,0.1551
6169,0.1677
6170,0.1493
6171,0.1657
6172,0.1922
6173,0.1695
6174,0.1556
6176,0.1389
6177,0.1404
6178,0.1555
6179,0.1707
6180,0.1593
6181,0.1539
6182,0.1637
6183,0.1732
6185,0.1604
6186,0.1651
6187,0.1444
6188,0.1535
6189,0.1835
6190,0.1955
6192,0.1581
6193,0.1656
6194,0.1611
6195,0.1537
6196,0.1652
6197,0.1905
6198,0.0934
6200,0.1563
6201,0.1463
6202,0.147
6203,0.1203
6204,0.1789
6205,0.1332
6206,0.1605
6207,0.2078
6208,0.1434
6209,0.145
6211,0.1621
6214,0.1568
6215,0.1587
6217,0.1623
6218,0.1557
6219,0.1569
6220,0.1502
6221,0.2105
6222,0.1698
6223,0.169
6224,0.1765
6225,0.1432
6226,0.1822
6227,0.1759
6228,0.1495
6230,0.17
6231,0.1724
6233,0.1723
6234,0.153
6235,0.1342
6236,0.1388
6237,0.1722
6238,0.1684
6239,0.1229
6241,0.1386
6242,0.1729
6243,0.0301
6245,0.1351
6246,0.1569
6247,0.1899
6248,0.2418
6250,0.1766
6253,0.1443
6254,0.2013
6255,0.179
6256,0.1508
6257,0.1355
6258,0.1552
6259,0.1427
6260,0.1336
6261,0.1542
6262,0.1542
6263,0.1521
6264,0.1877
6266,0.1304
6267,0.1518
6268,0.1755
6269,0.1612
6270,0.1152
6272,0.1494
6273,0.1414
6274,0.1585
6275,0.1759
6277,0.1389
6281,0.1649
6282,0.1673
6284,0.1379
6285,0.175
6286,0.2095
6287,0.1687
6288,0.1431
6291,0.1456
6292,0.1356
6294,0.1506
6295,0.1751
6296,0.1507
6297,0.1543
6298,0.1527
6299,0.137
6300,0.1975
6301,0.1503
6302,0.1352
6303,0.1527
6304,0.1369
6306,0.1448
6307,0.181
6308,0.1591
6309,0.1659
6310,0.2564
6312,0.1822
6313,0.0878
6314,0.1458
6315,0.1582
6316,0.1795
6319,0.164
6320,0.1807
6321,0.1477
6322,0.1543
6323,0.1727
6324,0.1541
6325,0.1328
6327,0.166
6328,0.194
6331,0.1691
6332,0.1618
6333,0.156
6334,0.1696
6335,0.1681
6336,0.1633
6337,0.1286
6339,0.17
6340,0.1614
6342,0.1587
6343,0.1559
6345,0.1429
6346,0.1392
6347,0.1541
6349,0.1526
6350,0.1805
6351,0.1524
6352,0.1663
6354,0.1694
6355,0.1752
6356,0.1487
6357,0.1315
6359,0.1541
6360,0.1499
6361,0.188
6363,0.1759
6364,0.1727
6365,0.1403
6367,0.1584
6368,0.1499
6370,0.1114
6371,0.145
6372,0.1753
6373,0.1616
6375,0.1593
6376,0.1654
6378,0.1352
6379,0.1546
6380,0.1542
6381,0.1587
6383,0.1711
6384,0.1425
6385,0.1393
6386,0.1409
6387,0.1928
6388,0.1627
6389,0.1667
6390,0.133
6392,0.1738
6393,0.1783
6394,0.1603
6395,0.1554
6396,0.1331
6399,0.152
6400,0.1646
6401,0.1843
6402,0.1623
6403,0.1843
6406,0.1766
6407,0.1626
6408,0.17
6410,0.1548
6411,0.1674
6412,0.1506
6413,0.1654
6414,0.1755
6415,0.1884
6416,0.152
6417,0.1331
6418,0.1446
6419,0.1609
6421,0.171
6424,0.1326
6425,0.1629
6426,0.1518
6427,0.1449
6428,0.1559
6429,0.1648
6430,0.1466
6431,0.1507
6432,0.1504
6433,0.1464
6434,0.1473
6435,0.14
6436,0.1382
6437,0.1694
6438,0.1388
6439,0.12
6440,0.1535
6442,0.1359
6443,0.1715
6444,0.1634
6445,0.1473
6446,0.147
6447,0.1777
6448,0.166
6449,0.1629
6450,0.161
6451,0.1545
6452,0.2197
6453,0.1581
6454,0.1655
6457,0.1409
6458,0.1421
6459,0.1416
6460,0.1674
6461,0.155
6462,0.1581
6463,0.1449
6464,0.1094
6465,0.1383
6466,0.1295
6467,0.1669
6468,0.1267
6469,0.1609
6470,0.1533
6472,0.1536
6473,0.1756
6474,0.1402
6475,0.1279
6476,0.1237
6478,0.1516
6479,0.1508
6480,0.162
6481,0.1672
6482,0.1383
6484,0.1431
6485,0.1664
6486,0.2098
6488,0.1674
6489,0.1515
6491,0.1489
6492,0.1631
6494,0.1825
6495,0.1325
6496,0.274
6497,0.1463
6498,0.1455
6499,0.1442
6500,0.183
6502,0.1638
6503,0.1597
6504,0.1569
6505,0.1324
6506,0.1596
6508,0.1529
6509,0.1564
6510,0.1344
6511,0.1776
6512,0.1951
6515,0.1533
6516,0.1403
6517,0.1603
6518,0.173
6520,0.1363
6521,0.1568
6522,0.1624
6523,0.1618
6524,0.182
6525,0.1463
6526,0.1425
6527,0.1361
6528,0.1163
6529,0.168
6530,0.19
6531,0.1461
6532,0.1606
6534,0.1365
6535,0.1471
6536,0.1458
6538,0.1475
6539,0.1488
6540,0.1845
6541,0.1482
6542,0.1579
6543,0.1605
6544,0.1679
6546,0.138
6547,0.1535
6548,0.1503
6549,0.1183
6550,0.165
6551,0.1453
6552,0.1411
6553,0.1473
6554,0.163
6555,0.15
6556,0.1305
6557,0.1761
6558,0.1589
6561,0.1327
6562,0.1377
6563,0.1291
6564,0.1801
6565,0.1464
6566,0.1328
6567,0.1776
6570,0.174
6571,0.1746
6572,0.169
6573,0.1503
6574,0.2159
6575,0.1507
6576,0.1343
6577,0.1436
6578,0.1555
6579,0.1437
6580,0.1583
6581,0.1488
6582,0.1569
6583,0.1561
6585,0.1295
6586,0.1726
6587,0.1285
6589,0.155
6591,0.1425
6592,0.1619
6593,0.0989
6594,0.1824
6596,0.1365
6597,0.1658
6598,0.1877
6601,0.1743
6603,0.1414
6604,0.1685
6605,0.1323
6606,0.1364
6607,0.1558
6608,0.1626
6609,0.1464
6611,0.1806
6612,0.1878
6613,0.1371
6614,0.1764
6615,0.1687
6616,0.1487
6617,0.1413
6619,0.1551
6621,0.1447
6623,0.1542
6624,0.1809
6625,0.1569
6627,0.1614
6628,0.139
6629,0.1706
6630,0.1649
6632,0.1784
6633,0.1912
6635,0.1642
6637,0.163
6638,0.1805
6640,0.1642
6643,0.1409
6645,0.1465
6647,0.1411
6648,0.1341
6649,0.1567
6650,0.1597
6652,0.1647
6653,0.1646
6654,0.1479
6656,0.1827
6657,0.1824
6658,0.2227
6659,0.1527
6660,0.1506
6661,0.1521
6662,0.1733
6663,0.176
6664,0.1804
6665,0.1472
6666,0.1691
6667,0.1593
6668,0.1656
6669,0.1446
6670,0.1433
6672,0.1485
6673,0.1616
6674,0.1539
6675,0.1421
6676,0.1164
6678,0.1606
6680,0.1532
6682,0.1551
6684,0.13
6685,0.1353
6686,0.1481
6687,0.1396
6688,0.1472
6690,0.1648
6693,0.1671
6694,0.185
6695,0.174
6696,0.1444
6697,0.1968
6699,0.1681
6700,0.124
6701,0.1606
6702,0.1133
6703,0.1558
6704,0.1618
6706,0.1356
6707,0.1567
6708,0.1535
6709,0.0387
6711,0.1469
6712,0.1567
6713,0.1623
6714,0.1919
6715,0.1296
6716,0.1317
6717,0.1673
6718,0.1348
6719,0.2395
6720,0.1583
6721,0.149
6722,0.1618
6724,0.1511
6725,0.1466
6726,0.1543
6727,0.1506
6728,0.1579
6730,0.1164
6731,0.1827
6732,0.1472
6734,0.1786
6735,0.1562
6736,0.1969
6737,0.1621
6738,0.1365
6739,0.1344
6740,0.1352
6741,0.1344
6742,0.1687
6743,0.1651
6744,0.1512
6746,0.1767
6747,0.2192
6749,0.1481
6750,0.1663
6752,0.1428
6754,0.1656
6755,0.1568
6756,0.1525
6757,0.1602
6758,0.1693
6759,0.1467
6760,0.141
6761,0.1388
6762,0.1336
6763,0.1462
6765,0.1239
6766,0.1421
6767,0.1636
6768,0.1382
6770,0.1184
6771,0.1265
6772,0.1723
6773,0.1396
6774,0.1568
6775,0.1705
6777,0.1688
6779,0.1328
6781,0.1733
6782,0.1418
6783,0.1639
6784,0.1369
6785,0.1502
6786,0.1397
6787,0.1288
6788,0.1328
6789,0.1514
6790,0.155
6791,0.1445
6792,0.1544
6795,0.1533
6796,0.1495
6797,0.162
6798,0.1724
6799,0.1284
6800,0.1158
6801,0.1885
6803,0.1482
6804,0.138
6805,0.1545
6807,0.1778
6808,0.1518
6809,0.1266
6810,0.1793
6811,0.1629
6812,0.1929
6815,0.1368
6816,0.1593
6817,0.1511
6818,0.16
6819,0.1787
6820,0.1378
6821,0.1409
6822,0.1293
6823,0.1534
6824,0.1494
6825,0.1507
6826,0.1387
6827,0.1593
6829,0.1353
6830,0.1511
6831,0.1193
6832,0.1576
6833,0.1703
6834,0.1652
6836,0.1845
6837,0.1608
6838,0.1662
6839,0.162
6840,0.1436
6841,0.1517
6842,0.171
6843,0.1253
6844,0.1546
6846,0.1286
6847,0.1793
6848,0.1351
6849,0.1294
6850,0.1564
6851,0.1458
6852,0.1155
6853,0.1499
6854,0.1448
6855,0.1451
6856,0.1655
6857,0.1416
6858,0.146
6859,0.1506
6861,0.1693
6862,0.173
6863,0.1437
6864,0.1348
6865,0.1847
6866,0.1407
6868,0.1446
6869,0.1493
6870,0.1767
6871,0.1367
6872,0.139
6873,0.1602
6874,0.1316
6875,0.1875
6878,0.1512
6879,0.1456
6880,0.153
6881,0.2017
6882,0.1713
6885,0.1971
6888,0.1606
6889,0.1538
6890,0.1631
6891,0.1709
6892,0.1272
6893,0.1466
6894,0.1693
6895,0.1625
6898,0.1642
6899,0.1723
6900,0.1608
6902,0.1421
6903,0.1565
6904,0.1291
6905,0.1455
6906,0.1369
6907,0.1528
6908,0.1438
6909,0.151
6910,0.1776
6911,0.1818
6912,0.1457
6913,0.1836
6914,0.1647
6915,0.1576
6916,0.2217
6918,0.1504
6919,0.1686
6920,0.1561
6921,0.1464
6922,0.1592
6923,0.1446
6924,0.1576
6925,0.1607
6926,0.1584
6927,0.1352
6928,0.1782
6929,0.1586
6930,0.1936
6931,0.1776
6932,0.1341
6933,0.1407
6936,0.1402
6937,0.1772
6939,0.1663
6940,0.1763
6941,0.1281
6942,0.1435
6943,0.1716
6944,0.1671
6945,0.1545
6946,0.1308
6947,0.1405
6948,0.1614
6949,0.1855
6950,0.1431
6952,0.174
6953,0.1466
6954,0.1419
6956,0.1496
6957,0.169
6958,0.1505
6959,0.1406
6960,0.1671
6961,0.1604
6962,0.1648
6964,0.1437
6965,0.1505
6966,0.1613
6967,0.1474
6968,0.1364
6969,0.1624
6970,0.2371
6971,0.1468
6973,0.2219
6975,0.1869
6978,0.1516
6979,0.1881
6980,0.1392
6981,0.1697
6982,0.1394
6984,0.1303
6986,0.1545
6987,0.1644
6988,0.1397
6989,0.1582
6990,0.1323
6991,0.2032
6992,0.1668
6994,0.1448
6995,0.1465
6996,0.1498
6997,0.1698
7000,0.1349
7001,0.1552
7002,0.1633
7003,0.1356
7004,0.134
7005,0.1519
7006,0.1446
7007,0.1597
7008,0.1721
7009,0.1537
7010,0.1691
7012,0.1613
7013,0.1626
7014,0.1598
7015,0.1663
7016,0.1715
7017,0.1674
7018,0.1498
7019,0.1597
7021,0.1481
7023,0.1488
7024,0.1134
7025,0.1787
7026,0.1693
7027,0.1616
7028,0.1297
7029,0.156
7031,0.1537
7033,0.1568
7034,0.1662
7035,0.1409
7036,0.1648
7037,0.1574
7038,0.1321
7039,0.13
7042,0.1508
7043,0.1388
7044,0.1363
7045,0.1982
7047,0.156
7050,0.1467
7051,0.1748
7052,0.1702
7053,0.1559
7054,0.1387
7056,0.1538
7057,0.1318
7058,0.1553
7059,0.1874
7060,0.1442
7061,0.1603
7062,0.1438
7063,0.144
7064,0.1771
7065,0.1525
7066,0.172
7067,0.1366
7068,0.1549
7069,0.1757
7070,0.1804
7072,0.1223
7073,0.1621
7074,0.1396
7075,0.1723
7078,0.1959
7079,0.1397
7080,0.1052
7081,0.1913
7082,0.1739
7083,0.139
7084,0.1469
7085,0.1492
7086,0.1607
7087,0.1332
7088,0.1526
7089,0.1567
7090,0.1447
7092,0.1518
7094,0.1276
7096,0.1493
7097,0.1717
7098,0.1543
7101,0.1752
7102,0.1676
7103,0.1688
7104,0.139
7105,0.2103
7109,0.2056
7110,0.1657
7111,0.1652
7112,0.1257
7114,0.1569
7115,0.1946
7116,0.1767
7117,0.1524
7118,0.1605
7119,0.1796
7120,0.1646
7122,0.1891
7123,0.1407
7124,0.169
7126,0.1668
7127,0.1495
7128,0.1892
7129,0.1597
7130,0.1492
7131,0.1567
7132,0.1947
7133,0.1333
7134,0.1749
7135,0.159
7137,0.1624
7138,0.1475
7139,0.1537
7140,0.1486
7141,0.1641
7142,0.1601
7143,0.1499
7144,0.142
7145,0.1498
7148,0.1396
7149,0.1494
7150,0.1499
7151,0.1356
7152,0.1544
7153,0.1445
7154,0.1041
7156,0.1428
7157,0.1803
7158,0.1583
7160,0.1422
7161,0.1449
7162,0.1693
7163,0.1677
7164,0.145
7165,0.1909
7167,0.1773
7168,0.1445
7169,0.1596
7170,0.1563
7172,0.1383
7173,0.1496
7174,0.1757
7175,0.1382
7177,0.1424
7178,0.1578
7179,0.1375
7180,0.1683
7182,0.1623
7183,0.1675
7184,0.1559
7185,0.1557
7186,0.1388
7187,0.1824
7188,0.1566
7189,0.1578
7190,0.1764
7191,0.1771
7192,0.1719
7193,0.1835
7194,0.1547
7195,0.1639
7197,0.1714
7198,0.1541
7200,0.1641
7201,0.1817
7202,0.1909
7203,0.1325
7204,0.1354
7205,0.1621
7207,0.1355
7208,0.1523
7209,0.1636
7210,0.1746
7211,0.1619
7212,0.1471
7213,0.1611
7214,0.1438
7215,0.1428
7216,0.1241
7219,0.1681
7220,0.1759
7221,0.1679
7222,0.1585
7223,0.1607
7224,0.2078
7225,0.1467
7226,0.1449
7228,0.1533
7230,0.1448
7232,0.1655
7233,0.1467
7234,0.0596
7237,0.1483
7238,0.1421
7239,0.1552
7240,0.1745
7241,0.1704
7243,0.1502
7244,0.1501
7245,0.1603
7246,0.1518
7247,0.1552
7248,0.1552
7249,0.2398
7250,0.1863
7251,0.1742
7252,0.1409
7253,0.176
7254,0.181
7256,0.1534
7257,0.1682
7258,0.2117
7259,0.1762
7260,0.1538
7261,0.1605
7263,0.1428
7264,0.1734
7265,0.1694
7267,0.1842
7268,0.1624
7269,0.1594
7270,0.1749
7271,0.1258
7273,0.1736
7274,0.1602
7275,0.1741
7276,0.1368
7277,0.1548
7278,0.1572
7279,0.1436
7281,0.1478
7282,0.16
7283,0.158
7284,0.14
7285,0.1887
7287,0.148
7288,0.1579
7289,0.1182
7290,0.1503
7291,0.1698
7292,0.1446
7293,0.1522
7294,0.1746
7295,0.1595
7296,0.1327
7297,0.1755
7298,0.1542
7299,0.167
7300,0.1545
7301,0.135
7302,0.1407
7303,0.184
7304,0.2239
7305,0.1549
7306,0.1399
7307,0.1326
7308,0.1713
7310,0.2071
7311,0.1517
7312,0.1271
7315,0.1478
7316,0.1421
7318,0.1606
7321,0.134
7322,0.1863
7323,0.1548
7325,0.1834
7326,0.1659
7327,0.126
7328,0.1914
7331,0.1672
7332,0.14
7333,0.1691
7334,0.1547
7335,0.144
7337,0.1705
7338,0.136
7339,0.1401
7340,0.1742
7341,0.1448
7342,0.1537
7343,0.1353
7344,0.155
7345,0.1465
7347,0.1943
7348,0.1419
7349,0.1826
7350,0.1742
7351,0.1373
7352,0.1553
7353,0.1783
7354,0.1447
7355,0.1646
7356,0.1551
7357,0.1635
7358,0.1262
7359,0.1677
7360,0.175
7361,0.1626
7363,0.1623
7364,0.1725
7365,0.1573
7368,0.1909
7369,0.1565
7370,0.1535
7371,0.1586
7373,0.0456
7375,0.1933
7376,0.1196
7377,0.1609
7379,0.1448
7381,0.1508
7382,0.1256
7383,0.1421
7384,0.1697
7385,0.1599
7387,0.1449
7388,0.1513
7389,0.1692
7390,0.1843
7391,0.1434
7392,0.1516
7393,0.1476
7396,0.146
7397,0.1665
7398,0.1335
7399,0.1763
7400,0.1582
7401,0.1555
7403,0.1833
7404,0.1612
7405,0.168
7406,0.153
7407,0.1543
7409,0.1768
7411,0.1726
7412,0.1343
7413,0.1791
7414,0.167
7415,0.1292
7416,0.0783
7418,0.1627
7419,0.141
7420,0.188
7421,0.1606
7422,0.1635
7423,0.1522
7424,0.1573
7425,0.1573
7426,0.1512
7427,0.1394
7429,0.1601
7430,0.1572
7431,0.1482
7433,0.193
7434,0.1886
7435,0.1502
7436,0.1388
7437,0.1626
7438,0.1657
7439,0.1377
7440,0.168
7442,0.1692
7443,0.2077
7446,0.1765
7447,0.1664
7448,0.1616
7450,0.0362
7451,0.1616
7452,0.1748
7453,0.16
7454,0.1433
7455,0.1459
7456,0.1427
7458,0.132
7459,0.1778
7460,0.1625
7464,0.1741
7465,0.146
7466,0.1368
7467,0.1593
7468,0.17
7469,0.1387
7470,0.157
7471,0.125
7473,0.1591
7474,0.1785
7476,0.1579
7481,0.1716
7482,0.1871
7483,0.1477
7484,0.1333
7485,0.1585
7486,0.1943
7487,0.1492
7488,0.1813
7489,0.1165
7490,0.1471
7491,0.1666
7492,0.1313
7493,0.1546
7494,0.1734
7495,0.1728
7497,0.1585
7499,0.2174
7500,0.1295
7501,0.1781
7502,0.1646
7503,0.1406
7504,0.1523
7505,0.1114
7506,0.1856
7507,0.1561
7508,0.1732
7509,0.1692
7510,0.1586
7511,0.149
7512,0.2044
7513,0.157
7514,0.2039
7515,0.1652
7516,0.1465
7517,0.1691
7518,0.1782
7519,0.1059
7520,0.1654
7521,0.101
7522,0.0935
7523,0.1543
7524,0.1883
7525,0.1625
7526,0.1458
7527,0.1712
7528,0.1588
7530,0.1407
7531,0.1526
7532,0.1545
7533,0.1821
7534,0.158
7535,0.1704
7537,0.1377
7538,0.1736
7539,0.1372
7540,0.1728
7542,0.1714
7543,0.1577
7544,0.2044
7546,0.1865
7547,0.1525
7548,0.1722
7549,0.1555
7550,0.1678
7551,0.1639
7552,0.1516
7553,0.145
7554,0.1744
7555,0.1644
7556,0.1472
7557,0.1077
7558,0.1378
7559,0.1547
7560,0.1398
7562,0.1416
7563,0.1458
7567,0.1558
7569,0.1658
7570,0.1763
7572,0.1645
7573,0.1444
7574,0.2035
7575,0.1567
7578,0.2065
7580,0.1692
7581,0.1591
7582,0.1608
7583,0.1428
7584,0.1268
7585,0.1542
7586,0.1498
7587,0.1619
7589,0.169
7590,0.1629
7591,0.1631
7592,0.1541
7593,0.201
7594,0.1495
7595,0.1446
7596,0.1958
7597,0.1523
7598,0.1539
7599,0.1775
7600,0.1603
7602,0.163
7603,0.1393
7604,0.162
7605,0.149
7606,0.1568
7609,0.1331
7610,0.1549
7611,0.1777
7612,0.1464
7613,0.1481
7614,0.2045
7615,0.1417
7616,0.1786
7617,0.1593
7618,0.1392
7619,0.1504
7620,0.1645
7621,0.1247
7622,0.142
7623,0.1657
7624,0.1468
7626,0.1792
7627,0.1551
7628,0.1719
7629,0.1853
7630,0.1533
7632,0.1458
7633,0.1428
7634,0.1523
7635,0.1652
7636,0.1613
7637,0.1333
7639,0.1629
7640,0.1632
7641,0.156
7642,0.1479
7643,0.1649
7644,0.1333
7645,0.1469
7646,0.1524
7647,0.1132
7648,0.1561
7649,0.1663
7650,0.124
7651,0.0558
7653,0.1481
7654,0.1297
7655,0.1444
7656,0.1198
7657,0.1608
7658,0.1243
7659,0.1779
7660,0.1394
7661,0.1558
7662,0.1723
7663,0.1918
7664,0.1501
7665,0.1441
7666,0.154
7667,0.1128
7668,0.1474
7669,0.2788
7670,0.2056
7671,0.1438
7672,0.1758
7673,0.1344
7674,0.1748
7676,0.1602
7677,0.1792
7678,0.1459
7679,0.1447
7680,0.1341
7681,0.1587
7682,0.1807
7683,0.1688
7684,0.1655
7685,0.1405
7687,0.1442
7688,0.1649
7690,0.1568
7692,0.1734
7693,0.1437
7694,0.1717
7695,0.15
7696,0.166
7697,0.1297
7698,0.1439
7699,0.1618
7700,0.1634
7701,0.1668
7702,0.166
7704,0.1496
7705,0.1542
7706,0.173
7707,0.1417
7708,0.1618
7709,0.1401
7710,0.1779
7711,0.1507
7713,0.1549
7714,0.1589
7715,0.1577
7716,0.1584
7717,0.1796
7718,0.1472
7719,0.1392
7720,0.1702
7721,0.1527
7722,0.1323
7723,0.1577
7724,0.1455
7725,0.1405
7726,0.1758
7727,0.147
7728,0.088
7729,0.1718
7730,0.1773
7732,0.164
7735,0.1393
7737,0.158
7738,0.173
7739,0.1408
7740,0.1682
7741,0.1858
7742,0.1436
7743,0.1587
7744,0.1638
7745,0.1612
7746,0.1679
7747,0.1422
7748,0.1303
7749,0.1433
7750,0.1628
7751,0.1359
7752,0.1934
7753,0.1638
7754,0.1541
7755,0.1813
7756,0.1401
7757,0.1415
7759,0.1386
7760,0.1571
7761,0.1591
7763,0.1282
7764,0.1711
7765,0.1801
7766,0.1572
7767,0.1495
7768,0.1793
7769,0.1641
7771,0.1038
7772,0.179
7774,0.1501
7775,0.1519
7776,0.145
7777,0.1479
7778,0.1461
7779,0.1523
7781,0.1526
7782,0.1582
7783,0.1306
7785,0.1254
7786,0.1307
7788,0.1556
7789,0.1231
7790,0.1389
7791,0.1735
7792,0.1471
7793,0.1443
7794,0.185
7795,0.1506
7796,0.177
7797,0.1645
7799,0.1499
7800,0.1427
7801,0.1496
7802,0.1591
7803,0.1531
7805,0.1609
7806,0.1725
7807,0.1472
7808,0.1496
7809,0.1881
7811,0.146
7812,0.1931
7813,0.1592
7815,0.1851
7816,0.1756
7817,0.1609
7818,0.163
7819,0.142
7820,0.18
7821,0.1493
7822,0.1634
7823,0.1439
7824,0.1613
7825,0.1342
7826,0.146
7828,0.1593
7829,0.1651
7830,0.1372
7831,0.1542
7832,0.1711
7833,0.139
7834,0.1714
7835,0.1431
7836,0.18
7837,0.1593
7838,0.217
7839,0.1418
7840,0.184
7841,0.1395
7842,0.2
7846,0.158
7847,0.1495
7848,0.1458
7849,0.1801
7850,0.1454
7852,0.1471
7853,0.1241
7854,0.1296
7856,0.1696
7857,0.1528
7858,0.1542
7859,0.1452
7860,0.1639
7861,0.1674
7863,0.1631
7864,0.1546
7865,0.1719
7866,0.1568
7867,0.1524
7868,0.1329
7869,0.1757
7870,0.1876
7871,0.1634
7872,0.1575
7875,0.1642
7876,0.175
7877,0.1477
7878,0.1855
7879,0.1621
7880,0.1868
7881,0.1458
7882,0.1381
7883,0.1674
7884,0.1659
7885,0.1507
7886,0.1637
7887,0.175
7888,0.1379
7889,0.1629
7890,0.1335
7891,0.1426
7892,0.1413
7893,0.1641
7895,0.1587
7896,0.1527
7898,0.0993
7899,0.1591
7900,0.1554
7901,0.1559
7903,0.1647
7904,0.2112
7905,0.1544
7906,0.1401
7907,0.146
7909,0.1662
7910,0.2017
7911,0.1533
7912,0.1704
7913,0.2081
7914,0.168
7915,0.1718
7916,0.1418
7917,0.1702
7918,0.1716
7921,0.1382
7922,0.1245
7923,0.1462
7924,0.1583
7926,0.1458
7927,0.1479
7928,0.1893
7929,0.1796
7930,0.1824
7931,0.1672
7932,0.1501
7933,0.1728
7935,0.15
7936,0.1897
7937,0.1747
7938,0.1716
7939,0.1623
7940,0.1781
7941,0.147
7942,0.1611
7943,0.1376
7944,0.1739
7945,0.1555
7946,0.1728
7947,0.154
7948,0.1338
7949,0.1625
7950,0.1659
7951,0.1507
7952,0.1606
7953,0.153
7954,0.1511
7955,0.151
7956,0.1813
7957,0.1478
7958,0.1247
7959,0.2423
7960,0.1526
7961,0.1873
7962,0.1904
7963,0.1778
7964,0.1395
7965,0.1629
7966,0.1661
7967,0.1599
7968,0.157
7969,0.1304
7970,0.1644
7971,0.1535
7972,0.1687
7973,0.1909
7974,0.1567
7976,0.1691
7977,0.1309
7978,0.1812
7979,0.1583
7980,0.1969
7981,0.1359
7982,0.1515
7983,0.1523
7984,0.1488
7985,0.171
7986,0.1492
7987,0.1663
7988,0.1581
7989,0.1551
7990,0.0897
7992,0.1592
7993,0.1714
7994,0.1253
7995,0.1483
7996,0.1551
7997,0.1706
7998,0.1407
7999,0.1651
8000,0.1557
8001,0.1923
8002,0.1435
8003,0.2182
8004,0.1696
8005,0.1713
8007,0.1767
8009,0.1283
8010,0.2811
8011,0.1552
8012,0.1329
8013,0.1562
8014,0.1591
8015,0.142
8016,0.1716
8017,0.1549
8018,0.1584
8019,0.1311
8020,0.136
8021,0.1835
8022,0.1447
8023,0.1575
8026,0.1765
8028,0.1475
8029,0.1495
8030,0.1279
8031,0.2063
8032,0.1868
8033,0.1538
8034,0.1536
8035,0.1563
8036,0.1594
8037,0.1632
8038,0.1537
8039,0.1166
8040,0.1428
8041,0.171
8042,0.1427
8043,0.1723
8044,0.1584
8045,0.1488
8046,0.1704
8047,0.1779
8048,0.1334
8051,0.1489
8052,0.1539
8053,0.1454
8054,0.156
8055,0.1291
8056,0.1573
8058,0.1463
8060,0.1351
8061,0.1551
8063,0.1586
8065,0.1669
8066,0.1395
8067,0.1632
8068,0.1636
8069,0.1483
8070,0.1357
8071,0.1707
8073,0.0729
8074,0.1521
8075,0.1613
8076,0.1327
8077,0.1237
8078,0.1871
8079,0.1355
8080,0.1484
8081,0.1773
8082,0.1943
8084,0.1651
8085,0.1805
8087,0.1512
8088,0.1706
8089,0.1866
8090,0.1479
8091,0.133
8092,0.1551
8093,0.1412
8094,0.1434
8096,0.136
8097,0.1319
8098,0.1339
8099,0.2058
8100,0.1577
8101,0.1324
8102,0.244
8103,0.1445
8104,0.1732
8105,0.1395
8107,0.1675
8108,0.1586
8110,0.1684
8111,0.1547
8112,0.1146
8113,0.1584
8114,0.1539
8116,0.1716
8117,0.1528
8118,0.1551
8119,0.1493
8120,0.1409
8121,0.1366
8125,0.1739
8126,0.1581
8127,0.1461
8128,0.1857
8129,0.1672
8130,0.1505
8131,0.1702
8132,0.1522
8134,0.1534
8135,0.1493
8136,0.158
8137,0.1962
8139,0.1401
8140,0.1865
8141,0.1384
8142,0.1561
8143,0.1628
8144,0.1784
8145,0.1985
8146,0.1162
8147,0.1556
8149,0.1396
8150,0.1455
8151,0.1655
8152,0.1517
8153,0.1362
8154,0.1492
8155,0.159
8156,0.1357
8157,0.1804
8158,0.1424
8159,0.1737
8160,0.1948
8161,0.1547
8162,0.1777
8163,0.1694
8164,0.1433
8165,0.1701
8167,0.1632
8168,0.1415
8169,0.1871
8170,0.1676
8171,0.1581
8172,0.1723
8173,0.1571
8174,0.1421
8175,0.1849
8177,0.1525
8178,0.1683
8179,0.0927
8180,0.16
8181,0.1605
8182,0.1382
8183,0.1804
8184,0.1611
8185,0.1475
8186,0.1465
8187,0.1659
8188,0.1537
8189,0.1214
8190,0.1662
8191,0.1491
8193,0.1917
8194,0.1539
8195,0.145
8196,0.1317
8197,0.1638
8198,0.1203
8199,0.1488
8200,0.1628
8201,0.1411
8202,0.1448
8203,0.176
8204,0.1387
8205,0.1531
8206,0.134
8207,0.1427
8208,0.0609
8209,0.141
8211,0.1665
8212,0.1575
8213,0.153
8214,0.1935
8215,0.2027
8216,0.1539
8217,0.1583
8218,0.1621
8219,0.1737
8221,0.1514
8223,0.1618
8224,0.1628
8225,0.1613
8226,0.163
8227,0.1672
8228,0.1543
8229,0.1697
8230,0.1608
8231,0.1405
8232,0.1608
8233,0.1658
8234,0.1707
8235,0.1782
8236,0.1608
8237,0.157
8238,0.1699
8239,0.1399
8240,0.1639
8241,0.164
8243,0.2007
8244,0.1698
8246,0.1718
8247,0.1842
8248,0.1807
8249,0.1791
8250,0.1498
8252,0.138
8253,0.1556
8254,0.1785
8255,0.1643
8256,0.161
8257,0.1547
8258,0.1458
8259,0.147
8260,0.1553
8261,0.1632
8262,0.1512
8263,0.1541
8264,0.1161
8265,0.1975
8266,0.1617
8267,0.1457
8268,0.1623
8269,0.1516
8270,0.1397
8271,0.1485
8272,0.1627
8273,0.1621
8275,0.1522
8276,0.1692
8277,0.1227
8278,0.1455
8279,0.1634
8280,0.1684
8281,0.1551
8282,0.1587
8283,0.1732
8284,0.1504
8285,0.1331
8286,0.1251
8287,0.173
8288,0.157
8289,0.1458
8290,0.1687
8291,0.1833
8292,0.1452
8293,0.158
8294,0.1744
8295,0.1462
8296,0.1789
8297,0.1472
8298,0.177
8299,0.1636
8300,0.1525
8302,0.1405
8303,0.1504
8304,0.1337
8305,0.1479
8306,0.1365
8307,0.1412
8308,0.1106
8309,0.1524
8310,0.1517
8311,0.1757
8313,0.1634
8314,0.1386
8315,0.1584
8316,0.1381
8317,0.1494
8318,0.1649
8319,0.1751
8320,0.1527
8322,0.1525
8323,0.1386
8324,0.1361
8325,0.148
8326,0.1415
8327,0.1337
8328,0.1893
8329,0.1327
8330,0.1343
8331,0.164
8332,0.1357
8333,0.1502
8334,0.1854
8335,0.1501
8336,0.1661
8337,0.1368
8338,0.1515
8339,0.1525
8340,0.1387
8341,0.1369
8342,0.1229
8343,0.1504
8344,0.1357
8345,0.1757
8346,0.1484
8347,0.1691
8348,0.1405
8349,0.1156
8350,0.1775
8351,0.1414
8352,0.2079
8353,0.1383
8355,0.1445
8356,0.1297
8357,0.1991
8358,0.1479
8359,0.1774
8360,0.1797
8361,0.1354
8362,0.1524
8363,0.1562
8364,0.1469
8365,0.1744
8366,0.1026
8367,0.1402
8368,0.1848
8369,0.0986
8370,0.146
8372,0.1403
8373,0.1455
8374,0.173
8375,0.1699
8376,0.1496
8377,0.1527
8379,0.1751
8380,0.1886
8381,0.1462
8382,0.1538
8383,0.1677
8384,0.1517
8385,0.1758
8386,0.1429
8387,0.1956
8388,0.1809
8389,0.1298
8390,0.1444
8391,0.1323
8392,0.1408
8393,0.2049
8394,0.1553
8395,0.1789
8396,0.0924
8399,0.1445
8400,0.1411
8401,0.1437
8402,0.1688
8403,0.1293
8404,0.1503
8405,0.1448
8406,0.1596
8407,0.148
8408,0.1727
8409,0.1386
8410,0.1498
8411,0.1504
8412,0.1176
8414,0.1217
8415,0.0289
8416,0.1147
8417,0.1463
8418,0.1912
8420,0.1721
8421,0.1661
8422,0.1367
8423,0.1517
8424,0.1667
8425,0.1643
8426,0.1323
8427,0.161
8428,0.2667
8429,0.1847
8430,0.1451
8431,0.1446
8432,0.1318
8433,0.1423
8435,0.1646
8436,0.1513
8437,0.1465
8438,0.1477
8439,0.1843
8440,0.1585
8441,0.1681
8442,0.1404
8444,0.1313
8445,0.1697
8446,0.1441
8448,0.1401
8449,0.1471
8450,0.1552
8451,0.1525
8452,0.142
8453,0.1693
8454,0.1609
8455,0.1684
8456,0.1526
8457,0.2005
8458,0.1505
8459,0.1717
8460,0.1465
8461,0.1867
8462,0.148
8463,0.1435
8464,0.1517
8465,0.1537
8466,0.1614
8467,0.1551
8468,0.1649
8469,0.1758
8470,0.1365
8471,0.1792
8472,0.165
8473,0.1443
8474,0.1689
8476,0.162
8477,0.1653
8478,0.1491
8479,0.1546
8480,0.1694
8481,0.1549
8482,0.1522
8483,0.1456
8484,0.1543
8485,0.156
8486,0.1341
8487,0.1671
8488,0.1269
8489,0.1636
8490,0.1492
8491,0.1675
8492,0.1128
8494,0.1609
8495,0.174
8496,0.166
8498,0.1479
8499,0.154
8500,0.1758
8501,0.1751
8502,0.1557
8503,0.1676
8504,0.158
8505,0.2216
8506,0.1522
8507,0.1445
8508,0.1433
8509,0.1874
8510,0.1121
8512,0.1664
8515,0.133
8516,0.1579
8517,0.1569
8518,0.1443
8520,0.1613
8521,0.1694
8522,0.132
8523,0.1472
8524,0.2539
8525,0.1431
8526,0.2182
8527,0.1483
8528,0.1322
8529,0.1303
8530,0.1461
8531,0.1578
8532,0.1457
8533,0.1694
8534,0.1814
8535,0.1594
8537,0.1583
8539,0.159
8540,0.1578
8541,0.2749
8542,0.1527
8544,0.1342
8545,0.149
8546,0.1577
8548,0.1581
8549,0.1443
8550,0.1831
8551,0.1367
8552,0.1464
8553,0.1392
8554,0.082
8555,0.1841
8556,0.1617
8557,0.189
8558,0.1537
8560,0.1712
8561,0.1734
8562,0.1691
8563,0.1365
8564,0.1565
8565,0.1676
8566,0.1489
8567,0.1575
8568,0.2193
8569,0.1841
8570,0.201
8571,0.1358
8572,0.119
8573,0.1336
8574,0.1449
8575,0.1448
8576,0.1545
8577,0.1396
8578,0.1389
8579,0.1857
8581,0.1513
8582,0.1742
8583,0.1235
8584,0.1443
8585,0.1338
8586,0.0598
8587,0.1415
8588,0.1669
8589,0.1384
8590,0.1733
8591,0.1455
8592,0.1408
8594,0.2018
8595,0.1349
8596,0.172
8597,0.1765
8598,0.1563
8599,0.1455
8600,0.1373
8601,0.143
8602,0.1223
8603,0.152
8604,0.1184
8605,0.1574
8607,0.1371
8608,0.1448
8609,0.1823
8610,0.1559
8611,0.1797
8612,0.1492
8613,0.178
8614,0.1502
8615,0.1604
8616,0.1431
8617,0.1488
8618,0.1396
8619,0.1598
8620,0.1476
8621,0.1291
8625,0.191
8626,0.1721
8627,0.1462
8628,0.1757
8629,0.154
8630,0.1815
8631,0.1442
8632,0.1624
8633,0.1373
8635,0.1536
8636,0.1322
8638,0.1468
8639,0.1634
8640,0.1368
8641,0.1479
8642,0.176
8643,0.1584
8644,0.1433
8645,0.1654
8646,0.1484
8648,0.177
8649,0.1235
8650,0.1477
8651,0.1566
8653,0.1442
8654,0.1531
8655,0.1504
8656,0.158
8657,0.123
8658,0.1647
8659,0.1237
8660,0.145
8662,0.1452
8663,0.1047
8664,0.2168
8665,0.1226
8666,0.1673
8667,0.1361
8668,0.1255
8669,0.1478
8670,0.1846
8671,0.1213
8673,0.1611
8674,0.163
8675,0.1472
8676,0.157
8677,0.1296
8678,0.1565
8679,0.1735
8680,0.157
8681,0.1444
8682,0.144
8683,0.1548
8684,0.1448
8685,0.1531
8686,0.1605
8687,0.1701
8688,0.1243
8689,0.1568
8690,0.1497
8691,0.143
8692,0.1218
8693,0.1344
8694,0.1505
8695,0.1689
8697,0.1591
8698,0.1561
8699,0.1956
8700,0.1548
8701,0.168
8702,0.1359
8703,0.159
8704,0.1537
8705,0.1471
8706,0.0853
8708,0.0492
8709,0.1647
8710,0.1434
8711,0.157
8712,0.1509
8713,0.0974
8714,0.1254
8715,0.1459
8716,0.1487
8717,0.1608
8718,0.1729
8719,0.1465
8720,0.1621
8721,0.1589
8722,0.159
8723,0.1666
8724,0.1521
8725,0.1898
8726,0.1364
8727,0.1978
8728,0.139
8729,0.1416
8730,0.1459
8731,0.163
8732,0.1408
8733,0.1347
8734,0.1544
8735,0.1863
8736,0.1808
8737,0.2138
8738,0.1708
8739,0.1503
8740,0.1433
8741,0.1435
8742,0.1738
8743,0.1709
8745,0.0886
8746,0.1494
8747,0.1548
8749,0.1424
8750,0.1593
8751,0.1488
8752,0.1584
8753,0.1878
8754,0.1358
8755,0.1344
8756,0.1887
8757,0.1371
8758,0.0785
8759,0.1527
8760,0.146
8761,0.0839
8762,0.147
8763,0.1683
8764,0.1626
8765,0.155
8766,0.1606
8767,0.188
8768,0.1481
8770,0.173
8773,0.158
8774,0.1616
8775,0.1692
8776,0.1435
8777,0.1525
8778,0.2052
8779,0.1639
8780,0.1332
8781,0.1639
8782,0.1412
8783,0.1495
8784,0.1435
8785,0.1088
8786,0.1689
8787,0.1558
8788,0.1442
8789,0.165
8790,0.173
8791,0.1689
8792,0.2388
8794,0.1489
8795,0.1483
8796,0.1539
8797,0.1931
8798,0.1528
8799,0.1811
8800,0.1643
8801,0.137
8802,0.1436
8803,0.1685
8804,0.1666
8805,0.1561
8806,0.1788
8807,0.1504
8808,0.1502
8809,0.1504
8810,0.159
8812,0.2625
8813,0.1607
8814,0.1632
8815,0.1453
8816,0.1539
8817,0.1779
8818,0.1746
8819,0.1526
8820,0.1409
8821,0.1526
8822,0.1778
8823,0.1198
8824,0.1928
8825,0.156
8826,0.1889
8827,0.1479
8828,0.1883
8830,0.162
8831,0.181
8832,0.16
8833,0.1488
8834,0.1353
8835,0.1475
8836,0.149
8838,0.1801
8839,0.1735
8840,0.1586
8841,0.1371
8842,0.1457
8843,0.1611
8844,0.1808
8846,0.1768
8847,0.1779
8848,0.1578
8849,0.1628
8850,0.1961
8851,0.1497
8852,0.1708
8853,0.1346
8854,0.1614
8855,0.1298
8856,0.1668
8858,0.1401
8859,0.1649
8860,0.1703
8861,0.1408
8862,0.1523
8863,0.1847
8864,0.1495
8865,0.138
8866,0.1331
8867,0.1677
8868,0.1574
8870,0.1634
8871,0.1748
8872,0.1518
8873,0.2294
8875,0.137
8876,0.1312
8877,0.1586
8878,0.1505
8879,0.1577
8880,0.1386
8881,0.1723
8882,0.142
8883,0.1528
8884,0.1292
8885,0.1665
8886,0.157
8887,0.1481
8888,0.1585
8889,0.1605
8890,0.1818
8891,0.1717
8892,0.1164
8893,0.146
8895,0.1461
8896,0.1601
8897,0.152
8898,0.1403
8899,0.1356
8900,0.1752
8901,0.1783
8902,0.1743
8903,0.1609
8904,0.1528
8905,0.1796
8906,0.1552
8907,0.1461
8908,0.1668
8909,0.143
8911,0.1797
8912,0.1702
8913,0.161
8914,0.1339
8915,0.1601
8916,0.1434
8917,0.1596
8918,0.1439
8919,0.1411
8920,0.1592
8921,0.1725
8922,0.1989
8923,0.1457
8924,0.1462
8925,0.1899
8926,0.1886
8927,0.1595
8928,0.1742
8929,0.1494
8930,0.1531
8931,0.1681
8932,0.1596
8933,0.1721
8935,0.1693
8936,0.1358
8937,0.1426
8938,0.1515
8939,0.2342
8940,0.1849
8941,0.1694
8942,0.1531
8944,0.1587
8945,0.1384
8946,0.1979
8947,0.1428
8948,0.1413
8949,0.1617
8950,0.1876
8951,0.149
8952,0.1213
8953,0.1287
8954,0.1473
8955,0.1388
8956,0.152
8957,0.1448
8959,0.1495
8961,0.179
8962,0.1542
8963,0.1743
8964,0.1351
8966,0.1831
8967,0.1747
8968,0.1644
8969,0.1405
8970,0.1486
8971,0.1551
8972,0.182
8973,0.1614
8974,0.1679
8975,0.1754
8976,0.1843
8977,0.15
8978,0.1651
8979,0.1445
8980,0.1674
8982,0.1597
8983,0.1633
8984,0.148
8985,0.1617
8986,0.1496
8987,0.1333
8989,0.1538
8991,0.1337
8992,0.1784
8993,0.1798
8995,0.1737
8996,0.144
8997,0.1407
8998,0.1875
8999,0.1352
9000,0.1246
9001,0.1525
9002,0.1554
9003,0.175
9004,0.1549
9005,0.1691
9006,0.1636
9007,0.1575
9008,0.1378
9009,0.1296
9010,0.1793
9011,0.1491
9012,0.1601
9013,0.1338
9014,0.1117
9015,0.1075
9018,0.1392
9019,0.1476
9020,0.1394
9021,0.1184
9022,0.1712
9023,0.1335
9024,0.1421
9025,0.1621
9026,0.1485
9027,0.1564
9028,0.1642
9029,0.1546
9030,0.1814
9031,0.1635
9032,0.1718
9033,0.1399
9034,0.1625
9035,0.1493
9036,0.1805
9037,0.1288
9038,0.1725
9039,0.1476
9041,0.1438
9042,0.1911
9043,0.1744
9045,0.1793
9047,0.1698
9050,0.1589
9051,0.1658
9053,0.1636
9054,0.1543
9055,0.1518
9057,0.1452
9058,0.1492
9059,0.1682
9060,0.1518
9061,0.1573
9062,0.1515
9063,0.1466
9064,0.154
9065,0.1289
9066,0.1494
9067,0.1528
9070,0.16
9071,0.1383
9073,0.1529
9074,0.1686
9075,0.1523
9076,0.1445
9077,0.201
9078,0.145
9079,0.1417
9080,0.1363
9081,0.1554
9082,0.185
9083,0.1718
9084,0.064
9085,0.145
9086,0.1516
9087,0.1637
9088,0.167
9089,0.1622
9090,0.1474
9091,0.1916
9092,0.1538
9093,0.1245
9094,0.131
9095,0.1652
9096,0.1479
9097,0.1364
9098,0.1715
9099,0.1519
9100,0.1531
9101,0.1552
9102,0.1327
9103,0.1543
9104,0.1558
9105,0.1587
9106,0.1205
9107,0.1513
9108,0.1585
9109,0.1567
9110,0.1227
9111,0.1296
9112,0.2148
9113,0.1507
9114,0.1562
9115,0.1581
9116,0.1637
9118,0.1243
9119,0.1485
9120,0.157
9121,0.1691
9122,0.1607
9123,0.1432
9124,0.1529
9125,0.1492
9126,0.1801
9127,0.1528
9128,0.1958
9129,0.1258
9130,0.1619
9131,0.1563
9132,0.1513
9133,0.1456
9134,0.149
9135,0.1679
9136,0.1777
9137,0.1563
9138,0.1827
9139,0.152
9140,0.1453
9141,0.1543
9142,0.1425
9143,0.1364
9144,0.1614
9145,0.1664
9146,0.1611
9147,0.131
9148,0.1459
9149,0.1566
9150,0.1398
9151,0.1325
9152,0.1291
9153,0.1501
9154,0.1308
9155,0.1508
9156,0.144
9157,0.1702
9158,0.1314
9159,0.1543
9160,0.159
9161,0.1664
9162,0.1508
9163,0.1451
9164,0.1616
9165,0.1563
9166,0.115
9167,0.1803
9168,0.1498
9169,0.1842
9171,0.1446
9172,0.1271
9173,0.1591
9174,0.1549
9175,0.229
9176,0.1486
9177,0.174
9178,0.1742
9179,0.1441
9180,0.148
9181,0.1563
9182,0.1631
9183,0.1386
9184,0.1424
9185,0.1825
9186,0.1738
9187,0.1289
9188,0.1471
9189,0.1316
9190,0.1401
9192,0.1441
9193,0.1558
9194,0.1936
9195,0.1841
9196,0.1215
9197,0.1072
9199,0.1262
9201,0.1555
9202,0.1756
9203,0.1698
9204,0.1919
9205,0.1684
9206,0.1369
9207,0.1556
9210,0.1513
9211,0.1623
9213,0.1505
9214,0.1535
9217,0.161
9218,0.163
9219,0.1437
9220,0.1495
9221,0.1335
9222,0.1503
9223,0.1608
9224,0.1409
9225,0.1078
9226,0.1593
9227,0.1637
9228,0.1644
9229,0.1485
9230,0.1615
9231,0.1436
9232,0.0916
9233,0.1743
9234,0.1769
9235,0.168
9236,0.1467
9237,0.1357
9238,0.1503
9239,0.1718
9240,0.1218
9241,0.1528
9242,0.1589
9245,0.1372
9246,0.1512
9247,0.1715
9248,0.1543
9249,0.1429
9250,0.1487
9251,0.1559
9252,0.1495
9254,0.1261
9255,0.1656
9256,0.0531
9257,0.1694
9258,0.1667
9259,0.177
9260,0.1036
9261,0.1483
9262,0.1537
9263,0.1441
9264,0.1358
9265,0.1579
9266,0.1396
9267,0.1549
9268,0.1645
9269,0.1627
9270,0.1543
9271,0.1668
9272,0.1473
9273,0.1985
9275,0.1424
9276,0.1721
9277,0.1283
9278,0.1647
9280,0.1524
9281,0.1659
9282,0.1652
9283,0.1577
9284,0.1464
9285,0.1437
9286,0.1452
9287,0.1552
9288,0.1471
9289,0.173
9290,0.1708
9291,0.1793
9292,0.1577
9293,0.153
9294,0.1584
9295,0.1541
9296,0.166
9297,0.1811
9298,0.1809
9299,0.1596
9300,0.1561
9301,0.2058
9302,0.1539
9303,0.1506
9304,0.1635
9305,0.1843
9307,0.1629
9308,0.1541
9309,0.1444
9310,0.18
9311,0.1373
9312,0.1444
9315,0.1736
9316,0.1447
9317,0.1819
9318,0.1633
9319,0.1523
9320,0.1489
9321,0.1619
9322,0.1373
9323,0.1558
9324,0.1545
9325,0.1478
9326,0.1635
9327,0.1806
9328,0.1452
9329,0.1272
9330,0.1402
9331,0.1552
9332,0.1656
9333,0.1359
9334,0.1567
9335,0.1547
9336,0.1642
9337,0.1612
9338,0.1736
9339,0.1407
9340,0.1579
9341,0.1489
9342,0.1292
9343,0.1463
9344,0.1615
9345,0.2242
9346,0.1464
9347,0.1387
9348,0.1518
9349,0.1562
9350,0.1375
9351,0.1548
9352,0.1609
9353,0.1414
9354,0.1579
9355,0.1339
9356,0.1644
9357,0.1543
9358,0.1546
9359,0.1359
9360,0.1691
9361,0.1387
9362,0.2107
9363,0.1566
9364,0.1487
9365,0.1683
9366,0.1534
9367,0.1574
9368,0.1549
9369,0.1581
9370,0.1581
9371,0.1713
9372,0.1701
9373,0.1448
9374,0.1279
9375,0.1599
9376,0.1458
9377,0.1159
9378,0.1632
9379,0.1489
9380,0.1486
9381,0.153
9382,0.1718
9383,0.1524
9384,0.1728
9385,0.1352
9386,0.1393
9387,0.1614
9388,0.1874
9389,0.1696
9390,0.1474
9391,0.1489
9392,0.1351
9393,0.1645
9394,0.1468
9395,0.1512
9396,0.1222
9397,0.1497
9398,0.1421
9399,0.2439
9400,0.1296
9401,0.1238
9402,0.1813
9403,0.1411
9404,0.1336
9406,0.1406
9407,0.1555
9408,0.1508
9409,0.2002
9410,0.1713
9411,0.1397
9412,0.1655
9413,0.1833
9414,0.1454
9415,0.2169
9416,0.1629
9417,0.137
9418,0.1578
9419,0.1795
9420,0.1581
9421,0.1538
9422,0.1744
9423,0.1517
9424,0.2153
9425,0.1464
9426,0.1566
9427,0.1565
9428,0.1521
9429,0.1302
9430,0.1572
9432,0.1686
9433,0.1423
9434,0.1783
9435,0.1633
9436,0.1645
9437,0.1417
9438,0.1366
9439,0.1618
9440,0.1637
9441,0.1481
9442,0.1438
9443,0.138
9444,0.1575
9445,0.1648
9446,0.169
9447,0.1397
9448,0.1835
9449,0.1608
9450,0.154
9451,0.1264
9452,0.1506
9453,0.1355
9454,0.1632
9455,0.162
9456,0.1579
9457,0.1333
9458,0.1666
9459,0.1637
9460,0.1454
9461,0.1314
9462,0.1405
9463,0.1461
9464,0.1457
9465,0.2001
9466,0.1514
9467,0.128
9468,0.16
9469,0.1657
9470,0.1506
9471,0.1642
9472,0.1804
9473,0.0927
9474,0.1681
9475,0.1669
9476,0.1261
9477,0.1458
9478,0.1235
9479,0.1562
9480,0.1608
9481,0.1577
9483,0.1547
9484,0.1702
9485,0.168
9486,0.1858
9487,0.155
9488,0.141
9489,0.1507
9490,0.1318
9491,0.1791
9492,0.1509
9493,0.1368
9494,0.1465
9495,0.1526
9496,0.1557
9497,0.1318
9498,0.1907
9499,0.1634
9500,0.154
9501,0.1428
9502,0.1446
9503,0.1414
9504,0.1712
9505,0.2846
9506,0.1576
9507,0.1429
9508,0.1812
9509,0.1692
9510,0.1662
9511,0.1749
9512,0.1548
9513,0.1695
9514,0.1862
9515,0.1642
9516,0.1987
9517,0.1423
9518,0.1493
9519,0.1751
9521,0.0671
9522,0.1551
9523,0.154
9524,0.154
9526,0.1341
9527,0.138
9528,0.1245
9529,0.1467
9531,0.1721
9532,0.1634
9533,0.1395
9534,0.0321
9536,0.1552
9537,0.1918
9538,0.1628
9539,0.1826
9540,0.1502
9541,0.1471
9542,0.1453
9543,0.1594
9544,0.1476
9545,0.1292
9546,0.1499
9547,0.1399
9548,0.1643
9549,0.1646
9550,0.1489
9551,0.144
9552,0.1575
9553,0.1752
9554,0.1635
9555,0.1639
9556,0.1548
9557,0.1587
9558,0.155
9559,0.1757
9560,0.1655
9561,0.142
9562,0.1797
9563,0.135
9564,0.1443
9565,0.1495
9566,0.1702
9567,0.1425
9568,0.155
9569,0.142
9570,0.1671
9571,0.154
9572,0.1447
9573,0.1531
9574,0.1322
9575,0.151
9576,0.1605
9577,0.1385
9578,0.1636
9579,0.173
9580,0.1568
9581,0.1395
9583,0.1073
9584,0.1349
9585,0.1532
9586,0.1397
9587,0.1337
9588,0.158
9589,0.1801
9590,0.1676
9591,0.1677
9592,0.1427
9593,0.1255
9594,0.0477
9595,0.1366
9596,0.1638
9597,0.1451
9598,0.1829
9599,0.2032
9600,0.1822
9601,0.1406
9602,0.1611
9603,0.1532
9604,0.1517
9605,0.1546
9606,0.1524
9607,0.1483
9608,0.164
9609,0.1936
9610,0.1619
9611,0.1386
9612,0.1729
9613,0.1619
9614,0.1587
9615,0.1696
9616,0.1358
9617,0.1513
9618,0.149
9619,0.165
9620,0.1529
9621,0.1448
9622,0.148
9623,0.1697
9624,0.1499
9625,0.1418
9626,0.1646
9627,0.1502
9628,0.1411
9629,0.1757
9630,0.1561
9631,0.1675
9632,0.1432
9633,0.1571
9634,0.1695
9635,0.1658
9636,0.1276
9637,0.1516
9638,0.1744
9639,0.1629
9640,0.1565
9642,0.1051
9645,0.1591
9646,0.1547
9647,0.1158
9648,0.1463
9649,0.1603
9650,0.1753
9651,0.1813
9652,0.1549
9653,0.168
9654,0.1421
9655,0.1622
9656,0.1598
9657,0.1536
9658,0.1425
9659,0.1384
9661,0.1609
9662,0.1497
9663,0.1874
9664,0.1189
9665,0.1634
9666,0.1372
9667,0.1514
9668,0.1501
9669,0.1407
9670,0.1615
9671,0.1847
9672,0.1421
9673,0.1503
9674,0.1739
9675,0.1526
9676,0.1634
9677,0.146
9678,0.1702
9679,0.1625
9680,0.1598
9681,0.1562
9682,0.1547
9683,0.1924
9684,0.1685
9686,0.1419
9687,0.1521
9688,0.1635
9689,0.1935
9690,0.1686
9691,0.1471
9692,0.1531
9693,0.1716
9694,0.1453
9695,0.1499
9696,0.1549
9697,0.1709
9698,0.1495
9699,0.1572
9700,0.1479
9701,0.1565
9702,0.1583
9703,0.1363
9704,0.1237
9705,0.1687
9706,0.142
9707,0.1462
9708,0.1656
9709,0.1673
9710,0.155
9711,0.2106
9712,0.1577
9713,0.1497
9714,0.1459
9715,0.1647
9716,0.157
9718,0.1811
9719,0.1238
9721,0.151
9722,0.1682
9725,0.1531
9726,0.1969
9727,0.1702
9728,0.1339
9730,0.1477
9731,0.143
9733,0.1496
9734,0.1866
9736,0.1431
9737,0.1474
9738,0.1699
9740,0.1735
9741,0.1955
9742,0.1684
9743,0.1649
9744,0.1502
9745,0.1582
9746,0.166
9747,0.1419
9748,0.1623
9749,0.1634
9750,0.1461
9751,0.1483
9752,0.145
9753,0.1641
9755,0.1377
9756,0.152
9757,0.0681
9758,0.1638
9759,0.1584
9760,0.1444
9761,0.1657
9762,0.0454
9763,0.1667
9765,0.1265
9766,0.1525
9767,0.1099
9768,0.1357
9769,0.1506
9770,0.1546
9772,0.1563
9773,0.2524
9774,0.1568
9775,0.1478
9776,0.1492
9777,0.1585
9778,0.1418
9779,0.1669
9780,0.1554
9781,0.1839
9782,0.1412
9783,0.151
9784,0.1607
9785,0.162
9786,0.1343
9787,0.1525
9788,0.1468
9789,0.1735
9790,0.1141
9791,0.1552
9792,0.1624
9793,0.1644
9794,0.1474
9795,0.1854
9796,0.1661
9797,0.1649
9798,0.1415
9799,0.151
9800,0.1226
9801,0.1511
9803,0.1188
9804,0.1498
9805,0.1557
9806,0.1347
9807,0.1465
9808,0.1783
9809,0.1561
9810,0.1796
9811,0.1627
9812,0.1661
9813,0.169
9814,0.1597
9815,0.1743
9816,0.1423
9817,0.1562
9818,0.1287
9819,0.1619
9820,0.1564
9821,0.1571
9822,0.1819
9823,0.1482
9824,0.1518
9825,0.1783
9826,0.1574
9827,0.1585
9828,0.1488
9829,0.1481
9830,0.1689
9831,0.1561
9832,0.1727
9833,0.1985
9834,0.1437
9835,0.1565
9837,0.17
9838,0.143
9839,0.166
9840,0.1829
9841,0.1564
9842,0.1484
9843,0.1736
9844,0.1526
9845,0.1296
9846,0.1842
9847,0.1821
9848,0.1147
9849,0.1385
9850,0.1683
9851,0.1587
9852,0.1471
9853,0.1706
9854,0.165
9855,0.171
9856,0.1554
9857,0.1191
9858,0.1608
9859,0.1397
9861,0.1337
9862,0.1236
9863,0.173
9864,0.1623
9865,0.1609
9866,0.1447
9867,0.1473
9868,0.1342
9869,0.1408
9870,0.1509
9871,0.1614
9872,0.1425
9873,0.1442
9874,0.1546
9875,0.1282
9876,0.1625
9877,0.1509
9878,0.1633
9879,0.1669
9880,0.1512
9881,0.1404
9882,0.159
9883,0.1572
9884,0.1543
9885,0.1525
9886,0.164
9887,0.1893
9888,0.1662
9889,0.1602
9890,0.1628
9891,0.1429
9892,0.1569
9893,0.1376
9894,0.1656
9895,0.1516
9896,0.1605
9897,0.1453
9898,0.1266
9899,0.1583
9900,0.1696
9901,0.1641
9902,0.1584
9903,0.1748
9904,0.1529
9905,0.1659
9906,0.1491
9908,0.1938
9910,0.1736
9911,0.1674
9912,0.1452
9913,0.1504
9914,0.1287
9915,0.1293
9916,0.1567
9917,0.1453
9918,0.1638
9919,0.1399
9920,0.2087
9921,0.169
9922,0.1475
9923,0.1467
9924,0.1486
9925,0.1401
9926,0.1605
9927,0.1513
9928,0.1471
9929,0.1807
9930,0.1497
9931,0.1501
9932,0.1604
9933,0.141
9934,0.1865
9935,0.1524
9936,0.1618
9937,0.1493
9938,0.15
9939,0.1766
9940,0.1727
9941,0.1437
9942,0.151
9943,0.1994
9944,0.1324
9945,0.1443
9946,0.1554
9947,0.1421
9948,0.1229
9949,0.1549
9950,0.1594
9951,0.1408
9952,0.1285
9953,0.2027
9954,0.1406
9955,0.1472
9956,0.1451
9957,0.1629
9958,0.1938
9959,0.1445
9960,0.1559
9961,0.1427
9962,0.1618
9964,0.1696
9965,0.193
9966,0.1559
9967,0.1512
9968,0.1419
9969,0.1574
9970,0.1551
9971,0.1448
9972,0.1623
9973,0.1452
9974,0.1498
9975,0.169
9976,0.2091
9977,0.2159
9978,0.1725
9979,0.1382
9980,0.1586
9981,0.1537
9982,0.1493
9983,0.1614
9984,0.1556
9985,0.1683
9986,0.1642
9987,0.1513
9988,0.1346
9989,0.154
9990,0.1566
9991,0.0887
9992,0.1445
9993,0.1465
9994,0.1476
9995,0.1543
9996,0.166
9997,0.1459
9998,0.153
9999,0.1236
10000,0.1728
10001,0.141
10002,0.1565
10003,0.1464
10004,0.1345
10005,0.1769
10006,0.1687
10008,0.1328
10009,0.1559
10010,0.1693
10011,0.174
10012,0.1526
10013,0.1431
10014,0.1922
10015,0.1388
10016,0.1484
10017,0.1502
10018,0.1592
10019,0.1242
10020,0.2116
10022,0.1365
10023,0.142
10024,0.1592
10025,0.1602
10026,0.1495
10027,0.1565
10028,0.1506
10029,0.1475
10030,0.1387
10031,0.1411
10032,0.1586
10033,0.1384
10034,0.1487
10035,0.1388
10036,0.1706
10037,0.1626
10038,0.1602
10039,0.1585
10040,0.1317
10042,0.1629
10043,0.0914
10044,0.1438
10045,0.1669
10048,0.1683
10049,0.1546
10050,0.1591
10051,0.2123
10052,0.1492
10053,0.0906
10054,0.1709
10055,0.1415
10056,0.1396
10057,0.1551
10058,0.1636
10059,0.1319
10060,0.1708
10061,0.1439
10063,0.1999
10064,0.1679
10065,0.1531
10066,0.1561
10067,0.1566
10068,0.1463
10069,0.1672
10070,0.1383
10071,0.1584
10072,0.17
10073,0.1573
10074,0.1376
10075,0.1518
10077,0.1538
10078,0.1362
10079,0.1613
10080,0.1366
10081,0.1443
10083,0.1834
10084,0.1213
10085,0.1425
10086,0.1494
10087,0.1422
10088,0.1506
10089,0.1525
10090,0.1578
10091,0.2264
10092,0.1721
10093,0.1749
10094,0.1652
10095,0.1388
10096,0.129
10097,0.136
10098,0.148
10099,0.1554
10100,0.112
10101,0.1704
10102,0.1474
10103,0.1541
10104,0.1499
10105,0.1447
10106,0.1506
10107,0.1647
10108,0.1529
10109,0.1584
10110,0.067
10111,0.1707
10112,0.2342
10113,0.1591
10114,0.1494
10115,0.1507
10116,0.1722
10117,0.1563
10118,0.1643
10119,0.1327
10120,0.1629
10121,0.1714
10122,0.1576
10123,0.164
10124,0.1605
10125,0.1464
10126,0.1638
10127,0.1513
10129,0.1452
10130,0.1531
10131,0.1699
10132,0.1541
10133,0.1636
10134,0.159
10135,0.1473
10136,0.1509
10137,0.1474
10138,0.1258
10139,0.1503
10140,0.1436
10141,0.1436
10142,0.1839
10143,0.1399
10144,0.1605
10145,0.1512
10146,0.1799
10147,0.1546
10148,0.1525
10149,0.1722
10150,0.1451
10151,0.1616
10152,0.1066
10153,0.1703
10154,0.1687
10155,0.1606
10156,0.178
10157,0.1409
10159,0.1513
10160,0.1505
10161,0.1419
10162,0.174
10163,0.1713
10164,0.1656
10165,0.1584
10166,0.1443
10167,0.1799
10168,0.1645
10169,0.1802
10170,0.1793
10171,0.1776
10172,0.1876
10173,0.1415
10174,0.145
10175,0.1508
10176,0.1592
10177,0.1594
10178,0.152
10179,0.1468
10180,0.1972
10181,0.143
10182,0.1399
10183,0.1632
10184,0.1157
10185,0.1444
10186,0.1412
10187,0.1529
10188,0.1546
10189,0.1584
10190,0.1402
10191,0.1507
10192,0.1692
10193,0.1784
10194,0.1454
10195,0.172
10196,0.1773
10197,0.1489
10198,0.1433
10199,0.1559
10200,0.1691
10201,0.1623
10202,0.1411
10203,0.1666
10204,0.1817
10205,0.1973
10206,0.1354
10207,0.1669
10208,0.1522
10209,0.1141
10210,0.161
10211,0.1398
10212,0.1597
10214,0.1676
10215,0.1499
10216,0.1723
10218,0.1595
10219,0.1813
10220,0.1816
10221,0.1554
10222,0.1388
10223,0.1415
10224,0.1198
10226,0.164
10227,0.1707
10228,0.1403
10229,0.1817
10230,0.1532
10231,0.1568
10232,0.1418
10233,0.1299
10234,0.1611
10235,0.1479
10236,0.1744
10237,0.1672
10238,0.1459
10239,0.2229
10240,0.1335
10241,0.1416
10242,0.1627
10243,0.1586
10244,0.1691
10245,0.1559
10246,0.1516
10247,0.1577
10248,0.1549
10249,0.1597
10250,0.1515
10251,0.1373
10252,0.1435
10253,0.1671
10254,0.1468
10255,0.1433
10256,0.1502
10257,0.16
10258,0.131
10259,0.1641
10260,0.1527
10261,0.1502
10264,0.1543
10265,0.0971
10266,0.1395
10267,0.1616
10268,0.1559
10269,0.1376
10270,0.1535
10271,0.1624
10272,0.1676
10273,0.141
10274,0.1607
10275,0.1857
10276,0.1733
10277,0.1853
10278,0.1501
10279,0.148
10280,0.1651
10281,0.1538
10282,0.1553
10283,0.1714
10284,0.1761
10285,0.1495
10286,0.1297
10289,0.1677
10290,0.1524
10291,0.1358
10292,0.1703
10293,0.1724
10294,0.1381
10295,0.1446
10296,0.1678
10297,0.1734
10298,0.1751
10299,0.1857
10300,0.1664
10301,0.1375
10302,0.1597
10303,0.1336
10304,0.1568
10305,0.1821
10306,0.1541
10307,0.168
10308,0.1725
10309,0.1909
10310,0.1448
10311,0.1511
10312,0.1502
10313,0.1739
10314,0.1479
10316,0.169
10317,0.1736
10318,0.1391
10319,0.1305
10320,0.134
10321,0.1548
10322,0.146
10323,0.1734
10324,0.1189
10325,0.1558
10326,0.137
10328,0.1489
10329,0.1951
10330,0.1682
10331,0.1663
10332,0.1577
10333,0.1765
10334,0.1447
10335,0.1713
10336,0.1352
10337,0.1415
10338,0.1673
10339,0.1351
10340,0.1392
10341,0.1881
10342,0.173
10343,0.1791
10344,0.17
10345,0.1491
10346,0.1607
10347,0.1569
10348,0.1553
10349,0.1461
10350,0.1701
10351,0.1706
10352,0.1337
10353,0.1608
10354,0.1652
10355,0.1842
10356,0.1717
10357,0.1462
10359,0.1319
10360,0.1332
10362,0.1647
10363,0.1435
10364,0.1374
10365,0.1445
10366,0.1642
10367,0.1388
10368,0.1592
10369,0.1159
10370,0.1697
10371,0.1594
10372,0.1593
10373,0.1941
10374,0.1418
10375,0.1485
10376,0.2054
10377,0.1763
10378,0.1603
10379,0.1688
10380,0.1891
10381,0.165
10383,0.1736
10384,0.1744
10385,0.1408
10387,0.1477
10388,0.1467
10389,0.1607
10390,0.1411
10391,0.1679
10392,0.1595
10393,0.105
10394,0.1512
10395,0.1454
10396,0.1693
10397,0.1679
10398,0.1778
10399,0.1549
10400,0.1594
10402,0.1744
10403,0.1415
10404,0.1378
10405,0.1571
10406,0.1466
10407,0.1343
10408,0.1493
10409,0.1395
10410,0.1466
10411,0.0442
10412,0.1839
10413,0.1588
10414,0.1447
10415,0.1381
10416,0.1576
10417,0.1324
10418,0.1686
10419,0.1752
10420,0.1515
10421,0.1591
10422,0.1492
10423,0.1509
10424,0.1277
10425,0.1084
10426,0.1766
10427,0.158
10428,0.1694
10429,0.1434
10430,0.1434
10431,0.1454
10432,0.1498
10433,0.1765
10434,0.149
10435,0.1696
10436,0.1716
10437,0.183
10438,0.1561
10439,0.1591
10440,0.1496
10442,0.1431
10443,0.1253
10444,0.1433
10445,0.1651
10446,0.1532
10447,0.1516
10448,0.1416
10449,0.1489
10450,0.0955
10451,0.1502
10452,0.1654
10453,0.1666
10454,0.1537
10455,0.1586
10456,0.1484
10457,0.1488
10458,0.133
10459,0.1606
10460,0.1427
10461,0.139
10462,0.1568
10463,0.1588
10464,0.1609
10465,0.1419
10467,0.1714
10468,0.1828
10469,0.1521
10470,0.1069
10471,0.1637
10472,0.1486
10473,0.1495
10474,0.1395
10475,0.1489
10476,0.1501
10477,0.1322
10478,0.1835
10479,0.1596
10480,0.1441
10481,0.1647
10482,0.177
10483,0.1441
10484,0.1417
10486,0.1716
10487,0.164
10488,0.145
10490,0.1639
10491,0.1388
10492,0.1579
10493,0.1517
10494,0.1554
10495,0.1733
10496,0.1609
10497,0.1912
10498,0.142
10499,0.1464
10500,0.1356
10501,0.141
10502,0.1587
10503,0.1468
10504,0.14
10505,0.175
10506,0.1177
10507,0.1443
10508,0.1519
10509,0.1415
10510,0.1588
10511,0.155
10512,0.1378
10513,0.1689
10514,0.1329
10515,0.1487
10516,0.1542
10517,0.1372
10518,0.1611
10519,0.1515
10520,0.1591
10521,0.1601
10522,0.1421
10523,0.1614
10524,0.1451
10525,0.0979
10526,0.1504
10527,0.1769
10528,0.198
10529,0.1746
10530,0.1929
10531,0.1162
10532,0.1405
10533,0.1566
10534,0.1658
10535,0.1642
10536,0.1655
10537,0.1807
10538,0.1505
10539,0.1554
10540,0.1484
10541,0.1314
10542,0.1499
10543,0.1619
10544,0.1506
10545,0.1436
10546,0.1311
10547,0.1543
10548,0.1546
10549,0.1473
10550,0.1928
10552,0.1363
10553,0.1754
10554,0.1402
10555,0.1553
10556,0.1651
10557,0.1452
10558,0.1446
10560,0.1319
10561,0.1873
10562,0.1791
10563,0.1448
10564,0.1525
10565,0.1449
10566,0.1357
10567,0.1635
10568,0.1611
10569,0.1271
10570,0.1431
10571,0.1707
10572,0.157
10573,0.1559
10575,0.1584
10576,0.1639
10577,0.1441
10578,0.151
10579,0.1514
10581,0.1488
