OBJECTID,ECSI,SEVI
1,0.41407,0.603832
2,0.3657,0.483044
3,0.366137,0.564615
4,0.339442,0.592358
6,0.341493,0.787281
7,0.398925,0.827391
8,0.088731,0.246352
9,0.396463,0.118064
10,0.241177,0.273135
11,0.181018,0.196436
12,0.242985,0.128279
13,0.403556,0.474045
14,0.308723,0.585725
15,0.411922,0.114417
16,0.367627,0.437932
17,0.376594,0.432407
18,0.430484,0.338756
19,0.325945,0.500382
20,0.398099,0.434581
21,0.188707,0.089392
23,0.200928,0.108999
24,0.102854,0.07206
25,0.357251,0.380753
27,0.193976,0.27096
28,0.17134,0.09556
30,0.398209,0.768991
31,0.335851,0.366805
32,0.347931,0.347117
34,0.268596,0.664104
35,0.315186,0.063525
36,0.43645,0.669589
37,0.340682,0.284076
38,0.47912,0.437641
39,0.27991,0.727356
40,0.400529,0.497222
41,0.175995,0.425462
42,0.311628,0.146365
43,0.169783,0.435423
44,0.318412,0.508273
45,0.090104,0.039111
46,0.400447,0.652299
48,0.424562,0.516753
51,0.321187,0.156069
52,0.20345,0.079628
53,0.353114,0.102738
55,0.387944,0.523507
56,0.345321,0.504839
57,0.261581,0.312274
59,0.488254,0.486993
61,0.258018,0.110139
62,0.40648,0.445463
63,0.372303,0.139683
64,0.328662,0.129327
65,0.370414,0.140315
68,0.460839,0.410503
69,0.468286,0.387003
70,0.402429,0.413715
71,0.422196,0.419518
72,0.110261,0.55604
73,0.397257,0.299545
74,0.32662,0.083409
75,0.267758,0.359619
76,0.351738,0.479705
77,0.226379,0.473761
78,0.134402,0.450694
79,0.404803,0.374876
80,0.385624,0.55412
82,0.181039,0.454133
84,0.160455,0.340989
85,0.400642,0.121036
86,0.345737,0.299092
87,0.383303,0.10977
88,0.227177,0.405492
89,0.315039,0.290686
90,0.416028,0.37397
91,0.424475,0.163732
93,0.461917,0.459692
94,0.387094,0.088701
95,0.222703,0.518374
96,0.20772,0.281854
97,0.360808,0.39007
98,0.270974,0.522027
99,0.481885,0.43553
100,0.374855,0.403791
102,0.182491,0.12203
104,0.401017,0.167363
105,0.142715,0.427429
106,0.279282,0.671356
107,0.124725,0.52928
108,0.340986,0.434417
109,0.338876,0.10561
111,0.30122,0.38459
112,0.362624,0.500857
113,0.036142,0.030278
114,0.327716,0.64547
115,0.355403,0.079166
118,0.337211,0.302488
119,0.167147,0.470865
120,0.403971,0.384056
121,0.330912,0.335425
122,0.350507,0.096101
124,0.300444,0.126488
125,0.312558,0.351852
126,0.312749,0.434631
127,0.470395,0.39153
128,0.401209,0.832669
129,0.402093,0.24685
130,0.420398,0.415783
131,0.324145,0.1198
132,0.179994,0.470842
133,0.29623,0.493899
134,0.26884,0.394571
135,0.251223,0.119566
136,0.346632,0.428455
137,0.249505,0.5771
138,0.376695,0.118481
139,0.395779,0.46619
140,0.344649,0.744996
141,0.290266,0.389435
142,0.252353,0.114781
143,0.191594,0.059157
145,0.090733,0.039641
146,0.380707,0.397601
147,0.349634,0.549864
148,0.182171,0.282211
150,0.44392,0.478889
151,0.489496,0.423544
153,0.328896,0.42008
154,0.334795,0.110731
155,0.325962,0.42449
156,0.396437,0.279899
157,0.28873,0.201931
158,0.375846,0.323639
159,0.264593,0.672647
160,0.468516,0.430384
161,0.436835,0.436891
163,0.385313,0.304459
164,0.356012,0.130487
165,0.333283,0.505753
166,0.397502,0.447799
167,0.328673,0.562628
168,0.415638,0.467674
170,0.216716,0.472867
171,0.321853,0.30026
172,0.42272,0.4257
173,0.37437,0.465136
174,0.284538,0.261919
175,0.163371,0.049384
176,0.209226,0.570593
177,0.146696,0.514715
178,0.234897,0.468555
179,0.336474,0.298139
180,0.425545,0.413868
182,0.223868,0.307219
183,0.404483,0.432106
184,0.33401,0.303152
185,0.147151,0.371138
186,0.134421,0.39584
187,0.384968,0.136473
188,0.367112,0.441107
189,0.125439,0.06557
190,0.144271,0.504247
191,0.35224,0.389047
192,0.386221,0.097329
193,0.384824,0.388672
194,0.304621,0.384544
196,0.415579,0.496237
199,0.368596,0.13069
200,0.26943,0.484351
201,0.407717,0.450821
204,0.484145,0.420706
205,0.113177,0.436625
206,0.401241,0.258077
207,0.134098,0.102495
208,0.348553,0.642865
209,0.304957,0.489633
210,0.201074,0.28773
211,0.446062,0.689322
212,0.373734,0.437494
213,0.384182,0.461261
214,0.426754,0.445138
215,0.379591,0.719757
220,0.436591,0.387028
221,0.391961,0.484585
222,0.34798,0.452957
223,0.404889,0.082029
224,0.338788,0.09176
225,0.485946,0.374343
226,0.455951,0.46502
227,0.360472,0.251584
228,0.160038,0.496868
230,0.386283,0.391699
231,0.065757,0.028465
232,0.432884,0.568813
233,0.408143,0.195411
234,0.165431,0.531227
235,0.374316,0.280076
237,0.410705,0.456958
238,0.290278,0.468301
239,0.399866,0.300925
242,0.209349,0.458089
243,0.190379,0.126269
245,0.450277,0.450719
246,0.345428,0.418792
247,0.420947,0.422592
248,0.366713,0.496242
250,0.311172,0.543253
251,0.404666,0.303989
252,0.307929,0.468847
253,0.075928,0.209098
254,0.264765,0.38987
255,0.320491,0.397298
256,0.274518,0.123342
257,0.445837,0.428618
258,0.342402,0.647709
259,0.246149,0.401998
260,0.454034,0.431546
262,0.268948,0.125624
264,0.364168,0.4414
265,0.299972,0.57977
266,0.391159,0.221962
267,0.380025,0.381344
268,0.387458,0.283234
269,0.449781,0.5097
270,0.34613,0.106704
271,0.419955,0.432233
272,0.440388,0.374762
273,0.386505,0.083402
274,0.375559,0.409913
275,0.411305,0.125973
276,0.244181,0.488762
278,0.330963,0.668033
280,0.385023,0.131714
281,0.238449,0.059489
282,0.21836,0.101233
284,0.402918,0.608823
285,0.27192,0.325559
286,0.03335,0.022687
287,0.216887,0.187693
288,0.135074,0.442953
289,0.435272,0.464142
291,0.447043,0.467136
292,0.093455,0.024052
295,0.223379,0.273373
296,0.174811,0.07571
297,0.312611,0.52213
298,0.371578,0.480318
299,0.385344,0.307621
300,0.395708,0.112596
301,0.304808,0.147486
302,0.291837,0.363317
303,0.140118,0.28209
304,0.418166,0.127772
305,0.187642,0.096164
306,0.374392,0.109713
307,0.384977,0.473338
308,0.407341,0.482733
309,0.374454,0.478166
310,0.157134,0.314476
311,0.05097,0.025378
313,0.408327,0.416615
314,0.336933,0.31183
315,0.358064,0.31837
316,0.353402,0.328899
317,0.468367,0.397595
318,0.340602,0.079953
319,0.350808,0.462496
320,0.438902,0.607296
321,0.303675,0.418445
322,0.187046,0.313203
323,0.252158,0.089166
324,0.37955,0.517433
325,0.210929,0.4033
326,0.362511,0.5195
327,0.134202,0.384253
328,0.4144,0.516551
329,0.192549,0.463523
330,0.266072,0.433702
331,0.410315,0.305672
332,0.388758,0.294748
333,0.087945,0.383264
334,0.103132,0.224616
335,0.326395,0.362709
336,0.189128,0.098998
337,0.17314,0.03772
338,0.36195,0.43591
339,0.348552,0.303024
340,0.433094,0.130978
341,0.463044,0.405317
342,0.300976,0.432247
343,0.393148,0.118899
344,0.078948,0.047938
345,0.190467,0.041953
346,0.375918,0.148907
347,0.456418,0.626273
349,0.240336,0.480274
350,0.34963,0.592736
351,0.154803,0.06401
352,0.284101,0.477904
354,0.280622,0.111796
355,0.312703,0.487374
358,0.351487,0.519306
359,0.30486,0.149475
360,0.242909,0.083766
362,0.347438,0.384636
363,0.35857,0.065493
364,0.489356,0.412392
365,0.246492,0.125191
366,0.364489,0.278785
367,0.382328,0.477364
368,0.153282,0.580863
369,0.372716,0.110975
371,0.371657,0.403607
372,0.362411,0.40228
373,0.443535,0.417338
374,0.445059,0.722214
375,0.151191,0.283625
376,0.383839,0.111467
377,0.261355,0.437925
378,0.35866,0.49571
380,0.417544,0.533338
381,0.178259,0.038632
382,0.200815,0.422537
383,0.427609,0.497139
384,0.30347,0.12809
386,0.228418,0.406319
387,0.426288,0.458602
388,0.175071,0.096473
389,0.238315,0.524992
390,0.387047,0.053627
391,0.33298,0.302496
392,0.359106,0.766767
393,0.434411,0.354947
394,0.236684,0.727694
395,0.421012,0.490694
396,0.450314,0.332665
397,0.222786,0.457315
398,0.262265,0.501409
399,0.407616,0.529102
400,0.377074,0.301579
401,0.378518,0.179675
402,0.455468,0.644848
403,0.17071,0.387084
404,0.438443,0.237162
405,0.324967,0.306639
406,0.422054,0.47485
408,0.412977,0.48018
409,0.296049,0.422788
410,0.324215,0.477204
411,0.348352,0.134492
412,0.283924,0.128175
413,0.14778,0.065948
414,0.416056,0.12354
415,0.279951,0.049484
416,0.354481,0.517509
417,0.232921,0.482309
418,0.295234,0.360002
419,0.488147,0.408891
420,0.320894,0.122244
422,0.359247,0.359589
423,0.450746,0.402478
424,0.338451,0.460938
426,0.083775,0.018706
427,0.50651,0.415246
428,0.137564,0.091895
429,0.433661,0.428351
430,0.385689,0.30616
434,0.31108,0.567846
435,0.184509,0.402278
437,0.369959,0.111357
438,0.360649,0.129774
439,0.440938,0.425999
440,0.194874,0.40401
441,0.41219,0.454777
442,0.395381,0.552933
443,0.279127,0.430079
444,0.302042,0.09429
445,0.310366,0.422641
447,0.346531,0.489755
448,0.212972,0.520773
449,0.21214,0.17941
450,0.436517,0.133273
451,0.290332,0.363682
453,0.470826,0.427468
454,0.390583,0.491378
455,0.480937,0.405046
456,0.231635,0.487313
457,0.278506,0.482773
458,0.394279,0.469525
459,0.025791,0.044587
460,0.489667,0.414063
461,0.322437,0.419815
462,0.163729,0.355459
463,0.075065,0.039764
464,0.368513,0.295369
465,0.246416,0.54427
466,0.320488,0.486116
467,0.284154,0.122811
469,0.305771,0.389572
470,0.325847,0.498143
471,0.159093,0.313095
472,0.458517,0.377125
473,0.307545,0.11245
474,0.37391,0.269735
476,0.334298,0.092355
477,0.159396,0.096755
478,0.262396,0.446774
479,0.166092,0.41232
480,0.179502,0.142664
481,0.364459,0.306928
482,0.357526,0.718246
483,0.433911,0.364727
484,0.382173,0.448401
485,0.109629,0.439978
486,0.44687,0.543701
487,0.314508,0.300003
488,0.372271,0.493793
489,0.147605,0.034383
493,0.00852,0.021527
494,0.34923,0.462995
495,0.260117,0.283701
496,0.279579,0.494937
497,0.128385,0.460086
498,0.417031,0.450043
499,0.13919,0.473682
500,0.34445,0.354426
501,0.413301,0.076088
502,0.275543,0.442904
503,0.437598,0.517355
504,0.257838,0.102599
505,0.389247,0.103799
506,0.454287,0.108318
507,0.378535,0.103437
508,0.154146,0.42328
509,0.260991,0.112338
510,0.382245,0.465152
511,0.118741,0.472768
512,0.365456,0.709244
513,0.316297,0.129757
514,0.322839,0.331356
515,0.399223,0.123412
516,0.424824,0.429414
517,0.446599,0.35362
518,0.410002,0.449996
519,0.385508,0.431646
520,0.196031,0.539338
521,0.382041,0.43106
522,0.178198,0.042995
523,0.112885,0.092172
524,0.426378,0.531956
525,0.302394,0.431874
527,0.414909,0.349388
528,0.084428,0.025307
529,0.376791,0.441901
530,0.2537,0.508789
531,0.171593,0.403623
532,0.42567,0.659506
534,0.43367,0.354522
535,0.393434,0.461852
536,0.304596,0.450455
537,0.340962,0.441379
538,0.290087,0.46637
539,0.33447,0.565456
540,0.363355,0.512652
542,0.333386,0.46865
543,0.342555,0.657675
544,0.294523,0.127015
546,0.461148,0.522149
547,0.217195,0.434269
548,0.145988,0.483877
550,0.393263,0.402688
551,0.359138,0.691579
553,0.389063,0.332075
554,0.415593,0.134961
555,0.152412,0.048469
556,0.277255,0.181735
557,0.366315,0.4964
558,0.403971,0.446129
559,0.190549,0.45482
560,0.159623,0.439798
561,0.363011,0.280864
562,0.19523,0.03806
563,0.300999,0.393031
564,0.379071,0.46869
565,0.274298,0.659666
566,0.219601,0.284848
567,0.362805,0.658298
568,0.362732,0.594352
569,0.273807,0.487924
570,0.389269,0.119361
571,0.305811,0.416725
572,0.171959,0.106314
575,0.410849,0.57744
576,0.431681,0.453471
577,0.223867,0.29711
578,0.394017,0.362837
579,0.370528,0.420655
580,0.356413,0.542656
581,0.0,0.017981
582,0.340519,0.128608
583,0.228303,0.293471
584,0.222497,0.069213
585,0.426268,0.465522
586,0.402448,0.346436
587,0.372689,0.158867
588,0.11221,0.078423
589,0.168805,0.188985
590,0.392651,0.408761
592,0.319874,0.50127
593,0.389088,0.103962
594,0.253655,0.432688
595,0.254555,0.58581
596,0.298833,0.126211
597,0.44715,0.464167
598,0.231491,0.482075
599,0.32869,0.132731
600,0.38599,0.115422
601,0.37978,0.158107
604,0.306414,0.496389
605,0.260139,0.137088
606,0.199729,0.072565
607,0.25428,0.547673
609,0.434678,0.450056
610,0.226767,0.274295
611,0.435596,0.540791
612,0.227978,0.435579
613,0.36589,0.386533
614,0.317129,0.540767
615,0.39831,0.625361
616,0.411598,0.444761
617,0.313129,0.460268
618,0.190534,0.318249
619,0.311066,0.556807
620,0.328471,0.285862
621,0.308585,0.409915
622,0.360278,0.299231
623,0.460795,0.668982
626,0.354038,0.394375
627,0.282143,0.143397
628,0.408034,0.522401
629,0.31252,0.14206
630,0.310029,0.518991
631,0.343305,0.453204
632,0.380092,0.554715
633,0.309823,0.146021
634,0.217395,0.683042
635,0.412055,0.661821
636,0.397559,0.542221
637,0.388549,0.381357
638,0.467542,0.391708
639,0.459478,0.515316
640,0.249031,0.519938
641,0.143407,0.507066
643,0.112156,0.346772
644,0.375675,0.488832
645,0.376462,0.399837
646,0.461774,0.54376
647,0.367738,0.474638
648,0.367937,0.286919
649,0.356379,0.12053
650,0.328613,0.092392
651,0.247759,0.524162
652,0.353441,0.419873
653,0.335382,0.111022
655,0.286546,0.27152
656,0.313669,0.682828
658,0.112861,0.365921
659,0.126621,0.059323
661,0.135933,0.07648
662,0.262012,0.487989
664,0.248614,0.534794
666,0.379722,0.486203
667,0.313953,0.30436
668,0.282604,0.425269
670,0.405136,0.505825
671,0.37972,0.141625
672,0.255786,0.51453
673,0.362755,0.304611
674,0.354518,0.298151
675,0.396675,0.486796
676,0.418561,0.312389
677,0.094249,0.076562
679,0.177408,0.283921
680,0.167162,0.427362
681,0.179058,0.038057
682,0.154456,0.085538
683,0.149513,0.085318
684,0.426651,0.423468
685,0.346611,0.379182
686,0.349384,0.48427
688,0.140033,0.227248
690,0.265177,0.115101
691,0.447265,0.541694
692,0.390524,0.104561
694,0.410045,0.221637
695,0.214341,0.453997
696,0.441184,0.435782
697,0.190993,0.057821
698,0.325954,0.15355
699,0.357222,0.142763
701,0.153613,0.238191
702,0.32367,0.57424
704,0.227917,0.575366
705,0.307057,0.026978
706,0.195413,0.126359
707,0.236394,0.348321
708,0.411131,0.124124
709,0.378532,0.285507
710,0.161017,0.077763
711,0.432083,0.294479
712,0.389921,0.517716
713,0.159386,0.078852
714,0.320209,0.125015
715,0.053863,0.02776
716,0.233648,0.095216
718,0.479834,0.393486
719,0.319781,0.409506
720,0.458826,0.401729
721,0.363574,0.593165
722,0.250773,0.441023
724,0.405612,0.251206
725,0.311636,0.444397
726,0.33656,0.518529
727,0.342343,0.240145
728,0.27398,0.280339
729,0.426041,0.714918
730,0.250963,0.495508
732,0.148593,0.074064
734,0.387612,0.395051
735,0.27886,0.465063
736,0.240236,0.53211
738,0.33424,0.55237
739,0.365907,0.332637
740,0.439366,0.437997
742,0.300612,0.281858
743,0.220318,0.09042
744,0.372469,0.3824
745,0.383094,0.641858
746,0.437934,0.341259
749,0.326551,0.096616
750,0.226787,0.450286
751,0.121421,0.394357
752,0.383606,0.111383
753,0.352603,0.288544
754,0.108559,0.457534
755,0.457284,0.439596
757,0.386202,0.432447
758,0.407688,0.376686
759,0.355254,0.389119
760,0.394497,0.376177
761,0.384389,0.434676
762,0.328373,0.258035
763,0.329347,0.607266
764,0.179835,0.42608
766,0.293767,0.132635
768,0.285724,0.585588
769,0.392816,0.468547
770,0.453782,0.184113
771,0.28847,0.017433
772,0.282585,0.561269
774,0.402581,0.500005
775,0.305653,0.31627
777,0.311503,0.136299
778,0.427088,0.398698
779,0.392736,0.4687
780,0.380965,0.459248
781,0.342107,0.087226
782,0.259035,0.098442
783,0.413774,0.417557
784,0.30724,0.525797
785,0.325956,0.129224
786,0.4596,0.421101
787,0.44836,0.491684
789,0.205565,0.095344
790,0.338777,0.469028
791,0.386626,0.109329
792,0.363683,0.111841
793,0.407982,0.39139
795,0.309554,0.476211
796,0.32105,0.089577
797,0.42193,0.468083
798,0.446332,0.570397
799,0.425384,0.569744
801,0.419609,0.329079
802,0.15331,0.565046
803,0.323703,0.430387
805,0.33623,0.302428
807,0.343868,0.13864
808,0.508813,0.44278
809,0.383554,0.482345
810,0.399586,0.192669
811,0.146718,0.083684
812,0.280765,0.286888
813,0.110925,0.0219
814,0.341443,0.29446
815,0.375702,0.121469
816,0.167703,0.341358
818,0.396142,0.444453
819,0.408615,0.490997
820,0.487558,0.437224
822,0.397916,0.383615
823,0.380954,0.439279
824,0.336704,0.057054
825,0.229268,0.733763
826,0.404428,0.459869
827,0.15662,0.33151
829,0.314875,0.678075
830,0.185421,0.284015
831,0.44847,0.47626
832,0.46482,0.439744
833,0.319331,0.123798
834,0.095122,0.04102
835,0.367645,0.493801
836,0.422032,0.445444
838,0.320329,0.644386
839,0.146882,0.361557
840,0.287286,0.350748
841,0.509823,0.425372
842,0.146305,0.114795
843,0.40195,0.511809
844,0.321219,0.622963
845,0.478652,0.432181
846,0.177399,0.114509
847,0.423732,0.557708
848,0.153131,0.061863
849,0.12717,0.486518
850,0.219073,0.380016
851,0.177076,0.064571
852,0.24186,0.432555
854,0.368983,0.115424
855,0.168316,0.356921
856,0.42185,0.501697
858,0.34242,0.132899
859,0.295129,0.44885
861,0.420035,0.507574
862,0.354157,0.126204
863,0.410052,0.371216
864,0.043776,0.029043
865,0.161052,0.035395
866,0.271506,0.11359
867,0.383322,0.1545
868,0.305079,0.303239
869,0.356208,0.303544
871,0.13994,0.377272
872,0.328185,0.761264
873,0.114773,0.498972
874,0.303847,0.474245
875,0.14037,0.459866
876,0.366268,0.531185
877,0.293547,0.497639
878,0.299103,0.530889
879,0.379262,0.333811
880,0.262114,0.333327
881,0.352275,0.145663
883,0.385033,0.406834
884,0.33705,0.115279
885,0.371599,0.371063
886,0.438443,0.375787
887,0.141693,0.271556
888,0.360043,0.68605
889,0.275346,0.300549
892,0.370913,0.731022
893,0.407501,0.42459
894,0.232508,0.095734
895,0.213007,0.276577
896,0.269945,0.122956
897,0.335769,0.490813
898,0.425687,0.430101
899,0.245417,0.297497
900,0.387923,0.417144
901,0.369706,0.474888
902,0.453887,0.486748
903,0.393363,0.471069
904,0.138917,0.389763
905,0.385048,0.481883
906,0.442509,0.375831
907,0.338055,0.414762
908,0.330998,0.615423
909,0.353671,0.566693
910,0.374881,0.435397
911,0.319123,0.122461
913,0.24091,0.575227
914,0.218853,0.081759
915,0.198282,0.132762
916,0.357133,0.135667
917,0.415214,0.61236
918,0.360648,0.470103
919,0.376171,0.49279
920,0.247983,0.177259
921,0.373423,0.485264
922,0.253117,0.320277
923,0.405829,0.434061
924,0.355523,0.123318
925,0.345747,0.124833
926,0.40594,0.446142
927,0.36906,0.405593
928,0.385718,0.19909
929,0.298169,0.252811
932,0.286312,0.308146
933,0.236229,0.274248
934,0.267322,0.453552
935,0.375424,0.223961
936,0.403928,0.343682
937,0.461459,0.426275
938,0.262669,0.522177
939,0.398226,0.510313
940,0.375059,0.412174
941,0.142739,0.570653
942,0.36322,0.357684
943,0.398522,0.109357
944,0.36342,0.130885
945,0.313752,0.142405
948,0.433052,0.678309
949,0.39247,0.307555
950,0.253087,0.525281
951,0.337916,0.501539
952,0.430612,0.408398
953,0.103466,0.07037
954,0.429191,0.763786
955,0.273588,0.440186
956,0.326879,0.407035
957,0.172129,0.123797
958,0.295085,0.422761
959,0.193069,0.067603
960,0.379601,0.104948
961,0.441937,0.409655
962,0.274112,0.136974
963,0.311828,0.111165
964,0.12636,0.095372
965,0.384435,0.434684
966,0.350589,0.290337
967,0.442115,0.348342
968,0.323563,0.914818
969,0.164873,0.289727
972,0.348347,0.388425
973,0.371723,0.491397
974,0.253778,0.488782
975,0.40744,0.431872
976,0.365072,0.423673
977,0.378652,0.520547
978,0.441993,0.376678
979,0.271994,0.099506
980,0.377726,0.253993
981,0.211207,0.282185
983,0.286447,0.134514
984,0.375078,0.289319
985,0.288022,0.45887
986,0.063736,0.201787
987,0.299303,0.502133
988,0.34098,0.133722
989,0.283843,0.456469
990,0.387602,0.569841
991,0.107047,0.121816
992,0.282129,0.487882
993,0.305915,0.790109
994,0.443121,0.452755
996,0.151531,0.136871
997,0.43685,0.17499
999,0.347836,0.150684
1001,0.262519,0.465414
1002,0.308332,0.142395
1003,0.329183,0.297798
1004,0.457011,0.331724
1005,0.471177,0.401411
1006,0.461105,0.466898
1007,0.398609,0.108932
1008,0.311794,0.118298
1009,0.359084,0.255103
1010,0.466493,0.732783
1011,0.35294,0.114914
1012,0.385267,0.464285
1013,0.356242,0.379249
1016,0.176847,0.34278
1017,0.280118,0.118633
1018,0.391012,0.09404
1019,0.367139,0.670734
1022,0.377463,0.161792
1023,0.395706,0.443527
1024,0.363686,0.117157
1025,0.363685,0.45991
1026,0.339465,0.429462
1027,0.413944,0.414371
1028,0.311406,0.406495
1030,0.409987,0.110091
1031,0.358923,0.301953
1032,0.356325,0.451806
1033,0.285473,0.426826
1034,0.161904,0.098737
1035,0.27733,0.426619
1036,0.159595,0.193975
1037,0.399089,0.461266
1038,0.285176,0.46741
1039,0.371905,0.563951
1040,0.300575,0.373328
1042,0.393281,0.442054
1044,0.359257,0.128734
1046,0.303021,0.687354
1047,0.248441,0.177639
1049,0.449986,0.401706
1050,0.262549,0.353588
1051,0.328908,0.471544
1053,0.158439,0.07948
1054,0.341493,0.293533
1056,0.093146,0.036694
1057,0.276358,0.449157
1058,0.484052,0.493757
1059,0.425159,0.330882
1060,0.282277,0.150973
1061,0.246463,0.505867
1062,0.40563,0.104212
1063,0.394939,0.556284
1064,0.332833,0.354189
1065,0.421807,0.132662
1066,0.294268,0.639458
1067,0.489136,0.197452
1068,0.410719,0.378293
1069,0.37292,0.42611
1070,0.438952,0.453375
1071,0.140452,0.594103
1072,0.256314,0.014805
1073,0.138683,0.481531
1074,0.146487,0.087111
1075,0.308608,0.465295
1076,0.489431,0.482702
1077,0.415529,0.395293
1078,0.322384,0.082613
1079,0.409563,0.407
1080,0.345522,0.291781
1081,0.201279,0.567858
1082,0.429388,0.479547
1083,0.455319,0.516526
1084,0.345024,0.133402
1085,0.151365,0.23078
1086,0.327515,0.72191
1087,0.261007,0.347492
1088,0.201511,0.082055
1089,0.294841,0.06505
1090,0.395977,0.497771
1091,0.423518,0.359543
1092,0.167642,0.079684
1093,0.341234,0.132391
1094,0.375887,0.120323
1095,0.322796,0.407883
1098,0.346276,0.484842
1100,0.365646,0.358658
1101,0.353582,0.336324
1102,0.315321,0.300565
1103,0.498256,0.518399
1104,0.478444,0.473886
1105,0.284774,0.152015
1106,0.13485,0.030851
1107,0.287837,0.152502
1109,0.122297,0.087514
1110,0.45487,0.403633
1111,0.419784,0.422515
1112,0.128008,0.579564
1114,0.313495,0.445274
1115,0.286247,0.145304
1117,0.382192,0.206183
1118,0.306571,0.314758
1120,0.327567,0.502862
1122,0.246593,0.098793
1123,0.400073,0.541329
1124,0.45646,0.332472
1125,0.474523,0.444577
1126,0.346342,0.392898
1127,0.339565,0.242811
1129,0.325692,0.516243
1130,0.287346,0.393352
1132,0.341645,0.116238
1134,0.30509,0.727998
1135,0.185242,0.056967
1137,0.462791,0.376024
1138,0.291507,0.374201
1139,0.124238,0.472604
1140,0.125699,0.067793
1141,0.189394,0.282238
1142,0.340703,0.521072
1143,0.44029,0.41392
1144,0.372044,0.381673
1145,0.381732,0.13607
1147,0.339245,0.420296
1148,0.175843,0.257506
1149,0.286428,0.382747
1150,0.308437,0.145077
1151,0.444772,0.110416
1152,0.162493,0.032381
1153,0.144944,0.205994
1154,0.414287,0.432318
1155,0.405451,0.106958
1156,0.392899,0.470381
1157,0.329982,0.147697
1158,0.32071,0.425122
1159,0.478959,0.438153
1160,0.245642,0.511379
1161,0.133942,0.385131
1162,0.118838,0.078935
1163,0.471334,0.607343
1165,0.434995,0.358512
1167,0.372237,0.111978
1168,0.41405,0.296586
1169,0.435293,0.597217
1170,0.152411,0.215478
1171,0.437195,0.551709
1172,0.360973,0.363973
1173,0.433121,0.470752
1174,0.308877,0.370193
1175,0.382679,0.529715
1177,0.424311,0.217836
1178,0.34923,0.511454
1179,0.439847,0.431185
1180,0.321893,0.123057
1181,0.248568,0.279059
1182,0.138735,0.360887
1183,0.316646,0.433648
1184,0.337714,0.490851
1185,0.476034,0.396552
1186,0.322928,0.420147
1187,0.034076,0.021627
1188,0.311362,0.425603
1189,0.104083,0.02883
1190,0.253104,0.102918
1191,0.302096,0.149999
1192,0.295616,0.723866
1193,0.305289,0.142709
1194,0.396641,0.127927
1195,0.348905,0.465127
1196,0.441163,0.490772
1197,0.257373,0.037421
1198,0.390917,0.577483
1199,0.089053,0.033307
1200,0.408985,0.488216
1201,0.404659,0.279258
1203,0.256597,0.496429
1204,0.341824,0.510277
1205,0.174919,0.032126
1206,0.350804,0.496369
1208,0.249398,0.436685
1209,0.204224,0.543022
1210,0.292479,0.201444
1211,0.342937,0.342819
1212,0.329086,0.479994
1213,0.133444,0.461849
1214,0.440777,0.614819
1215,0.283561,0.509334
1216,0.364404,0.484738
1217,0.379688,0.41701
1218,0.12891,0.419847
1219,0.316275,0.112835
1222,0.270038,0.531057
1224,0.446703,0.340431
1225,0.128744,0.478278
1226,0.369264,0.114594
1228,0.451586,0.389945
1229,0.285858,0.131107
1230,0.26083,0.406088
1231,0.345714,0.140159
1232,0.144384,0.295915
1233,0.255435,0.116502
1234,0.483286,0.497464
1235,0.250724,0.543206
1236,0.198247,0.275235
1237,0.352215,0.299385
1238,0.364815,0.141022
1239,0.346336,0.677971
1240,0.381487,0.542215
1242,0.320048,0.021376
1243,0.325398,0.130706
1244,0.314873,0.425396
1245,0.163797,0.368286
1247,0.273188,0.369835
1248,0.186791,0.324928
1249,0.319929,0.591354
1250,0.260274,0.619957
1251,0.055392,0.027244
1252,0.416213,0.475569
1253,0.332065,0.132271
1255,0.292098,0.487678
1256,0.165112,0.23321
1257,0.180932,0.019906
1258,0.367273,0.282512
1260,0.337581,0.202837
1261,0.142956,0.180368
1263,0.170311,0.453354
1264,0.297911,0.554901
1265,0.232297,0.422672
1266,0.37735,0.530478
1267,0.315097,0.096885
1268,0.175369,0.302059
1269,0.192376,0.411519
1270,0.422988,0.112151
1271,0.397554,0.059054
1272,0.312852,0.30514
1273,0.390656,0.468469
1274,0.323498,0.404352
1276,0.323081,0.086893
1277,0.395645,0.413739
1279,0.25263,0.417612
1280,0.373576,0.440576
1281,0.419397,0.30693
1282,0.344407,0.440569
1283,0.385502,0.127713
1284,0.28102,0.408455
1285,0.360573,0.160446
1287,0.331755,0.339621
1288,0.264302,0.14372
1289,0.380012,0.474408
1292,0.387472,0.563463
1293,0.411866,0.43226
1294,0.126865,0.029096
1295,0.159902,0.38312
1297,0.339858,0.462804
1298,0.413809,0.437025
1299,0.307718,0.450262
1300,0.101802,0.178866
1303,0.161863,0.32242
1304,0.302439,0.304677
1305,0.41986,0.362868
1307,0.345528,0.499469
1308,0.346989,0.482678
1309,0.310966,0.136532
1310,0.413083,0.393303
1311,0.319393,0.46752
1312,0.318742,0.773159
1313,0.43592,0.593814
1314,0.159324,0.363132
1315,0.440484,0.662082
1316,0.429528,0.343009
1317,0.095545,0.233868
1318,0.353424,0.158794
1320,0.333018,0.083902
1321,0.1247,0.054842
1322,0.377486,0.2816
1323,0.355749,0.396544
1324,0.153841,0.098114
1325,0.451089,0.484936
1326,0.374415,0.291708
1327,0.311608,0.476225
1328,0.300732,0.397105
1329,0.157613,0.076919
1330,0.131809,0.417524
1331,0.312313,0.278596
1332,0.404794,0.347067
1333,0.255467,0.122802
1334,0.263941,0.396209
1335,0.301489,0.30094
1336,0.341404,0.402783
1337,0.212819,0.084783
1338,0.165901,0.362362
1340,0.355114,0.11919
1343,0.198072,0.486623
1344,0.178716,0.084751
1345,0.057156,0.022542
1346,0.365319,0.497348
1347,0.98485,0.284088
1348,0.339263,0.440104
1349,0.336056,0.442308
1350,0.263678,0.402683
1351,0.335986,0.301356
1352,0.218072,0.290563
1353,0.380402,0.296112
1354,0.126032,0.048848
1355,0.159454,0.002261
1357,0.329288,0.496852
1358,0.308578,0.484323
1359,0.322392,0.720603
1360,0.402854,0.441625
1362,0.311544,0.437556
1363,0.374017,0.117912
1364,0.378961,0.31185
1365,0.257665,0.389865
1366,0.357099,0.749291
1367,0.474786,0.540059
1368,0.295631,0.336745
1370,0.389625,0.471781
1371,0.152998,0.065239
1372,0.266108,0.164902
1374,0.410985,0.646235
1375,0.329455,0.498466
1376,0.288905,0.425192
1377,0.227093,0.388365
1378,0.27612,0.575308
1379,0.122098,0.034557
1380,0.210028,0.300355
1381,0.380733,0.406156
1382,0.375146,0.118874
1383,0.30377,0.437699
1384,0.431864,0.422707
1385,0.12725,0.458646
1386,0.304021,0.499963
1387,0.310103,0.507208
1388,0.391158,0.316333
1389,0.337668,0.418314
1390,0.183061,0.197487
1391,0.350971,0.566085
1392,0.486997,0.386118
1393,0.410179,0.420133
1394,0.343819,0.525907
1395,0.344182,0.100299
1396,0.169725,0.304576
1397,0.440822,0.442186
1398,0.160969,0.461154
1399,0.401351,0.306656
1400,0.345873,0.297206
1401,0.319723,0.142865
1403,0.387648,0.106693
1404,0.155304,0.53336
1405,0.148959,0.197483
1406,0.18684,0.07514
1407,0.348894,0.282634
1408,0.323448,0.298931
1409,0.230609,0.388331
1410,0.23488,0.442225
1411,0.377786,0.402748
1414,0.477041,0.47064
1415,0.433335,0.402575
1416,0.471863,0.544463
1417,0.21741,0.088306
1418,0.406882,0.462505
1420,0.407774,0.437575
1421,0.198186,0.068306
1422,0.107959,0.427793
1423,0.334072,0.300808
1424,0.481204,0.499957
1425,0.401823,0.676673
1426,0.251546,0.083029
1427,0.447151,0.562944
1428,0.358176,0.303247
1430,0.406018,0.517386
1431,0.431054,0.126655
1432,0.388926,0.453168
1433,0.312025,0.494241
1436,0.391418,0.476606
1437,0.258768,0.094457
1438,0.313822,0.126664
1439,0.266922,0.389577
1440,0.318702,0.151004
1441,0.077805,0.027505
1443,0.452038,0.460311
1445,0.428653,0.410243
1446,0.136862,0.035496
1447,0.481597,0.340598
1448,0.18125,0.40787
1449,0.372147,0.108309
1450,0.319989,0.577235
1452,0.196697,0.063839
1453,0.421545,0.459049
1454,0.304151,0.137692
1456,0.422369,0.453529
1457,0.120347,0.383284
1459,0.346241,0.284971
1460,0.310725,0.288159
1461,0.132941,0.492118
1463,0.439966,0.541546
1464,0.303371,0.087148
1465,0.090788,0.01961
1466,0.422549,0.458843
1467,0.23168,0.45539
1468,0.418619,0.486935
1469,0.172784,0.118765
1470,0.39761,0.59676
1471,0.139111,0.454527
1473,0.437976,0.394769
1474,0.407706,0.526468
1475,0.205825,0.403023
1476,0.474731,0.428676
1477,0.40877,0.451035
1479,0.292602,0.197749
1480,0.188887,0.281851
1481,0.283004,0.431818
1482,0.446477,0.367062
1483,0.239142,0.402
1484,0.390193,0.854269
1485,0.343116,0.743559
1486,0.413608,0.492856
1487,0.386822,0.12409
1488,0.462842,0.384701
1489,0.302863,0.628375
1490,0.424807,0.426282
1492,0.186872,0.177856
1493,0.402869,0.419125
1494,0.377841,0.454138
1495,0.052146,0.108869
1496,0.375954,0.325229
1497,0.453657,0.163767
1498,0.219375,0.725007
1499,0.400118,0.433114
1500,0.336078,0.467171
1501,0.329954,0.478264
1502,0.392866,0.283221
1503,0.413378,0.427111
1504,0.46703,0.463899
1505,0.415429,0.482468
1506,0.392526,0.45986
1507,0.046137,0.023805
1508,0.374634,0.400918
1510,0.184375,0.559845
1512,0.471202,0.442933
1513,0.210473,0.46781
1514,0.413212,0.516761
1515,0.425748,0.442117
1516,0.500076,0.395426
1517,0.172272,0.377456
1518,0.41936,0.589242
1519,0.332311,0.131643
1520,0.278625,0.438852
1521,0.215322,0.144115
1522,0.304949,0.452741
1524,0.351331,0.426523
1525,0.339582,0.381545
1526,0.122259,0.13655
1527,0.342736,0.097604
1528,0.277533,0.504339
1529,0.358859,0.302626
1530,0.310283,0.29968
1531,0.414157,0.462634
1532,0.280596,0.137015
1533,0.04876,0.043494
1534,0.068961,0.024152
1536,0.186199,0.006333
1537,0.353795,0.43407
1538,0.088571,0.340638
1539,0.406288,0.523073
1540,0.248916,0.427422
1541,0.341925,0.069518
1543,0.420793,0.493461
1544,0.326328,0.607876
1545,0.204967,0.081674
1546,0.12817,0.349106
1547,0.321418,0.585699
1549,0.369912,0.094034
1550,0.379606,0.39164
1551,0.377869,0.579131
1552,0.367666,0.114796
1553,0.403479,0.405383
1554,0.444275,0.658594
1555,0.401677,0.435237
1556,0.24794,0.244717
1557,0.342436,0.113596
1558,0.120699,0.124458
1559,0.409768,0.169726
1560,0.441213,0.395118
1561,0.325323,0.084766
1562,0.345481,0.1209
1563,0.475805,0.472991
1566,0.422578,0.320884
1567,0.358078,0.395463
1568,0.417197,0.226414
1569,0.443054,0.530024
1570,0.305538,0.138377
1574,0.231633,0.612306
1575,0.376295,0.463943
1576,0.281194,0.461668
1577,0.371684,0.436704
1578,0.224836,0.353686
1579,0.373816,0.105636
1582,0.379052,0.299065
1583,0.306431,0.111605
1584,0.107279,0.1825
1588,0.340318,0.11002
1589,0.474203,0.409621
1590,0.389242,0.299853
1592,0.375803,0.07509
1593,0.318813,0.202639
1594,0.333978,0.477435
1596,0.327587,0.598506
1597,0.346623,0.487426
1598,0.212832,0.40904
1599,0.333252,0.079138
1601,0.366529,0.431658
1603,0.35635,0.455524
1604,0.406499,0.352374
1605,0.153492,0.060355
1606,0.25159,0.677995
1607,0.379717,0.31537
1608,0.380352,0.607452
1609,0.109255,0.360939
1610,0.47294,0.522123
1611,0.180492,0.094803
1612,0.42946,0.128767
1613,0.282357,0.637825
1614,0.381369,0.299429
1616,0.41549,0.201262
1617,0.350804,0.302006
1618,0.13309,0.431799
1619,0.423704,0.250198
1620,0.338578,0.50205
1621,0.352477,0.604898
1622,0.244597,0.133548
1623,0.186831,0.145956
1624,0.403403,0.541604
1625,0.248798,0.429088
1627,0.170915,0.449195
1628,0.42063,0.278706
1629,0.453446,0.100836
1630,0.383381,0.299174
1631,0.376859,0.438328
1632,0.436017,0.475285
1634,0.194823,0.471518
1636,0.311444,0.416472
1637,0.420596,0.453513
1639,0.184348,0.097311
1640,0.152688,0.077702
1643,0.362984,0.489011
1644,0.292545,0.387314
1645,0.081209,0.1223
1646,0.465303,0.475883
1647,0.193668,0.06134
1648,0.40119,0.177431
1649,0.315351,0.415222
1650,0.095989,0.079012
1651,0.42446,0.104491
1652,0.300377,0.524765
1654,0.408038,0.621632
1655,0.273834,0.460593
1656,0.323441,0.538298
1657,0.274026,0.494903
1658,0.471021,0.498629
1659,0.314734,0.37915
1661,0.176521,0.497273
1662,0.253455,0.120643
1663,0.340311,0.133763
1665,0.373502,0.629735
1666,0.250308,0.148763
1667,0.363253,0.466906
1668,0.387199,0.443324
1669,0.473986,0.505396
1670,0.276315,0.518894
1671,0.387315,0.395915
1672,0.42305,0.463131
1674,0.346044,0.119955
1675,0.180467,0.089603
1676,0.409053,0.538062
1678,0.30237,0.142011
1679,0.357803,0.399522
1680,0.433287,0.37448
1681,0.169809,0.307714
1682,0.379378,0.118816
1683,0.308209,0.354733
1684,0.420792,0.407395
1685,0.490127,0.45156
1686,0.365832,0.46934
1687,0.042816,0.020084
1688,0.359412,0.348879
1689,0.342308,0.114459
1690,0.145879,0.0353
1691,0.285692,0.060738
1692,0.363604,0.76072
1693,0.479108,0.459468
1694,0.329483,0.290526
1695,0.355805,0.109707
1696,0.38284,0.342425
1698,0.322303,0.33487
1699,0.309684,0.282368
1700,0.160364,0.095895
1701,0.403552,0.35661
1703,0.452652,0.185603
1704,0.366483,0.332053
1705,0.384069,0.113741
1707,0.411573,0.505863
1708,0.372223,0.421433
1710,0.23645,0.462862
1712,0.238591,0.101774
1713,0.363461,0.470405
1714,0.169085,0.313193
1716,0.304333,0.502107
1718,0.217473,0.099367
1719,0.054901,0.013339
1720,0.302792,0.51917
1721,0.972121,0.281369
1722,0.271575,0.476905
1723,0.410277,0.139902
1724,0.277569,0.454589
1725,0.230862,0.394456
1726,0.3403,0.437547
1727,0.330729,0.302086
1728,0.200218,0.028305
1729,0.344266,0.501848
1730,0.124453,0.032962
1731,0.188461,0.360504
1732,0.39953,0.281376
1734,0.155983,0.422086
1735,0.276063,0.13567
1736,0.350642,0.141989
1737,0.382753,0.296444
1738,0.407313,0.34526
1739,0.29936,0.43547
1740,0.426134,0.509353
1741,0.179665,0.358749
1743,0.466442,0.560879
1744,0.156868,0.416766
1745,0.293939,0.62777
1746,0.150563,0.407235
1747,0.317036,0.129135
1748,0.363695,0.300165
1749,0.320035,0.13286
1750,0.378677,0.42812
1751,0.19094,0.038548
1752,0.428848,0.486302
1753,0.29854,0.527904
1754,0.387322,0.588646
1755,0.420006,0.448345
1756,0.281513,0.468026
1757,0.327929,0.117831
1758,0.463264,0.44205
1759,0.322422,0.650493
1760,0.153273,0.035835
1761,0.314292,0.287989
1762,0.205625,0.209451
1763,0.241101,0.420252
1764,0.139461,0.190858
1765,0.121078,0.07317
1766,0.323584,0.132431
1767,0.419889,0.122925
1768,0.377376,0.284277
1769,0.392656,0.43561
1770,0.306013,0.461769
1772,0.347397,0.300279
1774,0.433423,0.466093
1775,0.409764,0.815747
1776,0.453444,0.343392
1777,0.430475,0.659054
1778,0.069811,0.026868
1779,0.403957,0.41367
1780,0.356358,0.123628
1781,0.317159,0.316946
1782,0.280966,0.480441
1784,0.158949,0.058284
1785,0.236146,0.392977
1786,0.359916,0.476209
1788,0.265998,0.518885
1789,0.349775,0.512821
1790,0.241003,0.664345
1791,0.440095,0.490735
1792,0.399506,0.235872
1793,0.078631,0.080931
1794,0.299989,0.437438
1797,0.456419,0.527413
1798,0.346519,0.345369
1799,0.147696,0.111828
1800,0.327974,0.40502
1802,0.370103,0.208662
1803,0.342146,0.302193
1804,0.335723,0.094579
1805,0.259958,0.420617
1806,0.242687,0.542582
1809,0.085563,0.01839
1810,0.403336,0.433978
1811,0.151183,0.387034
1812,0.354534,0.423737
1814,0.467774,0.424644
1816,0.218912,0.572985
1817,0.114236,0.338358
1818,0.50025,0.412694
1819,0.430986,0.630198
1820,0.349854,0.60493
1821,0.110733,0.521934
1822,0.348392,0.444852
1823,0.417707,0.620025
1824,0.376913,0.463321
1825,0.355832,0.233899
1827,0.410392,0.299558
1828,0.42042,0.537114
1829,0.085042,0.233057
1830,0.423123,0.448436
1832,0.383845,0.19107
1833,0.21245,0.446341
1834,0.349168,0.573645
1835,0.457274,0.371988
1836,0.443725,0.492265
1837,0.120653,0.097697
1838,0.400903,0.500188
1839,0.307866,0.480197
1841,0.466627,0.492658
1842,0.455625,0.519398
1843,0.398688,0.571234
1844,0.340804,0.417426
1846,0.369543,0.134325
1847,0.170926,0.048058
1848,0.105509,0.081057
1849,0.372471,0.558949
1850,0.146807,0.345183
1851,0.393115,0.440469
1852,0.34927,0.471422
1853,0.168326,0.469597
1854,0.415349,0.439353
1856,0.348273,0.109496
1857,0.23728,0.514839
1858,0.410888,0.403971
1859,0.456497,0.494993
1860,0.344678,0.603445
1861,0.177011,0.120446
1862,0.26259,0.127649
1864,0.195712,0.385467
1867,0.366109,0.647055
1868,0.393581,0.867866
1869,0.153386,0.48009
1870,0.397348,0.190068
1871,0.428984,0.48609
1872,0.271962,0.566125
1873,0.221337,0.447862
1874,0.397678,0.352245
1876,0.327203,0.303286
1877,0.471337,0.404349
1878,0.168787,0.431434
1879,0.418334,0.3352
1881,0.366852,0.107433
1882,0.172156,0.175582
1883,0.991858,0.282738
1884,0.398489,0.198104
1885,0.154261,0.343334
1886,0.395374,0.103002
1887,0.347644,0.680677
1889,0.413598,0.397035
1891,0.235746,0.415502
1893,0.970832,0.117344
1894,0.378,0.461382
1895,0.402919,0.114804
1896,0.153114,0.310969
1897,0.395577,0.105831
1898,0.486555,0.485869
1899,0.234106,0.418128
1900,0.371261,0.058317
1901,0.383882,0.638216
1902,0.391325,0.116382
1903,0.025321,0.021938
1905,0.176194,0.063985
1906,0.228228,0.405622
1907,0.394923,0.116851
1908,0.366303,0.065507
1909,0.325239,0.084735
1910,0.317548,0.473983
1911,0.317512,0.541511
1912,0.341582,0.125183
1913,0.278573,0.532807
1914,0.427961,0.489777
1915,0.420155,0.422068
1916,0.149662,0.398997
1917,0.365422,0.63958
1918,0.402577,0.465751
1919,0.392471,0.099714
1920,0.271661,0.555052
1921,0.36858,0.384814
1922,0.427892,0.329558
1923,0.380596,0.109181
1924,0.368534,0.428789
1926,0.28277,0.154763
1927,0.133594,0.268806
1928,0.125267,0.081745
1929,0.411892,0.15825
1930,0.388452,0.094929
1932,0.221269,0.1072
1933,0.160701,0.112523
1934,0.141527,0.283169
1935,0.21336,0.433082
1936,0.177291,0.109716
1937,0.397494,0.544422
1938,0.386989,0.308213
1939,0.434776,0.423848
1940,0.271514,0.038331
1941,0.234391,0.627374
1942,0.318873,0.556265
1943,0.174055,0.224833
1944,0.360134,0.143484
1945,0.334665,0.413685
1946,0.166675,0.137979
1948,0.35222,0.53747
1949,0.425596,0.477753
1950,0.39914,0.348066
1951,0.413087,0.445234
1952,0.228317,0.563236
1953,0.379672,0.467581
1956,0.387991,0.10003
1957,0.440453,0.38809
1959,0.143025,0.507493
1960,0.200156,0.463877
1961,0.117236,0.38315
1962,0.384606,0.537419
1963,0.403007,0.599216
1964,0.243844,0.48483
1966,0.162168,0.452586
1967,0.293213,0.602998
1968,0.379077,0.314582
1969,0.427697,0.471952
1970,0.363815,0.411956
1971,0.279033,0.119169
1972,0.383226,0.278902
1973,0.382332,0.248836
1974,0.31652,0.441552
1975,0.269069,0.5067
1976,0.232514,0.415581
1977,0.34726,0.47684
1978,0.389128,0.350887
1980,0.17258,0.434216
1981,0.347555,0.305714
1982,0.333549,0.117682
1983,0.069716,0.284118
1984,0.453484,0.356415
1986,0.378415,0.494799
1987,0.394569,0.483285
1988,0.18672,0.503206
1989,0.15893,0.262279
1990,0.397277,0.420542
1992,0.461287,0.306599
1993,0.397036,0.532124
1994,0.338338,0.529088
1995,0.390476,0.470403
1996,0.301355,0.143245
1997,0.114618,0.284208
1999,0.133709,0.280422
2000,0.408851,0.484536
2001,0.353276,0.535054
2002,0.150025,0.340686
2003,0.454775,0.385267
2004,0.227558,0.385133
2005,0.199566,0.236763
2006,0.3995,0.115069
2007,0.315683,0.4585
2008,0.127596,0.510358
2009,0.193954,0.09357
2010,0.369462,0.115783
2012,0.130677,0.283344
2013,0.081432,0.037549
2014,0.428655,0.478968
2015,0.379151,0.426161
2016,0.384451,0.109832
2017,0.410236,0.50913
2018,0.212536,0.337826
2019,0.109556,0.543692
2020,0.090472,0.028176
2021,0.363497,0.492828
2022,0.371579,0.300659
2023,0.228466,0.431726
2024,0.308096,0.591108
2025,0.423248,0.424154
2026,0.174785,0.280072
2028,0.325895,0.404409
2029,0.142615,0.173448
2030,0.384986,0.519227
2031,0.399882,0.106867
2032,0.356899,0.108827
2033,0.388546,0.280288
2034,0.433444,0.431966
2035,0.442256,0.395065
2036,0.401146,0.381714
2037,0.388694,0.432042
2039,0.288528,0.435928
2040,0.436746,0.620484
2041,0.289511,0.502677
2042,0.367709,0.291065
2044,0.46691,0.4317
2045,0.414436,0.365965
2046,0.390425,0.378527
2048,0.330501,0.435652
2049,0.43943,0.471911
2050,0.295127,0.431708
2052,0.378324,0.489296
2053,0.041212,0.008891
2054,0.286146,0.529
2055,0.083291,0.033844
2056,0.161829,0.420861
2057,0.436337,0.58598
2058,0.349132,0.296666
2059,0.21114,0.457594
2060,0.455709,0.449988
2061,0.367111,0.463917
2062,0.309076,0.080082
2063,0.312803,0.553062
2064,0.426574,0.438067
2065,0.310365,0.123073
2066,0.381811,0.438117
2067,0.160793,0.145681
2068,0.391363,0.347994
2069,0.330057,0.221129
2070,0.112944,0.086448
2071,0.20955,0.150143
2072,0.16286,0.373784
2073,0.293517,0.392513
2074,0.248915,0.462751
2075,0.336904,0.126908
2076,0.379999,0.324328
2077,0.399126,0.41833
2078,0.424673,0.508298
2079,0.246236,0.651109
2080,0.163899,0.427134
2081,0.120189,0.076408
2082,0.054798,0.02405
2083,0.350097,0.555601
2084,0.297735,0.113841
2085,0.152244,0.418958
2087,0.159699,0.081239
2088,0.153155,0.059197
2089,0.173924,0.069203
2090,0.419456,0.545226
2091,0.292168,0.438306
2093,0.397915,0.286198
2094,0.137405,0.419817
2095,0.356601,0.346286
2096,0.36327,0.543655
2097,0.329344,0.490602
2098,0.33257,0.420668
2099,0.177509,0.053032
2100,0.329364,0.430195
2101,0.083665,0.025801
2102,0.402871,0.545379
2103,0.160783,0.026098
2104,0.319057,0.967953
2105,0.188219,0.281624
2106,0.404248,0.522144
2107,0.432345,0.389899
2108,0.241646,0.107567
2109,0.120068,0.229459
2110,0.215765,0.102426
2111,0.288797,0.133352
2112,0.341019,0.681383
2113,0.470751,0.435863
2114,0.368606,0.112833
2115,0.432614,0.397154
2117,0.328522,0.381143
2118,0.295537,0.474858
2120,0.395768,0.537631
2121,0.343531,0.366773
2122,0.351145,0.373575
2123,0.243364,0.51102
2124,0.35553,0.314403
2125,0.325535,0.410139
2126,0.297473,0.147912
2127,0.378049,0.113516
2128,0.079459,0.034541
2129,0.288987,0.138825
2130,0.327513,0.525016
2131,0.406521,0.554355
2133,0.326545,0.122381
2135,0.147756,0.284682
2136,0.462403,0.407679
2137,0.179731,0.402543
2138,0.296056,0.360927
2139,0.23182,0.039151
2140,0.402922,0.432093
2141,0.408086,0.50509
2142,0.380928,0.437272
2143,0.087826,0.053448
2144,0.430255,0.55359
2145,0.274942,0.362013
2146,0.161487,0.446761
2147,0.386334,0.282325
2148,0.333492,0.301222
2149,0.212318,0.171351
2150,0.194576,0.410274
2152,0.335689,0.152491
2153,0.413062,0.587192
2154,0.369963,0.56583
2155,0.42321,0.476704
2156,0.352008,0.11895
2157,0.113329,0.08923
2160,0.431124,0.116847
2161,0.388535,0.332058
2162,0.150234,0.341608
2163,0.167874,0.264361
2164,0.116601,0.326462
2165,0.343359,0.33396
2166,0.066255,0.054442
2167,0.193343,0.420926
2168,0.347661,0.044716
2169,0.353911,0.0839
2170,0.133462,0.215603
2171,0.357868,0.443741
2172,0.388699,0.439858
2173,0.390886,0.454694
2174,0.457044,0.434291
2175,0.219306,0.097064
2176,0.307393,0.140749
2177,0.332291,0.30172
2178,0.260205,0.304487
2179,0.211716,0.424576
2180,0.336328,0.126675
2182,0.183688,0.225486
2183,0.313922,0.630237
2184,0.378962,0.116257
2185,0.320943,0.549401
2186,0.337158,0.072397
2187,0.416306,0.370508
2189,0.169596,0.097058
2190,0.309525,0.665287
2191,0.396207,0.504739
2192,0.225197,0.446552
2193,0.28655,0.016859
2194,0.434706,0.419129
2195,0.370616,0.42268
2197,0.364084,0.462394
2198,0.392611,0.445097
2199,0.101263,0.472273
2200,0.393226,0.247421
2201,0.192699,0.41663
2202,0.06716,0.021134
2203,0.430728,0.40905
2204,0.369696,0.451943
2206,0.221583,0.43231
2207,0.368823,0.508646
2208,0.1722,0.157957
2209,0.464213,0.590545
2210,0.390011,0.589456
2211,0.461064,0.434792
2212,0.340762,0.125466
2213,0.200521,0.080968
2214,0.283972,0.667704
2215,0.273921,0.372794
2217,0.355049,0.491008
2218,0.400622,0.454078
2219,0.171483,0.08422
2220,0.171736,0.443057
2221,0.309212,0.152585
2222,0.284725,0.381369
2223,0.412002,0.514187
2224,0.408886,0.375435
2225,0.361714,0.293714
2226,0.459506,0.468623
2227,0.136411,0.272305
2228,0.154111,0.342508
2230,0.331511,0.444486
2231,0.416471,0.433981
2233,0.430912,0.369337
2234,0.414588,0.287745
2235,0.358667,0.401583
2236,0.414152,0.418805
2237,0.189808,0.075656
2238,0.398302,0.740813
2239,0.29833,0.030562
2240,0.410686,0.428395
2241,0.204037,0.466745
2242,0.404339,0.503234
2243,0.406087,0.100701
2244,0.343839,0.350409
2245,0.145951,0.373009
2246,0.337603,0.123947
2247,0.379028,0.472145
2248,0.43204,0.417261
2249,0.286895,0.320774
2250,0.301269,0.139223
2251,0.201013,0.480703
2252,0.433672,0.488466
2253,0.366857,0.58649
2254,0.10382,0.20702
2255,0.363999,0.406835
2256,0.18359,0.064392
2257,0.236061,0.390266
2258,0.306015,0.151674
2259,0.143594,0.032487
2260,0.155986,0.033674
2261,0.362928,0.532624
2262,0.348068,0.811789
2264,0.297939,0.364961
2265,0.17594,0.093354
2266,0.137539,0.256299
2267,0.243238,0.674072
2268,0.151875,0.323289
2269,0.361681,0.316737
2270,0.249242,0.413356
2271,0.339459,0.481276
2272,0.420828,0.187977
2273,0.369107,0.42521
2274,0.204291,0.282466
2275,0.273623,0.360147
2276,0.38415,0.498456
2277,0.385015,0.297931
2278,0.244069,0.656591
2279,0.340883,0.40411
2280,0.435306,0.483988
2281,0.193106,0.302623
2282,0.423143,0.449565
2283,0.279252,0.47514
2284,0.347602,0.137118
2285,0.456126,0.322896
2286,0.16893,0.035871
2287,0.379694,0.161594
2288,0.162248,0.384023
2289,0.35943,0.425954
2290,0.372809,0.3849
2291,0.473292,0.526449
2293,0.216378,0.096505
2295,0.450239,0.320815
2296,0.262656,0.440233
2297,0.264364,0.426473
2298,0.360395,0.302892
2301,0.424254,0.481973
2302,0.314629,0.68001
2303,0.380652,0.152907
2304,0.294871,0.516831
2305,0.161971,0.49715
2306,0.449283,0.403535
2308,0.398385,0.459399
2310,0.241487,0.142963
2311,0.317003,0.546268
2312,0.306358,0.434417
2313,0.36396,0.411704
2314,0.415825,0.488786
2315,0.373234,0.418673
2317,0.354104,0.243423
2318,0.321074,0.116829
2319,0.406962,0.476319
2320,0.382998,0.646327
2321,0.350604,0.152757
2322,0.479209,0.435274
2323,0.269136,0.444741
2325,0.263782,0.465797
2326,0.336716,0.130483
2327,0.463328,0.329229
2328,0.293942,0.476797
2329,0.383352,0.62625
2330,0.290633,0.139269
2332,0.399516,0.606389
2333,0.326779,0.157206
2334,0.405235,0.118017
2336,0.24904,0.505305
2338,0.449886,0.180864
2339,0.282089,0.280382
2340,0.348941,0.472305
2341,0.359251,0.385833
2342,0.249728,0.552138
2343,0.33197,0.141112
2345,0.156386,0.48195
2346,0.354865,0.139869
2347,0.140144,0.154581
2348,0.405512,0.390469
2349,0.395648,0.539283
2350,0.410853,0.452184
2351,0.366364,0.386582
2352,0.30934,0.415584
2353,0.200864,0.123576
2354,0.438005,0.557868
2355,0.421937,0.455045
2356,0.218518,0.566113
2357,0.345886,0.133477
2360,0.333501,0.564586
2362,0.243769,0.379003
2363,0.959456,0.121651
2364,0.271778,0.655029
2365,0.441494,0.475864
2367,0.266533,0.560345
2368,0.308715,0.493222
2369,0.332125,0.686534
2370,0.355467,0.347897
2371,0.419803,0.377454
2373,0.281788,0.279172
2375,0.361289,0.486228
2377,0.419064,0.256058
2380,0.409951,0.398789
2382,0.418766,0.48691
2383,0.124293,0.089061
2384,0.253754,0.469844
2385,0.130557,0.369129
2386,0.441465,0.396169
2387,0.086012,0.027954
2388,0.376342,0.539478
2390,0.203084,0.414024
2392,0.394222,0.359319
2393,0.168387,0.294501
2394,0.308535,0.305046
2395,0.403603,0.436793
2397,0.200607,0.43958
2398,0.410299,0.504364
2399,0.168425,0.421169
2400,0.395021,0.406559
2401,0.330979,0.311266
2402,0.140625,0.468688
2403,0.395033,0.11711
2405,0.316377,0.771351
2406,0.433896,0.498126
2407,0.413376,0.196872
2408,0.420735,0.125079
2409,0.153291,0.517385
2410,0.231388,0.09715
2411,0.182009,0.485554
2412,0.33136,0.117014
2413,0.266958,0.293006
2414,0.143748,0.109618
2415,0.380184,0.11441
2416,0.409508,0.622253
2417,0.37603,0.349249
2418,0.366326,0.67226
2419,0.363786,0.170553
2420,0.364533,0.507423
2422,0.34413,0.774753
2423,0.248866,0.540979
2424,0.367945,0.110535
2425,0.416906,0.477036
2426,0.08714,0.027187
2427,0.328442,0.510557
2428,0.224205,0.112383
2430,0.360118,0.126098
2431,0.335966,0.096523
2432,0.447596,0.323752
2433,0.418084,0.448641
2434,0.218638,0.477811
2435,0.294867,0.150148
2436,0.264878,0.304364
2437,0.247377,0.593668
2438,0.397388,0.436865
2439,0.390397,0.581884
2440,0.328894,0.25182
2443,0.365918,0.256499
2445,0.232625,0.607256
2446,0.458882,0.537941
2447,0.379397,0.112826
2449,0.162914,0.371429
2450,0.393103,0.105083
2451,0.199843,0.284068
2452,0.269115,0.454408
2453,0.042784,0.010411
2454,0.434356,0.500095
2455,0.35599,0.492467
2456,0.382208,0.114615
2457,0.410866,0.432251
2458,0.241434,0.588034
2459,0.211187,0.369523
2460,0.460059,0.492634
2461,0.402463,0.279525
2462,0.428843,0.3416
2463,0.3889,0.117366
2464,0.147523,0.190423
2466,0.339236,0.609974
2467,0.289758,0.151516
2468,0.272528,0.331879
2470,0.41878,0.196459
2471,0.429468,0.104703
2473,0.343438,0.391617
2475,0.405295,0.401527
2476,0.257062,0.112422
2478,0.113612,0.471004
2479,0.320309,0.283834
2480,0.383398,0.149368
2481,0.217392,0.402107
2482,0.276981,0.430006
2483,0.415744,0.456741
2484,0.431097,0.5168
2485,0.487729,0.385316
2486,0.400845,0.135346
2487,0.370107,0.347288
2488,0.350349,0.691575
2489,0.432007,0.652076
2490,0.389898,0.382566
2491,0.319809,0.131801
2492,0.366875,0.431518
2493,0.413691,0.639345
2494,0.19919,0.070573
2495,0.415872,0.33729
2496,0.200909,0.094427
2497,0.223568,0.410607
2498,0.310956,0.270594
2499,0.287889,0.116981
2500,0.393923,0.458792
2501,0.420023,0.468163
2502,0.238034,0.327569
2503,0.401838,0.548243
2505,0.390848,0.658855
2507,0.278017,0.359184
2509,0.207102,0.302127
2510,0.309517,0.357952
2511,0.3319,0.085956
2512,0.197923,0.149326
2513,0.42281,0.440362
2514,0.331178,0.473689
2515,0.141419,0.058932
2516,0.132421,0.444826
2517,0.331677,0.77066
2518,0.34927,0.4638
2519,0.338067,0.126686
2520,0.363135,0.488536
2521,0.200744,0.431241
2522,0.208346,0.096404
2523,0.330698,0.449666
2524,0.295631,0.430597
2525,0.078132,0.013787
2526,0.296599,0.060509
2527,0.213878,0.095864
2528,0.320171,0.539827
2529,0.483911,0.417114
2530,0.148239,0.395903
2531,0.128736,0.053292
2532,0.297222,0.385394
2533,0.195969,0.043529
2534,0.173515,0.31566
2536,0.224443,0.414021
2537,0.404661,0.369453
2538,0.265497,0.412724
2539,0.390916,0.423128
2540,0.201215,0.502618
2541,0.280418,0.525122
2542,0.400644,0.491297
2543,0.342728,0.125412
2545,0.313397,0.398649
2546,0.10865,0.260551
2547,0.420132,0.564893
2548,0.291128,0.437643
2549,0.374951,0.127208
2551,0.309191,0.438459
2553,0.431476,0.483887
2555,0.390415,0.455764
2556,0.382345,0.642245
2557,0.137743,0.088577
2560,0.438305,0.460061
2561,0.365823,0.123602
2562,0.23122,0.304486
2563,0.392694,0.248287
2564,0.385937,0.337439
2566,0.37158,0.283157
2567,0.134957,0.476919
2569,0.380619,0.429735
2570,0.349113,0.537858
2571,0.389217,0.470766
2572,0.390821,0.483153
2573,0.130574,0.46322
2574,0.342104,0.110306
2575,0.257377,0.30012
2576,0.392161,0.420298
2577,0.331218,0.14287
2578,0.159428,0.478575
2579,0.351288,0.657627
2580,0.418103,0.576019
2581,0.216788,0.121305
2582,0.289744,0.630451
2584,0.442144,0.443226
2585,0.358353,0.420623
2586,0.444184,0.404992
2588,0.485751,0.445768
2589,0.114732,0.106531
2591,0.432639,0.465708
2592,0.320544,0.470557
2593,0.3292,0.47653
2594,0.109918,0.175784
2595,0.181252,0.473051
2596,0.224257,0.438184
2597,0.360711,0.626701
2598,0.391921,0.441486
2599,0.392875,0.487383
2602,0.119803,0.438639
2603,0.359529,0.627707
2604,0.467161,0.428668
2606,0.344939,0.514332
2607,0.363637,0.116036
2608,0.388521,0.43855
2609,0.297521,0.400788
2610,0.242838,0.119631
2611,0.445755,0.490565
2612,0.394217,0.43066
2613,0.358274,0.143872
2614,0.392162,0.194607
2615,0.318977,0.408293
2616,0.231189,0.590284
2619,0.360099,0.476247
2620,0.348366,0.101663
2621,0.106386,0.036477
2622,0.382754,0.481825
2623,0.495425,0.193733
2624,0.344885,0.393545
2625,0.363963,0.078951
2626,0.314179,0.484978
2627,0.311613,0.469078
2628,0.419048,0.443047
2629,0.184655,0.466079
2630,0.146999,0.273014
2631,0.260867,0.509051
2632,0.35584,0.338011
2633,0.291086,0.437628
2634,0.026855,0.020389
2635,0.360908,0.108492
2636,0.335202,0.297677
2637,0.387245,0.19073
2638,0.463542,0.411918
2639,0.376232,0.400387
2640,0.141984,0.058894
2641,0.252885,0.517489
2642,0.363332,0.15803
2645,0.200183,0.385582
2646,0.082499,0.024581
2647,0.370656,0.323376
2648,0.305452,0.243472
2649,0.407948,0.336583
2652,0.40729,0.389265
2653,0.415182,0.487022
2654,0.420127,0.438913
2655,0.277393,0.278506
2656,0.167856,0.272049
2657,0.309195,0.673684
2658,0.339419,0.31933
2659,0.408502,0.615821
2660,0.450867,0.454405
2661,0.35366,0.127606
2662,0.091242,0.277432
2663,0.158665,0.253838
2667,0.334397,0.123524
2668,0.321441,0.151335
2669,0.148451,0.399677
2670,0.352449,0.135549
2671,0.277964,0.301034
2672,0.029142,0.021368
2674,0.305058,0.46342
2676,0.329066,0.596163
2677,0.171711,0.09777
2678,0.348855,0.583853
2679,0.426511,0.175977
2680,0.341133,0.50276
2681,0.351588,0.124419
2682,0.437683,0.418634
2683,0.341508,0.383627
2684,0.278812,0.47796
2685,0.344101,0.455117
2686,0.280793,0.426534
2688,0.260756,0.39212
2689,0.984307,0.117913
2690,0.295178,0.495777
2691,0.136034,0.468495
2692,0.389568,0.325728
2693,0.410808,0.193071
2694,0.341555,0.113134
2695,0.363891,0.161423
2696,0.409974,0.688651
2697,0.286646,0.095431
2698,0.345712,0.10941
2699,0.420055,0.160847
2700,0.341021,0.44873
2701,0.391007,0.480129
2702,0.395902,0.412014
2703,0.361653,0.076008
2704,0.293786,0.445632
2705,0.424787,0.488653
2706,0.317987,0.415087
2707,0.334292,0.478109
2708,0.427065,0.493553
2710,0.2845,0.51416
2712,0.325636,0.137416
2714,0.329159,0.595603
2715,0.391116,0.122972
2716,0.1251,0.525915
2718,0.306671,0.621158
2719,0.301503,0.458847
2720,0.374408,0.441463
2721,0.387624,0.429317
2723,0.370452,0.341385
2724,0.409697,0.608847
2725,0.339946,0.149472
2726,0.443206,0.382804
2727,0.400615,0.145097
2728,0.220239,0.460773
2729,0.401521,0.517565
2730,0.371866,0.484801
2731,0.353072,0.295166
2732,0.382662,0.539783
2733,0.466249,0.410584
2734,0.389838,0.488675
2735,0.21414,0.274687
2736,0.265034,0.666545
2738,0.362326,0.362016
2739,0.141178,0.122613
2741,0.23086,0.563047
2742,0.475163,0.409223
2743,0.330929,0.118653
2744,0.097636,0.005687
2745,0.414162,0.572774
2746,0.438825,0.430477
2747,0.289487,0.077938
2748,0.181059,0.28182
2749,0.35069,0.297116
2751,0.38083,0.283036
2752,0.207857,0.463462
2753,0.45467,0.305041
2754,0.160854,0.41134
2755,0.3479,0.067455
2756,0.31192,0.642674
2757,0.087428,0.10342
2758,0.479784,0.459913
2759,0.173438,0.157336
2760,0.388799,0.313409
2761,0.392157,0.398798
2762,0.452244,0.303079
2763,0.255974,0.513516
2766,0.391089,0.441558
2767,0.334193,0.411106
2768,0.355323,0.110612
2769,0.160732,0.377073
2770,0.256322,0.114873
2771,0.355322,0.29055
2772,0.417172,0.109558
2773,0.41142,0.49044
2774,0.397126,0.430926
2775,0.388874,0.391927
2776,0.220087,0.130417
2777,0.409625,0.426306
2779,0.307237,0.674512
2780,0.248909,0.109657
2781,0.361982,0.439142
2782,0.372767,0.109923
2783,0.372436,0.431436
2784,0.225401,0.5844
2786,0.325152,0.669109
2787,0.235581,0.38941
2788,0.421275,0.324123
2789,0.106726,0.321222
2790,0.068493,0.034839
2791,0.11134,0.232509
2792,0.427509,0.446703
2793,0.211499,0.391681
2794,0.420549,0.386803
2796,0.303415,0.125578
2797,0.31011,0.10796
2799,0.154674,0.264686
2800,0.389546,0.430125
2801,0.253596,0.474722
2802,0.238322,0.585321
2803,0.410544,0.441426
2804,0.382722,0.297251
2805,0.398789,0.428884
2807,0.46267,0.455413
2808,0.196469,0.42128
2809,0.39601,0.354339
2810,0.407059,0.197205
2812,0.392434,0.550673
2813,0.371334,0.312361
2814,0.368551,0.152392
2816,0.090996,0.068036
2817,0.377031,0.673227
2818,0.368573,0.415709
2819,0.437223,0.125285
2821,0.153493,0.085177
2823,0.313349,0.295925
2824,0.320694,0.141322
2825,0.276761,0.540813
2826,0.406443,0.389432
2827,0.364717,0.350481
2828,0.106823,0.267691
2829,0.207883,0.300439
2830,0.239583,0.3068
2831,0.14204,0.538054
2832,0.197689,0.098531
2834,0.291098,0.197784
2836,0.035763,0.026173
2837,0.242591,0.492468
2838,0.146864,0.327201
2839,0.417996,0.412109
2841,0.343972,0.129113
2842,0.352226,0.406264
2843,0.29963,0.520902
2844,0.423636,0.140215
2846,0.376529,0.472208
2847,0.348008,0.527162
2848,0.342295,0.285534
2849,0.151513,0.077567
2850,0.310043,0.467016
2851,0.380081,0.302245
2852,0.120317,0.183016
2853,0.371574,0.414242
2855,0.263298,0.3096
2856,0.293762,0.135695
2857,0.116948,0.450242
2858,0.390663,0.339059
2861,0.306622,0.654962
2862,0.445881,0.116243
2863,0.261446,0.464526
2864,0.42231,0.40591
2865,0.341661,0.421265
2866,0.197533,0.437666
2867,0.105273,0.508723
2868,0.483865,0.468623
2870,0.315863,0.451131
2871,0.457423,0.580405
2872,0.423356,0.175025
2873,0.435125,0.397218
2874,0.185735,0.15673
2875,0.12187,0.48087
2876,0.484899,0.419166
2877,0.314483,0.316124
2878,0.194164,0.061988
2880,0.282048,0.317623
2882,0.423817,0.178048
2883,0.113948,0.115625
2884,0.109846,0.033738
2885,0.357312,0.70413
2886,0.330577,0.34299
2888,0.356813,0.654114
2889,0.305569,0.523749
2890,0.456067,0.465945
2891,0.182754,0.296409
2892,0.46161,0.430334
2893,0.131318,0.221424
2894,0.3971,0.281147
2895,0.347123,0.096679
2896,0.378162,0.616633
2897,0.173592,0.270917
2898,0.306723,0.495446
2899,0.257462,0.370521
2900,0.366019,0.186547
2901,0.187303,0.098611
2902,0.342413,0.313235
2903,0.398557,0.553917
2904,0.160982,0.035393
2905,0.375532,0.466686
2906,0.448608,0.333107
2907,0.379472,0.368881
2908,0.269622,0.646919
2910,0.45926,0.331064
2911,0.313787,0.393583
2912,0.378469,0.578251
2913,0.173243,0.334132
2914,0.362689,0.368265
2915,0.293386,0.439535
2916,0.24418,0.120672
2917,0.331931,0.514941
2918,0.382624,0.604745
2919,0.363339,0.283947
2920,0.341839,0.185247
2921,0.41038,0.604265
2922,0.228718,0.043521
2923,0.363206,0.424527
2924,0.445719,0.486796
2925,0.379962,0.088781
2926,0.418149,0.536507
2927,0.333986,0.299327
2929,0.407188,0.542408
2930,0.318199,0.472211
2932,0.350828,0.365126
2933,0.259709,0.502534
2934,0.290215,0.46545
2935,0.343381,0.289236
2936,0.369029,0.322844
2937,0.152005,0.288064
2938,0.397671,0.118676
2939,0.315778,0.699578
2940,0.467866,0.50822
2941,0.376718,0.079386
2942,0.306823,0.354257
2943,0.32887,0.46154
2945,0.260802,0.141051
2946,0.294769,0.457163
2947,0.386026,0.658746
2948,0.364781,0.449486
2949,0.182886,0.292342
2952,0.409391,0.429716
2953,0.354636,0.032978
2955,0.416246,0.414092
2956,0.391657,0.69006
2957,0.390163,0.386278
2958,0.475484,0.419185
2959,0.352027,0.406539
2960,0.340536,0.395365
2962,0.430939,0.437005
2963,0.409844,0.423418
2964,0.087464,0.386373
2965,0.414874,0.50209
2966,0.334785,0.297733
2967,0.361496,0.415987
2968,0.350763,0.434259
2969,0.089962,0.015402
2970,0.192508,0.121389
2971,0.26796,0.448464
2972,0.36559,0.274327
2973,0.365465,0.472678
2974,0.382795,0.176678
2976,0.452483,0.502506
2977,0.321513,0.494404
2978,0.370433,0.488313
2979,0.363758,0.409285
2980,0.433397,0.461178
2981,0.414176,0.39748
2982,0.4332,0.133832
2984,0.283804,0.36855
2985,0.185991,0.088343
2986,0.244753,0.31578
2987,0.429864,0.120884
2988,0.060675,0.15988
2989,0.187932,0.522005
2990,0.296127,0.416554
2991,0.41704,0.079552
2992,0.426717,0.477471
2994,0.043833,0.007635
2995,0.455999,0.455595
2996,0.226599,0.08858
2998,0.234509,0.396729
2999,0.46041,0.487982
3000,0.330714,0.617247
3001,0.08609,0.132675
3002,0.361781,0.073627
3003,0.344487,0.460226
3004,0.398933,0.480754
3005,0.455319,0.416213
3007,0.296741,0.138754
3008,0.344181,0.143564
3009,0.303101,0.055547
3010,0.158316,0.115947
3011,0.275854,0.145593
3013,0.364212,0.4358
3015,0.385917,0.153581
3016,0.382864,0.458423
3017,0.173456,0.361824
3018,0.422494,0.435604
3019,0.327916,0.617835
3020,0.364071,0.473982
3021,0.351676,0.148357
3022,0.139003,0.377919
3024,0.120202,0.439695
3026,0.416903,0.545318
3027,0.136685,0.577401
3029,0.437017,0.295737
3030,0.355331,0.245437
3031,0.392808,0.464493
3032,0.400755,0.563125
3033,0.38117,0.481788
3034,0.251177,0.522077
3035,0.256599,0.504931
3037,0.433353,0.197141
3038,0.423968,0.506366
3041,0.353573,0.115538
3042,0.279225,0.082843
3043,0.3932,0.467012
3044,0.212697,0.098387
3046,0.455773,0.519961
3047,0.329622,0.461219
3048,0.299732,0.077779
3049,0.395653,0.4186
3050,0.437505,0.705235
3052,0.138739,0.071586
3053,0.336428,0.305594
3054,0.130953,0.072722
3055,0.328883,0.300422
3056,0.312038,0.620754
3057,0.320385,0.477791
3058,0.362166,0.107647
3059,0.202359,0.046331
3060,0.313439,0.14306
3061,0.202458,0.542382
3062,0.136355,0.491866
3064,0.378801,0.103363
3066,0.483029,0.445209
3067,0.482391,0.434099
3069,0.299398,0.318963
3070,0.380146,0.309509
3071,0.301583,0.350161
3072,0.430354,0.59771
3073,0.287621,0.537602
3074,0.292998,0.294998
3075,0.358843,0.580246
3076,0.20117,0.083703
3077,0.38235,0.5027
3080,0.257907,0.465822
3081,0.480787,0.452188
3082,0.441361,0.279015
3083,0.223471,0.433872
3084,0.285879,0.493011
3085,0.131144,0.222288
3086,0.386843,0.429189
3087,0.959769,0.28065
3088,0.351896,0.405686
3089,0.444583,0.333658
3090,0.325066,0.143806
3091,0.345045,0.446195
3092,0.340307,0.383056
3093,0.31366,0.149654
3094,0.280646,0.473549
3095,0.279342,0.464274
3096,0.156449,0.314281
3097,0.295453,0.152823
3099,0.279571,0.537912
3100,0.312355,0.425391
3101,0.394592,0.496882
3102,0.284686,0.520062
3103,0.246156,0.420211
3104,0.401304,0.114721
3105,0.280306,0.079014
3106,0.228391,0.632833
3107,0.282762,0.490602
3108,0.173928,0.486842
3110,0.162233,0.247256
3111,0.348795,0.401091
3113,0.405168,0.338589
3114,0.35981,0.690873
3115,0.381759,0.590517
3116,0.435572,0.464345
3118,0.267209,0.632921
3119,0.379797,0.104119
3121,0.230615,0.573546
3122,0.405307,0.553184
3124,0.346001,0.117013
3126,0.172755,0.10547
3128,0.443072,0.427895
3129,0.245173,0.25482
3130,0.414204,0.249353
3131,0.338767,0.125485
3132,0.457462,0.562702
3133,0.381817,0.445272
3135,0.361138,0.183955
3137,0.201655,0.183177
3138,0.325843,0.511591
3139,0.357118,0.461405
3141,0.350108,0.550414
3142,0.291338,0.432444
3143,0.390878,0.43043
3144,0.164411,0.109738
3145,0.415103,0.6201
3146,0.247615,0.529393
3147,0.095423,0.01554
3148,0.349054,0.38672
3149,0.333187,0.380416
3153,0.395466,0.114297
3154,0.440773,0.403091
3155,0.402735,0.464037
3156,0.286675,0.471647
3157,0.329543,0.376304
3158,0.41886,0.621655
3160,0.405624,0.104477
3161,0.354465,0.390636
3162,0.392291,0.172047
3163,0.399576,0.527798
3165,0.246079,0.473479
3166,0.116354,0.077834
3167,0.416661,0.64782
3168,0.299704,0.519321
3169,0.235615,0.119237
3170,0.435991,0.329911
3171,0.166219,0.118681
3172,0.403944,0.463036
3173,0.41216,0.14264
3174,0.30182,0.521262
3177,0.297713,0.281263
3178,0.407461,0.451807
3180,0.34078,0.113326
3181,0.281866,0.382154
3182,0.273025,0.138188
3183,0.31434,0.15051
3185,0.421105,0.470487
3186,0.351161,0.406207
3187,0.396391,0.438144
3188,0.408222,0.301003
3189,0.351993,0.615511
3191,0.336629,0.332229
3193,0.474345,0.484457
3195,0.437995,0.177588
3196,0.427653,0.637432
3197,0.408477,0.379251
3198,0.193232,0.062129
3199,0.159859,0.537931
3200,0.269667,0.500548
3201,0.338374,0.410092
3202,0.145625,0.092003
3203,0.343958,0.629089
3204,0.196421,0.431823
3205,0.408783,0.480071
3206,0.158594,0.222266
3207,0.366758,0.161883
3209,0.340846,0.297934
3210,0.362285,0.324354
3211,0.364355,0.42941
3215,0.23814,0.471291
3216,0.493336,0.434802
3217,0.180738,0.081823
3218,0.308589,0.502973
3219,0.205552,0.092936
3220,0.259618,0.475407
3221,0.272795,0.442111
3222,0.201286,0.38441
3223,0.332331,0.078053
3224,0.168055,0.511721
3225,0.419018,0.470872
3226,0.24926,0.394231
3227,0.323099,0.547994
3228,0.347552,0.566952
3229,0.357583,0.393867
3230,0.176034,0.112061
3231,0.096924,0.452096
3232,0.335651,0.406978
3233,0.360932,0.111902
3236,0.370475,0.135064
3237,0.40145,0.205562
3238,0.358058,0.786461
3240,0.353813,0.64495
3241,0.377196,0.328018
3242,0.350707,0.439862
3243,0.303829,0.691513
3244,0.408644,0.11648
3245,0.317888,0.281007
3246,0.413892,0.085074
3248,0.240684,0.501712
3249,0.326597,0.49377
3250,0.425494,0.654774
3251,0.163053,0.39601
3252,0.436136,0.529953
3253,0.379049,0.106808
3254,0.415432,0.440829
3255,0.352221,0.520064
3256,0.232234,0.474474
3257,0.351793,0.412482
3259,0.407829,0.659671
3260,0.44546,0.383788
3261,0.420383,0.618152
3263,0.168011,0.157557
3264,0.414692,0.413939
3265,0.327893,0.461655
3266,0.359872,0.435479
3267,0.370772,0.501337
3268,0.362077,0.293187
3269,0.210713,0.308657
3270,0.312104,0.139527
3271,0.392296,0.112191
3272,0.364172,0.379942
3273,0.418572,0.36695
3274,0.434258,0.364599
3275,0.348802,0.425001
3276,0.386823,0.456962
3277,0.2031,0.445644
3278,0.373212,0.512729
3281,0.434505,0.441154
3283,0.368425,0.419509
3284,0.127714,0.077436
3287,0.143611,0.085368
3288,0.371844,0.413036
3289,0.333456,0.122453
3290,0.38321,0.662274
3291,0.346902,0.514258
3292,0.390195,0.058532
3293,0.227221,1.0
3295,0.401236,0.353166
3296,0.324083,0.046934
3297,0.355742,0.291311
3298,0.321758,0.404331
3299,0.359335,0.301651
3300,0.424211,0.53659
3301,0.321366,0.483068
3303,0.379819,0.132318
3304,0.344127,0.552299
3305,0.273642,0.483482
3306,0.309614,0.151228
3307,0.222043,0.197994
3308,0.297924,0.486634
3309,0.062168,0.042098
3310,0.336438,0.136615
3311,0.355172,0.316369
3312,0.31858,0.675966
3313,0.30124,0.44276
3314,0.415046,0.45092
3315,0.33881,0.101504
3316,0.280243,0.590277
3317,0.287925,0.485732
3318,0.407042,0.11142
3319,0.344655,0.451138
3320,0.323992,0.472548
3321,0.35896,0.115818
3322,0.329269,0.105551
3323,0.386514,0.423059
3324,0.33477,0.321843
3325,0.309991,0.383113
3327,0.362997,0.80743
3330,0.083998,0.022204
3331,0.300365,0.141739
3333,0.401761,0.345365
3335,0.420526,0.450301
3336,0.18624,0.072633
3337,0.383146,0.304379
3338,0.206575,0.391849
3339,0.340777,0.543412
3340,0.494334,0.432144
3342,0.122012,0.543378
3344,0.364692,0.480633
3345,0.307164,0.067883
3346,0.371578,0.600058
3347,0.47543,0.492182
3349,0.362425,0.482868
3350,0.128465,0.238885
3351,0.38948,0.664642
3352,0.398286,0.445084
3353,0.431855,0.481539
3354,0.283054,0.113886
3356,0.454951,0.452827
3357,0.402919,0.118892
3358,0.38182,0.479098
3359,0.36366,0.107928
3360,0.300874,0.673654
3362,0.403063,0.462199
3363,0.138065,0.093493
3364,0.297055,0.204119
3365,0.437244,0.486111
3366,0.291681,0.08093
3367,0.096914,0.075882
3369,0.158724,0.401148
3370,0.470381,0.433893
3371,0.414456,0.349136
3373,0.260778,0.387548
3374,0.350969,0.450738
3377,0.388524,0.5644
3378,0.355515,0.302571
3379,0.116922,0.398223
3380,0.345894,0.138047
3381,0.301817,0.53881
3382,0.395124,0.413951
3383,0.367593,0.603031
3385,0.476177,0.400962
3386,0.44953,0.518919
3387,0.294066,0.202464
3388,0.331452,0.37499
3389,0.363461,0.488862
3390,0.363487,0.432404
3391,0.409047,0.38455
3392,0.342346,0.101604
3394,0.351843,0.227514
3396,0.271313,0.466399
3397,0.395375,0.440283
3398,0.357512,0.241004
3400,0.190811,0.040805
3401,0.304075,0.4666
3402,0.157293,0.405083
3403,0.444258,0.117513
3404,0.321719,0.148475
3405,0.223337,0.662499
3407,0.388726,0.466783
3408,0.279161,0.15163
3409,0.356749,0.470371
3410,0.137073,0.543427
3412,0.354271,0.333502
3413,0.286263,0.405147
3414,0.471123,0.479808
3415,0.328499,0.647373
3416,0.312993,0.114328
3417,0.41066,0.414646
3419,0.336813,0.303754
3420,0.259909,0.664463
3421,0.304327,0.47942
3422,0.355761,0.569285
3426,0.473303,0.38889
3427,0.474335,0.438506
3428,0.118192,0.073166
3429,0.120474,0.043658
3430,0.49084,0.395467
3431,0.407454,0.509821
3432,0.255355,0.112249
3433,0.159299,0.419689
3434,0.301107,0.394198
3435,0.25969,0.711707
3436,0.367893,0.228801
3437,0.316346,0.40929
3438,0.310517,0.500464
3439,0.4037,0.459451
3442,0.39261,0.430264
3443,0.104303,0.084218
3444,0.360743,0.303888
3445,0.357296,0.112512
3447,0.405639,0.322472
3448,0.341125,0.571958
3449,0.295797,0.129689
3451,0.377039,0.458303
3453,0.399525,0.19752
3454,0.184058,0.072667
3456,0.333665,0.089912
3457,0.351934,0.485121
3458,0.403766,0.124518
3459,0.137856,0.204116
3460,0.370651,0.397592
3462,0.398383,0.056067
3464,0.285011,0.126407
3465,0.363945,0.125423
3466,0.334043,0.494063
3467,0.25526,0.443588
3468,0.41218,0.13149
3469,0.20438,0.093514
3470,0.172225,0.495354
3472,0.163074,0.102181
3473,0.388842,0.402671
3474,0.320806,0.505868
3476,0.121386,0.348089
3478,0.271731,0.53069
3479,0.392328,0.299524
3480,0.315835,0.438585
3481,0.368633,0.59629
3482,0.374791,0.468966
3483,0.194028,0.014861
3486,0.351287,0.652974
3487,0.277308,0.54069
3488,0.404846,0.445129
3489,0.20361,0.0666
3490,0.167703,0.033834
3491,0.326201,0.305372
3492,0.346906,0.412891
3493,0.322,0.076855
3494,0.321722,0.508942
3495,0.263141,0.465164
3496,0.243034,0.300706
3497,0.341114,0.152952
3498,0.495087,0.54435
3500,0.375799,0.116518
3501,0.330601,0.144612
3502,0.329864,0.542027
3503,0.377621,0.441083
3504,0.256223,0.558766
3506,0.321752,0.628684
3507,0.434801,0.322668
3509,0.445653,0.433758
3510,0.227254,0.365795
3511,0.147446,0.223559
3512,0.39215,0.380404
3514,0.133126,0.483945
3515,0.351762,0.503674
3516,0.189297,0.084978
3517,0.158002,0.229687
3518,0.307315,0.285398
3519,0.317618,0.395371
3520,0.337818,0.198591
3521,0.319522,0.026892
3522,0.259712,0.41593
3523,0.480735,0.433073
3524,0.218215,0.4641
3525,0.39146,0.469279
3526,0.326232,0.117655
3527,0.285213,0.519598
3528,0.246652,0.2803
3529,0.407956,0.486668
3530,0.41744,0.635389
3531,0.137275,0.053425
3532,0.344919,0.217956
3533,0.26648,0.39329
3534,0.253182,0.114602
3535,0.366039,0.324867
3536,0.322301,0.430927
3538,0.326452,0.297955
3540,0.180779,0.281762
3541,0.401122,0.115489
3543,0.272153,0.14269
3545,0.25504,0.484669
3546,0.343797,0.385749
3548,0.288263,0.465759
3549,0.272602,0.699382
3550,0.342175,0.544475
3551,0.317608,0.508859
3552,0.084007,0.04255
3553,0.25527,0.516073
3555,0.3052,0.139899
3556,0.27298,0.141567
3557,0.446385,0.384616
3558,0.179702,0.062733
3559,0.411282,0.065938
3560,0.386954,0.81352
3561,0.341076,0.473622
3562,0.216116,0.40559
3563,0.415201,0.500044
3564,0.200075,0.000902
3565,0.423403,0.476046
3566,0.412992,0.11074
3567,0.360184,0.323563
3568,0.080665,0.171298
3569,0.41567,0.446383
3571,0.37124,0.283056
3572,0.336215,0.339217
3573,0.388224,0.451376
3574,0.256669,0.259209
3575,0.32178,0.138264
3576,0.217368,0.229263
3577,0.462522,0.377574
3578,0.326953,0.186381
3579,0.377297,0.299184
3580,0.338313,0.116431
3581,0.353691,0.492769
3582,0.411829,0.491554
3583,0.42881,0.662666
3585,0.095691,0.119038
3586,0.426306,0.502379
3587,0.321442,0.486944
3588,0.093756,0.364852
3589,0.283469,0.139054
3590,0.285617,0.357719
3591,0.175949,0.096119
3592,0.110127,0.545489
3593,0.374879,0.532316
3594,0.194323,0.284805
3595,0.377224,0.132741
3596,0.362046,0.13284
3597,0.414773,0.322559
3598,0.38882,0.300304
3599,0.061206,0.053813
3600,0.44725,0.491373
3601,0.322356,0.60272
3602,0.387417,0.40422
3603,0.46369,0.449574
3604,0.259103,0.558616
3605,0.085862,0.026077
3606,0.456942,0.489391
3607,0.258203,0.455477
3608,0.127126,0.53293
3609,0.440273,0.472438
3611,0.14249,0.053669
3612,0.385643,0.129696
3613,0.380174,0.294435
3614,0.297487,0.469311
3615,0.353635,0.391541
3616,0.104778,0.118318
3617,0.177389,0.439157
3619,0.380214,0.561965
3620,0.414811,0.116049
3621,0.322259,0.416167
3622,0.425413,0.121706
3623,0.326829,0.075612
3624,0.281401,0.301479
3625,0.302867,0.298505
3626,0.34245,0.403287
3627,0.369375,0.696915
3628,0.259156,0.545329
3629,0.19292,0.273516
3630,0.41205,0.563571
3631,0.34362,0.371522
3633,0.383121,0.306066
3634,0.407057,0.119053
3635,0.422945,0.447568
3636,0.403559,0.52579
3637,0.135238,0.486254
3638,0.216474,0.34683
3639,0.383557,0.410063
3640,0.323871,0.485408
3641,0.379297,0.123919
3642,0.342378,0.144464
3643,0.270238,0.110445
3644,0.24232,0.279904
3645,0.400243,0.389831
3646,0.300187,0.484194
3647,0.416807,0.399845
3648,0.44477,0.392058
3649,0.439237,0.294495
3650,0.309297,0.116433
3651,0.324386,0.437282
3652,0.424999,0.772143
3653,0.257225,0.529418
3655,0.30102,0.066881
3656,0.125981,0.10976
3657,0.200581,0.08117
3658,0.291214,0.147575
3661,0.343491,0.568705
3662,0.366673,0.385903
3663,0.431598,0.533372
3664,0.398391,0.463652
3665,0.259702,0.633825
3666,0.101533,0.233286
3667,0.288494,0.439159
3668,0.208205,0.396502
3669,0.36021,0.473925
3670,0.381726,0.409506
3671,0.172395,0.030873
3672,0.336058,0.482214
3673,0.434785,0.46581
3674,0.304253,0.435683
3677,0.36422,0.118585
3678,0.360048,0.115928
3679,0.416995,0.457556
3680,0.161189,0.326101
3681,0.379553,0.11026
3682,0.456107,0.454255
3683,0.281587,0.443585
3684,0.361308,0.425842
3685,0.33024,0.419738
3686,0.06019,0.024413
3687,0.207861,0.543302
3688,0.260059,0.075293
3689,0.269123,0.674721
3690,0.400604,0.48093
3691,0.397824,0.721888
3692,0.098325,0.276635
3693,0.136899,0.038899
3694,0.366477,0.483023
3695,0.399237,0.357497
3696,0.368951,0.263476
3697,0.1149,0.087578
3698,0.099994,0.528085
3699,0.345039,0.694487
3701,0.122462,0.073519
3702,0.435816,0.426733
3703,0.163206,0.354646
3705,0.27474,0.476764
3707,0.203602,0.147401
3708,0.359067,0.358436
3710,0.233528,0.420305
3711,0.337347,0.118711
3712,0.11443,0.001503
3714,0.333405,0.413465
3715,0.422858,0.521375
3716,0.367816,0.65178
3717,0.315521,0.305306
3718,0.361942,0.147384
3719,0.442483,0.537666
3720,0.303861,0.34691
3721,0.36909,0.189607
3722,0.469455,0.446297
3724,0.381235,0.320975
3725,0.373595,0.442855
3726,0.211095,0.166686
3727,0.378871,0.388234
3728,0.277831,0.467577
3729,0.14817,0.524616
3730,0.390344,0.427625
3731,0.409895,0.320915
3733,0.169762,0.107463
3734,0.410694,0.474956
3735,0.292873,0.403747
3736,0.255713,0.658311
3737,0.487205,0.489198
3738,0.438313,0.160744
3739,0.401255,0.35775
3740,0.320894,0.490696
3741,0.087538,0.025863
3742,0.449991,0.577277
3743,0.360667,0.347775
3744,0.289695,0.51457
3745,0.440695,0.3756
3746,0.202849,0.402174
3747,0.354597,0.299463
3748,0.381358,0.474268
3749,0.203093,0.410731
3750,0.339446,0.505526
3751,0.419963,0.556227
3753,0.314197,0.301357
3754,0.087312,0.174512
3756,0.414807,0.329077
3757,0.246768,0.59047
3758,0.207824,0.488461
3759,0.391939,0.574023
3760,0.292321,0.625666
3761,0.354112,0.47036
3762,0.417731,0.424138
3763,0.381325,0.454118
3764,0.365933,0.632765
3765,0.381901,0.098479
3766,0.393806,0.484361
3767,0.327415,0.261831
3769,0.401547,0.083425
3770,0.157744,0.237464
3771,0.247265,0.468888
3772,0.450824,0.485506
3773,0.322435,0.64875
3774,0.382798,0.313685
3775,0.254305,0.11343
3777,0.327658,0.157347
3778,0.485668,0.243151
3779,0.39324,0.737933
3780,0.426969,0.515882
3781,0.385213,0.372802
3782,0.475806,0.474763
3783,0.349596,0.420923
3784,0.317416,0.070494
3786,0.303372,0.600936
3787,0.156793,0.116729
3788,0.391617,0.38901
3789,0.284406,0.156616
3790,0.338427,0.51002
3793,0.34875,0.289974
3794,0.370292,0.325014
3795,0.41192,0.413922
3796,0.413064,0.646755
3797,0.364472,0.307806
3798,0.42483,0.410655
3799,0.222133,0.453389
3800,0.368644,0.339551
3801,0.288104,0.480109
3802,0.38288,0.471457
3803,0.252771,0.463541
3804,0.373567,0.439283
3805,0.41089,0.285168
3806,0.326095,0.14046
3808,0.068697,0.02114
3810,0.464413,0.449541
3811,0.473879,0.385085
3812,0.289632,0.042576
3813,0.421776,0.404234
3814,0.449619,0.415066
3815,0.330715,0.221176
3817,0.399031,0.12353
3818,0.372984,0.117677
3819,0.45504,0.407294
3820,0.341452,0.501067
3821,0.377511,0.50649
3822,0.46352,0.377649
3823,0.407414,0.463562
3824,0.477332,0.431295
3825,0.284692,0.427468
3826,0.254275,0.413463
3827,0.403978,0.428148
3828,0.226842,0.453791
3829,0.180735,0.035503
3830,0.483762,0.493438
3831,0.441929,0.443539
3832,0.397083,0.474382
3833,0.424155,0.32751
3835,0.385568,0.446527
3836,0.387651,0.583927
3838,0.163199,0.281615
3839,0.138897,0.083277
3841,0.308583,0.08833
3842,0.362586,0.129346
3843,0.44033,0.119031
3844,0.298586,0.123335
3845,0.337868,0.773292
3846,0.164358,0.036401
3847,0.194328,0.128181
3848,0.370552,0.118658
3849,0.443665,0.635495
3850,0.228387,0.597861
3851,0.404665,0.586933
3852,0.335586,0.455937
3853,0.242962,0.450685
3854,0.39031,0.231767
3857,0.361146,0.501948
3859,0.392079,0.374574
3860,0.264102,0.261332
3862,0.416001,0.415991
3863,0.370911,0.39273
3864,0.164961,0.275513
3866,0.408338,0.437582
3867,0.197125,0.067201
3868,0.159299,0.515799
3870,0.290096,0.46379
3871,0.195522,0.405525
3872,0.14614,0.026933
3873,0.289771,0.366687
3874,0.085206,0.021006
3875,0.333772,0.419652
3876,0.380031,0.406678
3877,0.388101,0.118791
3879,0.139813,0.422146
3880,0.395563,0.46218
3881,0.24239,0.654424
3882,0.316064,0.138286
3883,0.121885,0.051536
3884,0.341939,0.416577
3885,0.416766,0.542412
3886,0.101117,0.022728
3887,0.293674,0.118449
3888,0.431644,0.482216
3889,0.31434,0.148082
3890,0.393558,0.298399
3891,0.465683,0.48205
3892,0.439492,0.491485
3893,0.354633,0.1369
3894,0.354509,0.116731
3895,0.159606,0.280711
3896,0.395268,0.49628
3897,0.330859,0.483858
3898,0.394619,0.455118
3899,0.306993,0.676256
3900,0.320453,0.453228
3901,0.24185,0.023255
3902,0.311333,0.089142
3903,0.144851,0.209177
3904,0.416336,0.366525
3906,0.357259,0.061167
3907,0.35578,0.307933
3908,0.347718,0.4815
3909,0.973181,0.283192
3910,0.174497,0.064975
3911,0.188724,0.085118
3912,0.418395,0.261723
3913,0.258528,0.558494
3915,0.442729,0.532285
3916,0.406066,0.334568
3917,0.363065,0.184157
3918,0.163462,0.379197
3920,0.328892,0.277268
3921,0.136485,0.358088
3923,0.321177,0.404568
3924,0.172305,0.089898
3925,0.399779,0.454513
3926,0.25007,0.284208
3927,0.415722,0.423314
3928,0.423994,0.551523
3929,0.398678,0.307732
3930,0.374664,0.111896
3931,0.248727,0.411513
3932,0.292395,0.132884
3933,0.402517,0.280255
3934,0.415359,0.258896
3937,0.396549,0.287077
3938,0.211316,0.413811
3939,0.266813,0.090196
3940,0.199475,0.375199
3941,0.426669,0.236079
3942,0.302776,0.476331
3943,0.300414,0.436549
3944,0.395226,0.426024
3945,0.12753,0.03952
3946,0.339688,0.537698
3947,0.223228,0.389529
3948,0.456495,0.526462
3949,0.467296,0.473229
3951,0.075966,0.126657
3952,0.404874,0.431221
3953,0.367928,0.237626
3954,0.160213,0.28849
3955,0.285919,0.478185
3956,0.374866,0.108089
3958,0.370182,0.406961
3959,0.411342,0.39341
3960,0.318979,0.523304
3961,0.262172,0.30087
3962,0.407677,0.450194
3963,0.405104,0.399185
3964,0.239388,0.281566
3965,0.418249,0.452511
3966,0.425998,0.449526
3967,0.311313,0.940017
3968,0.346965,0.515285
3969,0.388841,0.488845
3970,0.432646,0.665628
3972,0.251727,0.100971
3973,0.304403,0.437638
3974,0.198205,0.397149
3975,0.179069,0.150863
3976,0.435067,0.454289
3977,0.163174,0.325085
3979,0.307821,0.145458
3980,0.440731,0.558812
3981,0.361242,0.320917
3983,0.423537,0.49641
3984,0.339593,0.074544
3985,0.396095,0.302819
3986,0.27864,0.510022
3987,0.323519,0.054648
3990,0.442723,0.499704
3991,0.441397,0.454601
3992,0.36026,0.666205
3993,0.361492,0.477985
3994,0.32087,0.607178
3995,0.24122,0.430456
3996,0.107217,0.463776
3999,0.329672,0.407228
4000,0.40016,0.125227
4001,0.279465,0.095442
4002,0.362898,0.29449
4003,0.068128,0.024566
4004,0.134513,0.084943
4005,0.49008,0.497543
4006,0.405952,0.444977
4007,0.342752,0.2949
4008,0.213303,0.492969
4009,0.404208,0.547805
4010,0.431222,0.523027
4011,0.430443,0.368598
4012,0.31275,0.139212
4014,0.422074,0.519797
4015,0.307099,0.437274
4016,0.301614,0.123303
4017,0.455697,0.099897
4018,0.404588,0.417862
4019,0.283975,0.139531
4021,0.446195,0.573825
4022,0.327453,0.626171
4023,0.307167,0.513921
4024,0.280487,0.654759
4026,0.359027,0.474165
4027,0.370004,0.432272
4028,0.149338,0.424518
4029,0.34632,0.191133
4031,0.318148,0.415333
4032,0.371087,0.452717
4033,0.396492,0.356829
4034,0.22816,0.110987
4035,0.324328,0.516231
4036,0.299468,0.42571
4037,0.413228,0.386669
4038,0.38436,0.105192
4039,0.389328,0.455655
4040,0.356088,0.15769
4041,0.120578,0.082977
4042,0.371706,0.556919
4043,0.39447,0.409958
4044,0.388772,0.585054
4045,0.304166,0.050341
4046,0.140092,0.548389
4047,0.212279,0.363063
4048,0.225331,0.547523
4049,0.262442,0.479157
4050,0.16717,0.298278
4051,0.086756,0.12206
4052,0.093041,0.190607
4053,0.419226,0.447821
4054,0.42201,0.30245
4055,0.182124,0.226539
4056,0.272429,0.522888
4057,0.346269,0.089542
4058,0.27544,0.469774
4059,0.419026,0.473844
4060,0.392504,0.432524
4061,0.371721,0.431628
4062,0.310951,0.061317
4063,0.282563,0.492967
4064,0.073855,0.027159
4065,0.433761,0.386233
4066,0.31793,0.027711
4067,0.317618,0.671498
4068,0.336312,0.055598
4069,0.318178,0.149483
4070,0.19038,0.415554
4071,0.25984,0.161395
4072,0.132134,0.505513
4073,0.343104,0.631576
4074,0.206178,0.092793
4075,0.453626,0.121709
4076,0.317956,0.160173
4077,0.455253,0.432277
4078,0.332762,0.302068
4079,0.404611,0.467401
4080,0.33416,0.294003
4081,0.113546,0.42183
4082,0.159213,0.409782
4083,0.164583,0.340492
4085,0.336366,0.363203
4086,0.273979,0.370959
4087,0.357187,0.123114
4089,0.427187,0.46898
4090,0.362801,0.485679
4091,0.230375,0.465663
4093,0.339255,0.125924
4094,0.31618,0.351606
4095,0.315096,0.199414
4096,0.320042,0.300755
4097,0.347675,0.224477
4099,0.442083,0.422453
4100,0.155537,0.095265
4102,0.165048,0.445195
4103,0.327722,0.494206
4105,0.158083,0.098578
4106,0.367636,0.417311
4107,0.356609,0.489058
4108,0.329014,0.715805
4110,0.257307,0.510727
4112,0.335789,0.127488
4114,0.356617,0.132377
4115,0.347298,0.425307
4117,0.301693,0.298871
4118,0.310326,0.34557
4119,0.384276,0.454048
4120,0.298495,0.503053
4121,0.344365,0.240131
4122,0.224549,0.627881
4123,0.326486,0.311495
4124,0.146143,0.410906
4125,0.141188,0.325
4126,0.121954,0.084408
4127,0.336657,0.148661
4129,0.476382,0.452263
4130,0.139686,0.259698
4131,0.42879,0.161926
4132,0.392808,0.407449
4133,0.398046,0.054246
4135,0.352961,0.11657
4136,0.125425,0.140801
4137,0.345312,0.485871
4139,0.285135,0.146488
4141,0.470362,0.426542
4142,0.189817,0.066254
4143,0.161818,0.098087
4144,0.390561,0.508479
4146,0.310777,0.3676
4147,0.42771,0.201225
4149,0.207546,0.002399
4150,0.433918,0.10964
4152,0.474218,0.513038
4153,0.408565,0.451449
4154,0.156254,0.563296
4155,0.389569,0.448425
4156,0.23776,0.395649
4158,0.103171,0.483252
4159,0.322192,0.691725
4160,0.410071,0.430862
4161,0.49163,0.589542
4162,0.416472,0.375006
4163,0.369207,0.323424
4164,0.408547,0.441618
4165,0.289312,0.115936
4166,0.139493,0.176148
4167,0.159454,0.041635
4168,0.338867,0.133898
4169,0.335204,0.534756
4170,0.354465,0.318291
4171,0.133217,0.499776
4172,0.42857,0.444353
4173,0.342751,0.45252
4174,0.408766,0.334359
4175,0.237112,0.49612
4176,0.32999,0.524546
4177,0.313351,0.12552
4178,0.170572,0.445105
4179,0.264292,0.448557
4180,0.384788,0.432992
4181,0.433855,0.430615
4182,0.158096,0.454896
4183,0.272725,0.488922
4184,0.380959,0.530526
4185,0.393149,0.469069
4187,0.312096,0.13652
4188,0.271401,0.468716
4189,0.33689,0.510007
4190,0.122486,0.354471
4191,0.405171,0.341906
4192,0.425559,0.397849
4193,0.296771,0.388062
4194,0.317581,0.539378
4196,0.446723,0.341486
4197,0.316672,0.51743
4198,0.222363,0.391508
4199,0.459821,0.394592
4200,0.334505,0.517559
4201,0.366114,0.450436
4202,0.327584,0.442434
4203,0.311132,0.556393
4204,0.436934,0.550654
4205,0.162552,0.081324
4207,0.39417,0.344871
4209,0.391541,0.488119
4210,0.363758,0.394946
4211,0.345022,0.492098
4212,0.285513,0.414589
4213,0.314028,0.129786
4214,0.456837,0.367217
4217,0.402961,0.428903
4218,0.171242,0.388384
4220,0.383802,0.378845
4221,0.249362,0.301895
4223,0.231128,0.435606
4224,0.401241,0.420046
4225,0.227253,0.195921
4226,0.348045,0.749021
4227,0.402563,0.236575
4228,0.414682,0.459104
4229,0.290137,0.510504
4230,0.331584,0.577522
4231,0.375939,0.11997
4232,0.340711,0.121301
4233,0.462737,0.69033
4234,0.329318,0.350598
4236,0.331849,0.470949
4238,0.390945,0.566806
4239,0.215978,0.091518
4240,0.317495,0.142783
4242,0.323103,0.219837
4243,0.423128,0.451933
4244,0.278752,0.637911
4245,0.227259,0.115091
4247,0.458913,0.419264
4248,0.110492,0.505478
4251,0.341722,0.709549
4252,0.448964,0.401396
4253,0.149497,0.425089
4254,0.233238,0.681438
4255,0.333861,0.519842
4256,0.364181,0.519312
4259,0.357471,0.307918
4260,0.372091,0.102857
4261,0.377317,0.488463
4262,0.196038,0.070951
4263,0.061049,0.065791
4264,0.16137,0.406354
4265,0.368118,0.384814
4266,0.116387,0.050153
4267,0.440786,0.429511
4268,0.436205,0.332817
4269,0.361413,0.480196
4270,0.397747,0.367426
4271,0.404419,0.390454
4273,0.360807,0.061447
4274,0.423451,0.298008
4276,0.482953,0.442957
4277,0.364076,0.290389
4278,0.410521,0.356644
4279,0.291511,0.146915
4280,0.298656,0.674345
4281,0.252808,0.495103
4282,0.254397,0.541675
4283,0.354543,0.118368
4284,0.335273,0.042165
4285,0.321256,0.125925
4287,0.321299,0.254655
4288,0.363231,0.447767
4289,0.383607,0.490967
4290,0.394342,0.214429
4292,0.330545,0.020406
4293,0.250067,0.449331
4296,0.438035,0.504671
4297,0.463871,0.4127
4298,0.403225,0.434642
4299,0.447951,0.428286
4300,0.309789,0.37907
4301,0.360998,0.890892
4302,0.469927,0.476187
4303,0.169106,0.500052
4304,0.368212,0.423419
4305,0.258125,0.464672
4306,0.365116,0.481612
4307,0.154556,0.082237
4308,0.359915,0.128222
4309,0.334116,0.444537
4310,0.376298,0.124354
4311,0.387768,0.422091
4312,0.154091,0.078036
4313,0.275574,0.449472
4314,0.390446,0.158196
4315,0.441422,0.397309
4316,0.3446,0.298706
4317,0.344713,0.585449
4319,0.274404,0.131247
4320,0.240298,0.431518
4321,0.22466,0.595176
4322,0.420153,0.688106
4323,0.411132,0.373286
4324,0.410991,0.542751
4325,0.404197,0.441278
4326,0.170495,0.119505
4328,0.34892,0.417828
4329,0.419966,0.44513
4330,0.348721,0.613467
4331,0.104131,0.089455
4332,0.333893,0.125656
4333,0.387023,0.321085
4336,0.433765,0.493371
4337,0.344014,0.297917
4339,0.429065,0.446587
4340,0.151211,0.465045
4341,0.201854,0.136547
4342,0.39738,0.465742
4343,0.257514,0.433406
4345,0.200337,0.473171
4348,0.175101,0.41872
4349,0.331328,0.316931
4350,0.261544,0.371906
4351,0.304688,0.502871
4352,0.285569,0.381644
4353,0.126433,0.494248
4355,0.18218,0.113886
4356,0.349499,0.503831
4357,0.386662,0.278374
4358,0.375337,0.356776
4359,0.424253,0.426848
4361,0.361038,0.116108
4362,0.397941,0.416067
4363,0.207787,0.454832
4364,0.238981,0.623239
4365,0.442876,0.456925
4366,0.310847,0.753277
4367,0.375286,0.496731
4368,0.245947,0.098335
4369,0.344261,0.284683
4371,0.159894,0.273244
4372,0.192828,0.085002
4373,0.277093,0.497425
4374,0.472778,0.472287
4375,0.12331,0.038084
4376,0.339876,0.098466
4379,0.353729,0.577904
4380,0.249991,0.300787
4381,0.295373,0.517724
4383,0.369712,0.637645
4384,0.249525,0.453569
4385,0.423062,0.509434
4386,0.426846,0.453221
4387,0.432113,0.472813
4388,0.383204,0.588706
4391,0.355489,0.498212
4394,0.344664,0.285535
4395,0.237865,0.677974
4397,0.47262,0.48866
4398,0.432309,0.241907
4399,0.298717,0.312713
4401,0.323601,0.577654
4402,0.399631,0.567521
4403,0.155299,0.115456
4404,0.183005,0.079161
4405,0.357686,0.52987
4408,0.226054,0.110112
4409,0.137239,0.004792
4411,0.252438,0.47604
4413,0.19318,0.113321
4415,0.179494,0.381116
4416,0.411179,0.365001
4417,0.334485,0.085592
4418,0.276285,0.302729
4420,0.274346,0.507035
4422,0.420504,0.125655
4423,0.430195,0.302001
4425,0.444698,0.644176
4428,0.312969,0.391267
4429,0.360954,0.090677
4430,0.462984,0.392514
4431,0.342629,0.28895
4432,0.398051,0.285326
4433,0.250122,0.563416
4434,0.333258,0.308597
4435,0.13166,0.474156
4437,0.376543,0.292116
4438,0.324879,0.581132
4439,0.229193,0.511347
4440,0.429748,0.445539
4442,0.207868,0.101983
4443,0.43865,0.195127
4444,0.393189,0.485256
4445,0.447903,0.748166
4446,0.408427,0.363563
4447,0.328009,0.555502
4448,0.275368,0.644085
4449,0.126198,0.559644
4450,0.116593,0.072248
4451,0.362893,0.153926
4452,0.251922,0.451423
4453,0.329505,0.434324
4454,0.363722,0.176523
4455,0.237029,0.6452
4456,0.480613,0.496721
4457,0.408397,0.408605
4458,0.120894,0.23154
4459,0.326404,0.103398
4460,0.39602,0.454943
4462,0.348831,0.511388
4463,0.380336,0.477772
4464,0.35581,0.419193
4465,0.149769,0.322732
4466,0.407712,0.116401
4468,0.427539,0.564348
4469,0.431854,0.382901
4471,0.252881,0.314404
4472,0.346193,0.49133
4473,0.331035,0.417463
4474,0.336099,0.220172
4475,0.255372,0.517053
4476,0.971936,0.28329
4478,0.135737,0.222687
4479,0.359906,0.43144
4480,0.304799,0.494059
4481,0.085687,0.020911
4482,0.178835,0.100781
4484,0.240105,0.547631
4485,0.300624,0.610662
4486,0.326966,0.337954
4487,0.173209,0.062207
4488,0.423274,0.432479
4489,0.186214,0.408258
4490,0.137617,0.147081
4492,0.344453,0.136545
4493,0.123828,0.099672
4494,0.417134,0.469996
4495,0.369666,0.470741
4496,0.427024,0.446554
4497,0.366434,0.309192
4498,0.280276,0.120695
4500,0.282639,0.483491
4501,0.279668,0.13786
4502,0.313622,0.439238
4503,0.062178,0.021746
4504,0.231298,0.489857
4505,0.115979,0.093959
4506,0.329135,0.387699
4508,0.232773,0.381659
4510,0.070658,0.020567
4511,0.171228,0.092845
4513,0.474691,0.439621
4514,0.43607,0.113104
4515,0.378831,0.399201
4516,0.417855,0.58569
4517,0.390107,0.487038
4520,0.442448,0.405092
4522,0.373387,0.438307
4523,0.18416,0.565051
4526,0.341781,0.106306
4527,0.380605,0.559891
4528,0.391854,0.112913
4530,0.3509,0.495956
4531,0.341951,0.409118
4533,0.318337,0.133071
4534,0.437453,0.380663
4535,0.397451,0.520854
4538,0.247433,0.085047
4539,0.428431,0.145498
4541,0.316364,0.460235
4542,0.298988,0.146812
4543,0.300297,0.462133
4545,0.416181,0.358769
4546,0.371485,0.603447
4547,0.285928,0.147537
4548,0.398761,0.461156
4549,0.309215,0.628569
4551,0.180772,0.38966
4552,0.195331,0.281578
4553,0.123427,0.480548
4554,0.39934,0.427884
4555,0.411884,0.426065
4556,0.377394,0.116109
4558,0.322563,0.421838
4559,0.235302,0.294633
4561,0.109365,0.426721
4562,0.429418,0.47612
4563,0.168507,0.111497
4564,0.170849,0.300077
4565,0.369905,0.339611
4566,0.486407,0.469461
4568,0.474303,0.523838
4569,0.409039,0.419048
4570,0.160348,0.041352
4573,0.420352,0.116217
4574,0.487156,0.473535
4575,0.198581,0.096794
4576,0.1291,0.063017
4577,0.198779,0.384592
4578,0.42728,0.578147
4579,0.334194,0.409408
4580,0.417384,0.609379
4581,0.979027,0.282947
4582,0.196303,0.068866
4583,0.431588,0.512983
4584,0.096272,0.277836
4585,0.263941,0.295046
4587,0.432937,0.567941
4588,0.151295,0.351734
4589,0.474215,0.502209
4591,0.397071,0.14952
4592,0.465161,0.420428
4593,0.161118,0.352504
4594,0.099725,0.392195
4595,0.253401,0.116144
4597,0.319749,0.074461
4598,0.399085,0.443337
4599,0.362119,0.080333
4600,0.400622,0.437982
4601,0.406075,0.427495
4602,0.415607,0.477728
4603,0.337519,0.453979
4604,0.282812,0.492348
4605,0.246073,0.546732
4607,0.437929,0.483889
4608,0.396522,0.667967
4609,0.390349,0.534034
4610,0.360979,0.458443
4611,0.214827,0.114061
4612,0.27902,0.445629
4613,0.404008,0.601228
4614,0.309834,0.582174
4615,0.355043,0.1194
4616,0.249801,0.657351
4617,0.417673,0.40783
4618,0.33176,0.127507
4619,0.355989,0.540763
4620,0.381399,0.481264
4622,0.167601,0.061107
4623,0.316649,0.471825
4624,0.338437,0.431121
4625,0.161087,0.191285
4626,0.388073,0.620094
4627,0.420079,0.620063
4629,0.372448,0.124456
4630,0.385921,0.437228
4631,0.350991,0.118245
4632,0.355942,0.342017
4633,0.317954,0.304253
4634,0.356243,0.458016
4635,0.157907,0.068573
4637,0.304706,0.5805
4638,0.175098,0.357044
4639,0.293505,0.115838
4641,0.363447,0.28322
4643,0.347085,0.755525
4644,0.423036,0.407005
4645,0.336663,0.462075
4646,0.390793,0.075371
4647,0.355782,0.113571
4648,0.39936,0.181272
4649,0.092197,0.034101
4651,0.462874,0.468959
4652,0.282412,0.110699
4653,0.393179,0.423989
4654,0.297684,0.45263
4655,0.338748,0.114037
4656,0.192765,0.327352
4657,0.379587,0.259668
4658,0.324031,0.503899
4659,0.227358,0.557576
4661,0.350159,0.119158
4662,0.328849,0.122829
4663,0.3398,0.452426
4665,0.366065,0.374128
4666,0.377623,0.150163
4667,0.083669,0.016077
4670,0.297503,0.560102
4671,0.289458,0.144267
4673,0.243506,0.294
4674,0.438875,0.472063
4675,0.312101,0.073441
4676,0.292496,0.448613
4679,0.310275,0.498613
4680,0.378198,0.478724
4681,0.102535,0.22372
4682,0.216289,0.462542
4683,0.356958,0.101683
4684,0.414315,0.694902
4685,0.375251,0.290652
4686,0.421593,0.136488
4688,0.132536,0.222748
4689,0.435517,0.490457
4690,0.379301,0.298917
4691,0.449333,0.122936
4692,0.20485,0.394008
4693,0.234849,0.168301
4694,0.160787,0.354506
4695,0.231411,0.32864
4696,0.209578,0.460279
4697,0.396404,0.515036
4698,0.321771,0.39867
4699,0.378256,0.362475
4701,0.265103,0.142639
4702,0.473999,0.456113
4703,0.391916,0.314187
4705,0.431715,0.504426
4707,0.081917,0.03125
4708,0.402375,0.351513
4710,0.471863,0.408345
4711,0.441149,0.436499
4712,0.194348,0.529769
4713,0.313716,0.908433
4714,0.233852,0.318799
4715,0.281145,0.099447
4716,0.156096,0.061737
4717,0.348842,0.642092
4718,0.291423,0.043647
4719,0.378525,0.141817
4720,0.375052,0.628902
4722,0.354652,0.395321
4723,0.185783,0.112031
4724,0.458017,0.434877
4725,0.405894,0.478295
4726,0.403131,0.510193
4727,0.365753,0.343456
4728,0.166545,0.497955
4729,0.265744,0.392085
4730,0.048039,0.055308
4732,0.245698,0.625166
4733,0.435507,0.435438
4735,0.427703,0.502259
4736,0.402899,0.418621
4737,0.403253,0.556419
4739,0.358002,0.389343
4740,0.313299,0.365162
4741,0.340516,0.423292
4742,0.228612,0.590514
4743,0.363434,0.11755
4744,0.116896,0.126122
4746,0.374003,0.390206
4747,0.285802,0.510515
4748,0.392793,0.416486
4750,0.385066,0.613731
4751,0.309012,0.685838
4753,0.36976,0.429596
4754,0.298869,0.524975
4755,0.151468,0.096926
4756,0.176608,0.226162
4757,0.346968,0.407708
4758,0.390079,0.121076
4759,0.285934,0.298761
4760,0.310346,0.505317
4761,0.375415,0.110987
4762,0.354848,0.472342
4763,0.380537,0.67926
4765,0.134461,0.055768
4766,0.353481,0.467406
4767,0.259381,0.120512
4769,0.391497,0.387056
4770,0.355222,0.107054
4771,0.079846,0.062421
4772,0.288325,0.024272
4773,0.369878,0.455673
4774,0.353443,0.326429
4775,0.204693,0.415398
4777,0.316265,0.531528
4778,0.269447,0.28204
4779,0.304584,0.466182
4780,0.395553,0.623729
4781,0.480826,0.45008
4783,0.293086,0.132865
4784,0.423306,0.407049
4785,0.243031,0.496862
4786,0.436542,0.489804
4787,0.237132,0.389374
4788,0.401522,0.610403
4789,0.430056,0.378634
4790,0.370044,0.293623
4792,0.246919,0.277668
4793,0.29468,0.51688
4795,0.373746,0.38484
4796,0.34875,0.508653
4797,0.236678,0.182986
4798,0.448568,0.44413
4799,0.261473,0.455105
4800,0.196941,0.297422
4801,0.13021,0.115528
4802,0.451475,0.505068
4803,0.241805,0.460214
4804,0.456451,0.372631
4805,0.332361,0.14401
4806,0.118116,0.062113
4807,0.321774,0.25587
4808,0.278187,0.334134
4809,0.268038,0.381632
4810,0.447752,0.506753
4812,0.360956,0.112945
4813,0.351353,0.783842
4814,0.325909,0.487236
4815,0.308703,0.334734
4816,0.303615,0.449672
4817,0.239394,0.576192
4818,0.999024,0.281327
4819,0.269851,0.272171
4820,0.425668,0.426382
4821,0.407206,0.37619
4822,0.253939,0.662303
4825,0.344781,0.440115
4826,0.399672,0.126976
4828,0.304569,0.720736
4830,0.398508,0.108391
4831,0.340335,0.639014
4832,0.393887,0.120572
4834,0.462503,0.407943
4835,0.355561,0.2782
4837,0.356921,0.248384
4842,0.362802,0.288646
4843,0.401919,0.37029
4844,0.32229,0.066369
4845,0.351244,0.56189
4846,0.210353,0.444191
4847,0.439349,0.403663
4848,0.180697,0.26476
4849,0.406985,0.53404
4850,0.337102,0.35426
4851,0.348335,0.28039
4852,0.338055,0.084759
4854,0.159035,0.22019
4855,0.419403,0.128838
4856,0.424989,0.449792
4857,0.273661,0.109564
4858,0.310345,0.138073
4859,0.358513,0.48343
4860,0.165685,0.172815
4861,0.489338,0.445262
4863,0.44603,0.425445
4864,0.292726,0.240793
4866,0.295903,0.797716
4867,0.363963,0.374739
4868,0.449916,0.181111
4869,0.271062,0.6438
4870,0.129172,0.451339
4871,0.439212,0.125295
4872,0.314956,0.466081
4873,0.436039,0.505488
4874,0.285092,0.136082
4875,0.376904,0.46693
4876,0.351092,0.493783
4878,0.343112,0.301431
4879,0.419955,0.135819
4880,0.375894,0.313946
4881,0.203735,0.082832
4882,0.355595,0.365336
4883,0.383122,0.355528
4884,0.162543,0.005827
4885,0.408691,0.396983
4886,0.30384,0.667057
4887,0.360615,0.126873
4888,0.449608,0.355806
4890,0.409522,0.568283
4891,0.386705,0.522928
4892,0.38169,0.529048
4893,0.131038,0.033712
4894,0.175852,0.307935
4896,0.367009,0.467207
4898,0.167556,0.089668
4899,0.378212,0.257672
4902,0.182691,0.142335
4903,0.343099,0.141978
4904,0.118456,0.417137
4905,0.40139,0.41212
4906,0.373969,0.094474
4907,0.171764,0.041323
4908,0.169372,0.093955
4911,0.326772,0.296669
4912,0.40943,0.29661
4913,0.371583,0.127881
4914,0.373139,0.330576
4915,0.318861,0.054192
4916,0.237577,0.393694
4917,0.434934,0.407501
4918,0.413562,0.08273
4919,0.344398,0.463416
4920,0.320942,0.402736
4921,0.375893,0.465563
4922,0.460956,0.582136
4923,0.199244,0.475846
4924,0.358073,0.318395
4925,0.38132,0.472569
4927,0.273248,0.366397
4928,0.40835,0.460187
4929,0.227266,0.043503
4930,0.109419,0.064644
4931,0.450812,0.490218
4933,0.370618,0.542844
4934,0.347601,0.314542
4935,0.304658,0.248705
4937,0.40936,0.518232
4938,0.393204,0.11259
4939,0.110184,0.291795
4940,0.157109,0.277809
4941,0.382109,0.564634
4942,0.125755,0.46719
4943,0.414436,0.372918
4944,0.172467,0.070723
4945,0.244123,0.308241
4946,0.375598,0.462468
4947,0.294259,0.456338
4948,0.330698,0.114886
4949,0.41178,0.429823
4950,0.399285,0.384416
4951,0.360759,0.129542
4952,0.202093,0.102994
4954,0.137779,0.038012
4956,0.310167,0.499507
4958,0.441923,0.4277
4960,0.301561,0.451172
4961,0.188457,0.529045
4962,0.405468,0.432601
4963,0.340377,0.451948
4964,0.427922,0.543031
4966,0.304225,0.444132
4967,0.427478,0.455139
4968,0.388273,0.536556
4969,0.344456,0.663562
4970,0.429656,0.372182
4972,0.273814,0.391868
4973,0.411538,0.05728
4974,0.292756,0.633969
4975,0.297007,0.55062
4976,0.26914,0.472267
4978,0.26335,0.017378
4979,0.185998,0.078808
4980,0.292017,0.304328
4981,0.264176,0.466299
4982,0.415734,0.171505
4983,0.408553,0.499935
4984,0.401959,0.105072
4986,0.152943,0.400755
4988,0.295751,0.148232
4989,0.289369,0.492361
4990,0.359987,0.427997
4991,0.403611,0.410402
4992,0.06838,0.02924
4993,0.15116,0.457699
4994,0.337142,0.468119
4995,0.149289,0.463423
4996,0.283179,0.409303
4997,0.22364,0.41882
4998,0.36954,0.50888
4999,0.320111,0.500532
5001,0.115413,0.346098
5002,0.430803,0.589152
5003,0.417088,0.463001
5004,0.33445,0.498779
5005,0.395236,0.468329
5006,0.460349,0.465508
5010,0.190657,0.001132
5011,0.360049,0.478575
5013,0.431313,0.555074
5014,0.339039,0.400512
5015,0.170155,0.481681
5016,0.322833,0.449535
5017,0.385028,0.565231
5018,0.321062,0.063592
5019,0.130477,0.137402
5020,0.357255,0.291263
5021,0.187409,0.390466
5022,0.378843,0.136674
5024,0.389898,0.469261
5025,0.394164,0.360804
5026,0.339024,0.490054
5027,0.441039,0.307869
5028,0.366948,0.767513
5029,0.313825,0.461538
5031,0.344591,0.535634
5034,0.441528,0.506707
5035,0.329988,0.471544
5037,0.152294,0.350975
5038,0.357383,0.417603
5039,0.43122,0.490101
5040,0.367973,0.532213
5041,0.371246,0.516478
5042,0.385973,0.103848
5046,0.391215,0.409713
5047,0.357338,0.445401
5048,0.388991,0.434987
5051,0.103811,0.077105
5052,0.175777,0.135838
5054,0.292893,0.090317
5055,0.340029,0.473563
5056,0.335763,0.42047
5058,0.394085,0.175037
5059,0.383259,0.499296
5060,0.131908,0.185873
5061,0.394359,0.4277
5062,0.338043,0.113762
5063,0.183653,0.041598
5064,0.196268,0.077999
5065,0.191486,0.06564
5066,0.395549,0.425726
5067,0.32081,0.423311
5068,0.155269,0.265361
5069,0.309318,0.563648
5070,0.369807,0.453804
5071,0.347374,0.033291
5074,0.36702,0.501706
5075,0.218112,0.53524
5076,0.250319,0.107908
5077,0.492072,0.409098
5078,0.401306,0.180977
5081,0.394699,0.524748
5082,0.120143,0.433357
5083,0.492875,0.476519
5084,0.365887,0.31538
5085,0.380823,0.521252
5086,0.257025,0.5046
5088,0.295868,0.641995
5089,0.419064,0.135253
5090,0.380837,0.641809
5092,0.363934,0.127767
5093,0.304615,0.136096
5094,0.368571,0.422536
5096,0.430236,0.305341
5097,0.371305,0.571229
5098,0.463867,0.42173
5099,0.436981,0.117342
5100,0.319328,0.401048
5101,0.423837,0.172515
5102,0.448298,0.466984
5103,0.36189,0.449271
5104,0.364436,0.531246
5105,0.365008,0.598785
5107,0.109475,0.444646
5109,0.35775,0.385137
5110,0.382664,0.437547
5112,0.364403,0.443815
5114,0.217107,0.302339
5115,0.286994,0.504738
5117,0.250681,0.271328
5118,0.153523,0.393205
5119,0.439839,0.270248
5121,0.226261,0.067557
5122,0.182196,0.38467
5123,0.323168,0.505947
5124,0.358398,0.533348
5125,0.426626,0.504153
5126,0.287843,0.436745
5128,0.446886,0.300363
5129,0.420111,0.425834
5130,0.354612,0.432545
5131,0.387994,0.63003
5132,0.272435,0.520591
5133,0.375619,0.624907
5134,0.287435,0.446799
5135,0.424641,0.671536
5136,0.340187,0.151449
5137,0.148942,0.418795
5138,0.130412,0.028123
5139,0.225964,0.545205
5141,0.106922,0.232415
5143,0.477713,0.371015
5144,0.438828,0.08517
5145,0.209333,0.056295
5146,0.458807,0.392306
5147,0.143614,0.515954
5148,0.467549,0.426079
5149,0.361034,0.476957
5150,0.122607,0.534328
5151,0.167934,0.138868
5152,0.123696,0.420722
5153,0.242447,0.421787
5154,0.280079,0.131751
5155,0.369757,0.505205
5156,0.391918,0.118447
5157,0.320487,0.512062
5158,0.409374,0.441504
5159,0.275842,0.461659
5160,0.308785,0.396389
5161,0.123601,0.100996
5162,0.405086,0.825281
5163,0.142546,0.035842
5164,0.420307,0.450081
5165,0.282093,0.39196
5166,0.416002,0.296548
5167,0.471854,0.472846
5168,0.261952,0.551244
5170,0.313343,0.438831
5171,0.352191,0.113003
5172,0.224581,0.298659
5173,0.41288,0.416443
5174,0.319615,0.374137
5175,0.400019,0.386169
5176,0.391717,0.732814
5177,0.304024,0.863711
5178,0.110119,0.008003
5179,0.312781,0.143108
5182,0.322097,0.44337
5183,0.402357,0.679269
5184,0.38269,0.104293
5185,0.368703,0.121488
5186,0.420272,0.505005
5187,0.429793,0.465699
5188,0.162624,0.301995
5189,0.224352,0.455764
5190,0.319479,0.503732
5191,0.302499,0.122349
5192,0.315403,0.373109
5193,0.273198,0.431967
5194,0.292599,0.137855
5195,0.353919,0.107213
5196,0.490094,0.336973
5197,0.414351,0.521387
5198,0.318859,0.318923
5199,0.35075,0.422805
5200,0.371058,0.319218
5201,0.299106,0.405079
5202,0.277092,0.295222
5203,0.383069,0.416234
5204,0.324433,0.364303
5205,0.334882,0.356516
5206,0.360198,0.124242
5208,0.398838,0.084807
5209,0.246752,0.405654
5210,0.393419,0.229838
5211,0.398041,0.105757
5213,0.353032,0.357481
5215,0.191993,0.05822
5216,0.356609,0.484953
5217,0.035061,0.020096
5218,0.410618,0.463024
5221,0.229788,0.662727
5223,0.320015,0.386215
5224,0.438449,0.543503
5225,0.304481,0.527279
5226,0.158655,0.386284
5228,0.164916,0.389798
5230,0.312653,0.103247
5232,0.448233,0.373266
5233,0.131691,0.034829
5234,0.450201,0.434684
5236,0.470703,0.489791
5238,0.352642,0.333344
5240,0.283193,0.384458
5242,0.23771,0.274092
5243,0.366912,0.303155
5244,0.363829,0.554852
5245,0.395676,0.280661
5246,0.211577,0.088114
5248,0.268512,0.303306
5249,0.327316,0.382536
5250,0.185808,0.11048
5251,0.388628,0.423784
5252,0.429989,0.382609
5253,0.354317,0.301214
5254,0.36237,0.180841
5255,0.390064,0.381055
5256,0.130061,0.179754
5257,0.196932,0.380638
5258,0.377803,0.292597
5260,0.365475,0.482
5261,0.336854,0.60808
5262,0.168681,0.103357
5263,0.26642,0.534357
5264,0.40533,0.507342
5266,0.377828,0.278706
5267,0.21784,0.563053
5268,0.37722,0.131153
5269,0.367826,0.359902
5270,0.28336,0.033208
5271,0.356344,0.667653
5272,0.441974,0.438874
5273,0.284862,0.142292
5274,0.11577,0.109351
5275,0.420349,0.415956
5277,0.13698,0.432859
5278,0.313782,0.13431
5280,0.432996,0.369609
5281,0.073399,0.031817
5282,0.274055,0.384583
5283,0.142883,0.282265
5284,0.304595,0.438948
5285,0.365437,0.368596
5286,0.291631,0.489193
5287,0.212884,0.559314
5288,0.297159,0.435895
5290,0.192717,0.373739
5291,0.43104,0.288873
5292,0.280568,0.088549
5293,0.395684,0.426825
5294,0.382313,0.489649
5295,0.204256,0.480466
5296,0.389267,0.481628
5297,0.376563,0.467336
5298,0.449144,0.420021
5299,0.331724,0.09055
5301,0.394364,0.473792
5302,0.428926,0.594205
5303,0.312264,0.594353
5304,0.307596,0.305627
5306,0.417667,0.286122
5307,0.184057,0.082983
5308,0.31328,0.309619
5309,0.111891,0.175054
5310,0.255742,0.283625
5311,0.432821,0.114316
5312,0.072503,0.072127
5314,0.325533,0.117232
5315,0.120314,0.072089
5316,0.340685,0.389729
5317,0.313111,0.51657
5318,0.215379,0.424802
5319,0.240294,0.220523
5321,0.393081,0.401302
5322,0.366999,0.11641
5323,0.169602,0.02974
5324,0.157357,0.037351
5325,0.355745,0.509973
5326,0.487717,0.516746
5327,0.398039,0.339698
5328,0.235616,0.536691
5329,0.37368,0.302116
5330,0.282109,0.52357
5331,0.392492,0.427132
5332,0.345459,0.144553
5334,0.346298,0.153949
5335,0.388499,0.097535
5336,0.458193,0.306791
5337,0.314473,0.290399
5338,0.432715,0.492537
5339,0.42423,0.418642
5341,0.295602,0.325772
5343,0.351217,0.46886
5344,0.30565,0.422229
5345,0.416135,0.338988
5346,0.355945,0.138664
5347,0.421463,0.342279
5349,0.353764,0.752746
5350,0.441079,0.524141
5351,0.112551,0.084917
5352,0.196192,0.224139
5353,0.287193,0.407474
5354,0.358057,0.498212
5355,0.474072,0.439475
5356,0.402227,0.372285
5358,0.247057,0.111874
5359,0.273164,0.43826
5360,0.296359,0.155793
5361,0.30901,0.080825
5362,0.373218,0.490745
5363,0.426883,0.18694
5364,0.4785,0.194861
5365,0.427755,0.430456
5366,0.455912,0.447119
5367,0.379206,0.133845
5369,0.335695,0.163697
5371,0.418417,0.450961
5372,0.435524,0.28879
5374,0.22302,0.578063
5375,0.314948,0.073541
5376,0.100566,0.085621
5378,0.365973,0.313776
5379,0.255545,0.156321
5380,0.123534,0.084461
5381,0.373287,0.483653
5382,0.343041,0.157804
5383,0.107658,0.078988
5384,0.321686,0.198763
5385,0.380026,0.456783
5386,0.434669,0.405962
5387,0.279389,0.428325
5388,0.440181,0.399387
5389,0.090798,0.124347
5390,0.343079,0.243248
5391,0.356572,0.507448
5392,0.452185,0.521931
5394,0.366669,0.39915
5395,0.294342,0.4126
5398,0.353167,0.081835
5399,0.457555,0.121913
5400,0.30614,0.470749
5402,0.316826,0.121673
5404,0.271952,0.143399
5405,0.387925,0.115059
5407,0.254997,0.576838
5408,0.385884,0.465748
5411,0.259446,0.442483
5412,0.345395,0.316518
5413,0.36408,0.395406
5416,0.347645,0.298889
5417,0.258056,0.431845
5418,0.388605,0.432855
5419,0.131377,0.092099
5420,0.332064,0.570628
5421,0.440359,0.330659
5422,0.447085,0.432415
5423,0.301843,0.461295
5424,0.353516,0.306591
5425,0.288634,0.201341
5427,0.104659,0.350315
5428,0.39312,0.63499
5429,0.202578,0.075037
5430,0.353359,0.736914
5431,0.113898,0.35223
5432,0.405407,0.435864
5433,0.10809,0.073971
5435,0.410413,0.400064
5436,0.328077,0.092046
5437,0.230902,0.560986
5438,0.30696,0.484459
5439,0.29378,0.541817
5442,0.350312,0.510345
5443,0.421889,0.486407
5444,0.193682,0.402019
5445,0.247333,0.244164
5446,0.347213,0.114853
5447,0.487709,0.580015
5448,0.330684,0.424688
5449,0.406873,0.125124
5450,0.404816,0.514118
5451,0.357982,0.124583
5452,0.440582,0.465145
5453,0.236576,0.121305
5454,0.36805,0.309089
5455,0.35641,0.369215
5456,0.252463,0.585666
5457,0.202573,0.354478
5460,0.132017,0.532093
5461,0.397247,0.459279
5462,0.393262,0.111624
5463,0.384719,0.54946
5464,0.412559,0.446178
5465,0.312621,0.564712
5469,0.465653,0.445439
5470,0.390114,0.299861
5471,0.4111,0.486732
5472,0.360513,0.627919
5473,0.372491,0.390582
5474,0.396183,0.2964
5475,0.116711,0.128078
5476,0.315647,0.463118
5477,0.257379,0.478346
5478,0.371363,0.29949
5479,0.421925,0.613913
5480,0.461861,0.558152
5481,0.439823,0.644911
5482,0.271096,0.154504
5483,0.475255,0.519585
5484,0.318073,0.251251
5485,0.126863,0.091431
5487,0.104815,0.064729
5488,0.491042,0.411831
5489,0.370261,0.430671
5490,0.161504,0.355374
5491,0.316905,0.690687
5492,0.366123,0.268635
5493,0.367293,0.296913
5494,0.416265,0.428247
5496,0.376153,0.307573
5497,0.278466,0.318048
5498,0.380089,0.172738
5499,0.429792,0.332762
5501,0.402196,0.111689
5503,0.245629,0.484734
5504,0.197052,0.081442
5506,0.178939,0.395818
5507,0.184095,0.066387
5508,0.316504,0.481837
5509,0.104155,0.070655
5510,0.359357,0.414336
5513,0.371007,0.28067
5514,0.18236,0.054822
5515,0.318875,0.149466
5516,0.460139,0.419186
5519,0.452759,0.520158
5520,0.475534,0.400794
5522,0.15115,0.365105
5523,0.297019,0.416106
5524,0.40543,0.575574
5525,0.322873,0.518267
5526,0.407832,0.457861
5527,0.454309,0.371409
5528,0.433725,0.432466
5529,0.18398,0.140805
5530,0.40416,0.544728
5531,0.13769,0.53841
5532,0.307948,0.148793
5533,0.37842,0.473706
5534,0.372841,0.430152
5535,0.392915,0.079674
5537,0.129165,0.193855
5538,0.193898,0.06002
5539,0.360271,0.524577
5540,0.468315,0.435175
5541,0.394425,0.495581
5542,0.185533,0.284399
5543,0.230682,0.635888
5544,0.452248,0.465366
5545,0.35232,0.529521
5546,0.336176,0.117322
5547,0.374609,0.107452
5548,0.182012,0.549756
5549,0.361264,0.471103
5550,0.294045,0.4814
5551,0.205402,0.383439
5552,0.415368,0.459306
5553,0.426421,0.540078
5554,0.420541,0.248077
5558,0.344818,0.323569
5559,0.362637,0.42607
5560,0.099684,0.07326
5561,0.365917,0.443459
5562,0.408075,0.483258
5563,0.403234,0.528443
5564,0.34248,0.121958
5565,0.469549,0.400792
5566,0.256902,0.417937
5568,0.39281,0.300346
5569,0.367662,0.460959
5570,0.385189,0.477539
5571,0.294162,0.472258
5572,0.283119,0.450237
5573,0.167451,0.417131
5574,0.350726,0.600594
5576,0.478889,0.429299
5577,0.150433,0.083682
5578,0.467022,0.395299
5579,0.120016,0.513199
5580,0.409832,0.367372
5581,0.482429,0.44195
5582,0.424169,0.338734
5583,0.322132,0.464469
5584,0.164785,0.44912
5585,0.404291,0.589144
5586,0.145158,0.411263
5587,0.226787,0.125888
5588,0.30799,0.655067
5589,0.407112,0.327926
5590,0.239133,0.14008
5591,0.319649,0.505157
5592,0.177309,0.311888
5593,0.35542,0.375778
5594,0.236419,0.580026
5595,0.180414,0.071169
5596,0.128722,0.486638
5597,0.365855,0.488751
5598,0.189504,0.082383
5599,0.364768,0.501998
5600,0.161566,0.06774
5601,0.375244,0.299131
5603,0.196232,0.397659
5605,0.336382,0.111
5606,0.372808,0.429958
5609,0.466042,0.524684
5610,0.046758,0.012953
5611,0.137481,0.451048
5612,0.385662,0.716451
5613,0.290468,0.04513
5614,0.196018,0.294644
5615,0.427119,0.17465
5616,0.173838,0.074641
5617,0.226841,0.486745
5618,0.490144,0.660998
5619,0.302549,0.147429
5621,0.107777,0.436847
5622,0.387371,0.481705
5624,0.360376,0.598493
5625,0.311682,0.62386
5627,0.201448,0.394326
5628,0.410139,0.469278
5629,0.198005,0.096006
5630,0.299052,0.136884
5631,0.34855,0.582942
5632,0.354518,0.154566
5633,0.360044,0.531925
5634,0.398502,0.280468
5635,0.147151,0.118932
5637,0.328977,0.454457
5638,0.311729,0.420699
5640,0.346043,0.434547
5642,0.27557,0.243552
5644,0.356129,0.296074
5645,0.303889,0.446581
5646,0.342632,0.332363
5647,0.363059,0.558443
5648,0.389063,0.44896
5650,0.32872,0.071159
5651,0.175399,0.090295
5653,0.382523,0.113644
5654,0.286046,0.479499
5655,0.466692,0.490005
5656,0.475955,0.448129
5660,0.255528,0.101316
5661,0.149714,0.0
5663,0.327397,0.488286
5664,0.03615,0.010385
5665,0.37216,0.569931
5666,0.386379,0.358985
5668,0.300829,0.126815
5669,0.198449,0.251551
5671,0.460135,0.525481
5672,0.26458,0.114383
5673,0.181433,0.106316
5674,0.302249,0.514534
5675,0.336555,0.526665
5677,0.123834,0.446886
5678,0.350706,0.18457
5679,0.348336,0.391332
5680,0.40507,0.406793
5681,0.074975,0.024468
5682,0.42838,0.511289
5683,0.384226,0.485952
5684,0.254239,0.303313
5685,0.3347,0.452338
5686,0.295527,0.073272
5687,0.450732,0.362984
5688,0.29366,0.131363
5689,0.337805,0.660218
5690,0.334271,0.097894
5691,0.432972,0.290948
5692,0.329744,0.129885
5693,0.311689,0.461094
5694,0.454043,0.390461
5695,0.423349,0.379394
5696,0.31447,0.410474
5697,0.425727,0.512291
5698,0.324832,0.476291
5699,0.345981,0.121335
5700,0.222685,0.453418
5701,0.266764,0.433191
5702,0.160194,0.383764
5703,0.34653,0.180679
5704,0.342517,0.588416
5705,0.182134,0.10623
5706,0.358591,0.501008
5707,0.331696,0.355916
5708,0.341858,0.547149
5709,0.377517,0.500222
5710,0.1917,0.062637
5711,0.435301,0.244549
5712,0.341403,0.116552
5713,0.161651,0.076984
5714,0.136821,0.496221
5715,0.432632,0.124074
5716,0.335984,0.077014
5717,0.405735,0.119875
5719,0.372194,0.295636
5721,0.34952,0.387758
5722,0.342031,0.106069
5724,0.348643,0.108793
5725,0.451663,0.373899
5726,0.399366,0.066312
5727,0.353962,0.602691
5728,0.340064,0.138271
5729,0.369456,0.290717
5730,0.374768,0.595918
5731,0.38113,0.100325
5732,0.308787,0.244176
5733,0.364254,0.661745
5734,0.437546,0.396724
5735,0.454139,0.561351
5736,0.426484,0.415151
5737,0.39074,0.652059
5738,0.247882,0.14524
5739,0.283304,0.394276
5740,0.387195,0.114605
5741,0.36668,0.413843
5743,0.43232,0.488194
5744,0.434641,0.412369
5745,0.463643,0.317304
5746,0.348685,0.033836
5748,0.355435,0.554985
5749,0.223169,0.646044
5751,0.346591,0.466921
5753,0.400501,0.11786
5754,0.385591,0.447997
5755,0.213952,0.510567
5757,0.340717,0.109964
5758,0.28091,0.49216
5760,0.202196,0.395843
5761,0.338635,0.544367
5762,0.338391,0.575713
5764,0.304271,0.489045
5765,0.456026,0.459991
5766,0.235645,0.03795
5767,0.219407,0.469854
5768,0.22904,0.612184
5769,0.139176,0.055059
5771,0.23873,0.361131
5773,0.094862,0.234449
5774,0.333511,0.602593
5775,0.314778,0.405789
5776,0.290425,0.137674
5777,0.40674,0.436571
5778,0.330658,0.484467
5779,0.396807,0.123769
5781,0.366762,0.766362
5782,0.361398,0.111194
5783,0.403227,0.404548
5784,0.379712,0.658561
5785,0.287599,0.417778
5786,0.226429,0.036989
5787,0.377335,0.432517
5788,0.122953,0.123459
5789,0.107065,0.240579
5790,0.338781,0.112469
5791,0.332615,0.54956
5792,0.380731,0.470009
5793,0.401941,0.409098
5794,0.366456,0.139189
5795,0.21981,0.38796
5797,0.300129,0.635193
5798,0.394535,0.418357
5799,0.141113,0.458561
5800,0.103996,0.23328
5801,0.275178,0.118862
5802,0.379179,0.103915
5803,0.355556,0.484205
5804,0.407812,0.614517
5805,0.423605,0.450336
5806,0.487575,0.453695
5807,0.181847,0.054859
5808,0.334413,0.07811
5809,0.208247,0.036837
5811,0.436021,0.444269
5813,0.440138,0.575287
5815,0.300413,0.415508
5816,0.232443,0.522861
5821,0.288525,0.131646
5822,0.455745,0.348065
5823,0.351357,0.123015
5824,0.361863,0.406704
5825,0.479432,0.458624
5826,0.388543,0.315296
5827,0.431178,0.681456
5828,0.213437,0.07763
5829,0.392036,0.459104
5830,0.406043,0.527325
5831,0.304094,0.287258
5832,0.433176,0.642394
5834,0.444763,0.332617
5835,0.304502,0.433704
5836,0.386826,0.518525
5838,0.363783,0.399371
5840,0.234584,0.426778
5841,0.333458,0.531801
5842,0.406012,0.58228
5843,0.325706,0.504818
5844,0.342162,0.12947
5845,0.408749,0.373427
5846,0.149627,0.527419
5847,0.347927,0.584236
5848,0.25166,0.444728
5849,0.224322,0.090205
5851,0.133824,0.439787
5852,0.274654,0.47303
5853,0.457821,0.434749
5854,0.104818,0.095067
5855,0.366512,0.455187
5857,0.37881,0.470137
5858,0.395284,0.495327
5859,0.434167,0.318301
5860,0.413271,0.434909
5861,0.306838,0.509669
5862,0.314929,0.071525
5863,0.14528,0.145413
5864,0.286732,0.204577
5865,0.120034,0.08514
5866,0.17932,0.25817
5867,0.116724,0.318358
5868,0.444614,0.292259
5869,0.317438,0.13087
5870,0.130335,0.306962
5871,0.357084,0.57853
5873,0.161223,0.179097
5874,0.358161,0.351703
5875,0.331538,0.121083
5877,0.300479,0.491156
5878,0.079817,0.020274
5879,0.495016,0.424702
5880,0.079496,0.071198
5882,0.365311,0.602853
5883,0.349173,0.549359
5885,0.425772,0.338976
5886,0.081199,0.025331
5887,0.399951,0.660215
5891,0.418853,0.147046
5892,0.216716,0.068574
5894,0.160402,0.060392
5898,0.207481,0.100589
5899,0.284201,0.148745
5900,0.129525,0.530824
5901,0.352047,0.118988
5904,0.412368,0.288906
5905,0.117464,0.253894
5906,0.166003,0.274571
5907,0.301768,0.514696
5908,0.329265,0.035526
5911,0.382483,0.49306
5912,0.376397,0.38797
5913,0.22126,0.447172
5916,0.367164,0.290155
5917,0.33223,0.118911
5918,0.33665,0.063912
5919,0.376817,0.166122
5920,0.374087,0.478521
5921,0.243489,0.652759
5922,0.408689,0.35209
5923,0.281903,0.143905
5926,0.396919,0.113005
5927,0.242273,0.210458
5928,0.367288,0.357147
5929,0.378774,0.616421
5930,0.090927,0.027147
5931,0.163218,0.031071
5932,0.179321,0.064745
5933,0.107883,0.44063
5934,0.403987,0.796854
5935,0.420059,0.471409
5937,0.404128,0.53992
5938,0.422524,0.50833
5939,0.254901,0.072203
5943,0.438259,0.422909
5944,0.324962,0.157677
5945,0.418889,0.376244
5946,0.196533,0.066339
5947,0.363862,0.291177
5948,0.29445,0.283163
5949,0.351513,0.710347
5950,0.39233,0.417223
5951,0.278909,0.673346
5952,0.485951,0.432042
5953,0.339605,0.333979
5954,0.166353,0.039111
5955,0.203409,0.148269
5956,0.221782,0.369782
5957,0.362454,0.117681
5959,0.273371,0.101914
5960,0.316189,0.392872
5961,0.401469,0.497092
5963,0.389789,0.429342
5964,0.340252,0.512669
5965,0.45673,0.263118
5966,0.243652,0.462886
5967,0.248399,0.406671
5968,0.411478,0.118223
5969,0.469736,0.418195
5970,0.393173,0.528747
5971,0.445246,0.384394
5972,0.395228,0.543717
5973,0.316427,0.519078
5974,0.386354,0.628956
5975,0.396657,0.465513
5976,0.365596,0.398839
5977,0.309611,0.100778
5978,0.435227,0.436153
5979,0.446635,0.558149
5980,0.411948,0.72582
5981,0.417288,0.132434
5982,0.259974,0.620734
5983,0.39921,0.43552
5985,0.401787,0.110933
5986,0.354817,0.296797
5987,0.337595,0.130171
5989,0.404524,0.67941
5992,0.383663,0.171906
5995,0.411694,0.387992
5997,0.451484,0.408932
5998,0.379558,0.526502
5999,0.403876,0.512692
6000,0.213491,0.371433
6001,0.338535,0.487015
6002,0.305911,0.423802
6003,0.378034,0.104392
6005,0.3088,0.299716
6006,0.402653,0.380434
6007,0.345157,0.638711
6009,0.115017,0.470196
6010,0.266754,0.296096
6011,0.07607,0.025226
6012,0.291275,0.495056
6013,0.143288,0.088655
6014,0.233654,0.55495
6015,0.300301,0.577066
6016,0.385375,0.428376
6018,0.454758,0.470594
6019,0.344878,0.101354
6020,0.439964,0.387062
6021,0.382005,0.506776
6022,0.335571,0.091983
6025,0.343134,0.633083
6026,0.426985,0.337711
6027,0.430429,0.766703
6028,0.423534,0.509681
6029,0.374535,0.289842
6031,0.128895,0.102494
6032,0.354192,0.45722
6033,0.358273,0.126897
6034,0.354637,0.482487
6035,0.294538,0.197345
6036,0.167289,0.099445
6037,0.081504,0.109916
6038,0.377726,0.513679
6039,0.338172,0.434813
6040,0.280306,0.433706
6041,0.340685,0.356411
6042,0.394013,0.47705
6044,0.303113,0.130268
6045,0.167976,0.436087
6046,0.349669,0.121374
6047,0.080945,0.260415
6048,0.29532,0.474959
6049,0.294757,0.439584
6051,0.245732,0.502327
6052,0.477663,0.395896
6053,0.41607,0.394456
6054,0.425865,0.330804
6055,0.373688,0.512114
6056,0.441335,0.137816
6057,0.046042,0.007318
6058,0.356202,0.430308
6059,0.474648,0.382317
6060,0.249013,0.302707
6061,0.121333,0.33192
6062,0.346334,0.301916
6064,0.477578,0.460451
6065,0.324472,0.557138
6066,0.126271,0.493616
6067,0.363127,0.496212
6069,0.067605,0.020651
6070,0.418356,0.540998
6071,0.369385,0.110397
6072,0.400227,0.543139
6073,0.416201,0.070933
6074,0.376427,0.480601
6075,0.368053,0.113417
6077,0.151847,0.472169
6078,0.331136,0.384351
6080,0.188163,0.333466
6081,0.425851,0.430559
6082,0.319711,0.068398
6083,0.348436,0.584425
6084,0.419828,0.513297
6085,0.396809,0.081516
6086,0.142445,0.080965
6087,0.155736,0.421089
6088,0.308597,0.395595
6089,0.427495,0.481146
6091,0.34601,0.525119
6092,0.327595,0.426418
6094,0.404523,0.450386
6095,0.386761,0.488466
6096,0.308561,0.405926
6097,0.317352,0.452883
6098,0.41798,0.524503
6099,0.182498,0.084013
6100,0.440541,0.137065
6101,0.091001,0.067156
6102,0.377743,0.186146
6103,0.484615,0.423976
6104,0.393563,0.185528
6105,0.09067,0.031477
6106,0.196781,0.374977
6107,0.130864,0.034098
6108,0.307774,0.616328
6109,0.302689,0.468024
6110,0.396355,0.143211
6112,0.211096,0.47271
6113,0.130279,0.444418
6114,0.202941,0.089591
6116,0.120605,0.229017
6117,0.095598,0.042002
6118,0.40993,0.458896
6119,0.131137,0.353258
6120,0.278249,0.056873
6121,0.384801,0.415231
6122,0.173977,0.397049
6123,0.426217,0.431487
6124,0.318228,0.370247
6125,0.416891,0.501167
6126,0.438196,0.506648
6127,0.268885,0.534493
6129,0.372863,0.484582
6130,0.429011,0.527354
6131,0.128307,0.131495
6132,0.392437,0.07967
6133,0.291116,0.109068
6134,0.429121,0.577406
6135,0.383224,0.517669
6136,0.322208,0.091617
6137,0.157552,0.096119
6139,0.375937,0.428054
6140,0.423007,0.538112
6142,0.333477,0.267869
6143,0.34924,0.543361
6144,0.37269,0.369086
6145,0.330188,0.378653
6146,0.31192,0.252767
6147,0.15641,0.315369
6148,0.313878,0.023199
6149,0.389913,0.645118
6150,0.39164,0.485496
6151,0.111036,0.473555
6152,0.313014,0.541154
6153,0.322281,0.434577
6154,0.134368,0.289747
6156,0.313487,0.05222
6158,0.316511,0.114568
6159,0.36045,0.107749
6160,0.396109,0.107176
6161,0.361632,0.086522
6164,0.286506,0.452651
6165,0.402628,0.367471
6166,0.359641,0.152599
6167,0.372985,0.278433
6168,0.33093,0.289023
6169,0.245054,0.424593
6170,0.389262,0.434856
6171,0.335871,0.202072
6172,0.201852,0.141522
6173,0.179939,0.093326
6174,0.147228,0.021072
6176,0.381322,0.275758
6177,0.163897,0.22088
6178,0.364616,0.642586
6179,0.368089,0.399287
6180,0.154431,0.239969
6181,0.397432,0.383658
6182,0.427039,0.450014
6183,0.145039,0.102974
6185,0.421861,0.307261
6186,0.303874,0.445786
6187,0.404158,0.4463
6188,0.340945,0.542412
6189,0.34471,0.098095
6190,0.162722,0.354098
6192,0.416957,0.448083
6193,0.284803,0.381193
6194,0.196465,0.474651
6195,0.317585,0.42538
6196,0.325325,0.08317
6197,0.217891,0.447761
6198,0.269458,0.016307
6200,0.397419,0.471315
6201,0.31547,0.248154
6202,0.338205,0.487814
6203,0.308372,0.458824
6204,0.376912,0.120341
6205,0.176438,0.448999
6206,0.27735,0.48788
6207,0.2801,0.302433
6208,0.360511,0.372321
6209,0.344558,0.733599
6211,0.430464,0.392454
6214,0.191125,0.10397
6215,0.402347,0.436029
6217,0.117659,0.490866
6218,0.439597,0.550957
6219,0.398775,0.440877
6220,0.388839,0.494079
6221,0.060448,0.039504
6222,0.406024,0.407479
6223,0.433407,0.303515
6224,0.275139,0.264349
6225,0.325874,0.439209
6226,0.274024,0.305287
6227,0.120063,0.034399
6228,0.36621,0.126938
6230,0.311528,0.108795
6231,0.412587,0.244512
6233,0.465649,0.446929
6234,0.341518,0.498327
6235,0.369401,0.125804
6236,0.160587,0.406935
6237,0.407684,0.433218
6238,0.326593,0.199453
6239,0.304905,0.452688
6241,0.212283,0.301999
6242,0.324588,0.075528
6243,0.077259,0.073778
6245,0.399041,0.440127
6246,0.959125,0.281791
6247,0.389019,0.114212
6248,0.28977,0.122982
6250,0.21886,0.118659
6253,0.339582,0.122673
6254,0.134557,0.079965
6255,0.263549,0.501081
6256,0.160291,0.154135
6257,0.364179,0.483549
6258,0.380208,0.402854
6259,0.403953,0.445754
6260,0.468858,0.455069
6261,0.085082,0.117976
6262,0.358131,0.665412
6263,0.295783,0.369158
6264,0.053137,0.051151
6266,0.417661,0.546908
6267,0.355109,0.384529
6268,0.137684,0.08507
6269,0.044157,0.021979
6270,0.310809,0.289528
6272,0.366984,0.308771
6273,0.377932,0.117711
6274,0.297594,0.109967
6275,0.191889,0.105916
6277,0.309146,0.476625
6281,0.132255,0.500626
6282,0.400148,0.364989
6284,0.304808,0.483258
6285,0.317241,0.344762
6286,0.185089,0.059063
6287,0.183935,0.08089
6288,0.178029,0.090402
6291,0.484803,0.371102
6292,0.259465,0.495144
6294,0.396557,0.1737
6295,0.351338,0.15412
6296,0.149383,0.223454
6297,0.175242,0.194543
6298,0.183257,0.217458
6299,0.389398,0.660013
6300,0.368911,0.300818
6301,0.343237,0.592533
6302,0.447043,0.444126
6303,0.480087,0.463378
6304,0.398383,0.46365
6306,0.392698,0.28683
6307,0.309355,0.105854
6308,0.274541,0.431341
6309,0.276919,0.518121
6310,0.225435,0.034882
6312,0.380892,0.157923
6313,0.146701,0.170982
6314,0.166258,0.478165
6315,0.410168,0.436454
6316,0.189997,0.311285
6319,0.371674,0.170893
6320,0.183893,0.056968
6321,0.372894,0.404876
6322,0.429905,0.406181
6323,0.173194,0.177313
6324,0.408594,0.456857
6325,0.46166,0.584616
6327,0.332095,0.193536
6328,0.271763,0.48944
6331,0.138912,0.04868
6332,0.330662,0.11557
6333,0.3119,0.608163
6334,0.319597,0.15117
6335,0.362766,0.430686
6336,0.179481,0.385769
6337,0.339389,0.482738
6339,0.254153,0.109165
6340,0.409625,0.107983
6342,0.116696,0.422663
6343,0.375228,0.182293
6345,0.312996,0.59963
6346,0.44438,0.384903
6347,0.115738,0.343558
6349,0.494469,0.45146
6350,0.290429,0.256414
6351,0.300823,0.288021
6352,0.282517,0.119914
6354,0.282167,0.328502
6355,0.328594,0.426408
6356,0.247736,0.543543
6357,0.129914,0.323734
6359,0.373508,0.576038
6360,0.334676,0.14389
6361,0.322244,0.507023
6363,0.158835,0.497219
6364,0.357203,0.327092
6365,0.360886,0.49419
6367,0.362841,0.298356
6368,0.408749,0.120248
6370,0.236227,0.576762
6371,0.485429,0.414809
6372,0.218199,0.387185
6373,0.155854,0.078871
6375,0.390014,0.28766
6376,0.306561,0.483146
6378,0.435562,0.396436
6379,0.468064,0.525253
6380,0.361345,0.472996
6381,0.416381,0.449411
6383,0.284434,0.196404
6384,0.336182,0.639405
6385,0.361574,0.453624
6386,0.21162,0.422226
6387,0.393684,0.339112
6388,0.211351,0.504242
6389,0.378944,0.295749
6390,0.289035,0.138707
6392,0.238527,0.369803
6393,0.3514,0.297195
6394,0.352581,0.77303
6395,0.374235,0.603982
6396,0.414087,0.631918
6399,0.208959,0.461104
6400,0.212596,0.487434
6401,0.337004,0.195676
6402,0.158412,0.094295
6403,0.133686,0.399871
6406,0.144955,0.585233
6407,0.391341,0.428387
6408,0.375279,0.119652
6410,0.387273,0.498897
6411,0.12044,0.027947
6412,0.340625,0.623311
6413,0.146805,0.352625
6414,0.425437,0.167852
6415,0.069798,0.021577
6416,0.340828,0.548198
6417,0.394083,0.914314
6418,0.371051,0.502504
6419,0.356208,0.301128
6421,0.446612,0.14218
6424,0.384365,0.428884
6425,0.221413,0.423807
6426,0.373364,0.587577
6427,0.280044,0.458109
6428,0.419666,0.443602
6429,0.319099,0.388826
6430,0.387977,0.32946
6431,0.456657,0.517839
6432,0.385555,0.192654
6433,0.407671,0.148507
6434,0.227574,0.198416
6435,0.056977,0.034272
6436,0.373324,0.446309
6437,0.220772,0.296234
6438,0.303116,0.56047
6439,0.23559,0.48697
6440,0.374742,0.18867
6442,0.490631,0.411525
6443,0.384336,0.1112
6444,0.334093,0.41736
6445,0.229897,0.401687
6446,0.384133,0.482471
6447,0.245275,0.275139
6448,0.381484,0.464202
6449,0.372392,0.282393
6450,0.328293,0.486563
6451,0.368672,0.122133
6452,0.422594,0.119847
6453,0.279644,0.492628
6454,0.305809,0.149976
6457,0.275376,0.502752
6458,0.33787,0.432058
6459,0.374868,0.373785
6460,0.37413,0.333161
6461,0.338594,0.307549
6462,0.138821,0.04314
6463,0.125896,0.58793
6464,0.145974,0.270739
6465,0.367084,0.46837
6466,0.469845,0.436747
6467,0.434154,0.123862
6468,0.351519,0.457662
6469,0.409298,0.406045
6470,0.388312,0.655206
6472,0.382477,0.534475
6473,0.202154,0.072598
6474,0.329963,0.48556
6475,0.460399,0.479506
6476,0.343581,0.136056
6478,0.361684,0.256658
6479,0.357429,0.365434
6480,0.358624,0.494801
6481,0.076738,0.082048
6482,0.383162,0.581697
6484,0.128887,0.547274
6485,0.287767,0.15105
6486,0.25091,0.117756
6488,0.330201,0.644722
6489,0.391425,0.443297
6491,0.309614,0.420333
6492,0.442571,0.455523
6494,0.100665,0.028613
6495,0.375661,0.50126
6496,0.231667,0.041028
6497,0.310124,0.279611
6498,0.362983,0.369976
6499,0.10913,0.430227
6500,0.163512,0.204698
6502,0.169727,0.095503
6503,0.376565,0.446302
6504,0.32626,0.608518
6505,0.244845,0.45742
6506,0.36275,0.473533
6508,0.392077,0.489405
6509,0.343184,0.585253
6510,0.270604,0.457875
6511,0.197309,0.096488
6512,0.081656,0.023601
6515,0.411231,0.373453
6516,0.35227,0.161851
6517,0.442237,0.578401
6518,0.376266,0.157218
6520,0.366928,0.474373
6521,0.412608,0.492729
6522,0.366399,0.512379
6523,0.351137,0.578306
6524,0.37095,0.120591
6525,0.439695,0.244705
6526,0.116069,0.426308
6527,0.283047,0.438894
6528,0.394982,0.463889
6529,0.327243,0.298505
6530,0.278869,0.143691
6531,0.287006,0.615257
6532,0.198667,0.088476
6534,0.405935,0.43261
6535,0.153022,0.361281
6536,0.204841,0.505161
6538,0.40423,0.378919
6539,0.357605,0.596077
6540,0.467368,0.458381
6541,0.383185,0.459795
6542,0.465506,0.465964
6543,0.231406,0.291738
6544,0.368427,0.123668
6546,0.243306,0.450076
6547,0.094459,0.341151
6548,0.356392,0.478538
6549,0.434823,0.675045
6550,0.310651,0.520143
6551,0.192744,0.402606
6552,0.297289,0.46977
6553,0.311144,0.584919
6554,0.336596,0.425775
6555,0.309344,0.450823
6556,0.362891,0.140667
6557,0.366167,0.433034
6558,0.421389,0.272316
6561,0.463486,0.517597
6562,0.481125,0.408838
6563,0.362713,0.584818
6564,0.391693,0.416666
6565,0.354519,0.122664
6566,0.445443,0.431787
6567,0.464941,0.327976
6570,0.410937,0.420908
6571,0.352041,0.105603
6572,0.248359,0.138702
6573,0.316625,0.128103
6574,0.307079,0.118578
6575,0.190059,0.397667
6576,0.154244,0.187344
6577,0.392787,0.468393
6578,0.341156,0.649959
6579,0.360739,0.509103
6580,0.24306,0.128387
6581,0.367613,0.453278
6582,0.354413,0.430336
6583,0.405641,0.363014
6585,0.289878,0.455443
6586,0.238489,0.130115
6587,0.26331,0.143554
6589,0.426366,0.526285
6591,0.432535,0.120389
6592,0.204982,0.126308
6593,0.074365,0.115335
6594,0.215771,0.280342
6596,0.345722,0.555411
6597,0.281518,0.116157
6598,0.33151,0.126858
6601,0.15164,0.04995
6603,0.238274,0.396056
6604,0.420574,0.133227
6605,0.413654,0.474288
6606,0.342607,0.690431
6607,0.375584,0.503285
6608,0.312258,0.436512
6609,0.407579,0.109424
6611,0.093962,0.300447
6612,0.297837,0.56703
6613,0.300578,0.505165
6614,0.113518,0.100968
6615,0.420105,0.414817
6616,0.454987,0.481956
6617,0.393103,0.268954
6619,0.412588,0.634021
6621,0.476347,0.395497
6623,0.315269,0.400423
6624,0.106671,0.003653
6625,0.476238,0.460228
6627,0.422511,0.488359
6628,0.3378,0.741665
6629,0.29594,0.142277
6630,0.377083,0.419124
6632,0.341264,0.334254
6633,0.188316,0.068249
6635,0.38597,0.331183
6637,0.444558,0.471321
6638,0.376495,0.27144
6640,0.375157,0.106381
6643,0.373709,0.344306
6645,0.388435,0.486366
6647,0.256672,0.497454
6648,0.515053,0.197162
6649,0.46891,0.467497
6650,0.241969,0.58093
6652,0.383308,0.054764
6653,0.068149,0.0307
6654,0.468508,0.424642
6656,0.307221,0.071547
6657,0.355824,0.435974
6658,0.308459,0.144031
6659,0.241362,0.393544
6660,0.297615,0.481043
6661,0.391771,0.442609
6662,0.373743,0.432808
6663,0.403371,0.380456
6664,0.399078,0.489528
6665,0.416979,0.637694
6666,0.319939,0.733608
6667,0.390396,0.184378
6668,0.375416,0.12145
6669,0.414003,0.457644
6670,0.377118,0.61347
6672,0.332483,0.123815
6673,0.37257,0.390268
6674,0.309675,0.114422
6675,0.335919,0.120901
6676,0.356722,0.321738
6678,0.348057,0.487522
6680,0.12584,0.14385
6682,0.421708,0.445471
6684,0.30141,0.621306
6685,0.41566,0.395489
6686,0.347427,0.356095
6687,0.281282,0.606449
6688,0.260063,0.465865
6690,0.328083,0.621019
6693,0.408053,0.427706
6694,0.34401,0.06726
6695,0.330279,0.603747
6696,0.290334,0.552546
6697,0.302858,0.096502
6699,0.378434,0.428267
6700,0.315153,0.449127
6701,0.39588,0.450368
6702,0.348409,0.418139
6703,0.092911,0.413751
6704,0.186936,0.392058
6706,0.13259,0.479196
6707,0.204877,0.363831
6708,0.367529,0.399938
6709,0.227319,0.465316
6711,0.351212,0.476109
6712,0.404509,0.351831
6713,0.235551,0.39894
6714,0.270271,0.095387
6715,0.233923,0.586939
6716,0.249859,0.39787
6717,0.411362,0.41016
6718,0.292638,0.405311
6719,0.279671,0.445239
6720,0.322081,0.514953
6721,0.354628,0.50521
6722,0.362287,0.470053
6724,0.445178,0.497013
6725,0.348107,0.731436
6726,0.301228,0.435548
6727,0.372987,0.493463
6728,0.359579,0.389929
6730,0.315645,0.059281
6731,0.137287,0.457431
6732,0.183413,0.487882
6734,0.175147,0.069505
6735,0.44248,0.104797
6736,0.086878,0.024516
6737,0.432598,0.560252
6738,0.318247,0.533063
6739,0.251079,0.498177
6740,0.347497,0.130588
6741,0.466259,0.462448
6742,0.198182,0.066674
6743,0.210235,0.6511
6744,0.277926,0.458587
6746,0.191062,0.393621
6747,0.307142,0.118014
6749,0.110832,0.494813
6750,0.42129,0.430423
6752,0.401235,0.453135
6754,0.436196,0.312504
6755,0.476159,0.446318
6756,0.479859,0.410064
6757,0.222471,0.439996
6758,0.158432,0.089468
6759,0.272231,0.491348
6760,0.262488,0.464023
6761,0.449015,0.481957
6762,0.442023,0.622941
6763,0.315422,0.459168
6765,0.232144,0.592415
6766,0.337255,0.341858
6767,0.170912,0.045673
6768,0.222016,0.556431
6770,0.200252,0.425764
6771,0.37327,0.451778
6772,0.241466,0.141486
6773,0.418379,0.568185
6774,0.319343,0.284574
6775,0.315542,0.075618
6777,0.177937,0.097861
6779,0.372967,0.45702
6781,0.371127,0.4505
6782,0.501366,0.419789
6783,0.313005,0.288581
6784,0.206412,0.421402
6785,0.155208,0.415882
6786,0.325119,0.609659
6787,0.416249,0.579242
6788,0.346285,0.548644
6789,0.446106,0.417185
6790,0.141342,0.074777
6791,0.131373,0.455115
6792,0.274162,0.131331
6795,0.285127,0.147648
6796,0.402186,0.501186
6797,0.313376,0.590688
6798,0.215865,0.118727
6799,0.44015,0.546942
6800,0.299908,0.495164
6801,0.089894,0.233412
6803,0.384761,0.367327
6804,0.437814,0.46548
6805,0.445721,0.295165
6807,0.365926,0.110316
6808,0.332668,0.52766
6809,0.289336,0.217568
6810,0.139872,0.035148
6811,0.19279,0.384368
6812,0.29865,0.172586
6815,0.395252,0.15655
6816,0.24218,0.420392
6817,0.384511,0.464108
6818,0.301826,0.433443
6819,0.246183,0.421558
6820,0.372897,0.64689
6821,0.245194,0.519421
6822,0.387299,0.498129
6823,0.346242,0.093853
6824,0.394932,0.419565
6825,0.426309,0.30116
6826,0.326366,0.726948
6827,0.161659,0.186829
6829,0.345109,0.418376
6830,0.377993,0.494441
6831,0.223786,0.413355
6832,0.351587,0.299572
6833,0.382252,0.410103
6834,0.293676,0.442908
6836,0.33667,0.292129
6837,0.307843,0.288057
6838,0.154244,0.076401
6839,0.230728,0.292236
6840,0.394016,0.457743
6841,0.284489,0.490844
6842,0.204016,0.139316
6843,0.413196,0.561487
6844,0.323093,0.425705
6846,0.319375,0.623413
6847,0.173031,0.358491
6848,0.394432,0.246676
6849,0.275981,0.444938
6850,0.159651,0.390224
6851,0.26346,0.037933
6852,0.385946,0.129114
6853,0.15395,0.348601
6854,0.46244,0.424488
6855,0.338102,0.078978
6856,0.343059,0.1216
6857,0.336201,0.567965
6858,0.371635,0.126843
6859,0.372706,0.652613
6861,0.354986,0.333981
6862,0.326078,0.300612
6863,0.330378,0.10247
6864,0.322422,0.643756
6865,0.173052,0.287253
6866,0.165434,0.358618
6868,0.285864,0.46293
6869,0.449162,0.279993
6870,0.248793,0.186265
6871,0.372508,0.283257
6872,0.286166,0.394937
6873,0.342631,0.119437
6874,0.409421,0.434721
6875,0.440344,0.320079
6878,0.437279,0.278115
6879,0.387946,0.318855
6880,0.426654,0.316175
6881,0.28834,0.148704
6882,0.315231,0.304085
6885,0.096981,0.329162
6888,0.335289,0.112967
6889,0.153285,0.436597
6890,0.135501,0.086696
6891,0.342046,0.414923
6892,0.319043,0.58096
6893,0.263628,0.675004
6894,0.186169,0.411502
6895,0.399352,0.564008
6898,0.173757,0.113622
6899,0.151518,0.036463
6900,0.372892,0.30022
6902,0.248557,0.468971
6903,0.29011,0.461174
6904,0.331759,0.060078
6905,0.274152,0.564553
6906,0.314094,0.6248
6907,0.354839,0.380456
6908,0.412525,0.449908
6909,0.342991,0.467633
6910,0.12158,0.223165
6911,0.161015,0.224229
6912,0.381199,0.477945
6913,0.216077,0.084168
6914,0.129648,0.385466
6915,0.437009,0.163068
6916,0.339635,0.115911
6918,0.389398,0.403371
6919,0.231267,0.122656
6920,0.234861,0.105248
6921,0.282429,0.133824
6922,0.126339,0.543215
6923,0.340074,0.340935
6924,0.31813,0.449966
6925,0.149831,0.515158
6926,0.311501,0.479298
6927,0.348859,0.597226
6928,0.276168,0.12408
6929,0.442062,0.451566
6930,0.40105,0.398746
6931,0.153975,0.109276
6932,0.288575,0.045628
6933,0.261346,0.497524
6936,0.371147,0.287553
6937,0.313281,0.096828
6939,0.459153,0.422861
6940,0.357565,0.298923
6941,0.155549,0.329548
6942,0.393068,0.146856
6943,0.375284,0.35246
6944,0.390237,0.427216
6945,0.395411,0.429967
6946,0.447781,0.429223
6947,0.479985,0.527246
6948,0.370357,0.158441
6949,0.173664,0.099896
6950,0.334698,0.090069
6952,0.403272,0.446802
6953,0.396128,0.669995
6954,0.372522,0.332228
6956,0.445983,0.348193
6957,0.332324,0.501388
6958,0.394797,0.468786
6959,0.401852,0.519085
6960,0.221771,0.402733
6961,0.425494,0.677143
6962,0.302332,0.248029
6964,0.204204,0.319699
6965,0.340437,0.467948
6966,0.436374,0.428211
6967,0.369268,0.503134
6968,0.303661,0.495497
6969,0.185379,0.493333
6970,0.099821,0.021324
6971,0.398531,0.270814
6973,0.24602,0.111606
6975,0.380438,0.297906
6978,0.158294,0.526482
6979,0.351791,0.301127
6980,0.437446,0.455049
6981,0.27943,0.47321
6982,0.213836,0.285988
6984,0.171217,0.033724
6986,0.126429,0.407669
6987,0.468838,0.372421
6988,0.236136,0.518492
6989,0.37712,0.491316
6990,0.38336,0.110843
6991,0.464407,0.31468
6992,0.372254,0.159032
6994,0.291153,0.503963
6995,0.365052,0.67518
6996,0.983995,0.118678
6997,0.129677,0.482314
7000,0.295698,0.359443
7001,0.347937,0.126691
7002,0.338203,0.509871
7003,0.337812,0.506111
7004,0.317123,0.129162
7005,0.365547,0.428688
7006,0.154486,0.007549
7007,0.278444,0.50916
7008,0.168185,0.062605
7009,0.325322,0.333453
7010,0.393563,0.11469
7012,0.382251,0.299231
7013,0.306207,0.451674
7014,0.187881,0.289412
7015,0.43299,0.447924
7016,0.397838,0.110903
7017,0.433993,0.615481
7018,0.161609,0.450843
7019,0.480919,0.558953
7021,0.18225,0.416647
7023,0.397183,0.109637
7024,0.090617,0.071863
7025,0.180348,0.063158
7026,0.090903,0.083427
7027,0.165214,0.437177
7028,0.266092,0.302485
7029,0.3402,0.283262
7031,0.192352,0.246029
7033,0.311682,0.423393
7034,0.45642,0.437921
7035,0.268828,0.487013
7036,0.334138,0.605047
7037,0.39235,0.416128
7038,0.403948,0.709905
7039,0.172279,0.47126
7042,0.40996,0.509103
7043,0.231634,0.354169
7044,0.240285,0.618778
7045,0.27329,0.390007
7047,0.386902,0.480393
7050,0.240877,0.380503
7051,0.199465,0.310186
7052,0.280345,0.175365
7053,0.425859,0.607689
7054,0.126352,0.06451
7056,0.420585,0.541139
7057,0.319782,0.503942
7058,0.378816,0.558749
7059,0.468255,0.320912
7060,0.408452,0.414532
7061,0.31304,0.424591
7062,0.296974,0.526613
7063,0.402705,0.128452
7064,0.352831,0.121016
7065,0.362194,0.460988
7066,0.306558,0.117392
7067,0.346592,0.488915
7068,0.428693,0.485083
7069,0.080451,0.016295
7070,0.424669,0.335859
7072,0.272382,0.625213
7073,0.50078,0.533805
7074,0.322855,0.55427
7075,0.33411,0.424624
7078,0.355353,0.14583
7079,0.379535,0.294009
7080,0.237617,0.452776
7081,0.107895,0.032739
7082,0.393637,0.28783
7083,0.229914,0.561063
7084,0.339379,0.302579
7085,0.363357,0.307829
7086,0.399333,0.247527
7087,0.326279,0.526849
7088,0.435453,0.38868
7089,0.211982,0.284664
7090,0.41488,0.296653
7092,0.263257,0.146433
7094,0.358609,0.517259
7096,0.42619,0.314315
7097,0.399452,0.117327
7098,0.207435,0.535188
7101,0.427162,0.311683
7102,0.423992,0.387842
7103,0.330628,0.077147
7104,0.428649,0.401567
7105,0.442832,0.297984
7109,0.293616,0.144997
7110,0.370804,0.095697
7111,0.422504,0.392144
7112,0.44288,0.277868
7114,0.415852,0.426498
7115,0.088844,0.039592
7116,0.36373,0.156938
7117,0.150795,0.569531
7118,0.471018,0.436624
7119,0.433259,0.420849
7120,0.325243,0.199055
7122,0.388778,0.403929
7123,0.40313,0.450083
7124,0.349941,0.110109
7126,0.150062,0.087187
7127,0.39502,0.452704
7128,0.100671,0.030905
7129,0.394124,0.390949
7130,0.277515,0.473158
7131,0.443844,0.421906
7132,0.305199,0.135189
7133,0.233901,0.484309
7134,0.162202,0.394208
7135,0.357552,0.317733
7137,0.414981,0.558393
7138,0.330245,0.453633
7139,0.352047,0.408
7140,0.309513,0.466476
7141,0.149819,0.374311
7142,0.194018,0.066597
7143,0.372507,0.093769
7144,0.423876,0.118276
7145,0.148366,0.302629
7148,0.35641,0.708559
7149,0.228866,0.5157
7150,0.419186,0.415949
7151,0.357165,0.584757
7152,0.143382,0.532551
7153,0.297004,0.621751
7154,0.186993,0.664279
7156,0.478993,0.474261
7157,0.37829,0.490964
7158,0.322569,0.052313
7160,0.434004,0.267922
7161,0.454216,0.479251
7162,0.388031,0.425458
7163,0.333973,0.303547
7164,0.350205,0.556165
7165,0.315541,0.329459
7167,0.181095,0.102918
7168,0.305552,0.515295
7169,0.414298,0.502125
7170,0.309739,0.567833
7172,0.389849,0.450264
7173,0.429248,0.379205
7174,0.462536,0.412279
7175,0.384563,0.426811
7177,0.323447,0.41082
7178,0.35327,0.362077
7179,0.301244,0.135538
7180,0.130028,0.087908
7182,0.385605,0.101357
7183,0.313839,0.126004
7184,0.389852,0.601558
7185,0.122652,0.512747
7186,0.43134,0.477225
7187,0.174249,0.069068
7188,0.322244,0.131621
7189,0.357539,0.134975
7190,0.406664,0.387967
7191,0.24333,0.652744
7192,0.181411,0.068426
7193,0.26124,0.447403
7194,0.204289,0.452509
7195,0.215807,0.435316
7197,0.044702,0.003754
7198,0.30602,0.525272
7200,0.392362,0.455029
7201,0.175731,0.086801
7202,0.20751,0.098586
7203,0.421162,0.304258
7204,0.159752,0.482825
7205,0.29189,0.490719
7207,0.402192,0.108879
7208,0.451354,0.59027
7209,0.32928,0.317608
7210,0.295216,0.229696
7211,0.178952,0.362885
7212,0.279656,0.502018
7213,0.392097,0.468292
7214,0.24857,0.530506
7215,0.431698,0.614008
7216,0.365323,0.128524
7219,0.221344,0.518802
7220,0.277352,0.647138
7221,0.44807,0.491751
7222,0.441677,0.591085
7223,0.439022,0.520998
7224,0.368899,0.255796
7225,0.146661,0.441114
7226,0.363871,0.605636
7228,0.29836,0.36641
7230,0.11735,0.504523
7232,0.202446,0.079586
7233,0.388904,0.550261
7234,0.233096,0.027754
7237,0.384926,0.674203
7238,0.339692,0.200705
7239,0.390886,0.104013
7240,0.135967,0.409166
7241,0.153745,0.08322
7243,0.338662,0.336863
7244,0.307622,0.500623
7245,0.312023,0.400192
7246,0.433658,0.331931
7247,0.170691,0.39682
7248,0.347968,0.275405
7249,0.245367,0.046754
7250,0.334506,0.088982
7251,0.345097,0.367528
7252,0.149535,0.372337
7253,0.183334,0.063259
7254,0.338049,0.110889
7256,0.405445,0.578342
7257,0.388073,0.170012
7258,0.349747,0.156155
7259,0.397329,0.051195
7260,0.255006,0.425848
7261,0.423676,0.325624
7263,0.341605,0.513051
7264,0.388682,0.06413
7265,0.345091,0.121998
7267,0.42984,0.310906
7268,0.413067,0.306035
7269,0.281135,0.629447
7270,0.476462,0.513648
7271,0.096357,0.175562
7273,0.344292,0.087569
7274,0.42073,0.445496
7275,0.275777,0.284508
7276,0.173845,0.508054
7277,0.173383,0.210555
7278,0.361929,0.107126
7279,0.398525,0.077982
7281,0.231089,0.456377
7282,0.340296,0.253193
7283,0.11489,0.084689
7284,0.406517,0.416704
7285,0.321812,0.086206
7287,0.354372,0.549259
7288,0.257707,0.137198
7289,0.423209,0.494191
7290,0.154342,0.09233
7291,0.369274,0.11955
7292,0.342264,0.569798
7293,0.294403,0.440081
7294,0.4056,0.446125
7295,0.361891,0.564056
7296,0.135088,0.456647
7297,0.170393,0.097343
7298,0.363095,0.12216
7299,0.343647,0.11744
7300,0.433509,0.445741
7301,0.239787,0.420371
7302,0.414072,0.454393
7303,0.235644,0.414541
7304,0.25669,0.11487
7305,0.273646,0.612885
7306,0.400035,0.697088
7307,0.275224,0.13627
7308,0.457253,0.109378
7310,0.409074,0.295241
7311,0.43505,0.469903
7312,0.487349,0.449183
7315,0.364684,0.486977
7316,0.415996,0.114707
7318,0.348259,0.538276
7321,0.397317,0.544719
7322,0.447392,0.374389
7323,0.450701,0.344999
7325,0.328419,0.266316
7326,0.211624,0.364426
7327,0.29197,0.280357
7328,0.390767,0.511802
7331,0.360798,0.468871
7332,0.405086,0.462327
7333,0.120478,0.37106
7334,0.396252,0.488607
7335,0.306784,0.507968
7337,0.1677,0.360425
7338,0.371418,0.372183
7339,0.254206,0.591391
7340,0.202543,0.344075
7341,0.292921,0.487296
7342,0.369917,0.452366
7343,0.415823,0.456342
7344,0.310674,0.498319
7345,0.329065,0.477911
7347,0.300697,0.426099
7348,0.171819,0.431845
7349,0.329127,0.444369
7350,0.360503,0.081011
7351,0.339651,0.303739
7352,0.16496,0.060032
7353,0.316566,0.125816
7354,0.422393,0.590808
7355,0.395158,0.299649
7356,0.427555,0.459728
7357,0.384965,0.106474
7358,0.232024,0.624507
7359,0.303225,0.480531
7360,0.146105,0.088642
7361,0.439213,0.461105
7363,0.417784,0.23318
7364,0.417731,0.06894
7365,0.479334,0.374473
7368,0.376006,0.155905
7369,0.405312,0.446912
7370,0.36184,0.101779
7371,0.379962,0.647738
7373,0.419306,0.490822
7375,0.44962,0.314042
7376,0.206989,0.448762
7377,0.357831,0.142331
7379,0.429919,0.465041
7381,0.32584,0.0681
7382,0.378483,0.129688
7383,0.37547,0.109059
7384,0.200682,0.086863
7385,0.423037,0.376127
7387,0.370909,0.52215
7388,0.148297,0.414102
7389,0.330698,0.15086
7390,0.338392,0.119805
7391,0.372077,0.250369
7392,0.107146,0.095411
7393,0.454624,0.360382
7396,0.392445,0.138569
7397,0.442007,0.484256
7398,0.3704,0.577061
7399,0.28359,0.123178
7400,0.170385,0.148829
7401,0.411612,0.151702
7403,0.429107,0.191269
7404,0.107643,0.401082
7405,0.132174,0.450879
7406,0.450078,0.387603
7407,0.373693,0.507224
7409,0.384033,0.181201
7411,0.119604,0.108766
7412,0.440072,0.615884
7413,0.167723,0.040808
7414,0.224316,0.212231
7415,0.275833,0.643678
7416,0.40693,0.133354
7418,0.149105,0.306399
7419,0.340826,0.531718
7420,0.384149,0.416249
7421,0.154811,0.083779
7422,0.35541,0.32467
7423,0.304097,0.505213
7424,0.376367,0.138076
7425,0.374406,0.432583
7426,0.309842,0.479794
7427,0.345583,0.49431
7429,0.259998,0.371258
7430,0.107495,0.064824
7431,0.364909,0.115259
7433,0.181117,0.074448
7434,0.29701,0.745421
7435,0.347195,0.438308
7436,0.208702,0.155436
7437,0.349701,0.589847
7438,0.317535,0.255032
7439,0.345124,0.314501
7440,0.139476,0.534282
7442,0.18304,0.084442
7443,0.324502,0.111561
7446,0.236566,0.276188
7447,0.400219,0.162914
7448,0.299026,0.301133
7450,0.418212,0.28701
7451,0.336345,0.332455
7452,0.169625,0.290212
7453,0.369655,0.122065
7454,0.388939,0.569496
7455,0.353841,0.453097
7456,0.116807,0.430684
7458,0.157332,0.209368
7459,0.334293,0.392992
7460,0.348037,0.425356
7464,0.160247,0.243135
7465,0.408465,0.410879
7466,0.434917,0.465832
7467,0.382468,0.198016
7468,0.407591,0.5643
7469,0.20747,0.510072
7470,0.317891,0.433352
7471,0.260704,0.66366
7473,0.462205,0.526993
7474,0.395926,0.114195
7476,0.348222,0.332682
7481,0.30044,0.512209
7482,0.29383,0.111477
7483,0.405394,0.437098
7484,0.343348,0.689929
7485,0.369353,0.396662
7486,0.310373,0.132655
7487,0.365778,0.190544
7488,0.371818,0.117336
7489,0.258378,0.656339
7490,0.286342,0.475268
7491,0.396028,0.226104
7492,0.344245,0.438462
7493,0.294674,0.456301
7494,0.395925,0.404194
7495,0.415629,0.398378
7497,0.204208,0.122225
7499,0.386416,0.254192
7500,0.242035,0.657734
7501,0.181768,0.083159
7502,0.374579,0.300158
7503,0.313917,0.4735
7504,0.277442,0.441001
7505,0.168454,0.107776
7506,0.414273,0.339371
7507,0.220641,0.271252
7508,0.3549,0.183203
7509,0.405789,0.496846
7510,0.404761,0.535207
7511,0.398728,0.424116
7512,0.11348,0.403799
7513,0.331226,0.55134
7514,0.297967,0.442068
7515,0.369872,0.298982
7516,0.371448,0.391458
7517,0.399816,0.109375
7518,0.435764,0.129702
7519,0.414919,0.114407
7520,0.422333,0.310735
7521,0.160721,0.057679
7522,0.21248,0.428074
7523,0.2373,0.410483
7524,0.08195,0.022746
7525,0.387956,0.117913
7526,0.381155,0.463031
7527,0.327663,0.244539
7528,0.367599,0.119284
7530,0.168502,0.294185
7531,0.351801,0.398892
7532,0.461956,0.286921
7533,0.037994,0.023897
7534,0.343065,0.67299
7535,0.324524,0.130601
7537,0.362254,0.116678
7538,0.304761,0.127374
7539,0.305735,0.438585
7540,0.317995,0.14352
7542,0.425087,0.442109
7543,0.245845,0.154792
7544,0.124229,0.084841
7546,0.390858,0.359276
7547,0.175646,0.121401
7548,0.348355,0.475906
7549,0.406737,0.239616
7550,0.434326,0.363768
7551,0.129519,0.46676
7552,0.381337,0.387507
7553,0.310375,0.390512
7554,0.289902,0.329769
7555,0.358933,0.403805
7556,0.306982,0.539799
7557,0.3101,0.511969
7558,0.459959,0.431165
7559,0.124815,0.526768
7560,0.21454,0.537581
7562,0.149508,0.399327
7563,0.388908,0.457137
7567,0.351992,0.423214
7569,0.37404,0.136938
7570,0.374797,0.320536
7572,0.433333,0.44152
7573,0.293337,0.450239
7574,0.067999,0.049405
7575,0.358033,0.5007
7578,0.31028,0.12753
7580,0.198095,0.107111
7581,0.37649,0.282372
7582,0.250404,0.146613
7583,0.299988,0.5242
7584,0.397538,0.655897
7585,0.280739,0.448274
7586,0.395226,0.068901
7587,0.317239,0.1122
7589,0.341899,0.369501
7590,0.358471,0.241464
7591,0.213137,0.190404
7592,0.331312,0.558323
7593,0.393486,0.405237
7594,0.441174,0.398676
7595,0.404439,0.418118
7596,0.184796,0.03768
7597,0.347907,0.301706
7598,0.415811,0.385109
7599,0.348451,0.303268
7600,0.332014,0.294311
7602,0.310712,0.684961
7603,0.36311,0.405502
7604,0.412947,0.456134
7605,0.406654,0.122033
7606,0.44089,0.446606
7609,0.31649,0.618695
7610,0.142409,0.059008
7611,0.259826,0.442273
7612,0.270436,0.499064
7613,0.45117,0.553059
7614,0.319869,0.126849
7615,0.389337,0.423366
7616,0.104879,0.450523
7617,0.38299,0.105417
7618,0.340361,0.283334
7619,0.310016,0.35788
7620,0.339378,0.52103
7621,0.388554,0.751895
7622,0.380529,0.109178
7623,0.315944,0.13486
7624,0.359458,0.347837
7626,0.139297,0.517452
7627,0.288472,0.505975
7628,0.169545,0.063092
7629,0.10122,0.080373
7630,0.349296,0.549237
7632,0.200876,0.424759
7633,0.158626,0.040207
7634,0.27965,0.44612
7635,0.391628,0.189593
7636,0.332896,0.118823
7637,0.409012,0.430555
7639,0.429811,0.481604
7640,0.456833,0.43082
7641,0.386957,0.32667
7642,0.28967,0.644683
7643,0.470494,0.438946
7644,0.41436,0.405401
7645,0.405743,0.299606
7646,0.357119,0.400335
7647,0.295172,0.029256
7648,0.350052,0.516605
7649,0.215167,0.420358
7650,0.221682,0.505718
7651,0.226377,0.450845
7653,0.24101,0.511873
7654,0.173028,0.48487
7655,0.290007,0.567373
7656,0.093383,0.06616
7657,0.444727,0.121483
7658,0.399688,0.446108
7659,0.140451,0.420605
7660,0.432336,0.38601
7661,0.260984,0.483929
7662,0.393391,0.280377
7663,0.337424,0.436411
7664,0.363049,0.579145
7665,0.448202,0.426827
7666,0.356876,0.337642
7667,0.324481,0.716608
7668,0.160774,0.411714
7669,0.431947,0.301694
7670,0.403511,0.342671
7671,0.312647,0.44713
7672,0.352422,0.123119
7673,0.398809,0.437798
7674,0.260699,0.144238
7676,0.166442,0.049767
7677,0.292963,0.143867
7678,0.40223,0.34301
7679,0.343256,0.201525
7680,0.227476,0.618464
7681,0.342626,0.60083
7682,0.423738,0.072719
7683,0.104076,0.245832
7684,0.371986,0.104084
7685,0.290924,0.452529
7687,0.427284,0.099265
7688,0.483923,0.444736
7690,0.336929,0.153906
7692,0.410417,0.415392
7693,0.267175,0.420214
7694,0.425347,0.373689
7695,0.343597,0.460745
7696,0.179911,0.10349
7697,0.24276,0.627308
7698,0.466102,0.459317
7699,0.342178,0.117956
7700,0.113426,0.453804
7701,0.264953,0.514068
7702,0.351028,0.406172
7704,0.403414,0.402476
7705,0.478145,0.540433
7706,0.124678,0.287826
7707,0.413859,0.499003
7708,0.388801,0.110982
7709,0.165658,0.425688
7710,0.278106,0.368733
7711,0.405207,0.599426
7713,0.375354,0.403645
7714,0.309227,0.42083
7715,0.154153,0.082892
7716,0.118234,0.075736
7717,0.354152,0.404069
7718,0.396327,0.544008
7719,0.145726,0.324058
7720,0.433858,0.300199
7721,0.397292,0.497699
7722,0.454546,0.425278
7723,0.374895,0.432135
7724,0.398961,0.567337
7725,0.475607,0.52822
7726,0.42587,0.299048
7727,0.465333,0.453445
7728,0.283534,0.053846
7729,0.351843,0.120794
7730,0.42217,0.277949
7732,0.183734,0.414648
7735,0.297513,0.143372
7737,0.303048,0.497292
7738,0.443132,0.319969
7739,0.299442,0.519383
7740,0.44192,0.300225
7741,0.379796,0.112241
7742,0.212322,0.522013
7743,0.267371,0.427508
7744,0.393796,0.43812
7745,0.347638,0.52758
7746,0.461156,0.4954
7747,0.360615,0.500598
7748,0.332801,0.150025
7749,0.352335,0.511917
7750,0.361279,0.416043
7751,0.337007,0.443881
7752,0.156507,0.020635
7753,0.327485,0.609958
7754,0.286327,0.496596
7755,0.138194,0.034798
7756,0.363896,0.424158
7757,0.336003,0.527541
7759,0.386821,0.604944
7760,0.484352,0.428393
7761,0.47182,0.475338
7763,0.184307,0.403643
7764,0.378014,0.154688
7765,0.258992,0.36569
7766,0.482247,0.430937
7767,0.400892,0.296829
7768,0.392689,0.285912
7769,0.385721,0.443335
7771,0.077908,0.020355
7772,0.159247,0.006417
7774,0.431809,0.562125
7775,0.414118,0.413191
7776,0.403779,0.462159
7777,0.432443,0.49484
7778,0.422103,0.524505
7779,0.400262,0.447908
7781,0.396663,0.438504
7782,0.190137,0.119508
7783,0.385002,0.434091
7785,0.357086,0.733389
7786,0.41203,0.103221
7788,0.275924,0.137212
7789,0.312943,0.648602
7790,0.404907,0.599046
7791,0.123088,0.034819
7792,0.39526,0.454644
7793,0.357328,0.445655
7794,0.429385,0.158743
7795,0.283975,0.302609
7796,0.300408,0.383764
7797,0.418361,0.427064
7799,0.444538,0.411298
7800,0.36962,0.383057
7801,0.325554,0.117506
7802,0.433979,0.133859
7803,0.416905,0.313008
7805,0.365136,0.29501
7806,0.242331,0.119912
7807,0.339911,0.420835
7808,0.366244,0.475903
7809,0.398965,0.486253
7811,0.154038,0.413231
7812,0.148225,0.353129
7813,0.478798,0.402892
7815,0.414866,0.420486
7816,0.354791,0.068078
7817,0.346386,0.608995
7818,0.341746,0.398712
7819,0.194307,0.481732
7820,0.220362,0.122826
7821,0.31779,0.118215
7822,0.371227,0.094679
7823,0.146089,0.507235
7824,0.365206,0.142671
7825,0.39524,0.526307
7826,0.344267,0.312848
7828,0.350066,0.126136
7829,0.410204,0.449183
7830,0.419872,0.381304
7831,0.300385,0.146361
7832,0.433982,0.442951
7833,0.187997,0.24348
7834,0.188874,0.089523
7835,0.16906,0.389243
7836,0.403142,0.445384
7837,0.465616,0.405559
7838,0.356881,0.300288
7839,0.422782,0.601024
7840,0.378979,0.109762
7841,0.450491,0.331572
7842,0.319759,0.101676
7846,0.252184,0.184256
7847,0.389226,0.382843
7848,0.421931,0.128429
7849,0.383751,0.108095
7850,0.425894,0.444772
7852,0.359128,0.309086
7853,0.476085,0.441621
7854,0.38752,0.463075
7856,0.153298,0.317952
7857,0.2842,0.354566
7858,0.464226,0.421146
7859,0.380044,0.440644
7860,0.428935,0.676129
7861,0.410015,0.348849
7863,0.323381,0.126791
7864,0.196422,0.473895
7865,0.380166,0.322687
7866,0.38686,0.490133
7867,0.175759,0.498355
7868,0.214225,0.589184
7869,0.238713,0.149538
7870,0.058549,0.027848
7871,0.04098,0.023364
7872,0.287396,0.543577
7875,0.125726,0.237229
7876,0.426863,0.193554
7877,0.351151,0.347667
7878,0.346483,0.439058
7879,0.085896,0.180066
7880,0.309683,0.152245
7881,0.348554,0.515824
7882,0.317017,0.473241
7883,0.096427,0.488341
7884,0.091991,0.419987
7885,0.416884,0.119387
7886,0.178424,0.022327
7887,0.215226,0.343209
7888,0.423559,0.482406
7889,0.166554,0.08966
7890,0.389863,0.486398
7891,0.41053,0.402857
7892,0.31311,0.498678
7893,0.369726,0.222499
7895,0.32756,0.408803
7896,0.250633,0.545961
7898,0.414872,0.117661
7899,0.378231,0.384879
7900,0.401719,0.349013
7901,0.381055,0.252452
7903,0.368808,0.309322
7904,0.062665,0.024101
7905,0.344416,0.469981
7906,0.369661,0.301076
7907,0.120471,0.401026
7909,0.378284,0.362739
7910,0.323131,0.143942
7911,0.357775,0.460361
7912,0.411559,0.368348
7913,0.143818,0.081076
7914,0.482161,0.451133
7915,0.341159,0.421129
7916,0.349571,0.143169
7917,0.075455,0.02195
7918,0.216607,0.277478
7921,0.309229,0.488464
7922,0.244959,0.023781
7923,0.379796,0.280157
7924,0.43608,0.183565
7926,0.407693,0.309096
7927,0.349516,0.540057
7928,0.382019,0.090212
7929,0.286393,0.135456
7930,0.335003,0.080868
7931,0.126245,0.140097
7932,0.310986,0.486724
7933,0.09528,0.477783
7935,0.361186,0.482217
7936,0.182315,0.374264
7937,0.420382,0.454339
7938,0.391894,0.597246
7939,0.083617,0.028321
7940,0.150829,0.081681
7941,0.297864,0.30343
7942,0.385227,0.354179
7943,0.314083,0.554594
7944,0.11676,0.048229
7945,0.427917,0.533899
7946,0.43952,0.605449
7947,0.339095,0.444298
7948,0.314315,0.438533
7949,0.321323,0.459338
7950,0.383355,0.403767
7951,0.449245,0.430561
7952,0.469544,0.436681
7953,0.414956,0.473854
7954,0.429076,0.43163
7955,0.312096,0.488372
7956,0.13276,0.311649
7957,0.371401,0.4672
7958,0.226002,0.608437
7959,0.40845,0.297851
7960,0.30839,0.022125
7961,0.127369,0.31679
7962,0.08657,0.020676
7963,0.429624,0.453391
7964,0.228627,0.440412
7965,0.304479,0.411819
7966,0.433367,0.366145
7967,0.297911,0.48419
7968,0.328258,0.135218
7969,0.286,0.443583
7970,0.27731,0.111004
7971,0.120335,0.52944
7972,0.427504,0.516825
7973,0.315076,0.070855
7974,0.355951,0.12289
7976,0.444583,0.347143
7977,0.405948,0.464741
7978,0.185782,0.447787
7979,0.401059,0.43848
7980,0.15195,0.180942
7981,0.3155,0.085651
7982,0.467865,0.389683
7983,0.335138,0.498973
7984,0.409636,0.378119
7985,0.232044,0.647677
7986,0.443743,0.429791
7987,0.37642,0.121588
7988,0.419804,0.186747
7989,0.447869,0.493375
7990,0.352201,0.152024
7992,0.40401,0.377748
7993,0.326636,0.116794
7994,0.345162,0.670741
7995,0.362919,0.40893
7996,0.431032,0.442093
7997,0.44424,0.495832
7998,0.151029,0.077787
7999,0.033604,0.023698
8000,0.382926,0.112015
8001,0.42012,0.443111
8002,0.263225,0.476167
8003,0.261742,0.138885
8004,0.156274,0.409071
8005,0.458486,0.391064
8007,0.363813,0.315856
8009,0.215666,0.301942
8010,0.338353,0.301423
8011,0.327093,0.536022
8012,0.282174,0.397742
8013,0.136424,0.391491
8014,0.381388,0.493317
8015,0.301798,0.471244
8016,0.311781,0.305501
8017,0.40296,0.27239
8018,0.461762,0.512837
8019,0.32365,0.406961
8020,0.359338,0.447864
8021,0.150193,0.352855
8022,0.351191,0.521594
8023,0.469454,0.360645
8026,0.147339,0.100968
8028,0.246429,0.588308
8029,0.461279,0.45062
8030,0.465788,0.512431
8031,0.268025,0.024796
8032,0.354926,0.124191
8033,0.411928,0.383467
8034,0.41836,0.461665
8035,0.389086,0.121752
8036,0.290304,0.139537
8037,0.426225,0.383733
8038,0.34553,0.304843
8039,0.342334,0.616425
8040,0.347551,0.559405
8041,0.326788,0.482415
8042,0.284586,0.425678
8043,0.343733,0.110618
8044,0.299939,0.447811
8045,0.230421,0.289777
8046,0.355839,0.118731
8047,0.335702,0.310423
8048,0.407822,0.40623
8051,0.222657,0.489815
8052,0.405744,0.542296
8053,0.326756,0.334291
8054,0.429096,0.384959
8055,0.425352,0.392682
8056,0.18851,0.405634
8058,0.389231,0.402074
8060,0.432521,0.43082
8061,0.388876,0.33766
8063,0.250198,0.758488
8065,0.406011,0.43701
8066,0.117241,0.406478
8067,0.338564,0.420231
8068,0.165501,0.078416
8069,0.350923,0.640936
8070,0.487941,0.397011
8071,0.376512,0.413913
8073,0.231784,0.465422
8074,0.338858,0.464472
8075,0.303976,0.369737
8076,0.169508,0.445536
8077,0.317804,0.477303
8078,0.061716,0.021494
8079,0.264541,0.495462
8080,0.379794,0.258765
8081,0.456001,0.381244
8082,0.116312,0.345853
8084,0.128269,0.527073
8085,0.136405,0.144593
8087,0.356252,0.559081
8088,0.386357,0.422632
8089,0.419272,0.139749
8090,0.312693,0.535884
8091,0.993974,0.119575
8092,0.322228,0.595063
8093,0.189101,0.467138
8094,0.322823,0.522282
8096,0.438995,0.564302
8097,0.391309,0.522609
8098,0.137839,0.260979
8099,0.297343,0.148897
8100,0.394508,0.410283
8101,0.21744,0.423715
8102,0.362621,0.31867
8103,0.355666,0.155224
8104,0.070606,0.034017
8105,0.382793,0.676963
8107,0.343105,0.370895
8108,0.381304,0.583944
8110,0.334416,0.08407
8111,0.122704,0.456851
8112,0.149905,0.588375
8113,0.407023,0.422156
8114,0.355729,0.484331
8116,0.1552,0.337153
8117,0.251446,0.300469
8118,0.342143,0.518517
8119,0.256543,0.385781
8120,0.397852,0.591416
8121,0.47452,0.501461
8125,0.335806,0.118464
8126,0.340575,0.541887
8127,0.359829,0.384714
8128,0.35397,0.078048
8129,0.179463,0.39417
8130,0.345787,0.465128
8131,0.361197,0.075814
8132,0.311736,0.40547
8134,0.336122,0.567182
8135,0.387465,0.681306
8136,0.120971,0.468331
8137,0.404026,0.533022
8139,0.343417,0.636929
8140,0.16643,0.365544
8141,0.386638,0.480765
8142,0.379583,0.140796
8143,0.312077,0.394063
8144,0.345744,0.278824
8145,0.23424,0.104449
8146,0.119956,0.04562
8147,0.506659,0.431663
8149,0.48252,0.477013
8150,0.300209,0.462374
8151,0.442148,0.513823
8152,0.471273,0.410902
8153,0.381431,0.483619
8154,0.314501,0.440131
8155,0.208006,0.121165
8156,0.298559,0.276815
8157,0.285634,0.146477
8158,0.307361,0.430488
8159,0.134495,0.409057
8160,0.246486,0.129349
8161,0.168699,0.124027
8162,0.318237,0.106123
8163,0.317603,0.300061
8164,0.327796,0.612619
8165,0.382807,0.454879
8167,0.380988,0.436275
8168,0.393157,0.450644
8169,0.406315,0.491714
8170,0.329556,0.089771
8171,0.389965,0.445413
8172,0.398347,0.124249
8173,0.298401,0.124937
8174,0.302128,0.477165
8175,0.422376,0.304259
8177,0.390446,0.116551
8178,0.156507,0.30979
8179,0.263444,0.024018
8180,0.254074,0.14798
8181,0.433408,0.444611
8182,0.419114,0.417955
8183,0.100905,0.120001
8184,0.199262,0.114662
8185,0.407213,0.467593
8186,0.378115,0.501461
8187,0.364616,0.110159
8188,0.449218,0.474607
8189,0.42483,0.591009
8190,0.364662,0.415943
8191,0.293857,0.439039
8193,0.354855,0.279856
8194,0.447223,0.483857
8195,0.379817,0.459691
8196,0.361603,0.47149
8197,0.448659,0.458695
8198,0.317559,0.990899
8199,0.333217,0.320329
8200,0.128509,0.096888
8201,0.375192,0.154415
8202,0.353701,0.467542
8203,0.392584,0.37222
8204,0.366585,0.451804
8205,0.433329,0.419744
8206,0.414584,0.419768
8207,0.377307,0.479098
8208,0.35385,0.155882
8209,0.295103,0.776197
8211,0.335799,0.11986
8212,0.1793,0.114756
8213,0.395228,0.414731
8214,0.137433,0.078618
8215,0.410273,0.449426
8216,0.467533,0.42618
8217,0.312236,0.145159
8218,0.154533,0.10346
8219,0.247703,0.519709
8221,0.314995,0.505395
8223,0.45985,0.337465
8224,0.360929,0.365076
8225,0.276248,0.42899
8226,0.256188,0.296898
8227,0.386818,0.441988
8228,0.357864,0.481654
8229,0.400375,0.413849
8230,0.191647,0.106375
8231,0.364507,0.307654
8232,0.346754,0.071817
8233,0.345335,0.473796
8234,0.361644,0.116743
8235,0.254545,0.110503
8236,0.41541,0.439283
8237,0.095774,0.191236
8238,0.3348,0.388067
8239,0.343518,0.546425
8240,0.419861,0.481746
8241,0.442723,0.462115
8243,0.216911,0.066665
8244,0.162443,0.078343
8246,0.346351,0.571852
8247,0.178242,0.409042
8248,0.230902,0.09665
8249,0.336629,0.319161
8250,0.37901,0.244379
8252,0.327058,0.576083
8253,0.470696,0.461922
8254,0.426443,0.318247
8255,0.311839,0.569176
8256,0.459943,0.41516
8257,0.40511,0.437405
8258,0.424079,0.18595
8259,0.131699,0.079929
8260,0.43275,0.539302
8261,0.432132,0.45053
8262,0.126011,0.456117
8263,0.289279,0.44413
8264,0.301398,0.471042
8265,0.356462,0.114684
8266,0.4256,0.459153
8267,0.037178,0.012205
8268,0.126927,0.518857
8269,0.386313,0.157462
8270,0.407804,0.121216
8271,0.230581,0.413488
8272,0.383621,0.479904
8273,0.439475,0.424242
8275,0.300773,0.145272
8276,0.343773,0.502687
8277,0.289181,0.672925
8278,0.390335,0.414627
8279,0.387016,0.102743
8280,0.113279,0.190385
8281,0.305848,0.441515
8282,0.358593,0.508288
8283,0.130143,0.088656
8284,0.304191,0.438149
8285,0.349304,0.443307
8286,0.290831,0.025217
8287,0.084589,0.035991
8288,0.35674,0.566122
8289,0.370187,0.118747
8290,0.323313,0.585354
8291,0.070616,0.017546
8292,0.138568,0.472133
8293,0.132489,0.453625
8294,0.394602,0.412874
8295,0.381245,0.53045
8296,0.149393,0.107916
8297,0.386917,0.457424
8298,0.325094,0.305852
8299,0.337797,0.086309
8300,0.15545,0.080557
8302,0.449682,0.398407
8303,0.351893,0.51306
8304,0.403298,0.380358
8305,0.374074,0.548077
8306,0.42575,0.435084
8307,0.277996,0.452101
8308,0.38396,0.111801
8309,0.368603,0.102903
8310,0.396516,0.438633
8311,0.442612,0.41495
8313,0.308141,0.140375
8314,0.312746,0.527064
8315,0.249014,0.131831
8316,0.428366,0.565438
8317,0.148337,0.420964
8318,0.406242,0.161762
8319,0.366576,0.471706
8320,0.403046,0.558482
8322,0.493289,0.443886
8323,0.409821,0.437276
8324,0.325625,0.130524
8325,0.37516,0.11992
8326,0.317726,0.472039
8327,0.314832,0.575535
8328,0.328724,0.091151
8329,0.280363,0.481871
8330,0.170867,0.122404
8331,0.419483,0.470536
8332,0.246137,0.516664
8333,0.338441,0.668989
8334,0.283687,0.314049
8335,0.345887,0.556476
8336,0.445102,0.397222
8337,0.395212,0.50667
8338,0.383486,0.454363
8339,0.426636,0.44533
8340,0.189807,0.397395
8341,0.373763,0.480357
8342,0.414878,0.742635
8343,0.395202,0.459652
8344,0.384031,0.667581
8345,0.114097,0.455223
8346,0.116275,0.535435
8347,0.330468,0.684758
8348,0.353025,0.12834
8349,0.221573,0.456196
8350,0.424294,0.144264
8351,0.29215,0.449712
8352,0.456672,0.432065
8353,0.484382,0.50236
8355,0.42949,0.479775
8356,0.362696,0.709692
8357,0.369723,0.25559
8358,0.419349,0.399186
8359,0.27495,0.121873
8360,0.140362,0.076841
8361,0.325293,0.48691
8362,0.405548,0.473991
8363,0.411407,0.372005
8364,0.330762,0.476435
8365,0.31829,0.299628
8366,0.399222,0.119868
8367,0.284452,0.531864
8368,0.28159,0.488379
8369,0.284834,0.594286
8370,0.338332,0.432489
8372,0.321071,0.299228
8373,0.118745,0.581763
8374,0.072717,0.026093
8375,0.402178,0.110278
8376,0.157002,0.276559
8377,0.421025,0.365748
8379,0.341815,0.098763
8380,0.299724,0.299059
8381,0.471844,0.417234
8382,0.408906,0.456552
8383,0.378852,0.151105
8384,0.282189,0.31461
8385,0.352822,0.108995
8386,0.391604,0.463593
8387,0.076127,0.029682
8388,0.176868,0.132054
8389,0.249341,0.48122
8390,0.300634,0.142265
8391,0.429747,0.54148
8392,0.161356,0.37813
8393,0.342476,0.460488
8394,0.396674,0.118115
8395,0.410568,0.404086
8396,0.08505,0.076656
8399,0.349554,0.566781
8400,0.434301,0.472146
8401,0.299406,0.449253
8402,0.329127,0.519613
8403,0.279318,0.508842
8404,0.373869,0.447831
8405,0.34466,0.116811
8406,0.170007,0.099259
8407,0.128659,0.521694
8408,0.383073,0.444021
8409,0.353623,0.385575
8410,0.380926,0.637238
8411,0.328755,0.312205
8412,0.406218,0.473824
8414,0.469961,0.45993
8415,0.179875,0.143
8416,0.29336,0.02978
8417,0.353035,0.138539
8418,0.184176,0.289873
8420,0.400063,0.334496
8421,0.42553,0.417437
8422,0.41801,0.772104
8423,0.416876,0.423384
8424,0.456023,0.332249
8425,0.388829,0.165818
8426,0.364218,0.504385
8427,0.340434,0.311841
8428,0.340268,0.301568
8429,0.327063,0.396481
8430,0.263327,0.438522
8431,0.47414,0.397966
8432,0.349505,0.305476
8433,0.410019,0.490197
8435,0.318972,0.37908
8436,0.476975,0.565014
8437,0.35285,0.460323
8438,0.467764,0.47232
8439,0.336052,0.419469
8440,0.26098,0.395126
8441,0.110211,0.130146
8442,0.227633,0.62073
8444,0.214319,0.63679
8445,0.328275,0.477657
8446,0.296065,0.456343
8448,0.464238,0.485426
8449,0.280402,0.4475
8450,0.333275,0.458331
8451,0.488711,0.46205
8452,0.383654,0.650741
8453,0.43232,0.53513
8454,0.311236,0.654721
8455,0.337299,0.15034
8456,0.368091,0.125625
8457,0.240728,0.131673
8458,0.466149,0.558206
8459,0.299392,0.492454
8460,0.366718,0.673202
8461,0.341476,0.256763
8462,0.242783,0.428424
8463,0.291548,0.140103
8464,0.294408,0.50049
8465,0.110081,0.478342
8466,0.403204,0.147002
8467,0.332767,0.084674
8468,0.31583,0.613967
8469,0.181007,0.255857
8470,0.303939,0.595805
8471,0.35465,0.530422
8472,0.332088,0.563411
8473,0.281918,0.520366
8474,0.372058,0.343183
8476,0.2928,0.413904
8477,0.416586,0.112932
8478,0.386505,0.323239
8479,0.375321,0.664544
8480,0.327769,0.133989
8481,0.386531,0.68821
8482,0.372602,0.29885
8483,0.25198,0.457377
8484,0.108747,0.533774
8485,0.30785,0.416361
8486,0.291436,0.46521
8487,0.40387,0.411762
8488,0.299406,0.631782
8489,0.328944,0.339484
8490,0.383418,0.429212
8491,0.378784,0.302287
8492,0.336693,0.126878
8494,0.404748,0.380713
8495,0.112171,0.259514
8496,0.138522,0.242812
8498,0.384601,0.248377
8499,0.397837,0.557864
8500,0.423366,0.38293
8501,0.158471,0.127869
8502,0.355493,0.057784
8503,0.336793,0.553217
8504,0.362196,0.28074
8505,0.378431,0.307553
8506,0.385663,0.064202
8507,0.398218,0.427702
8508,0.35305,0.439024
8509,0.412237,0.512646
8510,0.347777,0.669193
8512,0.316564,0.301385
8515,0.306336,0.528388
8516,0.432561,0.142551
8517,0.316494,0.513726
8518,0.338573,0.155164
8520,0.272092,0.426686
8521,0.391976,0.420327
8522,0.296585,0.386555
8523,0.255547,0.419786
8524,0.254983,0.107738
8525,0.366481,0.098765
8526,0.417005,0.293003
8527,0.344754,0.429539
8528,0.358862,0.357106
8529,0.195308,0.445881
8530,0.374113,0.466385
8531,0.367986,0.077006
8532,0.415068,0.42844
8533,0.434742,0.423713
8534,0.384188,0.103739
8535,0.366169,0.123169
8537,0.307693,0.62588
8539,0.142159,0.63015
8540,0.315167,0.059346
8541,0.231872,0.048381
8542,0.382406,0.674876
8544,0.324982,0.452188
8545,0.35097,0.084422
8546,0.300547,0.39964
8548,0.207952,0.126187
8549,0.274309,0.537356
8550,0.399703,0.339084
8551,0.160977,0.413101
8552,0.394408,0.482018
8553,0.421363,0.533622
8554,0.202207,0.448013
8555,0.310166,0.118627
8556,0.349435,0.542683
8557,0.244127,0.081396
8558,0.42534,0.62311
8560,0.20017,0.288951
8561,0.340639,0.130523
8562,0.08353,0.235197
8563,0.38509,0.4597
8564,0.433211,0.274352
8565,0.358189,0.122819
8566,0.399607,0.393419
8567,0.393929,0.435856
8568,0.288991,0.113737
8569,0.356072,0.116296
8570,0.329982,0.025723
8571,0.392822,0.479943
8572,0.335515,0.123517
8573,0.37051,0.357699
8574,0.412852,0.643476
8575,0.253656,0.488745
8576,0.416597,0.562686
8577,0.466718,0.372365
8578,0.368668,0.441587
8579,0.259617,0.259373
8581,0.37947,0.305643
8582,0.202852,0.11918
8583,0.360434,0.574056
8584,0.129481,0.487504
8585,0.437332,0.422393
8586,0.239716,0.029953
8587,0.232617,0.419703
8588,0.149572,0.079561
8589,0.381074,0.597717
8590,0.230898,0.451226
8591,0.390351,0.265047
8592,0.361734,0.542061
8594,0.395398,0.410226
8595,0.39272,0.664484
8596,0.173269,0.118951
8597,0.230748,0.274636
8598,0.140819,0.411034
8599,0.393042,0.482373
8600,0.377927,0.435478
8601,0.425353,0.526066
8602,0.316959,0.44234
8603,0.226074,0.451528
8604,0.401026,0.336846
8605,0.408206,0.299517
8607,0.383976,0.504834
8608,0.353409,0.797513
8609,0.308392,0.148252
8610,0.379491,0.519161
8611,0.395823,0.376928
8612,0.263503,0.53265
8613,0.415364,0.390544
8614,0.252099,0.375002
8615,0.358025,0.581619
8616,0.411009,0.46238
8617,0.353924,0.495365
8618,0.30556,0.292206
8619,0.30824,0.372225
8620,0.12314,0.359648
8621,0.287469,0.058947
8625,0.388298,0.417879
8626,0.169377,0.104751
8627,0.321852,0.573502
8628,0.278303,0.121232
8629,0.396051,0.416648
8630,0.156105,0.496261
8631,0.348395,0.57386
8632,0.406983,0.543222
8633,0.321453,0.585662
8635,0.299953,0.461765
8636,0.394313,0.505173
8638,0.162142,0.418903
8639,0.137117,0.406193
8640,0.435675,0.473018
8641,0.375053,0.419736
8642,0.268121,0.46465
8643,0.372859,0.292424
8644,0.461612,0.586794
8645,0.432189,0.454611
8646,0.478371,0.451495
8648,0.37897,0.423073
8649,0.355959,0.11752
8650,0.296602,0.10826
8651,0.332037,0.053384
8653,0.166463,0.254721
8654,0.429031,0.410884
8655,0.326793,0.550169
8656,0.405709,0.571003
8657,0.306335,0.478701
8658,0.388826,0.431798
8659,0.309589,0.490581
8660,0.385127,0.117882
8662,0.352661,0.117456
8663,0.164173,0.381791
8664,0.265768,0.243916
8665,0.308181,0.577267
8666,0.116348,0.088408
8667,0.322111,0.962594
8668,0.360926,0.63475
8669,0.348399,0.525849
8670,0.394053,0.404523
8671,0.40288,0.126255
8673,0.379003,0.447046
8674,0.456562,0.405899
8675,0.325303,0.633776
8676,0.151126,0.179411
8677,0.355608,0.505189
8678,0.347887,0.624302
8679,0.338263,0.426139
8680,0.429117,0.380869
8681,0.380806,0.629467
8682,0.15897,0.382943
8683,0.386304,0.417892
8684,0.394577,0.113253
8685,0.433851,0.114108
8686,0.406641,0.312459
8687,0.479276,0.422572
8688,0.216052,0.556247
8689,0.41791,0.556433
8690,0.365477,0.123416
8691,0.325774,0.02957
8692,0.401178,0.127496
8693,0.349504,0.292789
8694,0.394422,0.432084
8695,0.27223,0.133173
8697,0.319021,0.148542
8698,0.225415,0.461769
8699,0.264063,0.147535
8700,0.280452,0.447872
8701,0.363711,0.104739
8702,0.39132,0.444342
8703,0.271787,0.522946
8704,0.12153,0.480574
8705,0.352724,0.532384
8706,0.215015,0.582077
8708,0.343097,0.297775
8709,0.295122,0.418063
8710,0.418145,0.577133
8711,0.228728,0.324313
8712,0.323194,0.445046
8713,0.384059,0.149166
8714,0.288483,0.655582
8715,0.283674,0.463841
8716,0.46667,0.381432
8717,0.404251,0.119898
8718,0.342993,0.594209
8719,0.31255,0.385388
8720,0.443862,0.416499
8721,0.357286,0.403247
8722,0.357356,0.391464
8723,0.271951,0.120921
8724,0.443729,0.455588
8725,0.310605,0.135413
8726,0.461046,0.617924
8727,0.127238,0.138709
8728,0.365904,0.121277
8729,0.275253,0.531094
8730,0.329012,0.080924
8731,0.343248,0.411919
8732,0.390448,0.477283
8733,0.352984,0.312542
8734,0.456823,0.108697
8735,0.40499,0.432603
8736,0.255803,0.311746
8737,0.435473,0.116576
8738,0.386886,0.109399
8739,0.374887,0.488964
8740,0.38684,0.296941
8741,0.236532,0.296732
8742,0.370068,0.122543
8743,0.347943,0.108985
8745,0.253445,0.538109
8746,0.353915,0.475599
8747,0.437387,0.331679
8749,0.280974,0.488064
8750,0.445352,0.424063
8751,0.432687,0.364078
8752,0.365434,0.067801
8753,0.182212,0.100641
8754,0.349364,0.130118
8755,0.297054,0.545319
8756,0.292139,0.094602
8757,0.352171,0.805531
8758,0.29405,0.418704
8759,0.388983,0.111238
8760,0.404259,0.501324
8761,0.172947,0.420741
8762,0.349655,0.298181
8763,0.436626,0.427969
8764,0.388018,0.517022
8765,0.383962,0.468522
8766,0.34814,0.292318
8767,0.067315,0.028991
8768,0.273372,0.356125
8770,0.40803,0.42095
8773,0.291006,0.072806
8774,0.37726,0.114381
8775,0.420715,0.622461
8776,0.307949,0.434675
8777,0.349203,0.130977
8778,0.261291,0.105936
8779,0.312139,0.516192
8780,0.312919,0.581933
8781,0.091956,0.298272
8782,0.362351,0.410012
8783,0.408381,0.367919
8784,0.268937,0.519429
8785,0.337343,0.039708
8786,0.462858,0.536719
8787,0.392828,0.427839
8788,0.353547,0.405235
8789,0.311386,0.225223
8790,0.360415,0.279921
8791,0.253408,0.104509
8792,0.386555,0.402684
8794,0.384829,0.45526
8795,0.444942,0.344595
8796,0.26811,0.35176
8797,0.382283,0.342445
8798,0.477054,0.426306
8799,0.05995,0.025427
8800,0.148919,0.421246
8801,0.135676,0.48051
8802,0.311959,0.562796
8803,0.448889,0.38962
8804,0.996111,0.28144
8805,0.27307,0.324621
8806,0.211553,0.081514
8807,0.238991,0.562661
8808,0.1346,0.476585
8809,0.372216,0.432615
8810,0.346956,0.484757
8812,0.470191,0.405899
8813,0.432232,0.444174
8814,0.376094,0.448783
8815,0.194226,0.381889
8816,0.459132,0.441329
8817,0.46345,0.451035
8818,0.433299,0.16216
8819,0.384148,0.474715
8820,0.252479,0.298627
8821,0.148531,0.397542
8822,0.378566,0.111069
8823,0.351971,0.389602
8824,0.215896,0.086995
8825,0.330613,0.051542
8826,0.318662,0.418779
8827,0.359696,0.081612
8828,0.40418,0.415627
8830,0.34577,0.489059
8831,0.142166,0.227597
8832,0.331445,0.286754
8833,0.463013,0.362346
8834,0.414089,0.575906
8835,0.304191,0.677934
8836,0.190363,0.41665
8838,0.309381,0.35293
8839,0.120269,0.0971
8840,0.284069,0.454738
8841,0.391748,0.527381
8842,0.278194,0.503205
8843,0.488878,0.411801
8844,0.341145,0.145021
8846,0.130318,0.103044
8847,0.353346,0.110907
8848,0.360993,0.316395
8849,0.143528,0.324773
8850,0.31461,0.094731
8851,0.44291,0.376576
8852,0.485034,0.450398
8853,0.374297,0.41726
8854,0.429335,0.370515
8855,0.332581,0.587211
8856,0.317997,0.654966
8858,0.433846,0.497521
8859,0.436891,0.314833
8860,0.127464,0.50321
8861,0.393057,0.358526
8862,0.368658,0.290197
8863,0.035895,0.023616
8864,0.347096,0.553448
8865,0.462397,0.519336
8866,0.348874,0.422847
8867,0.434432,0.397504
8868,0.302221,0.271907
8870,0.127862,0.364015
8871,0.456174,0.453228
8872,0.303449,0.438459
8873,0.269693,0.110034
8875,0.410928,0.524903
8876,0.472078,0.413909
8877,0.364672,0.133685
8878,0.060972,0.032307
8879,0.354893,0.352484
8880,0.396638,0.439235
8881,0.333805,0.453285
8882,0.267035,0.45204
8883,0.278832,0.500672
8884,0.484173,0.488824
8885,0.409965,0.387741
8886,0.164704,0.356921
8887,0.406162,0.446682
8888,0.358805,0.349301
8889,0.273318,0.30503
8890,0.250326,0.31115
8891,0.380745,0.293962
8892,0.373769,0.116026
8893,0.328675,0.131979
8895,0.361573,0.414834
8896,0.38491,0.546164
8897,0.429662,0.381374
8898,0.483738,0.48864
8899,0.365132,0.634891
8900,0.417082,0.407559
8901,0.353158,0.11778
8902,0.345358,0.44747
8903,0.316951,0.263491
8904,0.447992,0.318379
8905,0.345214,0.107584
8906,0.402694,0.453707
8907,0.484318,0.421569
8908,0.321267,0.459511
8909,0.399666,0.657111
8911,0.371524,0.132405
8912,0.448679,0.522441
8913,0.039361,0.010448
8914,0.327019,0.469621
8915,0.16388,0.336255
8916,0.282586,0.534038
8917,0.43917,0.507304
8918,0.488235,0.433371
8919,0.128918,0.174412
8920,0.314101,0.538297
8921,0.448716,0.105455
8922,0.358459,0.116293
8923,0.399449,0.346222
8924,0.375336,0.491118
8925,0.114315,0.445588
8926,0.309793,0.330964
8927,0.360365,0.121716
8928,0.425571,0.382221
8929,0.458173,0.632398
8930,0.391986,0.430664
8931,0.411526,0.396266
8932,0.359607,0.413565
8933,0.123917,0.07304
8935,0.302339,0.356968
8936,0.315212,0.050064
8937,0.395069,0.474134
8938,0.477441,0.325829
8939,0.139145,0.460324
8940,0.437681,0.296002
8941,0.412491,0.321432
8942,0.353471,0.316056
8944,0.253993,0.090953
8945,0.303782,0.48082
8946,0.310098,0.135501
8947,0.36525,0.488042
8948,0.19795,0.438399
8949,0.301617,0.126552
8950,0.379261,0.299642
8951,0.370326,0.372781
8952,0.341753,0.24179
8953,0.364106,0.390339
8954,0.379505,0.117324
8955,0.327587,0.523408
8956,0.396234,0.443617
8957,0.439009,0.493057
8959,0.365553,0.313646
8961,0.132998,0.091105
8962,0.390289,0.111642
8963,0.366561,0.118646
8964,0.342192,0.481508
8966,0.109027,0.365352
8967,0.319731,0.147168
8968,0.407592,0.430122
8969,0.350734,0.512814
8970,0.483506,0.423776
8971,0.348171,0.487712
8972,0.409623,0.283375
8973,0.403137,0.158944
8974,0.320523,0.537618
8975,0.04453,0.022243
8976,0.331313,0.323735
8977,0.393201,0.540273
8978,0.414657,0.492341
8979,0.43397,0.426658
8980,0.386952,0.108143
8982,0.273626,0.476924
8983,0.351209,0.457947
8984,0.48929,0.423498
8985,0.422807,0.367405
8986,0.259841,0.517001
8987,0.217031,0.436866
8989,0.300127,0.370749
8991,0.333889,0.395229
8992,0.246182,0.369374
8993,0.304563,0.148464
8995,0.361139,0.455756
8996,0.402163,0.361812
8997,0.346877,0.453875
8998,0.311143,0.373597
8999,0.354957,0.641661
9000,0.328587,0.497638
9001,0.371509,0.373264
9002,0.417728,0.483947
9003,0.408032,0.345594
9004,0.327835,0.133901
9005,0.401042,0.416007
9006,0.292733,0.674969
9007,0.373563,0.412383
9008,0.473312,0.508044
9009,0.35283,0.50093
9010,0.299967,0.3662
9011,0.472486,0.689903
9012,0.421057,0.379943
9013,0.228195,0.160901
9014,0.352602,0.132863
9015,0.388591,0.37858
9018,0.322246,0.120383
9019,0.342363,0.085007
9020,0.31036,0.73685
9021,0.291223,0.441958
9022,0.313335,0.096058
9023,0.356919,0.61766
9024,0.356257,0.139875
9025,0.163122,0.331887
9026,0.372274,0.693446
9027,0.428538,0.333123
9028,0.337126,0.113593
9029,0.440125,0.423804
9030,0.395436,0.118389
9031,0.429849,0.503276
9032,0.368344,0.489514
9033,0.399797,0.421607
9034,0.408166,0.274757
9035,0.289415,0.520816
9036,0.105813,0.385435
9037,0.364357,0.508166
9038,0.415323,0.164101
9039,0.356162,0.55242
9041,0.445035,0.473646
9042,0.189083,0.075982
9043,0.344093,0.29732
9045,0.211438,0.102306
9047,0.132801,0.085259
9050,0.47984,0.526047
9051,0.332046,0.094961
9053,0.366345,0.77918
9054,0.217349,0.095647
9055,0.470665,0.430237
9057,0.388001,0.325259
9058,0.351835,0.185806
9059,0.461729,0.434363
9060,0.401928,0.225793
9061,0.213609,0.08176
9062,0.425967,0.524538
9063,0.133313,0.544403
9064,0.347778,0.577475
9065,0.250128,0.611013
9066,0.471863,0.408159
9067,0.380358,0.49039
9070,0.245259,0.428063
9071,0.229172,0.312829
9073,0.411977,0.623155
9074,0.310889,0.139893
9075,0.336918,0.632231
9076,0.403417,0.556047
9077,0.260142,0.113427
9078,0.427394,0.498401
9079,0.384738,0.581435
9080,0.327398,0.431843
9081,0.39619,0.560719
9082,0.37461,0.264518
9083,0.464364,0.43009
9084,0.237428,0.01649
9085,0.370428,0.362295
9086,0.409517,0.373554
9087,0.394271,0.109522
9088,0.214645,0.15628
9089,0.102038,0.263562
9090,0.40351,0.284179
9091,0.048606,0.014303
9092,0.117096,0.41362
9093,0.397806,0.738697
9094,0.352635,0.60374
9095,0.316768,0.149833
9096,0.131742,0.499466
9097,0.49955,0.418707
9098,0.344539,0.105461
9099,0.374183,0.133629
9100,0.299563,0.344396
9101,0.365776,0.492371
9102,0.388817,0.461676
9103,0.340506,0.121788
9104,0.409686,0.451281
9105,0.405672,0.296526
9106,0.354472,0.748232
9107,0.280167,0.488508
9108,0.333697,0.386561
9109,0.381528,0.300778
9110,0.331829,0.49718
9111,0.314298,0.951466
9112,0.410069,0.106484
9113,0.145616,0.523616
9114,0.392617,0.357002
9115,0.415183,0.479388
9116,0.394201,0.319048
9118,0.314139,0.575976
9119,0.466729,0.474265
9120,0.336398,0.407067
9121,0.051467,0.02356
9122,0.423099,0.170847
9123,0.379564,0.096714
9124,0.342505,0.122188
9125,0.378307,0.45227
9126,0.426608,0.44456
9127,0.367631,0.32196
9128,0.369932,0.108544
9129,0.353159,0.683588
9130,0.261121,0.126524
9131,0.387689,0.435791
9132,0.297546,0.349799
9133,0.306254,0.601199
9134,0.404461,0.359361
9135,0.389308,0.441337
9136,0.17116,0.102572
9137,0.31665,0.56153
9138,0.363609,0.303963
9139,0.371475,0.481233
9140,0.266147,0.439435
9141,0.333893,0.443206
9142,0.286848,0.578458
9143,0.078151,0.222484
9144,0.441468,0.408209
9145,0.430864,0.646298
9146,0.431428,0.471694
9147,0.429445,0.538044
9148,0.422315,0.456286
9149,0.280107,0.216777
9150,0.340798,0.51123
9151,0.328874,0.13051
9152,0.253295,0.389352
9153,0.415634,0.35483
9154,0.145286,0.465709
9155,0.325045,0.514523
9156,0.405069,0.46967
9157,0.34334,0.140096
9158,0.377001,0.105861
9159,0.33195,0.029206
9160,0.376931,0.563464
9161,0.313008,0.473475
9162,0.373423,0.38536
9163,0.430521,0.430443
9164,0.123995,0.241149
9165,0.28599,0.150214
9166,0.216044,0.329697
9167,0.321181,0.09772
9168,0.287364,0.07248
9169,0.058837,0.014913
9171,0.352629,0.715966
9172,0.338616,0.357966
9173,0.379555,0.428958
9174,0.364559,0.378575
9175,0.288915,0.116824
9176,0.368051,0.508255
9177,0.414035,0.437676
9178,0.25595,0.509173
9179,0.358845,0.825245
9180,0.191478,0.318819
9181,0.351289,0.153521
9182,0.374067,0.180015
9183,0.287211,0.291148
9184,0.352838,0.522843
9185,0.395374,0.108091
9186,0.356765,0.304361
9187,0.132075,0.33732
9188,0.124971,0.45546
9189,0.379416,0.683492
9190,0.311714,0.479769
9192,0.388962,0.398748
9193,0.096927,0.561063
9194,0.099705,0.213958
9195,0.060897,0.042616
9196,0.103191,0.128748
9197,0.22822,0.499545
9199,0.365576,0.146487
9201,0.409258,0.146087
9202,0.358817,0.18909
9203,0.364663,0.290098
9204,0.296608,0.138757
9205,0.419197,0.442375
9206,0.347718,0.398619
9207,0.272549,0.563827
9210,0.094986,0.349736
9211,0.28862,0.366589
9213,0.411373,0.386484
9214,0.292834,0.148647
9217,0.357725,0.103504
9218,0.224939,0.524652
9219,0.371368,0.402528
9220,0.454069,0.4484
9221,0.444075,0.472175
9222,0.14954,0.384074
9223,0.317679,0.391269
9224,0.438708,0.476699
9225,0.082791,0.125085
9226,0.369981,0.325184
9227,0.145887,0.429561
9228,0.40354,0.420969
9229,0.33569,0.53118
9230,0.360092,0.512062
9231,0.268441,0.506098
9232,0.218966,0.854456
9233,0.105078,0.432828
9234,0.313195,0.123073
9235,0.334187,0.663466
9236,0.3661,0.390977
9237,0.421631,0.808894
9238,0.301246,0.142027
9239,0.372565,0.123431
9240,0.348116,0.129921
9241,0.420718,0.472825
9242,0.464051,0.293197
9245,0.419614,0.129167
9246,0.26957,0.408743
9247,0.366893,0.300407
9248,0.515426,0.463011
9249,0.232885,0.162111
9250,0.441848,0.355616
9251,0.285159,0.468027
9252,0.119608,0.485871
9254,0.28723,0.311462
9255,0.437481,0.489918
9256,0.394424,0.120186
9257,0.45027,0.176311
9258,0.387601,0.441908
9259,0.330349,0.123189
9260,0.392095,0.113926
9261,0.271999,0.147046
9262,0.022373,0.015716
9263,0.470858,0.407766
9264,0.371784,0.417788
9265,0.411654,0.455352
9266,0.341188,0.557038
9267,0.41155,0.425386
9268,0.324599,0.407308
9269,0.343938,0.107716
9270,0.160239,0.53653
9271,0.341455,0.125047
9272,0.403649,0.482102
9273,0.293463,0.091133
9275,0.320641,0.50431
9276,0.225568,0.470129
9277,0.343168,0.553272
9278,0.262842,0.114226
9280,0.36075,0.393427
9281,0.376335,0.399672
9282,0.342523,0.467275
9283,0.113588,0.363504
9284,0.363085,0.562359
9285,0.494515,0.416302
9286,0.329208,0.129752
9287,0.37063,0.081568
9288,0.44437,0.43912
9289,0.357538,0.542127
9290,0.378921,0.16954
9291,0.4086,0.540076
9292,0.136133,0.556826
9293,0.291533,0.448469
9294,0.079804,0.126367
9295,0.365039,0.117861
9296,0.329908,0.120532
9297,0.381797,0.414191
9298,0.325995,0.4001
9299,0.464799,0.37179
9300,0.209505,0.484347
9301,0.357773,0.3016
9302,0.264376,0.406842
9303,0.309259,0.465274
9304,0.383304,0.452731
9305,0.347568,0.154857
9307,0.437486,0.329383
9308,0.385086,0.432535
9309,0.391844,0.43201
9310,0.183808,0.094089
9311,0.318988,0.515669
9312,0.355349,0.113188
9315,0.077193,0.027161
9316,0.360739,0.356608
9317,0.404174,0.414924
9318,0.295641,0.410132
9319,0.450136,0.609108
9320,0.408808,0.39068
9321,0.33082,0.28313
9322,0.269156,0.377497
9323,0.340806,0.662576
9324,0.338487,0.646813
9325,0.279551,0.299169
9326,0.419515,0.304122
9327,0.406468,0.079893
9328,0.305156,0.485677
9329,0.358377,0.847111
9330,0.38052,0.463472
9331,0.471868,0.480008
9332,0.352551,0.133268
9333,0.262346,0.520478
9334,0.414802,0.361253
9335,0.416972,0.60964
9336,0.275924,0.421073
9337,0.396037,0.423511
9338,0.356323,0.325374
9339,0.279577,0.490104
9340,0.331525,0.481726
9341,0.337321,0.468783
9342,0.218464,0.113255
9343,0.141688,0.453274
9344,0.301935,0.407534
9345,0.365445,0.304701
9346,0.439704,0.579013
9347,0.270582,0.487397
9348,0.456666,0.307764
9349,0.421095,0.456841
9350,0.416164,0.464014
9351,0.382927,0.450857
9352,0.406774,0.494517
9353,0.348361,0.121002
9354,0.252968,0.464991
9355,0.487151,0.507131
9356,0.292189,0.4406
9357,0.459783,0.414782
9358,0.401295,0.180529
9359,0.354926,0.568393
9360,0.114536,0.497084
9361,0.422507,0.417654
9362,0.374551,0.30903
9363,0.148105,0.393286
9364,0.317995,0.545204
9365,0.343376,0.682031
9366,0.284255,0.494947
9367,0.386071,0.415325
9368,0.373976,0.521734
9369,0.387537,0.458089
9370,0.272198,0.11583
9371,0.368872,0.396299
9372,0.298415,0.084787
9373,0.42938,0.46502
9374,0.346177,0.358685
9375,0.377699,0.473087
9376,0.459304,0.491234
9377,0.359974,0.424252
9378,0.383587,0.419553
9379,0.394781,0.48963
9380,0.383335,0.43202
9381,0.369486,0.641354
9382,0.162028,0.282564
9383,0.33072,0.463538
9384,0.343397,0.075854
9385,0.310834,0.461717
9386,0.443528,0.441914
9387,0.301224,0.138074
9388,0.367072,0.101456
9389,0.438218,0.673955
9390,0.366015,0.419932
9391,0.413062,0.452737
9392,0.314926,0.498966
9393,0.498402,0.398728
9394,0.420153,0.535837
9395,0.432691,0.469044
9396,0.281407,0.488068
9397,0.099437,0.566707
9398,0.298527,0.453451
9399,0.400998,0.292268
9400,0.328201,0.494289
9401,0.386445,0.485207
9402,0.391841,0.414728
9403,0.426423,0.146159
9404,0.457055,0.344367
9406,0.393681,0.465098
9407,0.256403,0.44805
9408,0.121437,0.450658
9409,0.310274,0.15008
9410,0.328576,0.099149
9411,0.363713,0.396066
9412,0.388723,0.107396
9413,0.402709,0.297771
9414,0.311974,0.576637
9415,0.402809,0.305147
9416,0.351652,0.132211
9417,0.358942,0.525313
9418,0.351445,0.123854
9419,0.47443,0.526364
9420,0.406096,0.388672
9421,0.430705,0.1927
9422,0.343403,0.43172
9423,0.426391,0.43691
9424,0.35955,0.120819
9425,0.382994,0.480203
9426,0.471886,0.435043
9427,0.414682,0.449726
9428,0.389008,0.410673
9429,0.118781,0.442704
9430,0.371905,0.387307
9432,0.351203,0.114756
9433,0.395557,0.584447
9434,0.279957,0.128124
9435,0.343932,0.427303
9436,0.237974,0.38236
9437,0.351783,0.475635
9438,0.385063,0.481113
9439,0.32102,0.251002
9440,0.26393,0.367453
9441,0.154831,0.186356
9442,0.409618,0.413851
9443,0.482123,0.436318
9444,0.430901,0.520587
9445,0.490727,0.406127
9446,0.349865,0.576482
9447,0.286791,0.442547
9448,0.381072,0.278612
9449,0.430846,0.11849
9450,0.376034,0.542803
9451,0.348414,0.394326
9452,0.271038,0.143732
9453,0.353048,0.119768
9454,0.358059,0.724884
9455,0.434998,0.687489
9456,0.362874,0.656643
9457,0.30754,0.492151
9458,0.424071,0.492811
9459,0.358507,0.546009
9460,0.369991,0.569802
9461,0.349391,0.297425
9462,0.372541,0.486601
9463,0.441931,0.335912
9464,0.391763,0.512067
9465,0.321994,0.111334
9466,0.478169,0.466265
9467,0.357224,0.640555
9468,0.387884,0.101963
9469,0.150021,0.220754
9470,0.421346,0.488636
9471,0.337664,0.271573
9472,0.332712,0.367952
9473,0.280534,0.485834
9474,0.398061,0.431786
9475,0.141861,0.457836
9476,0.393166,0.430044
9477,0.338729,0.330871
9478,0.401471,0.469189
9479,0.36017,0.119932
9480,0.476745,0.390103
9481,0.36787,0.110617
9483,0.286139,0.387605
9484,0.437987,0.424932
9485,0.3229,0.450583
9486,0.337132,0.316583
9487,0.413443,0.56688
9488,0.43727,0.523326
9489,0.436594,0.180482
9490,0.238863,0.573475
9491,0.307537,0.123908
9492,0.343964,0.278633
9493,0.409702,0.326939
9494,0.438173,0.51831
9495,0.267934,0.448125
9496,0.406779,0.368961
9497,0.298086,0.509951
9498,0.36094,0.284427
9499,0.442306,0.137049
9500,0.30937,0.455413
9501,0.37897,0.492056
9502,0.416694,0.459649
9503,0.370162,0.80772
9504,0.44282,0.464423
9505,0.300437,0.148472
9506,0.387525,0.509755
9507,0.45863,0.664831
9508,0.407468,0.330248
9509,0.319613,0.137006
9510,0.425747,0.136393
9511,0.371937,0.104837
9512,0.471344,0.48094
9513,0.397999,0.551741
9514,0.41996,0.384874
9515,0.376012,0.361449
9516,0.316534,0.087122
9517,0.371788,0.384284
9518,0.432855,0.471196
9519,0.327129,0.297949
9521,0.424641,0.465287
9522,0.364786,0.300925
9523,0.372469,0.184113
9524,0.390219,0.335589
9526,0.219494,0.283539
9527,0.385387,0.606425
9528,0.383673,0.583009
9529,0.347243,0.397265
9531,0.184724,0.659155
9532,0.435852,0.548288
9533,0.378454,0.489677
9534,0.283339,0.021425
9536,0.411793,0.305623
9537,0.338938,0.402495
9538,0.359236,0.481709
9539,0.42851,0.356046
9540,0.47424,0.510635
9541,0.377815,0.410091
9542,0.41125,0.431225
9543,0.426755,0.479703
9544,0.376268,0.501141
9545,0.466909,0.483184
9546,0.407535,0.435261
9547,0.41686,0.434175
9548,0.414703,0.414174
9549,0.324847,0.675425
9550,0.327378,0.128128
9551,0.369179,0.462237
9552,0.264726,0.446385
9553,0.246269,0.29718
9554,0.359865,0.427735
9555,0.321401,0.623969
9556,0.340606,0.383409
9557,0.376267,0.431421
9558,0.421999,0.26426
9559,0.241339,0.47085
9560,0.365888,0.150717
9561,0.349219,0.125022
9562,0.28669,0.460749
9563,0.372495,0.108452
9564,0.289718,0.513634
9565,0.348561,0.040478
9566,0.180919,0.31268
9567,0.339984,0.6541
9568,0.458079,0.421486
9569,0.419847,0.354283
9570,0.351258,0.543658
9571,0.249907,0.464131
9572,0.399808,0.436328
9573,0.415028,0.411474
9574,0.419268,0.640911
9575,0.366186,0.299792
9576,0.417137,0.187708
9577,0.415259,0.43471
9578,0.407681,0.296026
9579,0.207941,0.395414
9580,0.350904,0.299764
9581,0.39708,0.531683
9583,0.305503,0.462275
9584,0.386612,0.398787
9585,0.416517,0.41602
9586,0.361383,0.497559
9587,0.475552,0.415241
9588,0.233291,0.451609
9589,0.330703,0.550358
9590,0.368051,0.112235
9591,0.344065,0.295322
9592,0.343229,0.413569
9593,0.241728,0.376804
9594,0.34479,0.125507
9595,0.387936,0.111101
9596,0.313143,0.104525
9597,0.467392,0.413812
9598,0.225294,0.156116
9599,0.284959,0.122765
9600,0.20027,0.06098
9601,0.474253,0.447743
9602,0.278809,0.388325
9603,0.20386,0.116519
9604,0.314878,0.142804
9605,0.352535,0.316669
9606,0.398178,0.445095
9607,0.331169,0.604601
9608,0.414223,0.43527
9609,0.225415,0.088307
9610,0.421712,0.46833
9611,0.362491,0.556359
9612,0.362738,0.328839
9613,0.429714,0.187901
9614,0.382823,0.440126
9615,0.356874,0.094525
9616,0.287011,0.450504
9617,0.389217,0.63317
9618,0.394591,0.451077
9619,0.344379,0.431212
9620,0.332715,0.144124
9621,0.307224,0.456005
9622,0.375479,0.532013
9623,0.46445,0.393785
9624,0.220766,0.160388
9625,0.338722,0.370996
9626,0.246788,0.462031
9627,0.335077,0.420709
9628,0.465932,0.611665
9629,0.420983,0.262394
9630,0.334664,0.511837
9631,0.334225,0.403198
9632,0.285259,0.434516
9633,0.399345,0.438019
9634,0.367439,0.558696
9635,0.400494,0.401752
9636,0.380765,0.640824
9637,0.331424,0.418313
9638,0.390153,0.48552
9639,0.367985,0.298202
9640,0.256536,0.432951
9642,0.285611,0.384689
9645,0.371744,0.455347
9646,0.417054,0.448895
9647,0.36483,0.488551
9648,0.461337,0.391775
9649,0.43169,0.129421
9650,0.362625,0.156336
9651,0.348025,0.300378
9652,0.368596,0.107768
9653,0.382133,0.172055
9654,0.393758,0.458144
9655,0.44884,0.38724
9656,0.420299,0.409561
9657,0.303247,0.462241
9658,0.242933,0.472871
9659,0.263433,0.346605
9661,0.473032,0.491343
9662,0.362834,0.622122
9663,0.316952,0.2926
9664,0.332569,0.079303
9665,0.338162,0.512943
9666,0.381192,0.348673
9667,0.294663,0.363224
9668,0.985912,0.293854
9669,0.334172,0.53102
9670,0.297457,0.394468
9671,0.398583,0.483342
9672,0.270141,0.49892
9673,0.141484,0.41036
9674,0.335377,0.424737
9675,0.4676,0.661225
9676,0.44371,0.476431
9677,0.32938,0.512283
9678,0.320725,0.369986
9679,0.38593,0.112499
9680,0.487352,0.446379
9681,0.387305,0.37988
9682,0.409626,0.48407
9683,0.305872,0.028465
9684,0.347158,0.368277
9686,0.292057,0.5345
9687,0.210068,0.097888
9688,0.295975,0.122862
9689,0.422625,0.116396
9690,0.361595,0.274631
9691,0.366795,0.565245
9692,0.382528,0.456703
9693,0.428102,0.316154
9694,0.398802,0.395343
9695,0.395994,0.273249
9696,0.415141,0.475245
9697,0.35698,0.28715
9698,0.409695,0.287746
9699,0.352328,0.462011
9700,0.350425,0.446768
9701,0.368329,0.587546
9702,0.364179,0.576588
9703,0.427713,0.509397
9704,0.394173,0.471575
9705,0.486687,0.462506
9706,0.375252,0.540787
9707,0.377921,0.418938
9708,0.44476,0.50501
9709,0.40242,0.106055
9710,0.371175,0.120751
9711,0.289775,0.461619
9712,0.274576,0.402585
9713,0.469888,0.544438
9714,0.270945,0.457407
9715,0.369909,0.644822
9716,0.439123,0.433774
9718,0.409805,0.569895
9719,0.327883,0.514591
9721,0.325582,0.315281
9722,0.228874,0.098322
9725,0.341059,0.439676
9726,0.298488,0.129655
9727,0.357514,0.130291
9728,0.361824,0.448681
9730,0.274371,0.432042
9731,0.356621,0.528695
9733,0.358562,0.504743
9734,0.403566,0.324217
9736,0.278489,0.4345
9737,0.308342,0.518134
9738,0.467976,0.441569
9740,0.296079,0.318196
9741,0.421735,0.137999
9742,0.500426,0.472318
9743,0.323928,0.654517
9744,0.464214,0.707153
9745,0.274163,0.414912
9746,0.437039,0.450071
9747,0.228943,0.44312
9748,0.429654,0.097823
9749,0.395059,0.484569
9750,0.40402,0.410693
9751,0.230229,0.016884
9752,0.366124,0.436439
9753,0.309685,0.283326
9755,0.395758,0.3996
9756,0.471708,0.443941
9757,0.256069,0.023227
9758,0.404984,0.419101
9759,0.380173,0.111251
9760,0.433255,0.495695
9761,0.342975,0.243832
9762,0.189483,0.379038
9763,0.438833,0.454131
9765,0.380776,0.60577
9766,0.367784,0.445708
9767,0.444718,0.40697
9768,0.234714,0.397672
9769,0.409107,0.718868
9770,0.397539,0.104255
9772,0.348823,0.465219
9773,0.353938,0.120445
9774,0.305997,0.444084
9775,0.374153,0.509803
9776,0.379956,0.476829
9777,0.337412,0.133894
9778,0.423537,0.184525
9779,0.305544,0.415999
9780,0.271099,0.45522
9781,0.35493,0.11927
9782,0.485119,0.495224
9783,0.349833,0.289323
9784,0.40037,0.113901
9785,0.199996,0.424598
9786,0.217271,0.303084
9787,0.36517,0.59704
9788,0.413676,0.593222
9789,0.352552,0.505339
9790,0.383373,0.714798
9791,0.373089,0.477417
9792,0.38492,0.766003
9793,0.375894,0.496003
9794,0.321028,0.262464
9795,0.197719,0.096369
9796,0.404597,0.197362
9797,0.462192,0.435216
9798,0.405737,0.157737
9799,0.361278,0.535415
9800,0.282114,0.441784
9801,0.332141,0.092739
9803,0.388283,0.113136
9804,0.421366,0.121621
9805,0.315604,0.406927
9806,0.274614,0.464425
9807,0.319105,0.487554
9808,0.423232,0.054492
9809,0.465818,0.428402
9810,0.353428,0.414774
9811,0.375482,0.563471
9812,0.469254,0.389244
9813,0.447861,0.38893
9814,0.355798,0.108817
9815,0.326697,0.411328
9816,0.359584,0.415165
9817,0.23495,0.115261
9818,0.302868,0.445683
9819,0.317615,0.088405
9820,0.297493,0.304929
9821,0.428469,0.484666
9822,0.334853,0.278091
9823,0.210491,0.105857
9824,0.273854,0.488555
9825,0.391061,0.427335
9826,0.300115,0.12235
9827,0.402411,0.538173
9828,0.403168,0.291236
9829,0.392286,0.539698
9830,0.404043,0.436097
9831,0.319113,0.620802
9832,0.448316,0.425369
9833,0.265704,0.377116
9834,0.237674,0.088217
9835,0.35387,0.413928
9837,0.372762,0.119992
9838,0.368337,0.09557
9839,0.276163,0.430125
9840,0.316899,0.153935
9841,0.427882,0.311272
9842,0.408684,0.258107
9843,0.41745,0.143219
9844,0.295636,0.426343
9845,0.381572,0.135387
9846,0.414137,0.408016
9847,0.287376,0.151327
9848,0.340595,0.450003
9849,0.288026,0.504701
9850,0.283559,0.095377
9851,0.36971,0.386165
9852,0.414445,0.338301
9853,0.430814,0.548721
9854,0.209228,0.395378
9855,0.307347,0.252374
9856,0.380934,0.629973
9857,0.366178,0.127989
9858,0.419804,0.431982
9859,0.397914,0.11602
9861,0.387397,0.462189
9862,0.292043,0.537077
9863,0.369844,0.4642
9864,0.330164,0.421327
9865,0.367581,0.392439
9866,0.483614,0.447665
9867,0.36314,0.489964
9868,0.318381,0.459788
9869,0.429212,0.516234
9870,0.298906,0.430907
9871,0.268097,0.460442
9872,0.38494,0.416547
9873,0.400535,0.675607
9874,0.411045,0.412603
9875,0.291676,0.48433
9876,0.385106,0.431645
9877,0.431641,0.174836
9878,0.444029,0.458276
9879,0.433531,0.434595
9880,0.439152,0.38264
9881,0.341565,0.529585
9882,0.414816,0.180283
9883,0.347173,0.12452
9884,0.395423,0.459277
9885,0.390563,0.309822
9886,0.449332,0.306611
9887,0.310428,0.082473
9888,0.405753,0.387312
9889,0.388315,0.27189
9890,0.361479,0.413425
9891,0.236399,0.453255
9892,0.332533,0.521742
9893,0.299227,0.52334
9894,0.440604,0.539254
9895,0.441852,0.400264
9896,0.252716,0.107088
9897,0.40142,0.270144
9898,0.343074,0.086846
9899,0.34916,0.516066
9900,0.31412,0.146366
9901,0.344997,0.306344
9902,0.434742,0.249076
9903,0.362305,0.124537
9904,0.328897,0.389842
9905,0.281724,0.135721
9906,0.290341,0.495493
9908,0.299245,0.417123
9910,0.413628,0.456056
9911,0.496367,0.384264
9912,0.33016,0.124497
9913,0.460249,0.53674
9914,0.22593,0.676592
9915,0.299282,0.464104
9916,0.316502,0.150082
9917,0.463697,0.411738
9918,0.318078,0.659744
9919,0.388911,0.465709
9920,0.35481,0.278815
9921,0.347928,0.55445
9922,0.376139,0.382858
9923,0.424261,0.117876
9924,0.34051,0.136617
9925,0.304735,0.0574
9926,0.410574,0.0632
9927,0.381421,0.34902
9928,0.47894,0.399613
9929,0.2919,0.301227
9930,0.337855,0.280205
9931,0.381468,0.423882
9932,0.300884,0.271958
9933,0.465829,0.535156
9934,0.384076,0.156226
9935,0.307485,0.493988
9936,0.331692,0.299956
9937,0.390673,0.46829
9938,0.470855,0.462703
9939,0.405294,0.458532
9940,0.340743,0.144392
9941,0.303643,0.59716
9942,0.298284,0.483842
9943,0.474468,0.281596
9944,0.254527,0.493965
9945,0.360065,0.42246
9946,0.362861,0.301109
9947,0.28751,0.479527
9948,0.215113,0.588928
9949,0.361537,0.392179
9950,0.345936,0.417909
9951,0.387406,0.39222
9952,0.398712,0.107829
9953,0.276621,0.148816
9954,0.362088,0.42354
9955,0.367001,0.319843
9956,0.291415,0.441351
9957,0.391894,0.461404
9958,0.329195,0.097301
9959,0.294083,0.417216
9960,0.305926,0.361923
9961,0.35409,0.540879
9962,0.430214,0.326621
9964,0.433494,0.130108
9965,0.30485,0.268612
9966,0.423107,0.45917
9967,0.385491,0.428986
9968,0.293376,0.440769
9969,0.213592,0.286569
9970,0.351016,0.554491
9971,0.324624,0.097652
9972,0.405273,0.093052
9973,0.347293,0.355731
9974,0.392532,0.420238
9975,0.379446,0.301752
9976,0.412633,0.520973
9977,0.320355,0.109765
9978,0.409033,0.540389
9979,0.397837,0.482773
9980,0.338208,0.359614
9981,0.415866,0.633511
9982,0.340707,0.566443
9983,0.467879,0.417886
9984,0.381078,0.451527
9985,0.390842,0.467145
9986,0.424389,0.62353
9987,0.428887,0.446684
9988,0.311892,0.47087
9989,0.335028,0.101309
9990,0.344538,0.103212
9991,0.221691,0.566494
9992,0.368394,0.549526
9993,0.357864,0.712967
9994,0.390974,0.366588
9995,0.377523,0.42193
9996,0.349527,0.464176
9997,0.395435,0.126622
9998,0.351661,0.477388
9999,0.359642,0.615287
10000,0.417553,0.118845
10001,0.990127,0.28364
10002,0.295488,0.678234
10003,0.386845,0.388878
10004,0.375089,0.438174
10005,0.339334,0.345614
10006,0.32531,0.551372
10008,0.237523,0.57652
10009,0.436602,0.393436
10010,0.383047,0.289095
10011,0.426552,0.343562
10012,0.390151,0.568359
10013,0.426615,0.36924
10014,0.321294,0.122624
10015,0.316238,0.514851
10016,0.40892,0.388285
10017,0.403684,0.473452
10018,0.388175,0.469454
10019,0.38872,0.529252
10020,0.362921,0.042051
10022,0.326871,0.159838
10023,0.300329,0.656961
10024,0.361717,0.129374
10025,0.32247,0.421634
10026,0.470424,0.438265
10027,0.392714,0.108623
10028,0.423846,0.509778
10029,0.470791,0.412777
10030,0.392267,0.410713
10031,0.359931,0.269739
10032,0.294789,0.380699
10033,0.335448,0.430788
10034,0.114348,0.072343
10035,0.308055,0.540942
10036,0.33506,0.116072
10037,0.376822,0.554087
10038,0.343601,0.471735
10039,0.403988,0.225286
10040,0.266019,0.40229
10042,0.434276,0.599384
10043,0.152126,0.41295
10044,0.321833,0.498065
10045,0.35822,0.070918
10048,0.43366,0.420494
10049,0.377267,0.410261
10050,0.186363,0.11022
10051,0.280882,0.417262
10052,0.362024,0.493998
10053,0.265255,0.372884
10054,0.403524,0.455756
10055,0.411895,0.474539
10056,0.336762,0.302253
10057,1.0,0.283223
10058,0.35487,0.584368
10059,0.357176,0.395402
10060,0.339048,0.113274
10061,0.39342,0.442358
10063,0.355254,0.306266
10064,0.326514,0.290581
10065,0.391135,0.314424
10066,0.322343,0.556443
10067,0.353452,0.376689
10068,0.375052,0.511914
10069,0.488552,0.343408
10070,0.298197,0.050691
10071,0.413447,0.485716
10072,0.405106,0.459371
10073,0.311405,0.120829
10074,0.407899,0.118859
10075,0.385774,0.191924
10077,0.335623,0.108401
10078,0.307252,0.465281
10079,0.254035,0.129155
10080,0.416244,0.404168
10081,0.25598,0.392296
10083,0.317021,0.091066
10084,0.35842,0.533904
10085,0.334577,0.467988
10086,0.441768,0.510196
10087,0.263985,0.430135
10088,0.42843,0.410263
10089,0.371543,0.339796
10090,0.319522,0.426437
10091,0.300463,0.43665
10092,0.327696,0.405591
10093,0.485333,0.409285
10094,0.439707,0.512146
10095,0.479772,0.434956
10096,0.340828,0.451457
10097,0.379259,0.290505
10098,0.362818,0.316486
10099,0.301665,0.310367
10100,0.419467,0.743876
10101,0.398249,0.459437
10102,0.357895,0.113889
10103,0.400919,0.387898
10104,0.171124,0.43964
10105,0.437409,0.336159
10106,0.341358,0.532452
10107,0.417709,0.424299
10108,0.398721,0.306461
10109,0.439583,0.499069
10110,0.322224,0.086091
10111,0.383634,0.128059
10112,0.372542,0.133198
10113,0.352574,0.422538
10114,0.404198,0.482019
10115,0.452649,0.359267
10116,0.421466,0.191831
10117,0.325744,0.425592
10118,0.423397,0.091743
10119,0.378137,0.611103
10120,0.304323,0.143341
10121,0.241769,0.624152
10122,0.444467,0.472417
10123,0.324071,0.513648
10124,0.334301,0.299643
10125,0.389002,0.101112
10126,0.394434,0.628715
10127,0.379173,0.120006
10129,0.337063,0.616285
10130,0.35421,0.111701
10131,0.369834,0.10933
10132,0.348733,0.574222
10133,0.379898,0.107761
10134,0.352226,0.11299
10135,0.33609,0.485136
10136,0.377189,0.397192
10137,0.395265,0.49686
10138,0.323405,0.611879
10139,0.290773,0.425067
10140,0.260132,0.439081
10141,0.379378,0.523193
10142,0.278865,0.299322
10143,0.390195,0.583471
10144,0.328417,0.082334
10145,0.419063,0.074302
10146,0.356318,0.260004
10147,0.41997,0.13268
10148,0.392192,0.441822
10149,0.245032,0.252796
10150,0.357539,0.476804
10151,0.414111,0.368529
10152,0.297443,0.494014
10153,0.407884,0.44605
10154,0.38038,0.37483
10155,0.385225,0.464791
10156,0.261337,0.39448
10157,0.323186,0.128657
10159,0.376239,0.113679
10160,0.426044,0.432563
10161,0.45714,0.432773
10162,0.392969,0.107527
10163,0.389736,0.107325
10164,0.38635,0.488799
10165,0.389712,0.333298
10166,0.399797,0.4674
10167,0.393419,0.113651
10168,0.325245,0.474604
10169,0.339894,0.318569
10170,0.3513,0.077309
10171,0.402305,0.163724
10172,0.241552,0.09867
10173,0.346365,0.463063
10174,0.316552,0.121227
10175,0.449429,0.103884
10176,0.295493,0.429738
10177,0.312821,0.393728
10178,0.371567,0.714853
10179,0.332425,0.792933
10180,0.427008,0.113191
10181,0.279805,0.129279
10182,0.313161,0.455095
10183,0.404797,0.435346
10184,0.295282,0.283233
10185,0.327075,0.261923
10186,0.393647,0.357253
10187,0.45659,0.470785
10188,0.444967,0.17489
10189,0.383267,0.411973
10190,0.494115,0.464569
10191,0.432449,0.500478
10192,0.401821,0.10495
10193,0.260428,0.307484
10194,0.199423,0.42266
10195,0.404776,0.113908
10196,0.349994,0.057628
10197,0.286526,0.496253
10198,0.35804,0.629678
10199,0.271172,0.586199
10200,0.243254,0.530681
10201,0.336278,0.073315
10202,0.34608,0.118432
10203,0.190329,0.299774
10204,0.357581,0.084586
10205,0.428678,0.382011
10206,0.476803,0.426961
10207,0.346904,0.119106
10208,0.481908,0.44988
10209,0.158396,0.44943
10210,0.399502,0.418224
10211,0.370956,0.432655
10212,0.390815,0.353509
10214,0.334778,0.077884
10215,0.342515,0.134263
10216,0.319811,0.409858
10218,0.478888,0.458629
10219,0.359749,0.122658
10220,0.324938,0.127385
10221,0.491762,0.515278
10222,0.273221,0.44384
10223,0.370835,0.280913
10224,0.401153,0.465418
10226,0.371687,0.563359
10227,0.265672,0.299574
10228,0.431553,0.341295
10229,0.361403,0.43656
10230,0.156059,0.412065
10231,0.421397,0.474071
10232,0.349341,0.452849
10233,0.285408,0.14641
10234,0.223522,0.089401
10235,0.391772,0.288307
10236,0.153623,0.371164
10237,0.324316,0.112916
10238,0.32584,0.425563
10239,0.41115,0.337752
10240,0.420404,0.47587
10241,0.47455,0.410882
10242,0.328897,0.576382
10243,0.396655,0.060782
10244,0.180475,0.10911
10245,0.354064,0.467911
10246,0.465426,0.415418
10247,0.459162,0.445262
10248,0.268347,0.123805
10249,0.334999,0.68213
10250,0.394282,0.43941
10251,0.205091,0.442243
10252,0.42754,0.420739
10253,0.367294,0.437379
10254,0.418048,0.434254
10255,0.468339,0.446785
10256,0.425232,0.364088
10257,0.32217,0.607457
10258,0.347147,0.302334
10259,0.970143,0.125124
10260,0.2144,0.446829
10261,0.268633,0.461249
10264,0.375642,0.465572
10265,0.373438,0.115093
10266,0.341958,0.521311
10267,0.390469,0.331378
10268,0.264309,0.440778
10269,0.2555,0.446726
10270,0.371358,0.465056
10271,0.430119,0.51577
10272,0.407816,0.107475
10273,0.297555,0.542334
10274,0.29866,0.113605
10275,0.371237,0.304262
10276,0.374901,0.102646
10277,0.405485,0.468462
10278,0.328801,0.33453
10279,0.280426,0.064936
10280,0.487653,0.395649
10281,0.43491,0.648579
10282,0.329577,0.469572
10283,0.272994,0.116364
10284,0.437333,0.519706
10285,0.463001,0.432446
10286,0.410129,0.560158
10289,0.216572,0.373939
10290,0.40551,0.617877
10291,0.309345,0.510475
10292,0.435867,0.401689
10293,0.33786,0.314869
10294,0.412952,0.621413
10295,0.47575,0.450374
10296,0.217392,0.102509
10297,0.469278,0.44014
10298,0.360356,0.150909
10299,0.389583,0.293325
10300,0.340663,0.541686
10301,0.434707,0.590205
10302,0.38008,0.109741
10303,0.280033,0.41482
10304,0.355105,0.298685
10305,0.375288,0.110331
10306,0.385322,0.614058
10307,0.295727,0.358701
10308,0.370651,0.114034
10309,0.473365,0.338731
10310,0.393096,0.186795
10311,0.299285,0.472262
10312,0.392839,0.441084
10313,0.448393,0.382195
10314,0.407264,0.359404
10316,0.368302,0.499244
10317,0.365517,0.30082
10318,0.388538,0.439325
10319,0.31824,0.485566
10320,0.423373,0.479515
10321,0.387008,0.373197
10322,0.312502,0.538561
10323,0.385988,0.090798
10324,0.284885,0.279654
10325,0.384339,0.652058
10326,0.449707,0.575286
10328,0.414156,0.520331
10329,0.282717,0.120937
10330,0.302786,0.4364
10331,0.325989,0.060793
10332,0.420857,0.445907
10333,0.451415,0.482436
10334,0.381792,0.533137
10335,0.339093,0.475801
10336,0.344311,0.29465
10337,0.342924,0.589982
10338,0.438225,0.371201
10339,0.327434,0.130202
10340,0.378955,0.420652
10341,0.356529,0.109256
10342,0.34044,0.709921
10343,0.395386,0.121827
10344,0.382231,0.112035
10345,0.35231,0.337407
10346,0.41979,0.430756
10347,0.301259,0.440305
10348,0.420541,0.350616
10349,0.380268,0.094045
10350,0.359985,0.378023
10351,0.41282,0.555043
10352,0.302639,0.541478
10353,0.395572,0.43702
10354,0.399238,0.282038
10355,0.240317,0.122096
10356,0.431707,0.446652
10357,0.425682,0.46985
10359,0.40856,0.445346
10360,0.392048,0.51298
10362,0.397329,0.340348
10363,0.319643,0.465612
10364,0.27983,0.143277
10365,0.295991,0.487863
10366,0.431071,0.365599
10367,0.27632,0.496196
10368,0.370998,0.154901
10369,0.406563,0.107947
10370,0.380534,0.471903
10371,0.295119,0.366171
10372,0.328864,0.44536
10373,0.371251,0.300866
10374,0.349243,0.143197
10375,0.308465,0.373032
10376,0.311115,0.138909
10377,0.324988,0.080753
10378,0.388429,0.421504
10379,0.345945,0.118688
10380,0.341845,0.123023
10381,0.332515,0.415562
10383,0.308778,0.148666
10384,0.395445,0.272776
10385,0.310903,0.510113
10387,0.395266,0.54334
10388,0.458421,0.313317
10389,0.3565,0.306514
10390,0.283268,0.430271
10391,0.207808,0.065841
10392,0.249461,0.47268
10393,0.310223,0.095546
10394,0.309782,0.435901
10395,0.319682,0.491793
10396,0.408345,0.14283
10397,0.295083,0.443507
10398,0.32452,0.071864
10399,0.447125,0.686085
10400,0.228728,0.469043
10402,0.294834,0.149723
10403,0.387188,0.475792
10404,0.391147,0.281435
10405,0.334269,0.371061
10406,0.439056,0.379866
10407,0.421518,0.53425
10408,0.223411,0.424267
10409,0.287463,0.463932
10410,0.438155,0.409034
10411,0.361234,0.140335
10412,0.210162,0.07058
10413,0.368734,0.334821
10414,0.292396,0.434076
10415,0.278588,0.67453
10416,0.322671,0.263331
10417,0.235108,0.563334
10418,0.365649,0.40054
10419,0.34615,0.070535
10420,0.339323,0.07641
10421,0.375065,0.496522
10422,0.33617,0.14382
10423,0.43587,0.277106
10424,0.423234,0.360163
10425,0.327325,0.725137
10426,0.411861,0.059275
10427,0.374391,0.406941
10428,0.349156,0.56414
10429,0.295569,0.440522
10430,0.425432,0.501567
10431,0.295687,0.436591
10432,0.328753,0.472404
10433,0.435024,0.198964
10434,0.430267,0.458841
10435,0.293061,0.112763
10436,0.410881,0.422604
10437,0.409109,0.401754
10438,0.455433,0.400985
10439,0.382728,0.4006
10440,0.321164,0.43281
10442,0.331673,0.515582
10443,0.38145,0.635837
10444,0.428766,0.444933
10445,0.439493,0.438943
10446,0.318377,0.284583
10447,0.366845,0.115914
10448,0.409065,0.39403
10449,0.422928,0.380624
10450,0.306037,0.627775
10451,0.346941,0.590871
10452,0.400767,0.398581
10453,0.451843,0.497608
10454,0.24514,0.549751
10455,0.438548,0.465661
10456,0.381883,0.104677
10457,0.480651,0.441184
10458,0.342826,0.429021
10459,0.338248,0.484146
10460,0.395714,0.353895
10461,0.329777,0.657206
10462,0.385177,0.496889
10463,0.22413,0.129014
10464,0.400918,0.45384
10465,0.364847,0.481411
10467,0.332602,0.453911
10468,0.183172,0.352909
10469,0.304069,0.499345
10470,0.310407,0.552066
10471,0.345128,0.525388
10472,0.341008,0.394316
10473,0.353349,0.143969
10474,0.336334,0.71396
10475,0.389516,0.361382
10476,0.366635,0.448106
10477,0.378297,0.815557
10478,0.346801,0.33814
10479,0.336748,0.160402
10480,0.294422,0.521476
10481,0.243658,0.406786
10482,0.464279,0.434198
10483,0.381361,0.143498
10484,0.449662,0.511383
10486,0.27114,0.099475
10487,0.372929,0.348046
10488,0.421412,0.463351
10490,0.457159,0.325438
10491,0.282087,0.454774
10492,0.318007,0.571994
10493,0.369032,0.388797
10494,0.309237,0.44241
10495,0.329141,0.375607
10496,0.476992,0.503711
10497,0.344711,0.508698
10498,0.436174,0.625551
10499,0.334757,0.384672
10500,0.409729,0.386049
10501,0.346146,0.673596
10502,0.382871,0.151359
10503,0.335209,0.479142
10504,0.281017,0.43318
10505,0.218464,0.29369
10506,0.352056,0.481492
10507,0.430541,0.556696
10508,0.251867,0.373343
10509,0.342604,0.150438
10510,0.347966,0.12853
10511,0.428624,0.430792
10512,0.429161,0.415903
10513,0.360061,0.414262
10514,0.406407,0.425219
10515,0.399762,0.451129
10516,0.33255,0.069935
10517,0.497687,0.394328
10518,0.3266,0.299549
10519,0.343223,0.417249
10520,0.436559,0.468872
10521,0.481156,0.409852
10522,0.467923,0.544458
10523,0.359238,0.386345
10524,0.498167,0.493779
10525,0.345359,0.122206
10526,0.211938,0.123239
10527,0.217124,0.122053
10528,0.368396,0.299188
10529,0.263589,0.119764
10530,0.249848,0.087194
10531,0.282028,0.129496
10532,0.328326,0.613883
10533,0.402964,0.506166
10534,0.374625,0.491184
10535,0.369639,0.45169
10536,0.16642,0.100435
10537,0.245712,0.171006
10538,0.226929,0.588651
10539,0.410375,0.387403
10540,0.33926,0.147987
10541,0.293018,0.130992
10542,0.309343,0.512128
10543,0.395111,0.558534
10544,0.399446,0.513207
10545,0.369771,0.14276
10546,0.365582,0.510435
10547,0.364129,0.479669
10548,0.402174,0.113351
10549,0.451766,0.452319
10550,0.495607,0.398194
10552,0.280523,0.353955
10553,0.253955,0.121313
10554,0.434979,0.418925
10555,0.368467,0.121831
10556,0.36375,0.299612
10557,0.373274,0.425878
10558,0.407676,0.662698
10560,0.415207,0.386282
10561,0.250629,0.099186
10562,0.411122,0.306405
10563,0.360657,0.156094
10564,0.372117,0.518531
10565,0.349022,0.56412
10566,0.351131,0.524896
10567,0.394413,0.433169
10568,0.359426,0.397703
10569,0.360613,0.624145
10570,0.343932,0.25993
10571,0.334751,0.269831
10572,0.373836,0.58395
10573,0.367192,0.68173
10575,0.338093,0.109339
10576,0.289835,0.018032
10577,0.361281,0.523478
10578,0.444783,0.497854
10579,0.406254,0.288434
10581,0.370598,0.636355
