OBJECTID,BHD
1,22.4559
2,33.7285
3,9.5826
4,2.9839
6,7.6158
7,39.3385
8,0.4714
9,3.4853
10,0.0
11,3.7347
12,24.0028
13,1.8209
14,53.5817
15,2.8321
16,9.5974
17,7.3677
18,1.3413
19,13.7204
20,15.9146
21,0.0
23,0.0
24,0.0
25,2.3345
27,2.0883
28,2.7994
30,33.5307
31,2.3176
32,1.7742
34,0.0
35,0.0
36,3.6999
37,1.9981
38,13.6607
39,28.8311
40,1.5663
41,12.8085
42,0.0
43,9.315
44,24.0637
45,0.4714
46,2.299
48,3.7618
51,0.0
52,0.0
53,5.2343
55,13.766
56,40.5131
57,1.2134
59,10.1338
61,0.0
62,0.0
63,11.4607
64,2.5873
65,4.5795
68,0.0
69,0.0
70,0.0
71,2.4547
72,28.8722
73,3.4635
74,0.862
75,13.9665
76,18.4856
77,18.5273
78,0.0
79,1.8982
80,27.8121
82,16.3141
84,8.8923
85,3.9192
86,3.7504
87,16.6245
88,7.9352
89,5.6569
90,8.0463
91,18.8258
93,3.8233
94,1.8263
95,18.9207
96,2.3152
97,7.0518
98,8.4436
99,6.4679
100,4.9153
102,0.0
104,0.0
105,9.4237
106,11.2323
107,7.4833
108,2.9814
109,1.9717
111,0.0
112,23.0515
113,0.0
114,17.6184
115,0.0
118,3.2404
119,16.5269
120,3.456
121,2.6469
122,7.6094
124,0.0
125,10.3508
126,3.285
127,2.6936
128,14.6815
129,31.3421
130,1.0
131,0.0
132,14.8792
133,21.4058
134,2.5412
135,0.0
136,9.9805
137,19.7614
138,1.111
139,10.5753
140,13.2458
141,1.4625
142,0.0
143,0.0
145,5.9463
146,12.153
147,29.936
148,0.603
150,10.2684
151,6.85
153,4.2426
154,0.8272
155,0.0
156,3.7221
157,0.0
158,9.4029
159,3.0491
160,5.314
161,1.2065
163,2.042
164,0.0
165,15.7505
166,12.1739
167,4.0947
168,10.7056
170,9.0863
171,0.0
172,15.0764
173,6.9322
174,0.0
175,0.0
176,14.1373
177,9.0211
178,16.0997
179,0.0
180,20.3316
182,12.0967
183,1.4916
184,6.5
185,0.0
186,3.3014
187,2.7775
188,0.0
189,0.0
190,4.3084
191,10.6268
192,0.0
193,5.4443
194,7.2806
196,2.1741
199,0.0
200,9.5208
201,3.4708
204,6.9127
205,0.0
206,0.0
207,0.0
208,19.1594
209,2.1817
210,0.4949
211,4.4292
212,40.1727
213,0.0
214,8.2857
215,18.903
220,1.6164
221,27.5672
222,1.7256
223,0.5
224,2.8107
225,7.3332
226,19.0735
227,9.2906
228,10.0975
230,2.9475
231,0.0
232,3.7097
233,7.2716
234,4.6768
235,1.5
237,10.8483
238,0.866
239,3.6014
242,42.1441
243,0.0
245,4.6028
246,0.5
247,15.0033
248,11.3807
250,13.8807
251,3.098
252,1.0679
253,0.0
254,3.7262
255,0.8975
256,0.0
257,8.2079
258,30.2946
259,2.9674
260,9.7723
262,2.2361
264,8.1423
265,19.0415
266,2.5298
267,2.9569
268,15.939
269,1.4153
270,0.0
271,4.0522
272,1.4885
273,0.0
274,24.5338
275,9.3708
276,35.5408
278,13.1438
280,4.7333
281,0.0
282,6.9621
284,16.5238
285,12.0566
286,1.536
287,1.6099
288,18.5828
289,1.8028
291,8.7989
292,0.4714
295,0.0
296,3.555
297,30.1542
298,24.3049
299,6.3043
300,4.1062
301,0.0
302,12.9604
303,3.9879
304,7.3208
305,5.094
306,5.2791
307,2.4896
308,12.2593
309,4.996
310,0.0
311,2.971
313,1.772
314,1.2426
315,1.7573
316,1.8005
317,22.9643
318,0.0
319,0.0
320,3.2577
321,1.3112
322,0.0
323,0.0
324,32.3714
325,3.9028
326,3.1094
327,6.3
328,17.5539
329,4.337
330,7.1799
331,1.5
332,2.1655
333,3.3427
334,5.0878
335,2.0572
336,3.6332
337,0.0
338,0.0
339,5.0109
340,3.0619
341,1.5558
342,27.3571
343,9.0769
344,0.0
345,0.0
346,9.3676
347,1.8379
349,14.6333
350,4.2402
351,0.0
352,12.8219
354,0.0
355,66.3626
358,1.299
359,2.8284
360,0.0
362,2.9727
363,1.7728
364,7.0887
365,0.0
366,1.118
367,4.0299
368,5.4361
369,1.3266
371,7.3725
372,15.5563
373,12.7694
374,6.2586
375,3.2998
376,3.6401
377,14.3279
378,1.2719
380,3.6336
381,2.5549
382,11.1125
383,5.5988
384,2.4944
386,0.0
387,1.675
388,0.0
389,17.7238
390,0.0
391,6.273
392,7.6354
393,1.7445
394,25.8827
395,10.7186
396,11.2268
397,36.4061
398,7.6348
399,16.3525
400,3.6394
401,1.7753
402,7.9145
403,2.5681
404,4.5
405,3.831
406,14.7009
408,10.5329
409,0.0
410,15.9649
411,0.0
412,0.0
413,0.0
414,4.1533
415,2.357
416,2.4731
417,18.3044
418,5.5347
419,10.0654
420,8.9178
422,23.6661
423,6.9901
424,18.8739
426,1.0498
427,6.9939
428,1.0
429,4.1827
430,1.2183
434,18.453
435,0.0
437,2.2638
438,1.7889
439,21.8919
440,5.711
441,12.5651
442,15.002
443,2.5
444,2.711
445,1.9135
447,14.6727
448,0.0
449,2.2776
450,1.7474
451,10.0968
453,0.0
454,5.295
455,4.899
456,16.6416
457,0.7423
458,7.9876
459,1.536
460,6.0115
461,0.0
462,7.1545
463,0.0
464,1.1169
465,8.2225
466,13.8399
467,0.0
469,17.1756
470,0.0
471,0.0
472,1.3561
473,0.0
474,11.183
476,0.0
477,0.0
478,11.5225
479,2.2796
480,0.0
481,2.4453
482,10.8326
483,5.6339
484,9.5754
485,9.04
486,9.3433
487,8.9928
488,7.4815
489,0.2534
493,0.0
494,1.6583
495,0.0
496,17.6369
497,15.3538
498,3.4005
499,5.804
500,4.8563
501,0.0
502,10.6936
503,17.1388
504,0.0
505,4.138
506,1.457
507,11.5612
508,5.3827
509,0.0
510,8.421
511,6.7975
512,12.6765
513,0.0
514,0.0
515,0.866
516,2.692
517,12.2182
518,5.3138
519,14.4
520,6.7019
521,1.4697
522,0.0
523,4.4766
524,21.9916
525,4.134
527,4.5782
528,0.0
529,0.5677
530,13.9676
531,15.8963
532,2.6544
534,1.5623
535,1.0954
536,0.8292
537,0.0
538,3.2998
539,30.1769
540,28.1139
542,1.7638
543,13.6484
544,0.0
546,17.9487
547,22.6863
548,13.2225
550,12.76
551,2.8063
553,1.4316
554,3.6425
555,0.4841
556,1.0
557,10.4361
558,36.2283
559,0.6389
560,7.7219
561,7.5383
562,0.0
563,0.9428
564,30.0888
565,12.2818
566,0.0
567,3.0341
568,28.2257
569,25.8967
570,3.9467
571,11.2823
572,1.0541
575,12.5756
576,0.0
577,0.0
578,1.2205
579,1.5648
580,12.8983
581,0.0
582,10.5219
583,0.0
584,0.575
585,4.2687
586,1.4697
587,0.0
588,6.1824
589,6.2749
590,2.0391
592,9.5903
593,3.4049
594,1.6
595,10.0372
596,0.0
597,8.0332
598,14.6463
599,0.0
600,7.0735
601,3.0332
604,2.1589
605,0.0
606,0.0
607,0.0
609,1.7951
610,0.0
611,12.6095
612,12.4753
613,3.6775
614,24.7069
615,13.1623
616,15.3265
617,1.7588
618,1.2521
619,8.7097
620,0.0
621,6.3389
622,0.0
623,2.0246
626,2.0613
627,0.0
628,5.5658
629,0.0
630,12.6615
631,27.3152
632,9.0858
633,0.0
634,58.3034
635,3.0869
636,25.5445
637,0.0
638,9.0137
639,7.3955
640,8.7206
641,2.0125
643,15.4236
644,13.7149
645,1.1134
646,16.4992
647,4.0299
648,3.6034
649,6.5638
650,2.3223
651,33.4894
652,2.0062
653,2.6856
655,2.0
656,24.0292
658,14.0574
659,0.0
661,2.2069
662,1.9596
664,9.532
666,26.1029
667,7.0324
668,10.6441
670,2.0526
671,3.0326
672,14.3468
673,9.2829
674,11.1311
675,11.3957
676,0.0
677,8.2791
679,0.0
680,17.9368
681,0.866
682,1.9554
683,0.0
684,0.0
685,0.0
686,2.7609
688,0.0
690,0.0
691,15.8029
692,3.283
694,3.2262
695,9.4104
696,3.5109
697,0.0
698,0.0
699,3.5197
701,0.0
702,24.772
704,12.7447
705,0.0
706,0.0
707,3.1239
708,5.3385
709,0.0
710,1.6415
711,1.9203
712,0.0
713,0.0
714,0.0
715,0.0
716,0.0
718,12.0319
719,0.0
720,8.7155
721,4.1746
722,0.0
724,0.0
725,0.0
726,13.9722
727,0.0
728,0.0
729,2.1452
730,5.693
732,2.3152
734,2.8425
735,0.0
736,4.0311
738,9.9332
739,3.1842
740,0.0
742,0.0
743,0.0
744,3.0189
745,5.4805
746,0.8644
749,0.0
750,7.0541
751,6.9203
752,0.0
753,10.4575
754,0.0
755,2.9028
757,10.0433
758,17.8194
759,4.3218
760,1.7889
761,3.6818
762,1.4337
763,3.1958
764,12.2143
766,0.0
768,11.1372
769,43.5674
770,0.0
771,0.0
772,3.1033
774,16.5812
775,2.6334
777,12.7842
778,1.424
779,11.3777
780,12.5147
781,0.0
782,0.0
783,1.8469
784,5.1737
785,0.0
786,1.5531
787,5.4358
789,0.0
790,28.539
791,1.7931
792,2.9705
793,1.8664
795,50.8187
796,0.0
797,11.8517
798,9.5227
799,17.3491
801,6.9282
802,15.3831
803,2.0118
805,9.2845
807,0.0
808,7.289
809,1.6583
810,1.9495
811,2.5
812,0.0
813,0.4157
814,6.2913
815,4.18
816,0.0
818,10.1614
819,0.0
820,12.3669
822,3.3381
823,2.5319
824,0.0
825,50.0153
826,12.299
827,12.5974
829,6.2823
830,2.5523
831,2.5981
832,4.5128
833,1.4142
834,0.9395
835,22.6052
836,0.0
838,8.0025
839,14.6019
840,5.2103
841,4.8535
842,0.5666
843,18.2835
844,32.7508
845,8.7014
846,2.357
847,1.7228
848,0.0
849,11.3315
850,12.8841
851,0.5
852,3.927
854,10.5581
855,1.479
856,17.3109
858,2.4891
859,11.2558
861,30.9716
862,0.0
863,7.5
864,0.0
865,0.0
866,0.0
867,6.532
868,0.0
869,2.8472
871,0.0
872,12.2931
873,10.1538
874,4.61
875,7.619
876,12.3809
877,2.0
878,23.7276
879,6.706
880,0.0
881,6.7211
883,4.9988
884,0.0
885,2.6393
886,9.2069
887,0.0
888,16.001
889,0.0
892,15.0923
893,8.5589
894,0.0
895,3.1524
896,0.0
897,2.1507
898,3.5316
899,0.0
900,4.5
901,22.3103
902,4.8628
903,10.7971
904,0.5
905,11.3281
906,3.0316
907,10.4149
908,9.8478
909,2.1656
910,0.0
911,0.0
913,8.3354
914,3.5
915,0.0
916,0.0
917,0.0
918,14.7437
919,7.8951
920,4.7951
921,13.3458
922,0.0
923,13.2451
924,2.3002
925,0.0
926,1.972
927,1.6736
928,0.8292
929,0.0
932,6.2106
933,0.0
934,1.8956
935,2.1363
936,0.0
937,7.6649
938,8.9054
939,16.7406
940,7.5187
941,0.0
942,2.9793
943,2.4478
944,6.715
945,6.5559
948,10.3916
949,9.2018
950,5.9302
951,10.962
952,2.2091
953,3.5
954,14.4722
955,12.9768
956,2.0396
957,0.0
958,5.1234
959,0.0
960,4.2791
961,4.5157
962,0.0
963,0.0
964,0.0
965,1.6557
966,0.0
967,1.9864
968,8.6686
969,0.8165
972,16.1873
973,3.7391
974,16.2237
975,5.9662
976,2.7174
977,18.069
978,1.4326
979,0.0
980,1.4936
981,1.153
983,0.0
984,0.4714
985,0.0
986,0.8292
987,15.3602
988,10.0236
989,1.8621
990,21.1808
991,1.5779
992,5.4696
993,31.0723
994,22.0828
996,0.0
997,15.0907
999,0.0
1001,5.2705
1002,0.0
1003,2.6833
1004,4.43
1005,41.4329
1006,6.4622
1007,3.8125
1008,0.0
1009,2.6344
1010,4.0393
1011,3.7524
1012,9.746
1013,9.0306
1016,12.097
1017,0.0
1018,2.6573
1019,4.5826
1022,3.3713
1023,2.7373
1024,2.1354
1025,18.7744
1026,2.5434
1027,25.7269
1028,8.926
1030,0.0
1031,3.1528
1032,1.3437
1033,0.0
1034,0.0
1035,7.8389
1036,5.3405
1037,16.9647
1038,1.8008
1039,22.0729
1040,0.0
1042,8.1271
1044,0.4
1046,11.9224
1047,0.0
1049,0.0
1050,0.0
1051,4.3688
1053,4.1116
1054,6.2414
1056,0.0
1057,5.6853
1058,13.3934
1059,1.3748
1060,0.0
1061,18.343
1062,7.3187
1063,11.2828
1064,0.9428
1065,13.214
1066,23.9418
1067,6.5731
1068,2.7487
1069,1.6413
1070,14.0039
1071,3.5902
1072,0.0
1073,5.9226
1074,2.0
1075,16.6635
1076,8.7573
1077,2.1344
1078,0.0
1079,3.2341
1080,0.0
1081,7.6525
1082,6.8669
1083,1.7913
1084,1.5
1085,2.8868
1086,5.0245
1087,0.0
1088,0.0
1089,17.12
1090,16.381
1091,2.367
1092,2.5412
1093,1.7461
1094,2.8284
1095,2.4772
1098,11.2015
1100,14.3714
1101,1.7632
1102,0.0
1103,6.1922
1104,7.448
1105,5.6328
1106,0.0
1107,0.0
1109,2.3733
1110,4.1707
1111,19.1958
1112,14.3477
1114,10.4181
1115,0.0
1117,5.1986
1118,2.136
1120,4.8069
1122,0.0
1123,17.6667
1124,8.9804
1125,4.2736
1126,1.952
1127,2.2354
1129,16.6626
1130,24.2552
1132,12.0704
1134,59.6899
1135,0.0
1137,2.2326
1138,0.0
1139,6.5178
1140,0.0
1141,0.9959
1142,19.3061
1143,4.4949
1144,3.1143
1145,1.3636
1147,0.0
1148,0.5
1149,2.8284
1150,0.0
1151,0.0
1152,0.0
1153,1.0833
1154,0.0
1155,0.0
1156,25.2075
1157,5.6765
1158,10.3286
1159,7.5
1160,11.3014
1161,0.0
1162,0.927
1163,9.0894
1165,6.1289
1167,5.8542
1168,4.647
1169,9.3404
1170,0.0
1171,12.0541
1172,7.2455
1173,2.9864
1174,10.1499
1175,14.9248
1177,5.19
1178,20.6373
1179,4.1105
1180,5.5218
1181,0.0
1182,11.2829
1183,23.0139
1184,2.5317
1185,6.5
1186,1.2847
1187,0.7071
1188,14.1421
1189,0.9897
1190,0.0
1191,0.0
1192,4.4786
1193,0.0
1194,2.5111
1195,10.1511
1196,1.438
1197,0.0
1198,2.1687
1199,1.3744
1200,11.2238
1201,6.781
1203,0.0
1204,16.6854
1205,1.8719
1206,11.6836
1208,0.0
1209,0.4714
1210,6.9921
1211,9.6623
1212,3.174
1213,2.7101
1214,11.3214
1215,18.6077
1216,17.3865
1217,4.7094
1218,11.1314
1219,0.0
1222,0.0
1224,8.0106
1225,15.3697
1226,2.196
1228,1.3074
1229,0.0
1230,8.3766
1231,4.5343
1232,0.0
1233,0.0
1234,10.7365
1235,2.8463
1236,6.5
1237,3.2221
1238,0.0
1239,25.4498
1240,9.0806
1242,0.0
1243,0.0
1244,8.1993
1245,0.0
1247,1.6248
1248,0.0
1249,30.4808
1250,6.7296
1251,0.0
1252,8.5858
1253,11.0518
1255,0.0
1256,2.1255
1257,0.0
1258,4.6714
1260,4.3469
1261,8.6467
1263,13.6773
1264,17.2187
1265,0.9912
1266,6.7581
1267,11.2965
1268,3.6551
1269,10.3078
1270,4.9975
1271,0.0
1272,1.7854
1273,24.9625
1274,2.5
1276,0.0
1277,8.9771
1279,10.1064
1280,13.0259
1281,2.459
1282,9.6545
1283,1.0
1284,1.5144
1285,2.0591
1287,0.0
1288,0.0
1289,6.5858
1292,2.4908
1293,1.9333
1294,0.4714
1295,9.3041
1297,1.6603
1298,3.0551
1299,18.2937
1300,7.0553
1303,20.049
1304,8.1817
1305,3.2113
1307,9.0111
1308,13.4568
1309,10.4728
1310,12.9277
1311,16.3393
1312,30.3582
1313,2.8995
1314,3.5564
1315,1.4549
1316,2.733
1317,2.6247
1318,0.0
1320,0.6325
1321,0.0
1322,1.8666
1323,12.6451
1324,0.0
1325,1.8748
1326,3.3593
1327,27.161
1328,10.4668
1329,2.2998
1330,3.9455
1331,0.0
1332,11.2777
1333,7.5
1334,19.2046
1335,9.0
1336,6.65
1337,0.6999
1338,0.0
1340,0.0
1343,8.1552
1344,0.0
1345,0.0
1346,14.1747
1347,2.6116
1348,15.5715
1349,0.0
1350,0.0
1351,8.1148
1352,0.0
1353,7.983
1354,0.0
1355,0.0
1357,9.02
1358,21.6809
1359,12.0912
1360,10.9919
1362,34.7791
1363,5.047
1364,6.1464
1365,0.0
1366,7.6442
1367,0.0
1368,16.7673
1370,17.3721
1371,0.0
1372,6.0
1374,5.6988
1375,18.0621
1376,0.0
1377,9.2399
1378,8.5801
1379,0.7911
1380,2.205
1381,1.5808
1382,4.7353
1383,0.0
1384,2.0548
1385,0.0
1386,11.0982
1387,19.9821
1388,9.3367
1389,4.1096
1390,3.0213
1391,7.9512
1392,4.5704
1393,1.7228
1394,10.3042
1395,3.6
1396,1.8856
1397,2.5411
1398,14.9889
1399,9.0416
1400,3.7224
1401,0.0
1403,9.6362
1404,18.2698
1405,0.0
1406,0.0
1407,3.5399
1408,1.906
1409,10.2584
1410,14.0017
1411,2.3054
1414,16.9583
1415,3.7537
1416,0.0
1417,0.0
1418,28.7005
1420,1.8515
1421,0.0
1422,13.8673
1423,2.4696
1424,7.6091
1425,32.7369
1426,0.0
1427,17.8081
1428,3.8615
1430,0.0
1431,10.5293
1432,2.6998
1433,9.5949
1436,0.0
1437,0.0
1438,0.0
1439,0.4714
1440,2.2191
1441,0.0
1443,21.4061
1445,0.0
1446,0.7538
1447,4.9507
1448,2.7938
1449,3.8414
1450,35.7444
1452,0.0
1453,0.0
1454,0.0
1456,13.0782
1457,5.6116
1459,3.2532
1460,2.4615
1461,16.0507
1463,13.9255
1464,0.0
1465,0.0
1466,11.3888
1467,0.0
1468,1.6749
1469,0.0
1470,13.6286
1471,8.9268
1473,3.2342
1474,3.4265
1475,2.8
1476,14.0712
1477,1.972
1479,2.681
1480,0.9116
1481,2.327
1482,2.6523
1483,11.209
1484,51.6388
1485,8.0467
1486,15.3104
1487,3.7786
1488,1.5
1489,14.5172
1490,1.9944
1492,1.807
1493,3.9755
1494,14.482
1495,0.0
1496,13.47
1497,1.8229
1498,64.6205
1499,4.3988
1500,6.0329
1501,8.2682
1502,3.6657
1503,0.0
1504,1.0357
1505,8.1272
1506,0.7638
1507,0.433
1508,5.5297
1510,16.2853
1512,23.9914
1513,20.5819
1514,0.0
1515,3.8249
1516,9.989
1517,4.9581
1518,32.8172
1519,0.0
1520,8.2781
1521,0.0
1522,10.0916
1524,12.1286
1525,5.7546
1526,0.0
1527,3.7711
1528,12.1289
1529,6.5903
1530,3.7822
1531,15.7429
1532,0.0
1533,1.0
1534,0.0
1536,0.0
1537,13.4515
1538,0.9484
1539,12.0394
1540,0.0
1541,3.6997
1543,10.0245
1544,13.9897
1545,2.0
1546,11.1956
1547,9.0538
1549,3.5509
1550,10.9046
1551,2.1988
1552,1.7059
1553,5.2411
1554,24.0684
1555,5.6013
1556,0.0
1557,9.2931
1558,0.0
1559,3.8325
1560,10.234
1561,0.0
1562,10.9341
1563,11.6057
1566,1.9724
1567,3.5354
1568,2.4445
1569,8.1078
1570,0.0
1574,32.7637
1575,2.9766
1576,0.0
1577,4.2923
1578,2.2913
1579,5.0322
1582,2.0405
1583,0.0
1584,0.0
1588,4.1513
1589,13.3896
1590,3.5901
1592,1.9891
1593,9.9499
1594,8.5894
1596,2.5601
1597,26.952
1598,0.0
1599,1.668
1601,11.4946
1603,0.0
1604,2.7128
1605,2.0616
1606,58.974
1607,4.1374
1608,2.6203
1609,4.4217
1610,0.9428
1611,2.0842
1612,4.9574
1613,13.0541
1614,3.9782
1616,5.2
1617,0.7071
1618,2.1404
1619,3.3704
1620,5.2118
1621,7.8187
1622,0.0
1623,0.0
1624,22.8578
1625,5.1854
1627,0.866
1628,2.1858
1629,0.0
1630,7.5425
1631,3.1037
1632,25.4362
1634,15.6069
1636,2.0518
1637,9.5942
1639,0.0
1640,1.4662
1643,8.3547
1644,4.629
1645,10.4978
1646,2.8197
1647,0.0
1648,1.7386
1649,2.9278
1650,2.7641
1651,6.0
1652,1.38
1654,3.7941
1655,2.129
1656,4.2784
1657,22.9367
1658,15.6687
1659,1.861
1661,13.5728
1662,3.7705
1663,0.0
1665,5.7974
1666,0.0
1667,23.3408
1668,1.5916
1669,16.6039
1670,9.0271
1671,0.0
1672,13.809
1674,3.8188
1675,4.4091
1676,9.5888
1678,0.0
1679,4.1457
1680,10.0543
1681,2.7726
1682,7.289
1683,3.2709
1684,0.0
1685,10.873
1686,9.499
1687,0.0
1688,8.8537
1689,0.0
1690,0.0
1691,0.0
1692,9.6707
1693,8.9061
1694,2.1213
1695,2.355
1696,5.6126
1698,4.2426
1699,0.0
1700,2.3152
1701,13.667
1703,0.0
1704,15.4295
1705,1.4142
1707,5.9213
1708,2.0403
1710,0.0
1712,0.0
1713,4.3477
1714,0.0
1716,10.2499
1718,3.3759
1719,0.8487
1720,12.3501
1721,2.4706
1722,19.7537
1723,3.2367
1724,12.342
1725,0.0
1726,8.34
1727,2.26
1728,5.4371
1729,1.4697
1730,0.0
1731,5.2636
1732,3.8867
1734,0.0
1735,0.0
1736,3.1382
1737,1.4967
1738,0.0
1739,4.5386
1740,2.6473
1741,2.9623
1743,0.0
1744,0.0
1745,45.364
1746,9.7549
1747,0.0
1748,5.8263
1749,0.0
1750,13.3009
1751,0.0
1752,2.0537
1753,12.7587
1754,11.2721
1755,0.0
1756,0.0
1757,3.7033
1758,1.39
1759,13.7482
1760,1.2247
1761,4.9608
1762,2.9163
1763,0.0
1764,12.508
1765,1.8974
1766,0.0
1767,2.6004
1768,3.185
1769,1.9596
1770,3.1125
1772,0.0
1774,0.0
1775,11.0041
1776,0.0
1777,26.2268
1778,0.0
1779,4.2365
1780,0.0
1781,2.2749
1782,1.299
1784,0.0
1785,0.0
1786,18.253
1788,15.0536
1789,14.661
1790,18.6696
1791,8.3022
1792,1.7321
1793,1.0659
1794,0.0
1797,17.004
1798,16.2081
1799,0.0
1800,2.4693
1802,3.5119
1803,1.0
1804,0.0
1805,4.6114
1806,13.1918
1809,0.0
1810,2.1622
1811,0.866
1812,4.8379
1814,9.3238
1816,11.5873
1817,10.2453
1818,4.5841
1819,3.2315
1820,9.3574
1821,8.3193
1822,2.7724
1823,8.2877
1824,10.2954
1825,3.2361
1827,1.967
1828,3.2253
1829,0.9661
1830,1.6283
1832,3.5211
1833,17.7825
1834,3.1199
1835,1.7682
1836,5.4771
1837,0.0
1838,34.4667
1839,29.4919
1841,7.494
1842,3.8952
1843,2.8436
1844,0.0
1846,14.5237
1847,0.0
1848,2.3452
1849,2.897
1850,24.7534
1851,22.3201
1852,7.9996
1853,22.2753
1854,1.0
1856,0.0
1857,11.1101
1858,4.558
1859,15.0966
1860,1.7817
1861,0.0
1862,0.0
1864,0.0
1867,22.7151
1868,26.2188
1869,18.9112
1870,8.5372
1871,18.1588
1872,17.2641
1873,17.2845
1874,2.0548
1876,1.0538
1877,7.211
1878,13.0669
1879,12.8292
1881,5.4644
1882,0.0
1883,3.013
1884,0.0
1885,6.6917
1886,0.0
1887,1.6382
1889,4.3006
1891,11.9503
1893,5.2552
1894,4.3631
1895,2.7198
1896,13.5728
1897,1.3851
1898,25.5981
1899,0.0
1900,1.3945
1901,1.6229
1902,0.4714
1903,0.8907
1905,0.6667
1906,14.483
1907,3.1091
1908,0.0
1909,0.0
1910,1.3553
1911,18.7965
1912,2.5
1913,10.2905
1914,8.1534
1915,1.4704
1916,2.6343
1917,11.1557
1918,1.4827
1919,2.9921
1920,3.5
1921,4.3679
1922,1.8713
1923,4.9093
1924,0.0
1926,0.0
1927,6.5739
1928,0.0
1929,0.0
1930,3.445
1932,0.0
1933,5.6569
1934,0.0
1935,3.8586
1936,0.0
1937,8.5548
1938,0.0
1939,1.2308
1940,0.0
1941,23.5805
1942,13.0528
1943,1.78
1944,0.0
1945,9.9708
1946,0.0
1948,7.1684
1949,13.7126
1950,7.9319
1951,20.8
1952,9.6971
1953,10.7386
1956,2.5018
1957,2.9805
1959,7.5038
1960,14.304
1961,5.2488
1962,6.7505
1963,5.6548
1964,6.7399
1966,16.4815
1967,6.5238
1968,9.6724
1969,16.0675
1970,1.0
1971,0.0
1972,7.2057
1973,1.8932
1974,3.933
1975,0.0
1976,3.3193
1977,3.8119
1978,1.7673
1980,20.368
1981,10.0369
1982,0.0
1983,0.6999
1984,1.7673
1986,27.7288
1987,1.4524
1988,2.8079
1989,11.5566
1990,2.7206
1992,4.6564
1993,12.8651
1994,18.6837
1995,18.2118
1996,0.0
1997,1.8728
1999,0.0
2000,25.1847
2001,12.0078
2002,0.9574
2003,3.6672
2004,13.6707
2005,3.0662
2006,7.5319
2007,2.6958
2008,14.3558
2009,1.6536
2010,1.7814
2012,0.0
2013,1.7633
2014,3.4073
2015,12.194
2016,4.7021
2017,13.1432
2018,2.3899
2019,9.6533
2020,5.8269
2021,3.3771
2022,0.0
2023,0.6389
2024,31.1186
2025,4.7004
2026,2.2361
2028,3.1447
2029,0.0
2030,14.5693
2031,3.2358
2032,3.429
2033,4.9711
2034,2.1794
2035,6.8568
2036,1.5
2037,3.3442
2039,12.8881
2040,14.2426
2041,10.8282
2042,3.8586
2044,6.0668
2045,2.3212
2046,6.8002
2048,7.1267
2049,26.7032
2050,3.7712
2052,14.3273
2053,0.0
2054,15.0462
2055,0.0
2056,0.0
2057,3.3179
2058,7.8831
2059,18.0801
2060,3.3442
2061,5.2482
2062,0.0
2063,5.3698
2064,1.0
2065,0.0
2066,0.0
2067,0.0
2068,0.0
2069,0.0
2070,1.9455
2071,0.0
2072,2.1849
2073,5.9227
2074,0.0
2075,4.4538
2076,9.6974
2077,14.8155
2078,14.3056
2079,13.824
2080,11.2029
2081,2.4944
2082,0.8
2083,8.7258
2084,0.0
2085,14.4152
2087,1.42
2088,1.0
2089,0.9207
2090,11.7047
2091,5.4083
2093,1.5
2094,0.0
2095,10.3305
2096,12.6063
2097,1.4697
2098,0.0
2099,0.0
2100,26.0932
2101,0.0
2102,14.5482
2103,0.0
2104,10.1481
2105,0.9428
2106,12.5687
2107,0.0
2108,0.0
2109,4.8869
2110,4.2426
2111,0.0
2112,26.3574
2113,13.4092
2114,9.5107
2115,8.7121
2117,14.4264
2118,15.8887
2120,2.4924
2121,2.1047
2122,10.8423
2123,16.3025
2124,3.9071
2125,11.5
2126,0.0
2127,3.0723
2128,0.866
2129,0.0
2130,17.8025
2131,33.5
2133,4.385
2135,0.0
2136,6.0207
2137,2.929
2138,10.0705
2139,0.0
2140,0.0
2141,5.7697
2142,5.2856
2143,4.0299
2144,1.6997
2145,6.8285
2146,15.6991
2147,3.1828
2148,3.8624
2149,11.2823
2150,10.5
2152,3.9192
2153,4.836
2154,6.5131
2155,16.1402
2156,5.4772
2157,1.9391
2160,0.0
2161,1.1748
2162,2.351
2163,0.7692
2164,1.5
2165,2.6597
2166,0.0
2167,5.384
2168,0.5
2169,3.337
2170,3.0054
2171,11.8831
2172,2.7806
2173,6.941
2174,1.5961
2175,0.866
2176,0.0
2177,7.8987
2178,2.5991
2179,22.1835
2180,0.0
2182,3.6962
2183,26.1551
2184,3.1041
2185,12.2754
2186,1.5908
2187,9.0
2189,0.9428
2190,6.0391
2191,1.4142
2192,1.8283
2193,0.0
2194,6.1602
2195,2.7589
2197,3.6295
2198,1.3514
2199,21.6953
2200,1.4142
2201,10.1697
2202,0.8749
2203,5.3613
2204,9.8974
2206,0.0
2207,13.5533
2208,0.0
2209,18.5717
2210,2.795
2211,7.7939
2212,0.0
2213,2.289
2214,2.357
2215,17.6642
2217,0.0
2218,14.4017
2219,1.0
2220,15.2102
2221,0.0
2222,2.2706
2223,21.0159
2224,4.3016
2225,9.0449
2226,12.3627
2227,0.0
2228,7.4171
2230,0.0
2231,6.6084
2233,10.0195
2234,1.9424
2235,0.4714
2236,1.7165
2237,2.0
2238,3.3171
2239,1.6782
2240,22.9458
2241,6.7282
2242,10.6102
2243,6.3356
2244,1.0198
2245,0.0
2246,2.535
2247,24.6681
2248,5.1521
2249,0.0
2250,0.0
2251,11.9693
2252,7.2662
2253,20.7002
2254,0.0
2255,30.991
2256,0.0
2257,0.0
2258,1.898
2259,0.0
2260,0.0
2261,15.2401
2262,31.9571
2264,0.0
2265,0.0
2266,13.5483
2267,11.9292
2268,0.0
2269,2.7814
2270,0.0
2271,15.2892
2272,0.8165
2273,5.8041
2274,1.0136
2275,0.0
2276,10.7319
2277,4.899
2278,13.1284
2279,3.2807
2280,11.9733
2281,1.4142
2282,7.7646
2283,0.0
2284,0.0
2285,2.4944
2286,0.0
2287,24.9132
2288,6.4756
2289,15.6443
2290,17.54
2291,12.962
2293,0.0
2295,2.1111
2296,1.4396
2297,11.6691
2298,2.9627
2301,5.4679
2302,29.2093
2303,3.0375
2304,2.5
2305,11.7546
2306,5.0159
2308,2.9569
2310,0.0
2311,23.8919
2312,10.5384
2313,1.9778
2314,4.2829
2315,2.2151
2317,0.0
2318,0.0
2319,2.0546
2320,18.1279
2321,6.5791
2322,4.6826
2323,5.9378
2325,21.0433
2326,0.0
2327,1.4938
2328,26.6192
2329,18.3095
2330,7.433
2332,3.6818
2333,2.357
2334,3.1985
2336,7.9289
2338,1.299
2339,0.0
2340,11.6378
2341,2.3317
2342,16.8264
2343,6.7756
2345,14.6545
2346,0.0
2347,6.543
2348,4.0236
2349,41.6352
2350,13.1068
2351,4.3174
2352,16.1828
2353,0.0
2354,1.17
2355,1.9391
2356,16.4797
2357,0.0
2360,45.1069
2362,4.4969
2363,4.0546
2364,13.2995
2365,11.9282
2367,21.1435
2368,21.0
2369,4.8475
2370,19.5352
2371,2.1381
2373,0.0
2375,25.0449
2377,11.4601
2380,0.0
2382,13.8823
2383,3.9741
2384,5.0
2385,0.0
2386,4.5406
2387,1.3234
2388,2.1569
2390,1.5
2392,2.4786
2393,4.4283
2394,0.0
2395,13.6499
2397,8.0117
2398,17.4858
2399,4.2984
2400,6.1627
2401,0.0
2402,15.2204
2403,5.0584
2405,2.6666
2406,8.5757
2407,0.0
2408,0.0
2409,1.4293
2410,0.0
2411,17.1956
2412,3.9086
2413,0.0
2414,0.0
2415,5.9464
2416,1.2547
2417,3.8794
2418,7.2369
2419,0.0
2420,5.5702
2422,15.7054
2423,79.9697
2424,7.234
2425,12.3763
2426,2.5029
2427,2.0041
2428,0.0
2430,2.603
2431,2.5
2432,1.7897
2433,11.192
2434,0.0
2435,0.0
2436,0.0
2437,26.9475
2438,2.8636
2439,10.619
2440,4.9131
2443,7.9178
2445,18.2754
2446,10.641
2447,3.1895
2449,0.866
2450,7.4381
2451,0.4899
2452,4.5277
2453,0.0
2454,12.0128
2455,25.6427
2456,7.2614
2457,5.2183
2458,9.8711
2459,10.8722
2460,12.388
2461,3.7811
2462,2.1166
2463,4.4802
2464,9.2438
2466,5.812
2467,0.0
2468,11.1314
2470,5.6292
2471,0.0
2473,0.0
2475,9.2199
2476,9.7444
2478,4.4232
2479,7.4231
2480,2.0396
2481,15.1561
2482,0.0
2483,12.9168
2484,7.6478
2485,3.468
2486,9.7077
2487,6.1007
2488,28.6531
2489,13.2003
2490,2.9475
2491,4.1307
2492,0.0
2493,3.2998
2494,0.0
2495,1.8468
2496,1.8856
2497,17.6759
2498,0.0
2499,0.0
2500,15.195
2501,6.6979
2502,2.8125
2503,7.1336
2505,16.5067
2507,0.9574
2509,13.4834
2510,0.0
2511,7.2789
2512,0.0
2513,13.738
2514,1.2472
2515,0.0
2516,0.0
2517,15.0719
2518,7.266
2519,3.3564
2520,13.8102
2521,8.7935
2522,2.4663
2523,1.9258
2524,18.3727
2525,0.0
2526,0.0
2527,0.0
2528,18.9066
2529,18.6483
2530,12.0194
2531,0.0
2532,14.5288
2533,0.6849
2534,1.8787
2536,0.0
2537,10.1865
2538,11.7217
2539,18.1959
2540,2.8079
2541,14.8861
2542,15.5136
2543,0.0
2545,0.0
2546,0.4714
2547,27.7444
2548,5.4283
2549,3.7268
2551,4.7802
2553,3.3577
2555,3.8636
2556,2.3236
2557,0.0
2560,1.8358
2561,2.0504
2562,5.5672
2563,0.9662
2564,4.566
2566,6.9125
2567,14.0086
2569,2.1344
2570,30.9679
2571,2.6439
2572,5.5529
2573,6.0554
2574,6.0339
2575,3.559
2576,3.7293
2577,0.0
2578,12.8404
2579,38.2944
2580,24.3748
2581,0.0
2582,22.0161
2584,11.0306
2585,3.9449
2586,1.5322
2588,20.8896
2589,5.2017
2591,10.8853
2592,34.4266
2593,4.4896
2594,6.4137
2595,12.8841
2596,3.0789
2597,8.153
2598,2.3822
2599,12.08
2602,6.289
2603,2.0878
2604,10.509
2606,10.5292
2607,5.2349
2608,2.4501
2609,2.3095
2610,0.0
2611,2.4
2612,0.0
2613,4.947
2614,1.0198
2615,6.0156
2616,9.7859
2619,12.5
2620,11.1887
2621,0.0
2622,32.3585
2623,7.8929
2624,27.7992
2625,0.0
2626,2.0272
2627,10.3588
2628,2.7689
2629,0.0
2630,0.4479
2631,1.2505
2632,6.838
2633,0.0
2634,0.0
2635,0.0
2636,0.0
2637,3.6047
2638,15.5521
2639,1.2402
2640,0.0
2641,0.0
2642,4.0074
2645,11.8004
2646,0.6573
2647,2.9439
2648,0.0
2649,1.8649
2652,0.0
2653,17.3882
2654,3.6507
2655,0.0
2656,1.5765
2657,9.5256
2658,12.9414
2659,16.8078
2660,12.2318
2661,0.0
2662,0.7399
2663,1.479
2667,0.0
2668,1.2472
2669,9.5902
2670,0.0
2671,6.9457
2672,0.6849
2674,0.0
2676,5.743
2677,0.0
2678,29.4254
2679,2.4426
2680,11.0
2681,8.544
2682,6.4031
2683,2.7258
2684,6.9453
2685,16.135
2686,7.2731
2688,0.0
2689,4.4914
2690,3.5551
2691,12.8149
2692,7.9512
2693,2.9453
2694,13.1013
2695,9.7411
2696,12.8587
2697,0.0
2698,0.0
2699,6.8931
2700,1.9203
2701,7.8746
2702,13.0643
2703,1.5011
2704,8.9346
2705,3.7353
2706,6.8909
2707,13.1122
2708,8.3799
2710,11.5844
2712,7.1176
2714,15.2727
2715,4.2532
2716,3.3704
2718,14.002
2719,44.2838
2720,5.4103
2721,4.7692
2723,7.7383
2724,3.4564
2725,4.954
2726,2.6173
2727,0.0
2728,11.1808
2729,30.6987
2730,4.1641
2731,14.9537
2732,17.0072
2733,10.1783
2734,6.414
2735,0.0
2736,11.8325
2738,31.8448
2739,0.0
2741,0.0
2742,9.4894
2743,3.2658
2744,0.4714
2745,3.9347
2746,14.49
2747,0.0
2748,1.0
2749,5.0535
2751,2.3359
2752,7.6591
2753,5.9539
2754,19.1377
2755,0.0
2756,3.1972
2757,5.8523
2758,9.4242
2759,3.2299
2760,2.6655
2761,3.7786
2762,3.1435
2763,15.3033
2766,2.5626
2767,4.893
2768,2.9998
2769,9.4361
2770,0.0
2771,5.6424
2772,7.1145
2773,53.5401
2774,27.023
2775,5.5145
2776,0.0
2777,0.0
2779,0.0
2780,0.0
2781,4.0
2782,2.3623
2783,9.1955
2784,12.7957
2786,13.9835
2787,7.0187
2788,8.1983
2789,12.85
2790,1.4142
2791,1.6
2792,3.5457
2793,3.3766
2794,4.7164
2796,0.0
2797,0.0
2799,3.3487
2800,4.4969
2801,3.846
2802,17.8395
2803,2.9475
2804,3.8066
2805,5.3889
2807,4.9719
2808,12.0049
2809,3.9227
2810,0.0
2812,15.3239
2813,0.0
2814,4.0138
2816,0.0
2817,13.0322
2818,2.3275
2819,0.0
2821,1.0
2823,3.483
2824,0.0
2825,17.3106
2826,0.0
2827,13.2676
2828,6.1941
2829,0.0
2830,20.3027
2831,8.1536
2832,4.1667
2834,2.6713
2836,2.4367
2837,14.9034
2838,3.1942
2839,14.0712
2841,0.0
2842,0.866
2843,30.7001
2844,12.9486
2846,24.0527
2847,18.3744
2848,0.0
2849,2.8719
2850,3.8077
2851,3.706
2852,3.2519
2853,2.0999
2855,5.0155
2856,0.0
2857,11.9458
2858,2.0865
2861,10.9458
2862,0.0
2863,7.2061
2864,5.0361
2865,0.0
2866,11.7789
2867,19.8824
2868,8.2743
2870,4.5245
2871,6.4517
2872,2.6601
2873,1.5312
2874,1.0
2875,9.5664
2876,10.7507
2877,19.5078
2878,0.0
2880,0.0
2882,2.3228
2883,1.8127
2884,0.8
2885,6.6837
2886,0.5
2888,18.169
2889,1.5
2890,7.1153
2891,5.2013
2892,14.6688
2893,0.0
2894,3.4711
2895,2.7726
2896,5.02
2897,3.3479
2898,10.3441
2899,2.4221
2900,2.6813
2901,0.0
2902,32.7874
2903,17.5878
2904,0.0
2905,4.3615
2906,3.2057
2907,2.6382
2908,12.3056
2910,9.8016
2911,5.7507
2912,8.3153
2913,16.4858
2914,4.5321
2915,13.5793
2916,0.0
2917,9.1562
2918,16.9943
2919,3.4904
2920,2.2189
2921,1.6317
2922,0.0
2923,26.2731
2924,11.022
2925,1.8856
2926,43.3755
2927,4.5167
2929,9.4511
2930,9.3175
2932,3.9407
2933,30.6105
2934,7.1478
2935,0.0
2936,8.0416
2937,0.0
2938,2.0105
2939,14.4345
2940,9.4042
2941,0.0
2942,1.5348
2943,0.0
2945,0.0
2946,39.9054
2947,35.1649
2948,5.0775
2949,1.0
2952,0.9798
2953,3.8586
2955,5.3897
2956,26.0459
2957,2.3953
2958,26.3127
2959,36.9643
2960,27.2798
2962,1.8856
2963,3.9467
2964,7.0102
2965,1.7123
2966,2.0138
2967,15.0867
2968,59.0226
2969,0.4899
2970,1.1874
2971,0.0
2972,1.0247
2973,1.0
2974,2.313
2976,1.3649
2977,12.6748
2978,10.6881
2979,2.3853
2980,3.4731
2981,2.3324
2982,0.0
2984,9.5084
2985,2.4495
2986,0.0
2987,2.5874
2988,0.9428
2989,10.1364
2990,2.5973
2991,0.0
2992,3.6712
2994,0.4714
2995,7.1275
2996,0.0
2998,10.5
2999,1.7261
3000,7.0929
3001,0.0
3002,0.0
3003,6.8441
3004,18.0322
3005,5.1122
3007,0.0
3008,0.0
3009,0.0
3010,0.0
3011,0.0
3013,1.8999
3015,3.3578
3016,4.0136
3017,0.4714
3018,2.1946
3019,13.7542
3020,14.4843
3021,0.0
3022,0.866
3024,14.3586
3026,27.9082
3027,12.5971
3029,4.9712
3030,2.4
3031,14.8779
3032,32.9176
3033,15.7767
3034,13.7273
3035,9.105
3037,0.0
3038,25.1943
3041,4.9295
3042,0.0
3043,15.6404
3044,0.0
3046,5.6243
3047,4.657
3048,0.0
3049,22.4235
3050,7.7151
3052,10.3016
3053,3.6619
3054,1.9929
3055,10.0055
3056,4.6188
3057,3.5
3058,4.2999
3059,0.0
3060,4.5625
3061,15.9575
3062,8.8751
3064,4.1533
3066,13.7999
3067,3.6055
3069,0.0
3070,10.4293
3071,6.8372
3072,20.3084
3073,23.3982
3074,2.0
3075,7.2169
3076,8.4475
3077,23.5385
3080,14.7565
3081,10.5143
3082,2.536
3083,1.7031
3084,0.0
3085,4.0627
3086,24.4682
3087,6.0914
3088,4.6577
3089,2.3154
3090,0.0
3091,14.1636
3092,4.4116
3093,0.0
3094,8.5182
3095,5.1854
3096,0.0
3097,0.0
3099,19.6026
3100,0.0
3101,15.618
3102,10.9097
3103,5.5
3104,7.1913
3105,0.0
3106,15.6828
3107,12.1221
3108,1.9096
3110,2.9166
3111,0.0
3113,1.698
3114,9.3778
3115,3.4778
3116,2.0153
3118,15.8195
3119,2.7119
3121,12.7785
3122,0.0
3124,0.0
3126,0.0
3128,2.7607
3129,0.0
3130,4.5675
3131,2.3147
3132,2.4126
3133,3.2078
3135,2.7338
3137,3.5427
3138,11.0413
3139,17.2381
3141,26.6795
3142,11.1305
3143,0.4714
3144,1.0
3145,1.794
3146,8.9416
3147,0.0
3148,1.7772
3149,3.3581
3153,3.4071
3154,3.0087
3155,0.0
3156,14.2097
3157,0.0
3158,2.5291
3160,2.5166
3161,2.2361
3162,0.4792
3163,3.342
3165,2.0698
3166,1.1239
3167,3.602
3168,15.8406
3169,0.0
3170,1.5861
3171,1.0
3172,11.6322
3173,5.6444
3174,20.9317
3177,5.5902
3178,0.5666
3180,18.2064
3181,8.3737
3182,0.0
3183,6.0
3185,13.0286
3186,7.8351
3187,8.1385
3188,0.0
3189,2.4793
3191,4.9183
3193,7.5619
3195,2.228
3196,3.4139
3197,3.4247
3198,0.0
3199,7.3242
3200,12.4186
3201,1.3333
3202,0.0
3203,6.6916
3204,13.541
3205,9.299
3206,13.6371
3207,5.5322
3209,2.1922
3210,12.4774
3211,21.1256
3215,4.0
3216,2.3678
3217,0.0
3218,2.0031
3219,1.1902
3220,17.4416
3221,10.9118
3222,11.2495
3223,0.0
3224,2.8397
3225,4.5642
3226,0.0
3227,57.7453
3228,37.7855
3229,4.9602
3230,0.0
3231,19.8309
3232,0.0
3233,0.0
3236,21.5323
3237,4.0689
3238,38.7005
3240,41.396
3241,0.0
3242,4.2057
3243,8.7906
3244,3.8232
3245,0.0
3246,0.0
3248,13.4344
3249,0.0
3250,11.0602
3251,1.6524
3252,8.835
3253,3.1465
3254,18.8628
3255,4.9582
3256,25.5745
3257,12.5857
3259,4.124
3260,0.0
3261,19.4326
3263,0.0
3264,2.6032
3265,6.1134
3266,0.9428
3267,2.8682
3268,2.9749
3269,12.156
3270,0.0
3271,1.9615
3272,8.7947
3273,13.0855
3274,1.928
3275,16.3401
3276,2.7854
3277,0.0
3278,4.4926
3281,9.2959
3283,25.9549
3284,0.0
3287,2.7532
3288,11.8659
3289,0.0
3290,28.3287
3291,2.7782
3292,0.0
3293,9.251
3295,10.7446
3296,0.0
3297,3.5551
3298,5.6899
3299,6.9076
3300,6.3168
3301,12.1472
3303,2.9545
3304,2.4404
3305,20.1341
3306,0.0
3307,1.3147
3308,12.9987
3309,1.499
3310,0.0
3311,6.901
3312,4.1879
3313,12.276
3314,2.094
3315,1.0078
3316,17.0514
3317,7.4288
3318,2.3848
3319,9.4405
3320,3.2112
3321,5.9932
3322,0.0
3323,3.0
3324,3.2878
3325,2.7817
3327,13.9625
3330,0.5
3331,0.0
3333,0.0
3335,2.4594
3336,0.0
3337,4.8153
3338,0.0
3339,36.371
3340,9.972
3342,14.6705
3344,11.4993
3345,0.0
3346,2.3721
3347,10.8609
3349,1.1914
3350,51.7077
3351,29.5288
3352,7.1736
3353,2.0735
3354,0.0
3356,11.2268
3357,10.4318
3358,8.8926
3359,2.3819
3360,16.8749
3362,9.7616
3363,0.0
3364,0.0
3365,13.0135
3366,0.0
3367,1.3545
3369,6.8887
3370,1.3229
3371,0.0
3373,0.0
3374,32.6331
3377,33.915
3378,0.0
3379,0.0
3380,0.0
3381,22.5887
3382,1.1459
3383,5.6179
3385,7.5656
3386,6.8694
3387,0.0
3388,26.0
3389,8.5874
3390,35.3333
3391,9.4016
3392,3.1129
3394,0.0
3396,4.4091
3397,5.9506
3398,0.0
3400,0.0
3401,3.4183
3402,2.8284
3403,0.5
3404,0.0
3405,13.8359
3407,10.5005
3408,0.0
3409,19.222
3410,9.6597
3412,2.2912
3413,12.24
3414,7.0412
3415,3.9595
3416,0.0
3417,3.8621
3419,4.2426
3420,17.4642
3421,23.9741
3422,3.2302
3426,3.5054
3427,5.8556
3428,0.0
3429,0.866
3430,0.0
3431,22.704
3432,0.0
3433,2.506
3434,18.8981
3435,25.3153
3436,2.8762
3437,6.4571
3438,45.2704
3439,18.7612
3442,12.0237
3443,0.0
3444,3.4208
3445,6.685
3447,2.4779
3448,13.0921
3449,0.0
3451,2.3237
3453,1.5113
3454,0.4714
3456,2.9439
3457,8.1949
3458,5.7434
3459,0.8806
3460,2.0624
3462,0.0
3464,0.0
3465,0.0
3466,12.4323
3467,4.044
3468,6.9087
3469,0.0
3470,18.6951
3472,7.5
3473,4.8835
3474,6.6805
3476,0.0
3478,20.0371
3479,3.8868
3480,14.7542
3481,13.1629
3482,11.2178
3483,0.0
3486,14.9278
3487,14.8798
3488,5.2816
3489,0.0
3490,0.0
3491,0.0
3492,3.5
3493,0.0
3494,3.4167
3495,5.172
3496,2.8284
3497,0.0
3498,4.9711
3500,3.2396
3501,4.031
3502,21.0634
3503,1.5914
3504,72.6808
3506,24.603
3507,2.2588
3509,2.1105
3510,17.9961
3511,1.4391
3512,3.0714
3514,11.9255
3515,13.6594
3516,1.0
3517,3.0644
3518,0.9164
3519,0.0
3520,4.3571
3521,0.0
3522,24.9529
3523,11.9117
3524,12.0157
3525,3.8161
3526,3.0
3527,12.132
3528,0.0
3529,31.1727
3530,5.3197
3531,0.0
3532,4.0
3533,8.713
3534,0.0
3535,7.1912
3536,1.7731
3538,0.9428
3540,0.4899
3541,8.0113
3543,0.0
3545,22.5949
3546,7.0
3548,0.0
3549,23.6405
3550,24.2357
3551,9.1862
3552,0.0
3553,69.0238
3555,4.6682
3556,0.0
3557,1.8794
3558,0.0
3559,0.0
3560,36.8368
3561,8.2683
3562,1.663
3563,13.0207
3564,0.0
3565,2.6401
3566,3.1776
3567,8.3369
3568,0.9798
3569,0.0
3571,2.7836
3572,0.433
3573,10.3359
3574,0.0
3575,3.9024
3576,4.2276
3577,1.3226
3578,0.0
3579,2.3736
3580,10.4978
3581,3.6568
3582,10.1346
3583,53.662
3585,2.0097
3586,7.3978
3587,14.4046
3588,1.1662
3589,0.0
3590,0.0
3591,2.9155
3592,13.8244
3593,11.7928
3594,1.6571
3595,9.228
3596,0.0
3597,1.9276
3598,4.504
3599,2.9665
3600,2.0257
3601,12.3894
3602,8.9258
3603,8.8619
3604,8.386
3605,0.0
3606,15.0784
3607,1.6009
3608,3.006
3609,13.5713
3611,0.0
3612,7.5973
3613,3.7805
3614,17.4332
3615,2.0141
3616,1.7617
3617,0.0
3619,14.8497
3620,0.0
3621,0.0
3622,1.633
3623,0.0
3624,0.8
3625,5.0781
3626,2.32
3627,27.0186
3628,11.2937
3629,0.0
3630,13.2784
3631,5.6344
3633,2.0554
3634,5.2022
3635,6.9597
3636,33.9957
3637,11.1618
3638,3.5511
3639,5.5299
3640,4.2801
3641,2.814
3642,4.8738
3643,0.0
3644,0.0
3645,3.6332
3646,13.4181
3647,12.7941
3648,2.5413
3649,1.5312
3650,4.2426
3651,2.4638
3652,18.243
3653,15.2486
3655,0.4714
3656,5.0
3657,0.0
3658,0.0
3661,10.6736
3662,3.2499
3663,5.2197
3664,4.6351
3665,9.1692
3666,0.6455
3667,9.6227
3668,0.0
3669,12.3203
3670,6.5962
3671,0.0
3672,11.7774
3673,1.3873
3674,26.6004
3677,4.301
3678,7.2739
3679,14.1902
3680,6.8015
3681,5.0037
3682,8.9777
3683,2.2824
3684,10.9338
3685,1.5137
3686,0.0
3687,0.0
3688,0.0
3689,10.006
3690,36.2268
3691,6.2295
3692,1.454
3693,0.0
3694,14.1431
3695,0.9428
3696,3.8297
3697,0.0
3698,22.8289
3699,19.0535
3701,2.7135
3702,6.0999
3703,3.7076
3705,8.4853
3707,0.0
3708,7.4173
3710,17.1464
3711,3.1661
3712,0.0
3714,18.8808
3715,24.1899
3716,7.614
3717,0.0
3718,0.0
3719,14.5728
3720,2.9164
3721,8.5346
3722,6.6821
3724,0.0
3725,13.5699
3726,2.5166
3727,6.3056
3728,2.0591
3729,7.5471
3730,31.2722
3731,3.6952
3733,4.9466
3734,11.2
3735,8.2437
3736,16.0312
3737,4.0261
3738,9.5582
3739,13.5462
3740,16.1882
3741,0.0
3742,2.178
3743,10.8581
3744,10.8247
3745,4.0537
3746,2.6114
3747,11.9097
3748,2.2907
3749,4.113
3750,13.9255
3751,2.6614
3753,1.5811
3754,9.1728
3756,1.2247
3757,8.9714
3758,3.6499
3759,5.9766
3760,17.2363
3761,13.2592
3762,12.2533
3763,9.1006
3764,9.921
3765,2.6298
3766,7.8422
3767,7.714
3769,3.1435
3770,4.1287
3771,21.3432
3772,1.2437
3773,6.9609
3774,4.1439
3775,0.0
3777,2.593
3778,0.0
3779,5.2471
3780,9.0657
3781,3.5207
3782,11.2485
3783,1.8209
3784,2.8986
3786,2.3931
3787,0.0
3788,11.408
3789,4.1633
3790,19.1253
3793,1.9347
3794,0.8498
3795,0.0
3796,16.9938
3797,2.357
3798,0.0
3799,21.2
3800,7.9115
3801,0.0
3802,8.1036
3803,2.6465
3804,13.7184
3805,0.0
3806,0.0
3808,0.5
3810,9.1938
3811,2.0417
3812,0.0
3813,4.3012
3814,17.2684
3815,0.0
3817,0.0
3818,10.5765
3819,11.4841
3820,11.0016
3821,8.7366
3822,3.9811
3823,12.3487
3824,36.9059
3825,3.6796
3826,4.911
3827,13.4529
3828,0.0
3829,0.0
3830,32.8951
3831,17.9965
3832,6.5317
3833,20.7172
3835,10.2396
3836,3.336
3838,2.1104
3839,0.0
3841,0.0
3842,0.9428
3843,1.7633
3844,1.7069
3845,21.4097
3846,0.0
3847,11.1685
3848,0.0
3849,10.1585
3850,16.5737
3851,23.6091
3852,3.0
3853,4.211
3854,0.0
3857,21.2028
3859,12.2086
3860,1.7854
3862,4.982
3863,12.2671
3864,1.249
3866,2.3685
3867,1.8138
3868,17.0746
3870,10.8279
3871,7.278
3872,4.7019
3873,2.357
3874,0.0
3875,0.0
3876,17.6234
3877,0.0
3879,0.0
3880,15.8266
3881,25.1175
3882,2.9132
3883,0.0
3884,1.8856
3885,5.3305
3886,0.7423
3887,0.0
3888,2.9214
3889,0.0
3890,0.9428
3891,12.3426
3892,10.2098
3893,4.18
3894,2.5
3895,0.0
3896,20.9939
3897,33.5484
3898,0.0
3899,35.8084
3900,10.8369
3901,3.0
3902,0.0
3903,2.8564
3904,0.0
3906,0.0
3907,7.8923
3908,3.8072
3909,5.3563
3910,0.0
3911,6.6653
3912,4.7917
3913,10.7296
3915,25.9603
3916,9.5735
3917,3.2249
3918,0.0
3920,4.0299
3921,9.9593
3923,5.516
3924,0.0
3925,9.0596
3926,3.5
3927,1.6832
3928,2.4446
3929,4.0352
3930,2.2553
3931,15.6767
3932,0.0
3933,4.9181
3934,2.7661
3937,2.7386
3938,5.6577
3939,0.0
3940,4.5245
3941,4.9181
3942,0.0
3943,25.0649
3944,2.6706
3945,0.0
3946,0.0
3947,3.8883
3948,27.9412
3949,9.1697
3951,0.433
3952,20.017
3953,2.9394
3954,12.5974
3955,0.0
3956,0.0
3958,22.3032
3959,17.7031
3960,34.1715
3961,0.0
3962,0.433
3963,2.2198
3964,0.0
3965,8.3911
3966,1.5405
3967,19.4176
3968,12.9282
3969,1.8996
3970,4.8636
3972,0.0
3973,0.0
3974,19.3051
3975,0.982
3976,8.8972
3977,1.4625
3979,0.0
3980,18.0551
3981,1.4142
3983,3.0
3984,0.0
3985,3.3448
3986,32.5382
3987,0.0
3990,18.0774
3991,11.3475
3992,12.311
3993,25.7004
3994,9.5161
3995,2.5
3996,5.099
3999,24.0
4000,0.0
4001,0.0
4002,10.7974
4003,0.9242
4004,2.3816
4005,2.4854
4006,2.1779
4007,2.4354
4008,6.6604
4009,2.7857
4010,0.7454
4011,1.8526
4012,5.4668
4014,12.8972
4015,23.7326
4016,0.0
4017,0.0
4018,2.7997
4019,0.0
4021,10.2457
4022,4.5373
4023,2.5868
4024,16.2185
4026,9.2191
4027,16.0278
4028,17.094
4029,3.2863
4031,0.0
4032,15.7133
4033,2.2333
4034,0.0
4035,17.5567
4036,19.1065
4037,0.0
4038,3.6636
4039,2.919
4040,5.9727
4041,0.0
4042,20.0521
4043,2.3982
4044,3.4209
4045,0.0
4046,7.3075
4047,7.0102
4048,10.9907
4049,50.7037
4050,3.1168
4051,0.8143
4052,0.4714
4053,33.7684
4054,0.0
4055,2.7
4056,15.8586
4057,0.0
4058,4.7493
4059,9.9499
4060,5.6852
4061,16.4721
4062,0.0
4063,0.0
4064,2.6152
4065,16.2353
4066,3.2692
4067,16.6043
4068,0.0
4069,0.0
4070,6.6108
4071,0.0
4072,0.0
4073,35.5974
4074,0.0
4075,6.1363
4076,0.0
4077,8.6403
4078,10.0419
4079,13.5986
4080,3.3007
4081,8.1366
4082,9.8463
4083,0.0
4085,15.9276
4086,2.9251
4087,0.0
4089,2.6462
4090,12.0132
4091,15.3845
4093,2.0548
4094,18.5672
4095,0.0
4096,2.4668
4097,10.1881
4099,1.3793
4100,0.0
4102,0.0
4103,11.7963
4105,0.0
4106,0.0
4107,3.8297
4108,50.3924
4110,16.1225
4112,0.0
4114,6.1388
4115,0.0
4117,7.9797
4118,0.0
4119,12.5812
4120,0.0
4121,0.0
4122,17.8263
4123,0.3499
4124,0.4714
4125,13.5324
4126,4.3714
4127,0.0
4129,10.0618
4130,0.8492
4131,2.9968
4132,1.6583
4133,0.0
4135,0.0
4136,0.0
4137,12.9199
4139,0.0
4141,11.486
4142,0.0
4143,0.3727
4144,29.0086
4146,15.0938
4147,4.1415
4149,0.0
4150,0.0
4152,3.0685
4153,23.6132
4154,3.1336
4155,10.7336
4156,0.0
4158,3.8971
4159,20.3652
4160,8.1583
4161,15.8169
4162,12.2982
4163,7.5797
4164,0.0
4165,0.0
4166,2.0
4167,0.0
4168,22.8834
4169,6.2237
4170,2.586
4171,9.4479
4172,1.9215
4173,2.0516
4174,1.9811
4175,26.1844
4176,17.0055
4177,0.0
4178,11.4219
4179,9.2
4180,2.0
4181,1.4733
4182,17.3205
4183,23.8437
4184,11.6104
4185,1.5
4187,0.0
4188,5.6569
4189,13.9833
4190,5.1147
4191,7.446
4192,15.7938
4193,0.0
4194,5.0
4196,19.7718
4197,7.2422
4198,0.0
4199,2.5377
4200,10.161
4201,9.7616
4202,0.0
4203,13.7864
4204,9.3795
4205,0.0
4207,1.2472
4209,9.4281
4210,5.9057
4211,6.595
4212,2.6193
4213,3.8366
4214,1.72
4217,22.7034
4218,0.0
4220,6.7081
4221,0.0
4223,13.6537
4224,1.7177
4225,1.6245
4226,41.2292
4227,2.8284
4228,2.824
4229,0.0
4230,8.1416
4231,6.2449
4232,0.5
4233,10.563
4234,6.3759
4236,0.0
4238,4.2093
4239,0.0
4240,0.0
4242,0.0
4243,5.1287
4244,17.721
4245,0.0
4247,10.0443
4248,11.7851
4251,41.797
4252,7.2497
4253,14.4543
4254,16.3027
4255,17.1064
4256,14.0729
4259,0.0
4260,3.2793
4261,15.0278
4262,1.6
4263,0.0
4264,17.3205
4265,2.2444
4266,0.0
4267,2.3915
4268,0.536
4269,13.7748
4270,1.3383
4271,1.6422
4273,2.0611
4274,0.0
4276,0.0
4277,0.0
4278,8.043
4279,0.0
4280,13.3545
4281,11.8876
4282,14.8876
4283,10.5
4284,0.0
4285,0.0
4287,1.4876
4288,16.9392
4289,3.8717
4290,2.8137
4292,0.0
4293,21.2766
4296,23.4733
4297,0.5
4298,13.1147
4299,3.6113
4300,3.2679
4301,24.2214
4302,10.7493
4303,11.9171
4304,4.5
4305,7.8422
4306,27.2906
4307,1.7048
4308,4.0395
4309,4.3019
4310,5.6032
4311,41.1221
4312,0.0
4313,0.0
4314,0.0
4315,2.4631
4316,0.0
4317,41.3226
4319,0.0
4320,0.0
4321,14.5888
4322,39.5956
4323,0.0
4324,5.3967
4325,2.1281
4326,0.0
4328,4.4814
4329,3.1931
4330,4.8778
4331,6.5149
4332,0.0
4333,1.536
4336,15.3147
4337,7.8235
4339,11.2583
4340,1.894
4341,3.5521
4342,0.0
4343,11.4417
4345,7.7936
4348,2.4944
4349,5.4954
4350,4.4045
4351,2.2392
4352,11.7571
4353,4.5361
4355,0.0
4356,21.7635
4357,7.6859
4358,3.4138
4359,2.6468
4361,2.0647
4362,1.7321
4363,4.59
4364,16.0962
4365,7.8215
4366,56.876
4367,7.3666
4368,0.0
4369,1.9137
4371,6.8003
4372,4.1416
4373,11.1725
4374,14.723
4375,0.0
4376,9.2466
4379,2.752
4380,0.0
4381,15.0804
4383,22.1902
4384,4.2237
4385,20.5542
4386,14.069
4387,12.3008
4388,5.1402
4391,11.2308
4394,0.0
4395,18.3649
4397,7.2981
4398,7.4711
4399,9.6094
4401,1.6603
4402,6.5997
4403,2.5612
4404,0.0
4405,7.6902
4408,0.0
4409,0.0
4411,14.2264
4413,0.0
4415,11.5794
4416,7.1052
4417,0.0
4418,1.8856
4420,0.0
4422,2.6
4423,0.0
4425,6.2915
4428,12.2981
4429,1.4907
4430,1.9774
4431,1.2472
4432,10.6649
4433,18.4625
4434,3.2998
4435,0.0
4437,3.2016
4438,25.2565
4439,17.2566
4440,0.0
4442,0.0
4443,0.0
4444,10.5473
4445,26.6024
4446,1.9795
4447,6.1142
4448,11.8602
4449,6.9358
4450,2.3717
4451,3.6451
4452,17.1257
4453,14.9065
4454,3.8788
4455,30.405
4456,9.8256
4457,1.4884
4458,6.377
4459,0.0
4460,0.0
4462,12.5938
4463,6.3092
4464,7.4622
4465,0.0
4466,2.5214
4468,6.5376
4469,7.8479
4471,0.0
4472,4.714
4473,0.0
4474,0.0
4475,12.4595
4476,4.3252
4478,2.6959
4479,21.4826
4480,15.2028
4481,0.0
4482,1.0
4484,13.8086
4485,19.4559
4486,0.0
4487,0.0
4488,3.6189
4489,3.7985
4490,3.3625
4492,0.0
4493,3.8951
4494,4.1748
4495,13.4477
4496,1.7193
4497,2.4819
4498,0.0
4500,0.0
4501,0.0
4502,19.1573
4503,0.5
4504,25.7034
4505,3.654
4506,13.6707
4508,11.2645
4510,2.3212
4511,4.7019
4513,9.3765
4514,6.6189
4515,0.0
4516,11.443
4517,3.1623
4520,10.1609
4522,2.6152
4523,23.2894
4526,0.0
4527,1.9405
4528,3.6626
4530,17.4484
4531,16.1621
4533,4.2309
4534,7.2045
4535,16.4446
4538,0.0
4539,2.4845
4541,19.2612
4542,0.0
4543,11.8271
4545,5.8992
4546,3.7989
4547,0.0
4548,17.4163
4549,10.3126
4551,10.9654
4552,2.4824
4553,7.3182
4554,26.1172
4555,39.1666
4556,0.866
4558,3.7294
4559,0.0
4561,9.9604
4562,12.9072
4563,0.0
4564,2.2285
4565,10.8517
4566,13.829
4568,11.8134
4569,10.049
4570,0.9798
4573,2.4139
4574,0.0
4575,2.3307
4576,0.0
4577,7.8497
4578,14.1852
4579,0.0
4580,28.1585
4581,8.4665
4582,0.0
4583,2.6328
4584,2.3046
4585,5.4943
4587,10.8953
4588,0.5528
4589,5.0769
4591,1.5
4592,8.8904
4593,5.5846
4594,0.0
4595,0.0
4597,0.0
4598,3.3375
4599,0.0
4600,8.8141
4601,5.5505
4602,8.6747
4603,13.1748
4604,8.2808
4605,18.8279
4607,34.4301
4608,28.8893
4609,0.0
4610,8.3991
4611,0.0
4612,24.6817
4613,5.3913
4614,23.2648
4615,0.0
4616,9.6416
4617,3.1378
4618,3.4808
4619,1.4569
4620,7.8352
4622,0.0
4623,19.5459
4624,0.9428
4625,12.4843
4626,28.278
4627,7.2045
4629,2.254
4630,2.7992
4631,0.0
4632,0.5
4633,6.4425
4634,8.6884
4635,1.065
4637,0.0
4638,7.218
4639,0.0
4641,1.8136
4643,58.4431
4644,0.0
4645,1.4142
4646,0.0
4647,0.0
4648,3.3672
4649,0.0
4651,13.6899
4652,0.0
4653,2.2048
4654,1.9448
4655,10.2733
4656,10.5572
4657,3.3426
4658,11.5829
4659,18.5903
4661,4.15
4662,5.6211
4663,14.507
4665,8.2664
4666,3.1649
4667,0.8292
4670,2.7844
4671,0.0
4673,0.0
4674,6.2238
4675,0.0
4676,7.0
4679,4.5251
4680,0.0
4681,3.9
4682,19.584
4683,6.5631
4684,11.6639
4685,0.4949
4686,2.2147
4688,2.8134
4689,3.2391
4690,9.5263
4691,3.9808
4692,0.0
4693,0.0
4694,9.0631
4695,6.6692
4696,32.609
4697,8.5471
4698,4.7549
4699,0.0
4701,7.0711
4702,9.6437
4703,2.6469
4705,9.1198
4707,1.4487
4708,1.4326
4710,5.1606
4711,0.0
4712,7.0868
4713,56.2602
4714,4.8182
4715,0.0
4716,0.0
4717,17.2575
4718,0.0
4719,4.0333
4720,8.1594
4722,16.0905
4723,0.0
4724,0.9091
4725,1.4583
4726,3.3078
4727,9.7732
4728,22.4405
4729,8.8773
4730,1.1134
4732,31.2382
4733,3.2822
4735,3.9099
4736,1.1503
4737,15.3912
4739,2.3353
4740,11.7576
4741,57.0074
4742,8.3004
4743,3.069
4744,1.7742
4746,36.5074
4747,13.8974
4748,2.3258
4750,4.9581
4751,4.7259
4753,0.0
4754,0.0
4755,0.0
4756,6.3624
4757,1.5943
4758,4.4324
4759,8.0661
4760,14.5518
4761,2.7206
4762,0.0
4763,42.073
4765,0.0
4766,21.1282
4767,0.0
4769,0.0
4770,2.4247
4771,0.0
4772,0.0
4773,7.4458
4774,2.8997
4775,1.893
4777,0.0
4778,0.0
4779,0.0
4780,14.7838
4781,3.3166
4783,0.0
4784,2.9954
4785,20.4061
4786,5.4588
4787,11.4034
4788,8.6088
4789,3.4053
4790,6.211
4792,0.0
4793,9.0682
4795,2.1053
4796,12.2059
4797,0.0
4798,5.0641
4799,11.1438
4800,8.7869
4801,2.6888
4802,1.9633
4803,0.0
4804,2.3081
4805,0.0
4806,0.0
4807,0.0
4808,0.866
4809,13.3172
4810,0.7857
4812,3.0288
4813,18.9601
4814,1.0
4815,5.2061
4816,1.4569
4817,15.1851
4818,5.8647
4819,0.0
4820,0.0
4821,7.958
4822,21.0565
4825,26.8251
4826,0.0
4828,11.0507
4830,2.253
4831,17.4473
4832,3.2903
4834,13.1623
4835,0.0
4837,4.0311
4842,9.3605
4843,7.8
4844,0.0
4845,2.7171
4846,2.5873
4847,13.9692
4848,1.3553
4849,3.7749
4850,1.9285
4851,0.0
4852,0.0
4854,3.18
4855,5.4124
4856,7.7987
4857,4.5348
4858,0.0
4859,13.2615
4860,3.756
4861,3.9944
4863,6.7061
4864,0.0
4866,34.8597
4867,14.3669
4868,2.357
4869,8.9563
4870,0.0
4871,2.5218
4872,14.1266
4873,10.4868
4874,0.0
4875,7.9418
4876,2.9047
4878,0.0
4879,8.3998
4880,10.943
4881,0.0
4882,0.8806
4883,0.7378
4884,0.0
4885,1.9486
4886,4.809
4887,13.4735
4888,6.5776
4890,2.1219
4891,10.1708
4892,16.9965
4893,0.4763
4894,0.0
4896,28.599
4898,0.0
4899,2.7276
4902,2.8284
4903,0.0
4904,0.0
4905,26.3085
4906,4.9458
4907,0.0
4908,4.9666
4911,1.4142
4912,3.2229
4913,6.3754
4914,1.5779
4915,0.0
4916,5.6892
4917,13.8725
4918,0.0
4919,13.2059
4920,4.5937
4921,13.1887
4922,20.4541
4923,8.5082
4924,4.989
4925,24.564
4927,0.0
4928,5.5505
4929,0.0
4930,0.0
4931,12.6233
4933,6.7262
4934,1.1358
4935,3.4641
4937,10.0177
4938,3.0421
4939,3.075
4940,4.2979
4941,5.7541
4942,10.1894
4943,7.6331
4944,0.0
4945,5.5
4946,5.1527
4947,10.1434
4948,15.1554
4949,2.1323
4950,2.6868
4951,0.0
4952,3.4033
4954,0.0
4956,12.8563
4958,1.2519
4960,19.0911
4961,4.6428
4962,12.3232
4963,9.4299
4964,5.2351
4966,8.8469
4967,2.1579
4968,10.5601
4969,19.8317
4970,1.5908
4972,0.0
4973,0.0
4974,42.2586
4975,1.6769
4976,9.9078
4978,0.0
4979,4.0234
4980,0.0
4981,1.4967
4982,4.5258
4983,8.6046
4984,3.1468
4986,11.8108
4988,0.0
4989,14.6616
4990,2.2401
4991,19.8517
4992,3.8197
4993,2.6784
4994,0.0
4995,1.299
4996,13.657
4997,5.9531
4998,6.9397
4999,0.0
5001,30.4543
5002,4.8282
5003,2.049
5004,11.6304
5005,1.9649
5006,13.3983
5010,0.9428
5011,19.19
5013,33.8048
5014,14.3711
5015,18.6786
5016,3.4911
5017,3.3392
5018,1.0
5019,0.0
5020,13.054
5021,10.8091
5022,6.6628
5024,11.1465
5025,3.7558
5026,19.4979
5027,3.4028
5028,6.0892
5029,19.9762
5031,3.49
5034,1.8856
5035,6.0186
5037,4.285
5038,15.0001
5039,41.1096
5040,15.2839
5041,14.5132
5042,2.901
5046,0.0
5047,7.81
5048,3.7284
5051,0.0
5052,0.0
5054,0.0
5055,14.1274
5056,0.0
5058,3.4775
5059,9.9216
5060,3.9291
5061,2.8301
5062,0.0
5063,0.9798
5064,0.0
5065,0.0
5066,0.0
5067,0.0
5068,0.4714
5069,5.7036
5070,12.359
5071,0.0
5074,3.9552
5075,4.5613
5076,0.0
5077,4.6648
5078,5.7607
5081,17.2422
5082,7.0467
5083,4.0324
5084,5.9781
5085,7.1933
5086,60.4715
5088,14.6357
5089,0.0
5090,23.9153
5092,1.299
5093,0.0
5094,21.2248
5096,6.8365
5097,4.8461
5098,10.9455
5099,4.5449
5100,2.5
5101,2.5284
5102,9.0196
5103,0.0
5104,13.7935
5105,24.9608
5107,13.8626
5109,11.9478
5110,7.5958
5112,23.0096
5114,12.7105
5115,12.3933
5117,0.0
5118,0.0
5119,4.7164
5121,0.0
5122,0.0
5123,2.7964
5124,0.0
5125,25.1877
5126,7.771
5128,0.0
5129,3.1325
5130,0.0
5131,16.5801
5132,10.0324
5133,41.1545
5134,4.5111
5135,30.8004
5136,0.0
5137,11.863
5138,0.0
5139,10.2251
5141,1.8856
5143,12.2256
5144,0.0
5145,5.3852
5146,0.0
5147,3.2705
5148,5.5769
5149,6.8331
5150,6.0
5151,0.0
5152,14.5924
5153,3.2573
5154,0.0
5155,17.9795
5156,4.957
5157,4.5909
5158,3.1439
5159,14.744
5160,1.8911
5161,0.0
5162,3.5897
5163,0.6403
5164,2.2156
5165,5.6788
5166,2.5337
5167,5.4718
5168,0.0
5170,2.0851
5171,4.996
5172,0.0
5173,2.0043
5174,2.3755
5175,1.3721
5176,30.2171
5177,73.9493
5178,0.0
5179,0.0
5182,13.2092
5183,24.7596
5184,0.0
5185,5.1439
5186,25.9549
5187,9.6844
5188,4.162
5189,16.383
5190,23.4199
5191,0.0
5192,2.1651
5193,14.8199
5194,0.0
5195,3.3308
5196,5.1735
5197,14.866
5198,4.3535
5199,6.0308
5200,4.5929
5201,1.8793
5202,0.0
5203,3.0082
5204,0.0
5205,0.0
5206,3.8432
5208,0.0
5209,0.0
5210,1.9107
5211,2.1817
5213,7.7281
5215,0.9953
5216,10.2766
5217,0.0
5218,6.2481
5221,13.4164
5223,7.584
5224,8.1667
5225,7.6665
5226,11.7126
5228,7.6288
5230,6.6246
5232,2.7255
5233,0.0
5234,22.7337
5236,8.6664
5238,0.0
5240,8.71
5242,0.0
5243,1.3361
5244,11.7588
5245,4.1097
5246,3.8802
5248,3.1447
5249,0.0
5250,0.0
5251,11.6345
5252,0.866
5253,3.3356
5254,1.411
5255,1.845
5256,8.4987
5257,2.4596
5258,6.3316
5260,0.0
5261,9.5554
5262,0.0
5263,3.656
5264,36.8009
5266,2.7495
5267,7.6495
5268,5.8172
5269,3.8079
5270,0.0
5271,28.9602
5272,8.4091
5273,0.0
5274,2.8219
5275,3.7826
5277,9.3712
5278,2.8723
5280,5.3235
5281,2.3947
5282,6.2161
5283,0.0
5284,0.0
5285,4.0413
5286,18.0367
5287,15.2944
5288,12.5389
5290,0.0
5291,4.2945
5292,0.0
5293,1.4555
5294,15.1822
5295,10.5444
5296,6.2805
5297,1.6472
5298,3.549
5299,0.0
5301,15.7783
5302,11.8931
5303,18.6757
5304,0.0
5306,0.0
5307,2.5298
5308,2.9872
5309,13.4247
5310,0.0
5311,14.792
5312,0.0
5314,1.633
5315,0.0
5316,3.9458
5317,1.5492
5318,1.2247
5319,2.8204
5321,1.3361
5322,3.3072
5323,0.0
5324,0.0
5325,6.0578
5326,8.5749
5327,1.8974
5328,16.7348
5329,5.7401
5330,11.5501
5331,2.6063
5332,0.0
5334,2.8202
5335,0.0
5336,3.3703
5337,3.9504
5338,8.7445
5339,1.4846
5341,6.5031
5343,6.213
5344,6.9982
5345,0.7284
5346,0.0
5347,3.21
5349,18.546
5350,10.8083
5351,4.9101
5352,2.4165
5353,3.4005
5354,3.6111
5355,8.2335
5356,14.4561
5358,0.0
5359,0.0
5360,0.0
5361,0.0
5362,1.939
5363,1.8927
5364,8.0689
5365,2.2203
5366,5.4074
5367,4.81
5369,3.5415
5371,6.7248
5372,0.0
5374,13.1709
5375,0.0
5376,2.3259
5378,9.3575
5379,1.7717
5380,2.136
5381,1.4316
5382,0.4841
5383,0.0
5384,6.5727
5385,2.3296
5386,2.0584
5387,8.0314
5388,1.3361
5389,7.7172
5390,0.0
5391,14.0336
5392,20.8239
5394,3.1298
5395,0.0
5398,0.0
5399,3.3124
5400,0.0
5402,1.9508
5404,0.0
5405,1.0769
5407,5.3359
5408,21.3074
5411,11.9536
5412,5.7174
5413,11.3231
5416,7.0625
5417,5.0707
5418,3.8492
5419,0.0
5420,1.95
5421,0.5
5422,5.4869
5423,27.0135
5424,10.1705
5425,0.0
5427,5.7523
5428,0.0
5429,1.3995
5430,2.1488
5431,0.0
5432,3.5018
5433,0.0
5435,5.3414
5436,1.6394
5437,11.5931
5438,11.9414
5439,12.182
5442,20.0507
5443,14.8428
5444,2.9661
5445,1.5
5446,5.8363
5447,9.9573
5448,2.6221
5449,6.6401
5450,0.0
5451,0.0
5452,8.357
5453,0.0
5454,2.9933
5455,9.5161
5456,20.8665
5457,4.1976
5460,7.7107
5461,11.27
5462,4.357
5463,14.4907
5464,1.864
5465,29.9825
5469,2.5445
5470,15.0478
5471,1.8557
5472,13.7925
5473,11.9022
5474,0.0
5475,8.3703
5476,15.4583
5477,58.7953
5478,5.3493
5479,2.8777
5480,12.5974
5481,2.56
5482,0.0
5483,7.7967
5484,0.0
5485,4.123
5487,0.4899
5488,14.6052
5489,20.8758
5490,0.0
5491,0.0
5492,1.5269
5493,6.875
5494,1.1565
5496,4.7883
5497,3.7471
5498,9.6161
5499,5.2702
5501,4.7323
5503,0.0
5504,1.92
5506,0.0
5507,0.0
5508,2.0946
5509,0.0
5510,1.7353
5513,4.8448
5514,0.0
5515,8.0038
5516,12.8871
5519,1.2499
5520,13.6355
5522,2.6087
5523,1.8856
5524,4.0376
5525,25.5
5526,5.1536
5527,17.0737
5528,6.4197
5529,0.0
5530,0.9798
5531,10.5069
5532,0.0
5533,4.8141
5534,6.9824
5535,0.9035
5537,6.5791
5538,0.0
5539,24.5687
5540,4.7331
5541,2.8748
5542,0.0
5543,14.0682
5544,5.2776
5545,16.7709
5546,0.0
5547,3.8421
5548,17.2458
5549,10.0656
5550,11.7537
5551,7.4829
5552,17.1601
5553,11.2042
5554,2.0275
5558,2.5537
5559,6.994
5560,2.8284
5561,8.7306
5562,29.8982
5563,56.7461
5564,0.0
5565,0.0
5566,11.5434
5568,5.0093
5569,14.7784
5570,16.7218
5571,13.942
5572,6.3161
5573,4.7482
5574,37.9364
5576,13.1917
5577,3.3917
5578,7.0588
5579,9.5504
5580,4.6373
5581,11.0743
5582,8.24
5583,6.4456
5584,14.6695
5585,3.4148
5586,4.5
5587,0.0
5588,12.9479
5589,3.1341
5590,0.0
5591,4.2349
5592,0.0
5593,3.708
5594,8.7469
5595,0.0
5596,7.3063
5597,1.4309
5598,1.0308
5599,1.3744
5600,2.8846
5601,2.4268
5603,15.0525
5605,4.7129
5606,1.2583
5609,11.5607
5610,0.6849
5611,9.0351
5612,1.8695
5613,0.0
5614,2.7692
5615,2.8973
5616,0.0
5617,12.5442
5618,2.4479
5619,0.0
5621,4.5484
5622,12.3939
5624,1.6592
5625,2.0104
5627,3.2187
5628,12.7227
5629,0.0
5630,0.0
5631,5.4009
5632,2.3584
5633,13.7201
5634,3.8964
5635,0.0
5637,2.4204
5638,2.1189
5640,3.2016
5642,0.0
5644,7.746
5645,15.6724
5646,0.0
5647,8.7249
5648,2.1262
5650,1.5
5651,0.0
5653,1.4876
5654,6.5955
5655,35.5195
5656,5.5718
5660,0.0
5661,0.0
5663,2.6705
5664,0.0
5665,18.1506
5666,1.341
5668,0.0
5669,5.87
5671,22.852
5672,0.0
5673,2.5
5674,4.5978
5675,11.7634
5677,11.5836
5678,1.6002
5679,1.4333
5680,1.9938
5681,1.479
5682,3.7818
5683,3.8439
5684,0.0
5685,11.0425
5686,0.0
5687,2.8069
5688,0.0
5689,4.6585
5690,9.9121
5691,0.0
5692,1.5429
5693,2.8961
5694,8.7566
5695,20.2231
5696,0.0
5697,4.6103
5698,0.9428
5699,0.7454
5700,8.5141
5701,6.0
5702,0.0
5703,4.6847
5704,8.0758
5705,0.0
5706,13.1668
5707,4.1084
5708,30.761
5709,9.4348
5710,0.0
5711,2.46
5712,4.4038
5713,3.4938
5714,11.1299
5715,3.5312
5716,4.3571
5717,3.8203
5719,7.1802
5721,10.9487
5722,8.3458
5724,3.8847
5725,9.6818
5726,0.0
5727,8.3378
5728,0.0
5729,3.5673
5730,17.4116
5731,2.9864
5732,0.0
5733,27.9925
5734,6.1889
5735,9.7838
5736,5.4402
5737,1.5452
5738,0.0
5739,1.8974
5740,2.9864
5741,4.714
5743,16.5232
5744,5.974
5745,5.0822
5746,0.0
5748,3.62
5749,10.3848
5751,7.084
5753,4.0962
5754,13.2656
5755,0.0
5757,0.0
5758,10.382
5760,4.062
5761,4.3095
5762,9.8699
5764,1.9596
5765,3.0264
5766,0.0
5767,1.9457
5768,13.3309
5769,0.0
5771,3.9456
5773,0.8749
5774,8.723
5775,3.8871
5776,0.0
5777,18.7814
5778,14.0981
5779,6.7961
5781,19.5727
5782,2.5751
5783,5.3094
5784,2.1213
5785,0.0
5786,0.0
5787,1.9795
5788,2.1039
5789,1.9969
5790,7.1336
5791,18.0705
5792,10.8149
5793,7.6673
5794,5.5721
5795,0.0
5797,3.6118
5798,15.2268
5799,2.0463
5800,0.866
5801,0.0
5802,2.681
5803,12.3562
5804,13.0526
5805,23.6782
5806,12.767
5807,0.0
5808,0.0
5809,0.0
5811,9.9582
5813,7.3684
5815,13.1022
5816,13.0104
5821,0.0
5822,2.9441
5823,0.0
5824,2.542
5825,7.3479
5826,0.0
5827,17.6804
5828,3.2728
5829,21.2445
5830,21.1333
5831,21.7888
5832,3.8809
5834,2.8062
5835,5.1366
5836,16.6428
5838,10.4465
5840,0.0
5841,1.8167
5842,11.3638
5843,7.3191
5844,3.6762
5845,2.1381
5846,7.5462
5847,14.8648
5848,0.0
5849,2.2271
5851,6.2987
5852,27.9066
5853,9.4892
5854,3.7746
5855,15.1318
5857,21.8545
5858,2.091
5859,0.0
5860,3.9476
5861,16.7652
5862,0.0
5863,0.0
5864,0.768
5865,0.0
5866,1.2512
5867,13.8314
5868,0.7726
5869,0.0
5870,10.3397
5871,31.3807
5873,11.3431
5874,1.118
5875,0.0
5877,10.3923
5878,0.4714
5879,8.9507
5880,1.9391
5882,13.8948
5883,14.0652
5885,5.1614
5886,1.0
5887,4.3305
5891,2.6108
5892,0.0
5894,0.0
5898,0.0
5899,0.0
5900,9.7368
5901,4.0153
5904,2.3387
5905,4.0582
5906,1.711
5907,67.3758
5908,0.0
5911,10.9559
5912,3.0767
5913,12.9539
5916,1.7393
5917,0.0
5918,1.6763
5919,0.0
5920,15.8427
5921,13.3254
5922,8.3223
5923,0.0
5926,2.4211
5927,0.0
5928,13.8461
5929,27.4946
5930,1.3553
5931,5.3675
5932,0.0
5933,13.0496
5934,26.8449
5935,15.6576
5937,12.3839
5938,9.7002
5939,0.0
5943,4.741
5944,0.0
5945,4.4086
5946,0.0
5947,3.1309
5948,5.7241
5949,15.129
5950,2.8293
5951,16.3394
5952,8.2329
5953,3.1552
5954,1.7321
5955,0.0
5956,7.5189
5957,3.8002
5959,0.0
5960,15.5769
5961,4.1494
5963,12.1244
5964,28.3187
5965,2.0
5966,0.0
5967,11.8102
5968,3.9275
5969,14.1421
5970,1.7854
5971,11.6192
5972,7.4275
5973,21.139
5974,2.1164
5975,3.8324
5976,6.1229
5977,0.0
5978,8.4181
5979,1.8892
5980,20.5701
5981,0.0
5982,17.6599
5983,32.5951
5985,3.8217
5986,0.0
5987,0.0
5989,7.2138
5992,0.0
5995,3.9843
5997,8.4649
5998,15.2573
5999,0.0
6000,3.2692
6001,1.3787
6002,14.4807
6003,3.4033
6005,0.0
6006,12.0237
6007,30.1873
6009,21.3964
6010,8.1733
6011,0.6236
6012,7.8453
6013,2.1249
6014,11.9907
6015,1.4464
6016,2.2526
6018,2.9499
6019,2.6585
6020,6.2814
6021,14.2656
6022,0.0
6025,47.4464
6026,1.7599
6027,23.7616
6028,10.4864
6029,2.227
6031,0.0
6032,3.4408
6033,0.0
6034,15.0874
6035,1.8957
6036,0.0
6037,1.9751
6038,0.9428
6039,1.3582
6040,11.2425
6041,4.9943
6042,4.3988
6044,5.534
6045,2.3443
6046,1.9621
6047,1.0
6048,5.7896
6049,6.139
6051,9.4198
6052,7.4608
6053,2.5
6054,4.3996
6055,21.4048
6056,15.9447
6057,0.4714
6058,2.5794
6059,8.313
6060,0.0
6061,5.7892
6062,9.6104
6064,0.8
6065,13.1955
6066,1.5
6067,10.6908
6069,1.3553
6070,17.2293
6071,3.4641
6072,0.0
6073,0.0
6074,26.3051
6075,1.2
6077,13.0837
6078,8.7018
6080,3.7857
6081,6.8723
6082,0.0
6083,10.7895
6084,5.2446
6085,0.0
6086,2.2879
6087,14.7553
6088,3.5634
6089,25.173
6091,20.2304
6092,4.314
6094,2.5415
6095,11.035
6096,19.4156
6097,9.3707
6098,12.5696
6099,0.0
6100,4.5474
6101,2.0548
6102,2.8695
6103,12.8331
6104,0.0
6105,1.2247
6106,8.952
6107,0.0
6108,5.2408
6109,12.2673
6110,0.0
6112,9.6908
6113,18.8746
6114,0.9428
6116,0.433
6117,1.3844
6118,16.2224
6119,34.383
6120,0.0
6121,8.2094
6122,1.5102
6123,2.9085
6124,9.2613
6125,11.9426
6126,7.7141
6127,15.6844
6129,1.2524
6130,4.2659
6131,2.0494
6132,0.0
6133,5.1536
6134,3.1777
6135,17.6223
6136,3.5228
6137,3.6401
6139,8.4094
6140,15.1472
6142,4.3365
6143,2.8546
6144,1.7931
6145,6.1847
6146,0.0
6147,3.2772
6148,0.0
6149,4.0819
6150,14.2338
6151,5.4754
6152,0.9428
6153,2.4394
6154,3.5
6156,3.5128
6158,0.0
6159,3.4726
6160,5.4058
6161,0.0
6164,10.0519
6165,2.3746
6166,1.4697
6167,7.5546
6168,0.0
6169,0.0
6170,7.6076
6171,3.3564
6172,0.0
6173,1.299
6174,0.0
6176,0.0
6177,0.0
6178,30.7528
6179,0.0
6180,2.515
6181,1.8497
6182,9.8432
6183,0.0
6185,4.2809
6186,5.5202
6187,11.4458
6188,3.7898
6189,2.4416
6190,7.7948
6192,1.5026
6193,0.0
6194,14.7561
6195,11.924
6196,0.0
6197,6.1
6198,0.0
6200,17.0253
6201,3.6401
6202,8.1185
6203,13.5228
6204,0.0
6205,14.8099
6206,4.3148
6207,0.0
6208,8.4257
6209,5.4998
6211,0.4899
6214,6.3138
6215,0.0
6217,6.4952
6218,10.7079
6219,17.1827
6220,13.0779
6221,0.7319
6222,8.0165
6223,4.9406
6224,0.0
6225,0.0
6226,0.0
6227,1.1249
6228,3.5977
6230,1.6997
6231,0.0
6233,9.4281
6234,23.2247
6235,5.1245
6236,13.0456
6237,11.4973
6238,4.5017
6239,5.4175
6241,13.6625
6242,0.0
6243,0.0
6245,24.7138
6246,3.148
6247,6.7222
6248,0.0
6250,0.0
6253,2.4678
6254,4.0608
6255,9.3249
6256,3.0955
6257,17.4463
6258,1.4142
6259,14.5438
6260,14.0048
6261,3.2998
6262,3.5707
6263,0.0
6264,12.4761
6266,16.7965
6267,1.4142
6268,1.6006
6269,1.7854
6270,0.0
6272,9.8956
6273,2.9303
6274,3.7887
6275,3.6997
6277,11.4448
6281,7.7659
6282,7.779
6284,6.8113
6285,0.0
6286,1.4015
6287,0.0
6288,3.5935
6291,6.8864
6292,14.0769
6294,13.7632
6295,2.6247
6296,14.6598
6297,5.1412
6298,3.732
6299,30.1185
6300,3.0
6301,17.1989
6302,26.5322
6303,15.3699
6304,13.365
6306,1.4432
6307,4.0
6308,12.0578
6309,13.6713
6310,0.0
6312,5.6631
6313,0.5
6314,2.5485
6315,3.2872
6316,0.0
6319,4.2426
6320,0.0
6321,0.0
6322,0.0
6323,2.586
6324,2.9629
6325,8.4706
6327,2.7692
6328,7.9031
6331,0.0
6332,0.0
6333,6.6791
6334,0.0
6335,5.2876
6336,3.3157
6337,13.1521
6339,0.0
6340,3.8644
6342,12.2143
6343,0.0
6345,4.6783
6346,1.6271
6347,8.9022
6349,3.9656
6350,0.0
6351,0.0
6352,7.5175
6354,0.0
6355,0.0
6356,10.9219
6357,0.0
6359,15.2035
6360,0.0
6361,0.0
6363,11.7576
6364,0.0
6365,17.3064
6367,2.3371
6368,3.7556
6370,8.2511
6371,10.0073
6372,0.0
6373,2.4691
6375,2.3485
6376,12.7724
6378,12.4574
6379,11.3247
6380,14.8461
6381,4.4176
6383,2.0048
6384,52.8205
6385,14.6845
6386,7.1947
6387,0.0
6388,5.3042
6389,6.2578
6390,0.0
6392,0.0
6393,2.3438
6394,1.5
6395,5.9387
6396,16.9904
6399,11.5086
6400,25.8493
6401,0.0
6402,4.15
6403,0.0
6406,0.0
6407,0.0
6408,5.0463
6410,6.0085
6411,0.0
6412,32.4414
6413,5.9027
6414,0.0
6415,0.9798
6416,33.4493
6417,37.6173
6418,11.9817
6419,1.1331
6421,14.67
6424,7.7616
6425,3.0
6426,19.8135
6427,7.2222
6428,1.4952
6429,2.501
6430,0.9063
6431,11.1999
6432,8.2562
6433,7.6017
6434,31.1372
6435,0.781
6436,14.7843
6437,0.0
6438,38.1843
6439,14.4355
6440,4.5893
6442,5.1325
6443,3.732
6444,1.4907
6445,15.0
6446,8.0225
6447,0.0
6448,13.4873
6449,5.7365
6450,1.3997
6451,5.4961
6452,4.9108
6453,2.2298
6454,0.0
6457,8.1654
6458,7.1736
6459,6.5748
6460,14.3476
6461,0.0
6462,0.0
6463,19.2534
6464,1.0198
6465,20.4506
6466,14.2498
6467,2.1342
6468,19.4675
6469,11.933
6470,16.5538
6472,23.7785
6473,0.0
6474,21.6149
6475,9.273
6476,3.4655
6478,8.585
6479,10.3293
6480,7.4458
6481,0.866
6482,3.618
6484,11.9063
6485,6.0
6486,0.0
6488,4.1883
6489,7.632
6491,9.4429
6492,3.3196
6494,0.0
6495,12.3074
6496,0.0
6497,0.0
6498,14.112
6499,5.6424
6500,0.8292
6502,0.0
6503,4.7136
6504,1.4
6505,21.2184
6506,8.4532
6508,4.3233
6509,22.1949
6510,9.9008
6511,1.2247
6512,0.7127
6515,4.0073
6516,4.0447
6517,21.1284
6518,0.0
6520,16.567
6521,11.8859
6522,3.541
6523,6.6378
6524,1.5
6525,2.3123
6526,6.1065
6527,9.8991
6528,12.7352
6529,3.7688
6530,0.0
6531,21.6395
6532,0.0
6534,15.0792
6535,11.2759
6536,12.9017
6538,39.2715
6539,14.6096
6540,0.0
6541,13.2699
6542,12.4041
6543,1.4142
6544,4.6887
6546,14.9389
6547,0.9428
6548,13.2782
6549,43.2435
6550,22.3018
6551,4.5123
6552,0.0
6553,8.063
6554,12.686
6555,12.4616
6556,4.6479
6557,1.56
6558,1.1072
6561,34.7934
6562,11.9469
6563,15.3881
6564,13.6
6565,0.0
6566,1.7154
6567,0.0
6570,2.7938
6571,0.0
6572,0.0
6573,2.7826
6574,0.0
6575,11.8157
6576,9.7846
6577,23.1089
6578,8.5717
6579,16.2975
6580,0.0
6581,5.8832
6582,9.9146
6583,2.417
6585,12.3152
6586,0.7454
6587,0.0
6589,13.5698
6591,3.8919
6592,0.0
6593,2.26
6594,0.0
6596,9.065
6597,0.0
6598,0.0
6601,0.0
6603,0.0
6604,4.1474
6605,13.351
6606,44.3772
6607,1.6525
6608,8.0
6609,5.6861
6611,2.0463
6612,3.3286
6613,21.7693
6614,0.997
6615,1.5541
6616,2.618
6617,0.0
6619,3.9293
6621,0.0
6623,8.0
6624,0.0
6625,0.0
6627,16.877
6628,20.1442
6629,0.0
6630,0.5
6632,6.4846
6633,0.0
6635,2.8611
6637,2.3927
6638,3.5707
6640,3.3665
6643,9.5051
6645,7.7994
6647,15.0824
6648,6.8071
6649,13.4381
6650,13.0456
6652,0.0
6653,1.0137
6654,1.299
6656,0.0
6657,4.6754
6658,0.0
6659,0.0
6660,19.0668
6661,0.0
6662,0.0
6663,5.4858
6664,2.2848
6665,15.0909
6666,4.7902
6667,7.0
6668,10.334
6669,11.6497
6670,30.0325
6672,2.987
6673,13.3553
6674,0.0
6675,2.6158
6676,0.0
6678,10.6878
6680,3.7225
6682,8.2638
6684,26.99
6685,12.2451
6686,0.0
6687,20.6485
6688,6.7721
6690,3.5279
6693,0.0
6694,0.4714
6695,4.5196
6696,16.8416
6697,4.2426
6699,3.9853
6700,8.8549
6701,21.0
6702,20.548
6703,1.6
6704,2.7961
6706,11.0969
6707,4.4891
6708,7.3044
6709,0.0
6711,12.8227
6712,7.3436
6713,7.7522
6714,0.0
6715,16.6028
6716,25.4558
6717,2.1081
6718,6.0293
6719,66.453
6720,10.6355
6721,7.7875
6722,8.5245
6724,2.29
6725,12.3341
6726,0.0
6727,12.9701
6728,2.87
6730,0.0
6731,2.1721
6732,9.6476
6734,1.0897
6735,0.0
6736,1.3565
6737,2.7011
6738,5.7061
6739,19.2879
6740,0.0
6741,12.2984
6742,0.0
6743,2.8346
6744,9.9678
6746,1.8998
6747,0.0
6749,10.9516
6750,4.4141
6752,11.8838
6754,1.554
6755,5.0914
6756,20.1199
6757,4.1838
6758,3.7268
6759,12.4786
6760,6.6123
6761,17.2417
6762,7.2157
6763,0.0
6765,10.7355
6766,3.1054
6767,0.0
6768,19.4454
6770,11.158
6771,12.1335
6772,0.0
6773,7.6174
6774,4.9608
6775,1.8856
6777,2.4944
6779,15.9979
6781,18.4782
6782,6.6316
6783,6.0
6784,16.3064
6785,13.0433
6786,3.7079
6787,28.8125
6788,16.7607
6789,2.0636
6790,0.0
6791,9.9003
6792,0.0
6795,0.0
6796,15.2415
6797,6.994
6798,0.0
6799,13.5974
6800,0.0
6801,0.0
6803,16.3232
6804,8.6836
6805,1.3098
6807,2.6913
6808,9.3148
6809,14.6969
6810,0.5995
6811,5.9603
6812,0.0
6815,0.0
6816,33.1591
6817,11.4721
6818,2.5257
6819,5.6677
6820,44.7775
6821,11.3189
6822,9.4037
6823,3.8971
6824,23.2088
6825,5.6387
6826,39.6411
6827,8.2912
6829,0.0
6830,5.8368
6831,29.7908
6832,4.4931
6833,6.6277
6834,2.4599
6836,3.5659
6837,1.6429
6838,1.6432
6839,0.9428
6840,1.6211
6841,10.5436
6842,3.0819
6843,37.9633
6844,2.6673
6846,33.9551
6847,0.0
6848,11.11
6849,29.1901
6850,7.2284
6851,0.0
6852,3.3823
6853,10.3709
6854,10.2546
6855,0.0
6856,5.6119
6857,36.5366
6858,4.3068
6859,5.9268
6861,8.5
6862,0.0
6863,2.3094
6864,9.5533
6865,1.5203
6866,8.8616
6868,8.6679
6869,2.0062
6870,4.0026
6871,10.304
6872,14.3638
6873,2.1999
6874,12.4706
6875,7.8127
6878,2.5298
6879,8.5447
6880,0.0
6881,0.0
6882,0.0
6885,4.5078
6888,1.3888
6889,0.4714
6890,0.5
6891,0.0
6892,11.4859
6893,17.9134
6894,0.0
6895,4.1862
6898,0.0
6899,0.7217
6900,0.0
6902,17.8379
6903,2.1213
6904,0.0
6905,18.2198
6906,17.4779
6907,11.5757
6908,21.1014
6909,9.7563
6910,14.9183
6911,3.2811
6912,6.1574
6913,0.0
6914,7.7684
6915,12.7735
6916,0.0
6918,2.0254
6919,0.0
6920,0.0
6921,0.0
6922,11.5522
6923,0.8292
6924,1.4707
6925,10.0701
6926,4.0171
6927,22.6168
6928,3.496
6929,10.6237
6930,4.3959
6931,0.0
6932,0.0
6933,27.8794
6936,24.4022
6937,1.5
6939,10.0553
6940,4.7166
6941,15.522
6942,0.0
6943,0.0
6944,13.4198
6945,1.0556
6946,16.8168
6947,20.3877
6948,6.3583
6949,0.0
6950,0.0
6952,12.289
6953,1.6013
6954,10.7982
6956,16.4931
6957,0.0
6958,9.7107
6959,20.3654
6960,1.5
6961,2.5129
6962,0.0
6964,0.0
6965,29.1652
6966,1.1742
6967,15.7231
6968,13.7889
6969,11.3663
6970,0.433
6971,3.4409
6973,0.0
6975,6.7149
6978,16.6305
6979,0.0
6980,16.0774
6981,8.0736
6982,0.0
6984,0.8937
6986,0.0
6987,0.0
6988,21.1107
6989,4.0853
6990,12.8627
6991,0.0
6992,4.0839
6994,10.0918
6995,5.4872
6996,2.632
6997,4.0049
7000,7.2271
7001,3.0311
7002,16.6265
7003,9.5886
7004,43.8953
7005,2.1876
7006,0.0
7007,3.2642
7008,0.9428
7009,14.0245
7010,9.0464
7012,5.3887
7013,1.0
7014,7.7157
7015,10.0987
7016,7.8333
7017,24.4694
7018,8.5644
7019,2.2271
7021,5.6592
7023,0.0
7024,0.0
7025,0.0
7026,0.0
7027,0.0
7028,0.0
7029,6.6287
7031,1.9896
7033,5.9463
7034,1.9743
7035,14.2883
7036,4.5437
7037,1.5628
7038,23.9231
7039,13.7649
7042,13.4608
7043,12.242
7044,20.951
7045,0.0
7047,8.9738
7050,11.1977
7051,16.9706
7052,7.8167
7053,5.7287
7054,0.0
7056,11.3475
7057,12.1626
7058,2.89
7059,0.0
7060,14.3156
7061,0.0
7062,18.9275
7063,5.8522
7064,2.8212
7065,8.3582
7066,2.0
7067,12.8899
7068,5.0821
7069,0.0
7070,6.6971
7072,9.0437
7073,8.9764
7074,6.6799
7075,0.0
7078,0.0
7079,3.0538
7080,0.0
7081,0.0
7082,2.4782
7083,20.2129
7084,1.8547
7085,2.1953
7086,4.0
7087,7.8884
7088,2.3378
7089,0.9187
7090,4.9554
7092,5.6569
7094,30.6517
7096,1.1606
7097,0.0
7098,14.5788
7101,0.0
7102,1.9769
7103,0.0
7104,5.8865
7105,2.6617
7109,0.0
7110,3.8421
7111,2.2768
7112,4.6372
7114,2.3647
7115,23.5811
7116,3.3564
7117,4.8
7118,0.6
7119,7.1519
7120,2.1387
7122,2.5
7123,6.784
7124,3.3778
7126,3.927
7127,1.2454
7128,0.3307
7129,10.0623
7130,26.6009
7131,3.4375
7132,0.0
7133,30.974
7134,8.0484
7135,7.1164
7137,4.2499
7138,26.1102
7139,3.4911
7140,20.7364
7141,11.1703
7142,3.3993
7143,0.0
7144,6.5265
7145,0.0
7148,23.9707
7149,10.1614
7150,6.3359
7151,42.2489
7152,4.6152
7153,19.4034
7154,83.0596
7156,0.0
7157,8.4978
7158,0.9428
7160,13.8738
7161,10.0569
7162,3.3462
7163,1.118
7164,34.6073
7165,0.0
7167,0.0
7168,0.0
7169,3.6247
7170,1.0289
7172,13.7597
7173,14.5639
7174,0.0
7175,3.1598
7177,20.4932
7178,11.1803
7179,0.0
7180,0.0
7182,3.0099
7183,1.633
7184,3.3466
7185,13.905
7186,27.6237
7187,0.0
7188,0.0
7189,0.0
7190,1.4087
7191,18.8464
7192,5.4727
7193,3.5355
7194,10.5081
7195,0.0
7197,3.0096
7198,0.0
7200,3.1192
7201,1.9149
7202,1.5914
7203,7.8688
7204,13.8884
7205,0.0
7207,4.301
7208,6.534
7209,0.0
7210,3.677
7211,0.0
7212,11.0926
7213,2.29
7214,8.7719
7215,26.749
7216,4.8272
7219,1.6
7220,0.0
7221,5.4115
7222,1.8708
7223,21.4204
7224,0.0
7225,6.3005
7226,19.2039
7228,1.299
7230,8.889
7232,1.2776
7233,13.5458
7234,0.0
7237,7.8324
7238,2.7316
7239,2.6869
7240,0.0
7241,1.0
7243,2.8104
7244,14.0157
7245,0.0
7246,4.858
7247,5.3054
7248,7.796
7249,0.0
7250,5.8829
7251,3.3749
7252,13.897
7253,0.0
7254,8.5
7256,5.893
7257,3.4293
7258,7.8354
7259,0.0
7260,5.5
7261,5.7231
7263,12.2895
7264,0.0
7265,1.8964
7267,0.0
7268,0.0
7269,10.0739
7270,8.9295
7271,0.0
7273,0.0
7274,9.1301
7275,0.0
7276,14.3963
7277,10.6643
7278,6.1912
7279,0.0
7281,31.8087
7282,0.0
7283,1.7951
7284,14.6403
7285,0.0
7287,3.3836
7288,0.0
7289,34.6229
7290,5.0
7291,13.7055
7292,17.9823
7293,4.9487
7294,2.7886
7295,24.9722
7296,2.5364
7297,0.0
7298,3.1182
7299,3.12
7300,2.9297
7301,13.0437
7302,2.9142
7303,0.0
7304,0.0
7305,4.4558
7306,15.4592
7307,3.0067
7308,0.0
7310,5.026
7311,16.2453
7312,7.9806
7315,15.9388
7316,17.4356
7318,15.05
7321,37.4474
7322,4.1289
7323,1.4517
7325,0.0
7326,3.1155
7327,0.0
7328,2.6309
7331,17.1665
7332,15.6
7333,6.6606
7334,26.1666
7335,1.9596
7337,0.5
7338,10.2803
7339,27.1553
7340,5.174
7341,10.1544
7342,14.5724
7343,6.4748
7344,2.4028
7345,11.0547
7347,4.084
7348,4.8125
7349,0.0
7350,7.8304
7351,23.47
7352,0.0
7353,1.8034
7354,4.9959
7355,2.0428
7356,22.8061
7357,3.1802
7358,8.9253
7359,13.6565
7360,0.0
7361,3.0501
7363,6.261
7364,0.0
7365,11.7358
7368,0.0
7369,6.6026
7370,2.7634
7371,3.2497
7373,0.0
7375,2.8
7376,20.6292
7377,5.3896
7379,0.0
7381,0.0
7382,3.9369
7383,5.1829
7384,2.7726
7385,3.3025
7387,14.3457
7388,11.5225
7389,0.0
7390,0.0
7391,12.5621
7392,0.0
7393,6.7613
7396,3.9944
7397,5.435
7398,17.8966
7399,0.0
7400,0.0
7401,1.5922
7403,3.0067
7404,0.0
7405,7.9516
7406,1.597
7407,13.4552
7409,7.2818
7411,6.3944
7412,23.1725
7413,0.0
7414,3.2146
7415,15.1433
7416,1.9596
7418,0.0
7419,9.3375
7420,0.0
7421,1.8526
7422,0.0
7423,1.9596
7424,13.4205
7425,16.0452
7426,8.2162
7427,8.2459
7429,6.0
7430,0.0
7431,3.9256
7433,0.0
7434,0.0
7435,1.6163
7436,2.2852
7437,3.8694
7438,2.6926
7439,8.8388
7440,11.5507
7442,2.9797
7443,2.7051
7446,0.0
7447,4.2264
7448,1.7738
7450,0.0
7451,4.691
7452,0.0
7453,4.5491
7454,4.3863
7455,16.1198
7456,9.6711
7458,2.8212
7459,1.6653
7460,1.4106
7464,0.0
7465,7.7549
7466,26.4932
7467,2.7828
7468,3.8957
7469,19.1081
7470,5.2606
7471,6.208
7473,8.5601
7474,3.5953
7476,4.5319
7481,1.1715
7482,0.0
7483,8.5614
7484,15.1192
7485,2.1076
7486,0.0
7487,6.3072
7488,0.3143
7489,5.0988
7490,10.6412
7491,1.68
7492,0.0
7493,9.2131
7494,5.6043
7495,2.589
7497,0.0
7499,0.0
7500,10.2674
7501,2.6458
7502,6.8958
7503,12.7443
7504,3.0
7505,0.8975
7506,0.0
7507,2.4703
7508,2.2956
7509,19.4962
7510,21.8768
7511,0.0
7512,3.4293
7513,5.3338
7514,6.0755
7515,6.977
7516,7.1322
7517,0.0
7518,1.3147
7519,5.0476
7520,4.4808
7521,2.8656
7522,0.0
7523,8.7209
7524,20.5122
7525,5.0823
7526,10.1581
7527,0.0
7528,6.2361
7530,0.0
7531,2.1931
7532,11.4843
7533,1.5762
7534,7.7742
7535,0.0
7537,2.9006
7538,0.0
7539,19.923
7540,5.5128
7542,5.0097
7543,0.0
7544,2.8458
7546,2.7487
7547,0.0
7548,2.1111
7549,8.6006
7550,4.5822
7551,7.1334
7552,2.3868
7553,37.231
7554,0.0
7555,56.1525
7556,21.0032
7557,21.2097
7558,5.6843
7559,12.0731
7560,18.8562
7562,10.0533
7563,0.0
7567,3.3571
7569,10.3774
7570,2.7262
7572,3.6962
7573,10.8455
7574,1.5275
7575,3.2658
7578,0.0
7580,0.0
7581,5.8931
7582,0.0
7583,20.2145
7584,1.8249
7585,7.4234
7586,0.0
7587,1.1499
7589,4.3427
7590,0.0
7591,0.0
7592,6.2634
7593,11.8263
7594,1.7707
7595,2.1651
7596,1.3296
7597,2.5
7598,4.1136
7599,0.0
7600,7.4496
7602,3.6162
7603,40.5127
7604,8.1782
7605,5.1029
7606,4.3647
7609,44.9951
7610,0.0
7611,0.0
7612,9.7966
7613,22.2875
7614,0.0
7615,6.2992
7616,9.0363
7617,0.0
7618,25.326
7619,6.7511
7620,22.7332
7621,34.0823
7622,1.5635
7623,0.0
7624,0.0
7626,0.0
7627,6.8305
7628,0.0
7629,0.0
7630,12.9721
7632,14.3372
7633,1.0
7634,2.7
7635,3.7595
7636,0.0
7637,37.0923
7639,4.4983
7640,3.1932
7641,2.031
7642,15.8474
7643,0.0
7644,11.5621
7645,13.4406
7646,5.4358
7647,0.0
7648,21.7149
7649,12.8851
7650,28.8236
7651,0.0
7653,13.451
7654,0.3307
7655,20.6054
7656,0.0
7657,5.2825
7658,10.7547
7659,0.0
7660,22.4203
7661,0.0
7662,4.25
7663,16.1283
7664,11.179
7665,1.7394
7666,0.0
7667,29.3152
7668,2.1635
7669,16.5151
7670,0.0
7671,20.5348
7672,3.6873
7673,13.6499
7674,0.0
7676,0.0
7677,0.0
7678,4.8541
7679,2.8929
7680,4.322
7681,4.2745
7682,0.0
7683,0.0
7684,2.924
7685,0.0
7687,3.6851
7688,6.9762
7690,11.398
7692,2.2025
7693,0.0
7694,2.8654
7695,7.012
7696,1.4967
7697,14.5403
7698,12.2454
7699,3.3245
7700,4.4327
7701,14.5313
7702,2.9806
7704,5.5111
7705,25.9741
7706,2.0786
7707,30.2389
7708,0.0
7709,19.6777
7710,0.0
7711,5.5756
7713,2.4874
7714,0.0
7715,1.7717
7716,6.4361
7717,3.2388
7718,1.8856
7719,21.0906
7720,6.0881
7721,6.0148
7722,13.4423
7723,4.4075
7724,4.4328
7725,5.5791
7726,3.9192
7727,5.3151
7728,0.0
7729,0.0
7730,2.0864
7732,11.1575
7735,0.0
7737,7.5664
7738,1.8238
7739,20.4532
7740,0.0
7741,3.3908
7742,0.5
7743,0.0
7744,11.6725
7745,3.8119
7746,0.0
7747,18.2979
7748,10.7159
7749,7.8722
7750,11.5554
7751,41.6843
7752,0.0
7753,4.9037
7754,11.6582
7755,0.4979
7756,11.4646
7757,18.8243
7759,14.6895
7760,2.4813
7761,8.8035
7763,13.6733
7764,2.3094
7765,0.0
7766,4.4463
7767,6.7941
7768,2.6106
7769,5.8658
7771,2.0548
7772,0.0
7774,15.6793
7775,3.9698
7776,28.0084
7777,26.9196
7778,4.9096
7779,0.0
7781,1.462
7782,0.0
7783,14.9942
7785,37.681
7786,4.9742
7788,0.0
7789,8.4692
7790,13.5116
7791,0.433
7792,24.0267
7793,8.9477
7794,8.0629
7795,0.0
7796,1.7889
7797,7.5812
7799,1.6316
7800,20.6346
7801,2.9475
7802,0.0
7803,4.4077
7805,9.7336
7806,0.0
7807,0.0
7808,15.7989
7809,1.854
7811,0.0
7812,0.0
7813,10.1706
7815,2.1037
7816,2.2445
7817,2.9156
7818,15.1286
7819,10.49
7820,0.0
7821,0.0
7822,6.7543
7823,9.1765
7824,0.0
7825,11.4709
7826,0.0
7828,10.8041
7829,2.7624
7830,11.3326
7831,0.0
7832,11.5922
7833,1.748
7834,2.0
7835,9.8696
7836,2.2333
7837,3.1251
7838,0.0
7839,9.1028
7840,0.0
7841,7.16
7842,0.0
7846,0.0
7847,1.4337
7848,3.507
7849,2.3348
7850,12.9238
7852,2.0396
7853,9.5019
7854,12.2395
7856,3.4004
7857,17.4034
7858,3.2404
7859,6.7852
7860,16.3459
7861,6.9827
7863,3.3373
7864,10.4689
7865,2.144
7866,15.7582
7867,15.6425
7868,16.9247
7869,0.0
7870,1.5
7871,1.5
7872,34.4387
7875,1.3865
7876,6.1492
7877,0.0
7878,0.0
7879,10.3259
7880,0.0
7881,27.5136
7882,15.6621
7883,0.0
7884,0.0
7885,2.8392
7886,0.0
7887,0.0
7888,0.668
7889,2.5865
7890,9.6237
7891,10.4326
7892,35.141
7893,1.4736
7895,0.0
7896,17.929
7898,2.0616
7899,1.3293
7900,15.8812
7901,2.6533
7903,2.5048
7904,0.0
7905,12.9546
7906,3.0683
7907,13.264
7909,2.3854
7910,7.4659
7911,11.1395
7912,3.9616
7913,0.866
7914,5.8366
7915,1.1547
7916,0.0
7917,1.3437
7918,4.3664
7921,12.3956
7922,3.8494
7923,1.5
7924,4.2737
7926,5.831
7927,10.8108
7928,0.0
7929,7.4829
7930,0.5
7931,0.0
7932,4.7684
7933,8.938
7935,17.7994
7936,0.3307
7937,3.0414
7938,2.7305
7939,0.4714
7940,0.0
7941,9.2822
7942,2.6373
7943,28.009
7944,0.0
7945,6.61
7946,2.8964
7947,3.7769
7948,2.4449
7949,0.0
7950,4.6888
7951,3.148
7952,5.8232
7953,3.5949
7954,2.1583
7955,20.8384
7956,0.0
7957,2.121
7958,14.5704
7959,3.6742
7960,0.0
7961,0.0
7962,1.3123
7963,6.545
7964,8.6711
7965,5.1176
7966,5.0581
7967,0.0
7968,0.0
7969,8.6296
7970,0.0
7971,10.1217
7972,0.0
7973,0.0
7974,3.6328
7976,4.2213
7977,17.6884
7978,4.7066
7979,2.4561
7980,0.0
7981,0.0
7982,6.7159
7983,0.9798
7984,8.6464
7985,21.1543
7986,5.5103
7987,9.6469
7988,0.0
7989,57.0692
7990,0.0
7992,2.3266
7993,0.0
7994,23.5769
7995,2.4305
7996,2.3452
7997,7.0907
7998,2.8864
7999,0.4714
8000,1.8681
8001,4.4821
8002,16.0215
8003,0.0
8004,12.1861
8005,7.3817
8007,2.1579
8009,0.4714
8010,4.7076
8011,4.3966
8012,8.4145
8013,2.3534
8014,13.4554
8015,25.8465
8016,2.7129
8017,3.5
8018,9.0018
8019,15.9178
8020,17.5859
8021,0.0
8022,12.4871
8023,6.2213
8026,0.9428
8028,16.3639
8029,5.7988
8030,21.4338
8031,0.0
8032,7.3166
8033,10.1687
8034,1.9754
8035,9.9449
8036,0.0
8037,12.7716
8038,4.4365
8039,0.0
8040,16.4672
8041,0.0
8042,12.2082
8043,0.0
8044,5.1878
8045,8.441
8046,3.823
8047,1.8876
8048,11.9991
8051,2.0494
8052,8.3306
8053,3.312
8054,5.9014
8055,12.8419
8056,11.1831
8058,4.8094
8060,14.6268
8061,0.0
8063,4.8384
8065,1.5458
8066,12.4205
8067,0.3727
8068,2.1002
8069,22.3919
8070,0.0
8071,12.7754
8073,2.1428
8074,4.4213
8075,3.3953
8076,1.5535
8077,10.3356
8078,1.1684
8079,11.8645
8080,0.0
8081,2.5279
8082,5.5174
8084,12.6347
8085,0.0
8087,1.8561
8088,8.497
8089,2.9992
8090,16.1295
8091,5.9465
8092,3.3516
8093,11.3622
8094,8.2539
8096,23.656
8097,17.864
8098,0.0
8099,0.0
8100,2.1651
8101,10.859
8102,3.192
8103,0.0
8104,0.8165
8105,10.1381
8107,0.0
8108,3.173
8110,21.5934
8111,0.0
8112,5.081
8113,14.3
8114,13.5624
8116,3.2891
8117,0.8
8118,11.313
8119,4.0
8120,5.7899
8121,16.7189
8125,0.0
8126,8.1615
8127,8.98
8128,1.5635
8129,6.1824
8130,11.1229
8131,1.1249
8132,12.3164
8134,5.7964
8135,3.3733
8136,6.8364
8137,11.3239
8139,16.5918
8140,2.193
8141,1.7854
8142,10.3513
8143,2.0717
8144,8.1936
8145,12.4708
8146,2.4401
8147,6.8745
8149,52.0037
8150,28.3945
8151,13.2872
8152,0.0
8153,27.8792
8154,10.4286
8155,0.0
8156,1.4625
8157,3.2245
8158,20.9105
8159,4.5314
8160,0.0
8161,0.0
8162,4.6915
8163,1.7401
8164,7.0124
8165,7.3651
8167,1.6287
8168,19.7164
8169,4.8455
8170,0.0
8171,16.4315
8172,5.3278
8173,0.0
8174,19.7723
8175,7.4656
8177,0.4714
8178,0.0
8179,0.0
8180,0.0
8181,0.9682
8182,16.5897
8183,0.866
8184,0.0
8185,8.0122
8186,17.185
8187,2.9231
8188,3.1139
8189,21.8435
8190,2.4714
8191,13.0623
8193,6.2482
8194,16.9269
8195,0.0
8196,9.2544
8197,5.2251
8198,16.1044
8199,12.2651
8200,7.4899
8201,0.0
8202,2.6458
8203,1.4907
8204,13.8949
8205,9.6425
8206,7.275
8207,0.0
8208,2.5
8209,21.3511
8211,3.6162
8212,3.8586
8213,1.5858
8214,0.0
8215,3.58
8216,1.5644
8217,0.0
8218,0.0
8219,0.0
8221,1.3821
8223,0.0
8224,4.2157
8225,0.0
8226,0.0
8227,13.747
8228,4.8874
8229,1.8759
8230,3.1873
8231,8.0616
8232,0.0
8233,5.5283
8234,2.5196
8235,0.0
8236,1.6357
8237,8.1069
8238,13.5
8239,6.9447
8240,12.8914
8241,2.3167
8243,0.4714
8244,1.782
8246,17.9064
8247,7.1845
8248,1.7321
8249,1.5248
8250,1.9203
8252,26.98
8253,3.2371
8254,2.0734
8255,25.2713
8256,0.0
8257,3.7428
8258,2.9233
8259,1.4832
8260,26.1401
8261,0.8307
8262,11.828
8263,1.906
8264,6.3892
8265,35.919
8266,5.5573
8267,0.0
8268,10.5179
8269,12.1134
8270,13.0572
8271,1.6
8272,13.5882
8273,1.8755
8275,0.0
8276,0.7071
8277,27.6431
8278,2.6457
8279,2.524
8280,7.5733
8281,14.2398
8282,5.956
8283,3.8762
8284,22.1053
8285,13.1461
8286,0.0
8287,7.142
8288,2.0958
8289,4.1022
8290,4.4573
8291,0.0
8292,12.0642
8293,9.3924
8294,1.6959
8295,28.6872
8296,0.0
8297,5.6086
8298,0.0
8299,3.3541
8300,1.9035
8302,14.8495
8303,26.7854
8304,3.3839
8305,31.6002
8306,14.0858
8307,10.8087
8308,4.0048
8309,0.0
8310,1.822
8311,7.8974
8313,0.0
8314,17.8604
8315,0.0
8316,9.3041
8317,1.5
8318,0.0
8319,18.6062
8320,5.5013
8322,12.9241
8323,4.5735
8324,25.5424
8325,4.1723
8326,17.8174
8327,10.4051
8328,0.0
8329,23.5116
8330,1.4142
8331,5.2787
8332,16.2674
8333,5.218
8334,0.0
8335,17.7712
8336,0.0
8337,40.4675
8338,6.2627
8339,11.8344
8340,11.5622
8341,4.6499
8342,43.2093
8343,5.6559
8344,42.0967
8345,2.6553
8346,17.571
8347,2.6942
8348,5.4509
8349,0.0
8350,0.0
8351,0.0
8352,3.5511
8353,29.5188
8355,20.5321
8356,16.0902
8357,3.937
8358,1.6302
8359,1.8547
8360,0.0
8361,11.2201
8362,7.8782
8363,9.0153
8364,25.0715
8365,1.5641
8366,0.0
8367,10.621
8368,0.0
8369,40.2244
8370,8.6509
8372,2.3381
8373,0.0
8374,1.8763
8375,4.3517
8376,0.0
8377,12.1681
8379,0.0
8380,5.7155
8381,12.5574
8382,10.5712
8383,1.4087
8384,0.7638
8385,2.9233
8386,4.2708
8387,0.9428
8388,0.0
8389,14.7205
8390,0.0
8391,37.0231
8392,5.7446
8393,0.0
8394,6.125
8395,1.077
8396,2.8529
8399,9.1802
8400,11.5298
8401,19.0058
8402,3.2564
8403,12.7662
8404,2.4944
8405,9.5205
8406,5.4486
8407,13.3465
8408,4.6667
8409,7.784
8410,14.329
8411,0.0
8412,38.1606
8414,2.2822
8415,0.0
8416,0.0
8417,6.6239
8418,1.0285
8420,0.0
8421,11.9759
8422,17.2188
8423,18.6617
8424,1.8466
8425,0.0
8426,16.9743
8427,0.0
8428,1.7628
8429,7.1593
8430,15.1388
8431,2.9257
8432,4.1076
8433,24.5132
8435,1.973
8436,7.4333
8437,14.55
8438,29.0794
8439,6.6999
8440,0.0
8441,5.9372
8442,31.6295
8444,58.0666
8445,4.7164
8446,8.2225
8448,19.8908
8449,8.9657
8450,2.9508
8451,12.8977
8452,15.4992
8453,3.3876
8454,23.2479
8455,2.0879
8456,13.2622
8457,0.0
8458,1.7691
8459,0.0
8460,16.0614
8461,2.586
8462,0.0
8463,0.0
8464,18.6122
8465,3.0887
8466,1.6394
8467,0.0
8468,4.7913
8469,0.0
8470,7.2773
8471,20.8994
8472,30.4826
8473,15.6588
8474,4.7631
8476,13.809
8477,7.3583
8478,5.9566
8479,4.1181
8480,0.0
8481,5.8075
8482,0.9583
8483,8.5841
8484,28.8152
8485,11.8004
8486,12.0145
8487,5.0157
8488,49.5746
8489,0.0
8490,11.9504
8491,0.0
8492,22.6948
8494,14.6776
8495,3.1068
8496,0.0
8498,0.0
8499,6.0
8500,3.9255
8501,1.8856
8502,0.0
8503,7.5207
8504,6.8974
8505,0.0
8506,0.0
8507,2.5466
8508,2.4845
8509,0.0
8510,38.4973
8512,3.6125
8515,9.0214
8516,6.0754
8517,4.6683
8518,10.0
8520,0.0
8521,4.474
8522,13.9364
8523,3.0311
8524,0.0
8525,5.944
8526,3.3014
8527,14.5
8528,9.1297
8529,4.0764
8530,8.4509
8531,0.0
8532,8.5361
8533,13.6906
8534,2.853
8535,2.708
8537,4.5464
8539,2.8012
8540,0.0
8541,0.0
8542,10.7922
8544,15.5956
8545,3.6
8546,4.0654
8548,0.0
8549,18.3574
8550,3.4512
8551,2.7726
8552,2.6504
8553,3.0181
8554,0.0
8555,6.053
8556,4.3623
8557,0.0
8558,4.8864
8560,2.4839
8561,0.0
8562,0.8165
8563,2.7105
8564,10.8386
8565,5.5279
8566,4.4945
8567,0.0
8568,0.0
8569,3.4379
8570,0.0
8571,16.9778
8572,9.2952
8573,7.5815
8574,17.9154
8575,14.7947
8576,10.9349
8577,12.3901
8578,11.5191
8579,0.0
8581,0.0
8582,0.0
8583,13.1442
8584,11.6658
8585,47.8293
8586,0.0
8587,33.9684
8588,2.4634
8589,13.1457
8590,6.0764
8591,1.5349
8592,7.8761
8594,7.2716
8595,10.8394
8596,1.2472
8597,0.0
8598,0.8292
8599,12.485
8600,12.309
8601,10.0319
8602,14.4997
8603,5.1971
8604,0.0
8605,4.1393
8607,35.7661
8608,8.6167
8609,0.0
8610,2.8071
8611,0.0
8612,11.2022
8613,0.0
8614,3.9607
8615,2.1674
8616,16.4671
8617,17.9956
8618,11.1056
8619,0.0
8620,3.6944
8621,0.0
8625,2.0651
8626,0.8
8627,19.4408
8628,0.0
8629,4.1905
8630,6.4655
8631,8.6467
8632,10.3936
8633,10.7009
8635,5.8486
8636,20.7838
8638,7.4066
8639,0.0
8640,15.638
8641,0.0
8642,0.0
8643,2.2776
8644,12.7543
8645,15.8821
8646,40.0144
8648,7.5954
8649,4.8153
8650,0.0
8651,0.0
8653,9.2992
8654,0.0
8655,12.3637
8656,0.7994
8657,2.3154
8658,1.5995
8659,15.8899
8660,6.2522
8662,4.9749
8663,0.0
8664,0.0
8665,7.113
8666,5.4553
8667,21.9542
8668,18.5233
8669,4.1167
8670,4.7631
8671,2.9234
8673,0.5
8674,0.0
8675,9.4871
8676,2.6087
8677,10.9871
8678,23.6572
8679,2.0
8680,4.9594
8681,13.1919
8682,10.272
8683,7.8255
8684,15.5985
8685,2.2844
8686,4.4538
8687,8.7801
8688,38.1372
8689,3.4943
8690,2.7216
8691,0.0
8692,4.2172
8693,3.1763
8694,12.7729
8695,0.0
8697,0.0
8698,0.0
8699,0.0
8700,2.8284
8701,2.4676
8702,44.9812
8703,3.5
8704,10.6396
8705,20.9389
8706,81.0242
8708,0.0
8709,3.5
8710,6.1794
8711,3.2163
8712,6.1143
8713,10.0499
8714,27.3297
8715,13.4901
8716,5.3108
8717,2.6601
8718,4.8615
8719,2.3324
8720,2.5573
8721,5.0288
8722,14.9818
8723,0.0
8724,14.4696
8725,0.0
8726,6.8067
8727,0.0
8728,8.5589
8729,11.7287
8730,0.0
8731,1.9882
8732,26.0958
8733,3.0547
8734,0.0
8735,0.0
8736,0.0
8737,7.6594
8738,2.3062
8739,7.04
8740,3.3923
8741,0.0
8742,2.9966
8743,6.8595
8745,96.5755
8746,10.553
8747,9.0518
8749,11.4475
8750,4.2234
8751,2.618
8752,0.0
8753,3.4731
8754,0.0
8755,11.5442
8756,0.0
8757,26.7565
8758,0.0
8759,7.7105
8760,2.9153
8761,80.1928
8762,1.2472
8763,7.8475
8764,20.235
8765,45.1519
8766,4.2292
8767,0.8684
8768,10.8467
8770,1.9941
8773,0.0
8774,14.1363
8775,2.7312
8776,11.6115
8777,11.4319
8778,0.0
8779,8.2831
8780,23.0945
8781,2.6344
8782,4.4721
8783,2.6066
8784,16.2343
8785,0.0
8786,2.926
8787,0.6092
8788,1.7951
8789,0.0
8790,3.9845
8791,8.0301
8792,1.5266
8794,27.6778
8795,1.7556
8796,5.5286
8797,0.0
8798,24.4046
8799,0.0
8800,0.0
8801,7.2062
8802,11.0024
8803,2.323
8804,2.8937
8805,21.3908
8806,0.4714
8807,10.6153
8808,12.3773
8809,2.7348
8810,0.0
8812,5.7632
8813,2.8588
8814,10.096
8815,8.9855
8816,4.1227
8817,2.2158
8818,0.0
8819,1.707
8820,16.2426
8821,6.3224
8822,3.2903
8823,11.029
8824,0.0
8825,0.0
8826,1.3266
8827,0.0
8828,1.5206
8830,13.8279
8831,0.9428
8832,0.0
8833,2.4551
8834,28.0362
8835,3.555
8836,13.7437
8838,2.4367
8839,3.8514
8840,13.5306
8841,48.8459
8842,13.0784
8843,11.2339
8844,3.2893
8846,2.2716
8847,12.0419
8848,2.0146
8849,4.5959
8850,5.1278
8851,2.4288
8852,1.7645
8853,0.0
8854,1.2332
8855,26.2709
8856,4.1765
8858,6.3242
8859,1.739
8860,0.0
8861,3.7216
8862,2.7218
8863,0.0
8864,14.3389
8865,1.6514
8866,0.0
8867,1.6188
8868,0.0
8870,10.7246
8871,1.4446
8872,20.6367
8873,0.0
8875,23.4634
8876,29.399
8877,3.9291
8878,0.0
8879,2.944
8880,5.7349
8881,2.8676
8882,1.6248
8883,3.0
8884,0.0
8885,2.6428
8886,1.8998
8887,13.8598
8888,6.7452
8889,0.0
8890,0.0
8891,1.8062
8892,3.7258
8893,0.0
8895,6.7546
8896,9.1591
8897,3.2989
8898,9.7677
8899,20.9089
8900,2.0708
8901,1.9261
8902,4.5461
8903,13.5392
8904,1.2588
8905,4.953
8906,1.8011
8907,12.5883
8908,0.0
8909,3.9273
8911,1.6583
8912,5.2606
8913,2.1285
8914,8.9702
8915,0.866
8916,12.5032
8917,7.9875
8918,7.2972
8919,9.4492
8920,13.6299
8921,0.0
8922,0.0
8923,1.5
8924,11.8312
8925,8.969
8926,5.02
8927,3.3289
8928,6.5215
8929,8.8655
8930,0.0
8931,1.9914
8932,4.3241
8933,1.5184
8935,0.0
8936,0.0
8937,2.7265
8938,0.0
8939,0.0
8940,3.785
8941,11.8122
8942,2.2263
8944,0.0
8945,1.9917
8946,0.0
8947,8.7695
8948,0.0
8949,0.0
8950,3.3592
8951,1.206
8952,0.0
8953,55.1469
8954,3.554
8955,12.2168
8956,2.7105
8957,19.9234
8959,2.7925
8961,5.0249
8962,3.6757
8963,4.4724
8964,13.7189
8966,3.2692
8967,0.0
8968,2.2432
8969,11.4451
8970,6.4318
8971,3.2942
8972,0.0
8973,5.0891
8974,21.0805
8975,1.118
8976,2.6485
8977,2.357
8978,0.0
8979,0.6682
8980,0.0
8982,0.0
8983,8.7459
8984,12.5453
8985,1.4172
8986,34.3329
8987,9.9992
8989,0.0
8991,12.6438
8992,3.084
8993,0.0
8995,8.8627
8996,16.5956
8997,28.3206
8998,2.8864
8999,32.3096
9000,11.4896
9001,9.208
9002,2.365
9003,0.7994
9004,0.5
9005,1.1873
9006,3.7158
9007,1.5458
9008,2.6222
9009,11.791
9010,0.0
9011,5.7619
9012,0.0
9013,4.3906
9014,18.5749
9015,0.0
9018,5.0796
9019,0.0
9020,21.8276
9021,13.2201
9022,3.2484
9023,41.3366
9024,0.0
9025,0.0
9026,10.9758
9027,0.0
9028,2.01
9029,7.8655
9030,4.4
9031,13.7621
9032,5.216
9033,39.8086
9034,2.85
9035,1.9689
9036,1.8641
9037,13.6008
9038,1.8571
9039,5.7176
9041,2.2786
9042,6.5518
9043,3.7566
9045,5.5453
9047,3.4173
9050,14.5938
9051,1.194
9053,9.6911
9054,3.5651
9055,0.0
9057,2.0817
9058,6.6169
9059,4.3827
9060,0.4714
9061,0.0
9062,4.6786
9063,11.9088
9064,2.3433
9065,8.8044
9066,12.6735
9067,12.0363
9070,17.4516
9071,13.3075
9073,0.0
9074,0.0
9075,9.8076
9076,8.5202
9077,0.0
9078,9.3766
9079,7.9763
9080,20.4457
9081,7.5694
9082,0.0
9083,7.151
9084,0.0
9085,2.8173
9086,1.5844
9087,3.6692
9088,0.0
9089,1.6713
9090,0.7474
9091,1.4142
9092,8.0351
9093,20.4788
9094,14.6566
9095,0.0
9096,11.2704
9097,6.1836
9098,3.7564
9099,3.0472
9100,2.4495
9101,9.1628
9102,21.8875
9103,0.0
9104,7.2356
9105,2.2497
9106,31.0934
9107,30.5182
9108,4.5704
9109,7.6368
9110,11.2688
9111,49.136
9112,0.0
9113,9.9121
9114,13.3839
9115,8.7618
9116,4.3301
9118,65.5855
9119,0.0
9120,0.0
9121,0.433
9122,3.3412
9123,9.4822
9124,4.1478
9125,0.0
9126,14.743
9127,3.2998
9128,3.7099
9129,44.4037
9130,9.2871
9131,0.0
9132,0.0
9133,9.2211
9134,1.6528
9135,3.8591
9136,0.0
9137,9.414
9138,7.7889
9139,8.9445
9140,9.4656
9141,2.9137
9142,26.3276
9143,1.4846
9144,2.7772
9145,4.1745
9146,2.1315
9147,22.2215
9148,2.2689
9149,9.6253
9150,12.7483
9151,4.8333
9152,12.1347
9153,0.0
9154,7.9996
9155,17.8387
9156,13.7471
9157,0.0
9158,3.4151
9159,0.0
9160,6.3177
9161,3.0433
9162,8.0
9163,1.797
9164,2.0276
9165,4.1991
9166,0.0
9167,9.2758
9168,0.0
9169,1.9843
9171,20.0962
9172,0.0
9173,15.1617
9174,6.4435
9175,0.0
9176,7.0812
9177,1.9508
9178,4.1915
9179,34.5826
9180,1.9596
9181,3.5995
9182,2.2693
9183,0.0
9184,17.2606
9185,1.9365
9186,2.4994
9187,19.7784
9188,9.5411
9189,8.6652
9190,0.3307
9192,2.2634
9193,18.8955
9194,4.2647
9195,0.0
9196,1.1606
9197,55.8619
9199,4.0567
9201,3.4641
9202,4.062
9203,2.7487
9204,0.0
9205,2.0901
9206,0.0
9207,2.4377
9210,13.6778
9211,0.0
9213,10.1598
9214,0.0
9217,9.6276
9218,0.0
9219,26.491
9220,3.0499
9221,2.3144
9222,11.2304
9223,2.5438
9224,15.6507
9225,0.0
9226,9.1554
9227,15.9072
9228,3.6309
9229,39.9719
9230,5.54
9231,15.2341
9232,20.202
9233,4.9805
9234,0.0
9235,4.8539
9236,6.9674
9237,46.5384
9238,6.0726
9239,3.4196
9240,13.6176
9241,7.0097
9242,1.9272
9245,0.0
9246,0.0
9247,7.9336
9248,6.2005
9249,5.4114
9250,1.8251
9251,1.7321
9252,7.6984
9254,0.0
9255,3.9704
9256,0.0
9257,0.0
9258,2.4635
9259,5.2731
9260,5.1854
9261,0.0
9262,0.433
9263,10.4628
9264,10.4495
9265,3.3698
9266,22.5757
9267,1.8774
9268,1.5438
9269,0.0
9270,6.5
9271,5.259
9272,23.6192
9273,0.0
9275,19.1178
9276,6.5
9277,22.045
9278,0.0
9280,2.7105
9281,1.7581
9282,10.0497
9283,31.8755
9284,8.009
9285,9.4225
9286,0.0
9287,0.0
9288,14.921
9289,3.2311
9290,0.0
9291,22.9109
9292,12.8296
9293,2.0526
9294,0.4714
9295,0.0
9296,8.209
9297,1.1653
9298,1.7321
9299,14.3893
9300,18.4163
9301,4.2125
9302,1.5
9303,4.3589
9304,12.2605
9305,2.413
9307,8.1648
9308,2.0
9309,0.0
9310,0.0
9311,18.6623
9312,10.7095
9315,1.5
9316,8.3053
9317,2.6491
9318,5.782
9319,1.4701
9320,2.9155
9321,10.8423
9322,0.0
9323,17.1537
9324,2.3582
9325,0.0
9326,4.3424
9327,1.0
9328,8.3224
9329,63.3709
9330,11.5476
9331,7.4112
9332,13.9124
9333,12.3986
9334,15.0296
9335,9.7926
9336,1.4641
9337,3.5937
9338,0.0
9339,7.1944
9340,3.5
9341,15.5378
9342,0.0
9343,11.4494
9344,5.3731
9345,1.8435
9346,14.7196
9347,3.8803
9348,9.8671
9349,18.4561
9350,2.0954
9351,2.2526
9352,18.5697
9353,3.4255
9354,18.2966
9355,0.9428
9356,6.4079
9357,3.7934
9358,3.3148
9359,30.7716
9360,0.0
9361,12.5654
9362,4.3865
9363,7.0332
9364,14.8669
9365,17.7964
9366,10.0631
9367,2.1405
9368,2.9595
9369,3.011
9370,0.0
9371,0.0
9372,0.0
9373,5.3819
9374,2.1932
9375,0.0
9376,16.856
9377,19.6803
9378,3.0282
9379,24.1139
9380,4.8548
9381,19.6979
9382,0.0
9383,10.7665
9384,0.4
9385,15.4997
9386,9.3545
9387,0.0
9388,4.1681
9389,3.6713
9390,5.3955
9391,1.9458
9392,15.5872
9393,3.8758
9394,1.3699
9395,28.8076
9396,15.7817
9397,10.7522
9398,14.1657
9399,1.5843
9400,0.0
9401,5.7536
9402,0.0
9403,15.0599
9404,15.6342
9406,10.9117
9407,2.0611
9408,0.0
9409,0.0
9410,3.8799
9411,18.2656
9412,3.6794
9413,3.3805
9414,32.1373
9415,6.2726
9416,0.0
9417,13.4481
9418,2.6924
9419,9.0137
9420,2.5338
9421,5.0159
9422,0.4714
9423,2.1691
9424,2.863
9425,10.8944
9426,2.1228
9427,1.2421
9428,2.7641
9429,6.5226
9430,1.1358
9432,3.5324
9433,11.5655
9434,0.0
9435,1.5681
9436,3.5467
9437,15.0955
9438,9.1373
9439,0.0
9440,0.0
9441,5.6626
9442,3.8902
9443,2.6135
9444,15.489
9445,7.9712
9446,3.3542
9447,14.89
9448,6.1974
9449,13.8525
9450,1.9501
9451,13.7921
9452,0.0
9453,3.9744
9454,4.529
9455,3.3776
9456,5.2279
9457,13.0283
9458,10.0477
9459,1.8747
9460,4.7159
9461,5.9239
9462,9.777
9463,2.357
9464,26.754
9465,0.0
9466,13.1583
9467,17.7931
9468,3.632
9469,16.3296
9470,6.1824
9471,1.2832
9472,3.9727
9473,0.0
9474,2.181
9475,8.6058
9476,37.6772
9477,4.4582
9478,10.738
9479,4.612
9480,11.9544
9481,1.9481
9483,9.1974
9484,2.7985
9485,0.0
9486,2.4462
9487,4.7347
9488,7.9091
9489,2.3975
9490,13.6348
9491,6.2515
9492,0.0
9493,3.2329
9494,27.4067
9495,8.6984
9496,1.9935
9497,21.0558
9498,2.9257
9499,2.5612
9500,13.5528
9501,10.5525
9502,15.5098
9503,8.8521
9504,1.0
9505,0.0
9506,16.6188
9507,5.8497
9508,5.4025
9509,0.0
9510,0.0
9511,3.7639
9512,7.5277
9513,2.7174
9514,9.3867
9515,3.5051
9516,0.5
9517,9.7937
9518,11.4589
9519,2.527
9521,0.0
9522,4.9447
9523,2.2326
9524,2.1514
9526,0.0
9527,14.4463
9528,6.4056
9529,5.2192
9531,1.0832
9532,10.0272
9533,12.879
9534,0.0
9536,3.9337
9537,2.0055
9538,28.2428
9539,1.6997
9540,14.1244
9541,0.5
9542,13.6208
9543,16.8575
9544,15.8193
9545,11.0482
9546,15.0033
9547,27.1027
9548,3.6324
9549,3.2645
9550,0.0
9551,6.5009
9552,4.0995
9553,1.0498
9554,0.0
9555,4.9551
9556,4.6474
9557,14.8024
9558,0.0
9559,10.4642
9560,0.0
9561,4.899
9562,4.2364
9563,0.0
9564,11.7708
9565,0.0
9566,0.0
9567,17.829
9568,9.0773
9569,6.5508
9570,5.6871
9571,0.5
9572,11.078
9573,2.0319
9574,16.963
9575,9.4634
9576,0.0
9577,11.0272
9578,3.1937
9579,0.0
9580,2.1409
9581,7.5876
9583,1.748
9584,0.0
9585,0.0
9586,5.8902
9587,11.0768
9588,7.6526
9589,0.0
9590,6.2546
9591,0.8
9592,0.0
9593,12.6299
9594,0.0
9595,8.4973
9596,6.9702
9597,10.6302
9598,4.7778
9599,0.0
9600,0.7216
9601,3.0629
9602,0.0
9603,0.0
9604,3.7688
9605,3.2108
9606,5.0301
9607,8.3317
9608,1.548
9609,0.0
9610,2.6699
9611,33.2775
9612,2.1937
9613,0.0
9614,9.052
9615,8.1304
9616,9.4883
9617,7.3255
9618,7.1802
9619,17.9033
9620,0.0
9621,16.2255
9622,2.0821
9623,0.0
9624,2.0925
9625,0.9798
9626,4.5
9627,0.0
9628,1.6729
9629,4.397
9630,5.7226
9631,0.0
9632,8.2027
9633,27.3187
9634,10.4857
9635,5.879
9636,39.1102
9637,3.6548
9638,3.4667
9639,7.556
9640,0.0
9642,0.0
9645,10.7527
9646,3.433
9647,0.0
9648,14.4
9649,2.7578
9650,0.0
9651,4.5196
9652,11.7579
9653,2.4311
9654,9.2315
9655,1.3333
9656,4.527
9657,1.0
9658,96.0722
9659,4.5
9661,8.6235
9662,22.0011
9663,4.6733
9664,0.0
9665,9.1233
9666,4.7489
9667,0.0
9668,7.8567
9669,8.6145
9670,2.6851
9671,0.0
9672,14.7844
9673,2.326
9674,0.0
9675,7.5283
9676,16.1252
9677,15.9716
9678,0.0
9679,3.7489
9680,5.0881
9681,3.5057
9682,8.9307
9683,1.4625
9684,0.0
9686,9.6719
9687,0.4714
9688,0.0
9689,2.9356
9690,0.0
9691,13.5923
9692,9.4896
9693,1.5261
9694,1.5964
9695,4.63
9696,3.2404
9697,4.1533
9698,2.1775
9699,3.7232
9700,2.3632
9701,2.836
9702,19.4261
9703,20.4665
9704,10.0036
9705,11.5705
9706,25.3915
9707,5.3092
9708,1.4877
9709,4.0277
9710,13.8462
9711,2.2898
9712,3.5768
9713,12.8516
9714,0.0
9715,28.179
9716,4.7009
9718,4.1991
9719,10.6232
9721,11.7173
9722,10.8489
9725,0.0
9726,0.0
9727,2.1651
9728,8.5083
9730,1.9949
9731,19.3082
9733,7.1362
9734,1.2273
9736,13.0989
9737,9.4763
9738,3.4292
9740,0.0
9741,3.8932
9742,4.6216
9743,6.4265
9744,2.7836
9745,5.8137
9746,0.0
9747,2.4713
9748,2.0138
9749,1.8614
9750,4.6728
9751,0.4714
9752,3.1136
9753,7.7942
9755,0.0
9756,0.0
9757,0.0
9758,2.9493
9759,2.9591
9760,28.4704
9761,3.9878
9762,0.0
9763,6.7738
9765,36.0304
9766,4.4718
9767,3.559
9768,21.2132
9769,5.1864
9770,2.8905
9772,20.2272
9773,0.0
9774,2.8492
9775,9.1553
9776,5.7358
9777,0.0
9778,2.7955
9779,21.4942
9780,10.7691
9781,2.3546
9782,7.2208
9783,29.1616
9784,4.2206
9785,0.9428
9786,10.4709
9787,6.2563
9788,3.7544
9789,13.5568
9790,23.3829
9791,1.8343
9792,5.4685
9793,10.1565
9794,0.0
9795,0.0
9796,0.8718
9797,15.3631
9798,1.3744
9799,28.7054
9800,17.1112
9801,0.0
9803,4.221
9804,5.7206
9805,2.0396
9806,6.8832
9807,9.089
9808,0.0
9809,7.2691
9810,0.0
9811,2.7178
9812,2.2633
9813,6.3274
9814,0.0
9815,0.0
9816,15.3195
9817,0.0
9818,11.3798
9819,0.0
9820,11.5854
9821,13.6994
9822,0.0
9823,5.2216
9824,13.8831
9825,6.9989
9826,4.6667
9827,25.1187
9828,8.1772
9829,10.454
9830,2.5723
9831,9.5948
9832,6.8949
9833,0.0
9834,3.2998
9835,4.9883
9837,3.2827
9838,3.7171
9839,0.0
9840,0.0
9841,5.8231
9842,9.883
9843,3.1753
9844,7.4833
9845,2.4
9846,4.2799
9847,0.0
9848,5.9488
9849,0.0
9850,0.0
9851,8.7015
9852,1.851
9853,6.5869
9854,0.0
9855,0.0
9856,1.8483
9857,14.0556
9858,11.0927
9859,4.1384
9861,2.1932
9862,17.0496
9863,25.0981
9864,0.0
9865,4.8077
9866,10.0394
9867,6.2221
9868,15.0721
9869,18.4957
9870,0.8975
9871,0.0
9872,13.7937
9873,2.3106
9874,5.5199
9875,0.0
9876,2.4595
9877,2.3638
9878,17.2485
9879,15.608
9880,3.5757
9881,11.0196
9882,1.9672
9883,3.2841
9884,12.6586
9885,19.1604
9886,6.06
9887,2.1541
9888,2.8261
9889,0.0
9890,15.1406
9891,3.1369
9892,2.8913
9893,15.7128
9894,1.5205
9895,2.4027
9896,0.0
9897,14.0088
9898,4.0
9899,4.938
9900,0.0
9901,3.0102
9902,1.9438
9903,13.5236
9904,0.0
9905,0.0
9906,12.1537
9908,0.0
9910,1.2903
9911,1.5
9912,0.0
9913,11.8771
9914,28.6093
9915,10.712
9916,1.9646
9917,0.9749
9918,2.2694
9919,14.1991
9920,1.3266
9921,1.5384
9922,3.0856
9923,2.3871
9924,0.0
9925,0.0
9926,0.0
9927,13.4735
9928,2.1213
9929,0.0
9930,3.0355
9931,25.1751
9932,20.6478
9933,9.6275
9934,0.0
9935,12.0996
9936,2.7689
9937,6.3433
9938,1.4
9939,6.5258
9940,0.0
9941,6.675
9942,11.1283
9943,0.7611
9944,7.753
9945,0.3307
9946,0.0
9947,15.7004
9948,19.8324
9949,2.884
9950,14.9752
9951,10.9921
9952,4.2351
9953,0.0
9954,7.3614
9955,9.8387
9956,3.2496
9957,6.2702
9958,2.2333
9959,1.1235
9960,7.7104
9961,16.4111
9962,25.3414
9964,1.4838
9965,0.9428
9966,2.8043
9967,1.3688
9968,3.2521
9969,4.3273
9970,21.6625
9971,0.0
9972,3.6516
9973,13.9999
9974,2.0807
9975,6.4001
9976,17.225
9977,0.0
9978,16.5
9979,10.5947
9980,18.0092
9981,4.4622
9982,3.3035
9983,0.0
9984,0.0
9985,4.2772
9986,1.5634
9987,3.3019
9988,9.9195
9989,0.0
9990,0.0
9991,72.2004
9992,3.5721
9993,19.6428
9994,4.0988
9995,1.9319
9996,12.9005
9997,1.2
9998,6.3357
9999,27.9687
10000,16.3956
10001,2.979
10002,18.2512
10003,1.901
10004,15.1862
10005,9.9341
10006,0.0
10008,21.2741
10009,1.9998
10010,0.0
10011,2.4661
10012,10.7461
10013,2.1742
10014,0.0
10015,4.0738
10016,5.6569
10017,8.5612
10018,12.2984
10019,4.7638
10020,1.8717
10022,16.4748
10023,28.2052
10024,2.8723
10025,1.3819
10026,4.7405
10027,4.1548
10028,11.0262
10029,12.7174
10030,15.6923
10031,9.6509
10032,0.0
10033,0.0
10034,0.0
10035,16.2476
10036,2.3913
10037,38.9362
10038,10.8812
10039,14.6135
10040,9.593
10042,3.0592
10043,6.8213
10044,19.6969
10045,1.3491
10048,1.5233
10049,5.1077
10050,13.1812
10051,0.0
10052,13.0152
10053,0.0
10054,11.9299
10055,11.471
10056,5.7676
10057,5.0778
10058,10.6764
10059,7.5306
10060,1.1662
10061,19.2824
10063,7.8353
10064,0.0
10065,2.8247
10066,3.2113
10067,6.7696
10068,1.2065
10069,0.0
10070,0.0
10071,4.2362
10072,1.0
10073,0.0
10074,4.3557
10075,6.6823
10077,4.1725
10078,18.7789
10079,0.0
10080,14.494
10081,21.6838
10083,0.0
10084,18.7606
10085,13.7364
10086,8.8252
10087,1.299
10088,18.9087
10089,6.1663
10090,4.2105
10091,7.2936
10092,0.0
10093,14.0
10094,7.5597
10095,26.0432
10096,6.8972
10097,0.0
10098,9.5453
10099,4.1964
10100,17.8397
10101,10.4939
10102,0.0
10103,17.2336
10104,1.8333
10105,1.1606
10106,15.8014
10107,3.197
10108,10.5077
10109,16.4262
10110,0.0
10111,2.0125
10112,0.0
10113,0.0
10114,10.5778
10115,2.1222
10116,4.1291
10117,6.9191
10118,0.0
10119,6.2293
10120,2.8991
10121,23.8642
10122,5.2965
10123,3.272
10124,1.628
10125,3.7184
10126,28.7151
10127,3.0247
10129,10.3479
10130,0.8518
10131,3.1706
10132,9.2417
10133,3.3207
10134,9.3906
10135,13.1612
10136,2.5203
10137,3.3014
10138,29.187
10139,7.9596
10140,0.0
10141,4.043
10142,6.0
10143,8.5059
10144,20.7202
10145,0.0
10146,7.8383
10147,9.3881
10148,3.1972
10149,0.0
10150,14.7355
10151,11.7982
10152,6.9613
10153,2.1779
10154,0.0
10155,1.9358
10156,2.357
10157,10.8559
10159,3.7076
10160,1.7496
10161,5.4294
10162,8.8178
10163,2.4386
10164,28.248
10165,2.1884
10166,11.578
10167,2.4664
10168,5.1723
10169,5.8432
10170,0.9297
10171,4.6218
10172,0.0
10173,16.033
10174,5.5362
10175,1.6895
10176,7.7376
10177,2.2695
10178,4.7899
10179,11.9782
10180,1.4229
10181,0.0
10182,10.8163
10183,1.697
10184,0.0
10185,0.0
10186,0.0
10187,3.9488
10188,2.2912
10189,3.1241
10190,7.7298
10191,8.4079
10192,5.3539
10193,0.0
10194,7.5895
10195,2.7584
10196,0.0
10197,10.131
10198,22.294
10199,0.7726
10200,0.0
10201,1.3851
10202,5.0857
10203,7.9743
10204,0.0
10205,6.5364
10206,1.9365
10207,0.0
10208,15.2928
10209,4.8537
10210,2.3473
10211,5.3976
10212,14.1388
10214,0.0
10215,0.0
10216,8.8891
10218,3.9517
10219,0.0
10220,0.0
10221,11.6511
10222,8.008
10223,10.025
10224,16.9989
10226,19.8529
10227,0.0
10228,6.7428
10229,4.2856
10230,3.3449
10231,10.2008
10232,16.8456
10233,0.0
10234,0.0
10235,3.2764
10236,2.833
10237,7.5976
10238,2.3979
10239,2.6213
10240,40.0305
10241,37.5
10242,5.6584
10243,0.0
10244,2.5
10245,3.2226
10246,11.1642
10247,3.1337
10248,1.8131
10249,6.8821
10250,1.8601
10251,0.0
10252,8.4143
10253,3.8987
10254,16.739
10255,6.2088
10256,1.2914
10257,24.0391
10258,12.5689
10259,4.1058
10260,2.5
10261,6.1423
10264,14.7774
10265,1.5
10266,11.7222
10267,1.973
10268,11.0271
10269,12.1929
10270,9.3456
10271,3.1598
10272,0.0
10273,22.0582
10274,0.0
10275,3.6204
10276,2.4592
10277,9.3255
10278,2.73
10279,0.0
10280,0.0
10281,3.689
10282,3.5276
10283,0.0
10284,3.1764
10285,0.0
10286,54.3709
10289,3.0
10290,9.1176
10291,11.1511
10292,2.7889
10293,4.5986
10294,12.2664
10295,9.0676
10296,5.4287
10297,5.4102
10298,4.4598
10299,9.0691
10300,16.8907
10301,11.9059
10302,2.3592
10303,14.4618
10304,0.0
10305,3.1224
10306,1.7389
10307,0.0
10308,7.2822
10309,0.5
10310,0.0
10311,12.4669
10312,30.307
10313,2.9394
10314,4.1128
10316,4.8006
10317,4.6786
10318,6.4374
10319,14.65
10320,13.4907
10321,1.8359
10322,10.6615
10323,0.0
10324,21.2132
10325,3.4149
10326,0.6
10328,14.191
10329,1.5
10330,5.3806
10331,0.0
10332,5.3561
10333,7.2478
10334,18.9605
10335,3.2661
10336,1.9596
10337,4.1574
10338,2.5261
10339,4.4441
10340,8.2765
10341,4.1886
10342,4.3508
10343,2.3182
10344,2.2032
10345,1.8856
10346,10.0425
10347,10.8477
10348,2.3046
10349,5.3859
10350,8.3308
10351,10.981
10352,17.8261
10353,1.5298
10354,2.6298
10355,0.0
10356,6.3894
10357,3.2698
10359,15.9636
10360,16.0045
10362,0.0
10363,26.6972
10364,0.0
10365,23.1076
10366,0.9922
10367,15.7907
10368,1.0897
10369,2.0
10370,14.0504
10371,7.6944
10372,2.8165
10373,4.2295
10374,2.0327
10375,5.172
10376,0.0
10377,2.0449
10378,5.9231
10379,6.766
10380,4.7403
10381,16.4829
10383,2.2913
10384,2.1651
10385,17.3577
10387,2.1038
10388,3.52
10389,4.8396
10390,0.0
10391,0.5
10392,0.0
10393,0.0
10394,8.2419
10395,22.7209
10396,0.0
10397,0.4714
10398,0.0
10399,6.6865
10400,0.0
10402,0.0
10403,6.6163
10404,9.4744
10405,4.6904
10406,3.0102
10407,15.0165
10408,12.5698
10409,11.0339
10410,2.5441
10411,0.0
10412,0.0
10413,9.6152
10414,11.4157
10415,15.847
10416,0.0
10417,30.8273
10418,2.2299
10419,0.9621
10420,4.5
10421,9.1364
10422,0.0
10423,1.3431
10424,7.5166
10425,12.1028
10426,0.0
10427,6.6896
10428,1.8275
10429,27.1236
10430,22.3182
10431,16.8777
10432,9.7535
10433,4.4542
10434,1.694
10435,0.0
10436,2.3954
10437,2.5
10438,2.7027
10439,2.1095
10440,2.4495
10442,12.1151
10443,9.4847
10444,12.9598
10445,1.399
10446,0.0
10447,6.4598
10448,12.4924
10449,1.4993
10450,51.4674
10451,11.2116
10452,1.4571
10453,29.1257
10454,11.771
10455,5.1035
10456,0.0
10457,13.5806
10458,4.3786
10459,9.6418
10460,3.4255
10461,14.0312
10462,3.0673
10463,0.0
10464,1.8444
10465,3.5697
10467,9.6199
10468,0.0
10469,11.2342
10470,62.483
10471,15.4412
10472,20.8353
10473,0.0
10474,22.4074
10475,6.6092
10476,12.2276
10477,20.9983
10478,0.0
10479,11.074
10480,1.9596
10481,7.119
10482,0.0
10483,0.0
10484,18.5971
10486,0.0
10487,5.1316
10488,11.1153
10490,2.0906
10491,15.127
10492,1.3361
10493,9.1403
10494,6.9948
10495,1.376
10496,7.0955
10497,3.0569
10498,14.1501
10499,8.4048
10500,12.5
10501,5.6803
10502,5.7496
10503,15.9351
10504,9.4703
10505,3.2998
10506,15.4593
10507,9.7609
10508,6.4569
10509,0.9897
10510,0.0
10511,10.0195
10512,0.0
10513,29.0733
10514,3.0533
10515,1.7408
10516,0.0
10517,2.4166
10518,0.0
10519,3.5
10520,2.5918
10521,13.0071
10522,23.9985
10523,1.8449
10524,9.1918
10525,7.4726
10526,0.0
10527,0.0
10528,5.2763
10529,0.0
10530,0.0
10531,0.0
10532,19.5679
10533,16.537
10534,27.921
10535,4.8571
10536,0.0
10537,0.0
10538,35.3583
10539,4.6303
10540,0.0
10541,0.0
10542,15.9869
10543,17.6941
10544,3.9099
10545,7.8541
10546,24.1723
10547,11.7648
10548,1.8325
10549,5.0543
10550,6.3732
10552,0.0
10553,0.0
10554,0.0
10555,9.6984
10556,4.4969
10557,0.0
10558,18.0725
10560,7.2296
10561,0.0
10562,12.0646
10563,13.9553
10564,11.2989
10565,4.0472
10566,7.5486
10567,8.958
10568,5.1371
10569,29.9038
10570,9.368
10571,2.357
10572,6.4366
10573,16.8028
10575,0.0
10576,0.0
10577,11.4868
10578,4.2947
10579,1.3074
10581,2.6876
