OBJECTID,PRICE_PSM,n_trans,n_hdb,n_ura,med_hdb,med_ura
1,18596.0,77,0,77,,18595.744680851065
2,3608.0,6,0,6,,3608.2296096910045
3,4517.0,34,34,0,4517.494494739418,
4,13683.0,5,0,5,,13682.692307692309
6,30471.0,44,0,44,,30471.17516629712
7,35401.0,4,0,4,,35401.11715899129
8,0.0,0,0,0,,
9,0.0,0,0,0,,
10,0.0,0,0,0,,
11,0.0,0,0,0,,
12,0.0,0,0,0,,
13,0.0,0,0,0,,
14,0.0,0,0,0,,
15,0.0,0,0,0,,
16,0.0,0,0,0,,
17,5254.0,17,17,0,5253.731343283582,
18,0.0,0,0,0,,
19,5147.0,19,19,0,5147.058823529412,
20,7325.0,28,28,0,7324.941270702456,
21,0.0,0,0,0,,
23,0.0,0,0,0,,
24,0.0,0,0,0,,
25,0.0,0,0,0,,
27,0.0,0,0,0,,
28,0.0,0,0,0,,
30,32532.0,37,0,37,,32532.467532467534
31,0.0,0,0,0,,
32,0.0,0,0,0,,
34,24385.0,492,0,492,,24384.76327805816
35,0.0,0,0,0,,
36,26705.0,5,0,5,,26704.545454545456
37,0.0,0,0,0,,
38,5955.0,14,14,0,5954.545454545454,
39,26515.0,11,4,7,7042.928591275355,37642.5855513308
40,11037.0,3,0,3,,11036.906854130053
41,0.0,2,2,0,5179.6875,
42,0.0,0,0,0,,
43,4909.0,53,53,0,4909.090909090909,
44,7219.0,23,23,0,7219.047619047619,
45,0.0,0,0,0,,
46,18841.0,24,0,24,,18841.03181945311
48,10739.0,54,0,54,,10738.704635373419
51,0.0,0,0,0,,
52,0.0,0,0,0,,
53,0.0,0,0,0,,
55,11540.0,38,11,27,7500.0,13185.840707964602
56,9474.0,100,100,0,9473.829854522453,
57,0.0,0,0,0,,
59,0.0,0,0,0,,
61,0.0,0,0,0,,
62,0.0,0,0,0,,
63,0.0,0,0,0,,
64,0.0,0,0,0,,
65,0.0,0,0,0,,
68,0.0,0,0,0,,
69,0.0,0,0,0,,
70,0.0,0,0,0,,
71,0.0,0,0,0,,
72,7132.0,48,48,0,7132.35294117647,
73,0.0,0,0,0,,
74,0.0,0,0,0,,
75,5339.0,14,14,0,5339.467126701169,
76,5582.0,33,33,0,5582.417582417583,
77,5174.0,16,16,0,5173.529411764706,
78,13666.0,76,0,76,,13666.185212845408
79,0.0,0,0,0,,
80,7164.0,20,20,0,7163.690476190476,
82,5378.0,42,42,0,5377.818831168832,
84,4910.0,46,46,0,4909.50040950041,
85,0.0,0,0,0,,
86,0.0,0,0,0,,
87,0.0,0,0,0,,
88,0.0,0,0,0,,
89,0.0,0,0,0,,
90,0.0,0,0,0,,
91,0.0,0,0,0,,
93,0.0,0,0,0,,
94,0.0,0,0,0,,
95,4665.0,46,46,0,4665.287424264814,
96,0.0,0,0,0,,
97,5194.0,13,13,0,5194.174757281553,
98,5170.0,26,26,0,5169.902912621359,
99,0.0,0,0,0,,
100,0.0,0,0,0,,
102,0.0,0,0,0,,
104,0.0,0,0,0,,
105,0.0,0,0,0,,
106,22323.0,146,9,137,4402.985074626866,23500.0
107,14272.0,207,0,207,,14271.844660194174
108,0.0,0,0,0,,
109,0.0,0,0,0,,
111,0.0,0,0,0,,
112,5684.0,19,19,0,5683.760683760684,
113,0.0,0,0,0,,
114,16733.0,25,0,25,,16732.673267326732
115,0.0,0,0,0,,
118,0.0,0,0,0,,
119,6452.0,74,74,0,6451.612903225807,
120,0.0,0,0,0,,
121,0.0,0,0,0,,
122,0.0,0,0,0,,
124,0.0,0,0,0,,
125,0.0,0,0,0,,
126,0.0,0,0,0,,
127,0.0,0,0,0,,
128,36461.0,68,0,68,,36461.24031007753
129,0.0,0,0,0,,
130,0.0,0,0,0,,
131,0.0,0,0,0,,
132,5949.0,62,62,0,5948.888888888889,
133,5220.0,32,32,0,5219.6462074510855,
134,0.0,0,0,0,,
135,0.0,0,0,0,,
136,0.0,0,0,0,,
137,17671.0,4,0,4,,17671.052631578947
138,0.0,0,0,0,,
139,6250.0,52,52,0,6250.0,
140,24853.0,26,0,26,,24852.941176470587
141,0.0,0,0,0,,
142,0.0,0,0,0,,
143,0.0,0,0,0,,
145,0.0,0,0,0,,
146,0.0,0,0,0,,
147,8009.0,34,34,0,8008.585858585859,
148,0.0,0,0,0,,
150,6163.0,28,28,0,6163.04347826087,
151,5729.0,12,12,0,5728.67803837953,
153,0.0,0,0,0,,
154,0.0,0,0,0,,
155,0.0,0,0,0,,
156,0.0,0,0,0,,
157,0.0,0,0,0,,
158,4949.0,12,12,0,4948.51204534719,
159,6033.0,61,61,0,6032.608695652174,
160,0.0,0,0,0,,
161,0.0,0,0,0,,
163,0.0,1,0,1,,24142.926122646066
164,0.0,0,0,0,,
165,5752.0,17,17,0,5752.212389380531,
166,0.0,0,0,0,,
167,14854.0,16,0,16,,14853.81470338656
168,5559.0,26,26,0,5558.717167872097,
170,16836.0,61,0,61,,16835.616438356163
171,0.0,0,0,0,,
172,5477.0,14,14,0,5476.5590062111805,
173,0.0,0,0,0,,
174,0.0,0,0,0,,
175,0.0,0,0,0,,
176,4742.0,28,28,0,4741.914045192734,
177,4893.0,13,13,0,4892.857142857143,
178,4932.0,5,5,0,4932.4324324324325,
179,0.0,0,0,0,,
180,5581.0,25,25,0,5581.196581196581,
182,4615.0,23,23,0,4615.384615384615,
183,0.0,0,0,0,,
184,0.0,0,0,0,,
185,0.0,0,0,0,,
186,0.0,0,0,0,,
187,0.0,0,0,0,,
188,0.0,0,0,0,,
189,0.0,0,0,0,,
190,0.0,0,0,0,,
191,0.0,1,0,1,,12047.24409448819
192,0.0,0,0,0,,
193,0.0,0,0,0,,
194,0.0,0,0,0,,
196,12728.0,8,0,8,,12727.784026996625
199,0.0,0,0,0,,
200,5221.0,31,31,0,5220.588235294118,
201,0.0,0,0,0,,
204,5234.0,40,40,0,5233.525641025641,
205,0.0,0,0,0,,
206,0.0,0,0,0,,
207,0.0,0,0,0,,
208,0.0,0,0,0,,
209,0.0,1,0,1,,24234.85321673954
210,0.0,0,0,0,,
211,22638.0,11,0,11,,22638.036809815952
212,0.0,0,0,0,,
213,8040.0,100,100,0,8039.596273291925,
214,4734.0,5,5,0,4733.94495412844,
215,22757.0,111,0,111,,22757.14285714286
220,0.0,0,0,0,,
221,0.0,0,0,0,,
222,0.0,0,0,0,,
223,0.0,0,0,0,,
224,0.0,0,0,0,,
225,5333.0,49,49,0,5333.333333333333,
226,5376.0,63,63,0,5376.344086021505,
227,4683.0,13,13,0,4682.539682539683,
228,11545.0,150,32,118,5992.72052526406,13050.141743444365
230,0.0,0,0,0,,
231,0.0,0,0,0,,
232,15000.0,3,0,3,,15000.0
233,0.0,0,0,0,,
234,0.0,0,0,0,,
235,0.0,0,0,0,,
237,0.0,0,0,0,,
238,0.0,0,0,0,,
239,0.0,0,0,0,,
242,6081.0,42,42,0,6081.112669471715,
243,0.0,0,0,0,,
245,0.0,0,0,0,,
246,0.0,0,0,0,,
247,6952.0,27,27,0,6952.380952380952,
248,5293.0,38,38,0,5293.1547619047615,
250,13933.0,4,0,4,,13932.753164556962
251,0.0,0,0,0,,
252,0.0,0,0,0,,
253,0.0,0,0,0,,
254,9756.0,80,0,80,,9756.09756097561
255,0.0,0,0,0,,
256,0.0,0,0,0,,
257,0.0,0,0,0,,
258,23649.0,9,0,9,,23648.64864864865
259,0.0,0,0,0,,
260,5656.0,15,15,0,5655.737704918033,
262,0.0,0,0,0,,
264,0.0,0,0,0,,
265,14011.0,37,0,37,,14010.989010989011
266,0.0,0,0,0,,
267,0.0,0,0,0,,
268,0.0,0,0,0,,
269,17756.0,18,0,18,,17755.78186940805
270,0.0,0,0,0,,
271,0.0,0,0,0,,
272,0.0,0,0,0,,
273,0.0,0,0,0,,
274,0.0,0,0,0,,
275,0.0,0,0,0,,
276,6612.0,11,11,0,6611.570247933884,
278,21333.0,153,0,153,,21333.333333333332
280,0.0,0,0,0,,
281,0.0,0,0,0,,
282,0.0,0,0,0,,
284,21852.0,49,0,49,,21851.85185185185
285,0.0,0,0,0,,
286,0.0,0,0,0,,
287,0.0,0,0,0,,
288,11977.0,78,8,70,4791.666666666666,12797.903319743738
289,0.0,0,0,0,,
291,0.0,0,0,0,,
292,0.0,0,0,0,,
295,0.0,0,0,0,,
296,0.0,0,0,0,,
297,0.0,0,0,0,,
298,6209.0,20,20,0,6209.316000641951,
299,0.0,0,0,0,,
300,0.0,0,0,0,,
301,0.0,0,0,0,,
302,4326.0,28,28,0,4325.623700623701,
303,0.0,0,0,0,,
304,0.0,0,0,0,,
305,0.0,0,0,0,,
306,0.0,0,0,0,,
307,0.0,0,0,0,,
308,8944.0,30,24,6,7132.749326145553,16189.989350372736
309,7166.0,5,5,0,7165.861449275362,
310,0.0,0,0,0,,
311,0.0,0,0,0,,
313,0.0,0,0,0,,
314,10976.0,45,0,45,,10975.609756097561
315,0.0,0,0,0,,
316,0.0,0,0,0,,
317,0.0,0,0,0,,
318,0.0,0,0,0,,
319,0.0,0,0,0,,
320,14770.0,38,6,32,5921.0526315789475,16429.48717948718
321,5446.0,24,24,0,5445.92,
322,0.0,0,0,0,,
323,0.0,0,0,0,,
324,9022.0,28,28,0,9022.222222222223,
325,0.0,0,0,0,,
326,0.0,0,0,0,,
327,0.0,0,0,0,,
328,5915.0,20,20,0,5914.634146341463,
329,0.0,0,0,0,,
330,4570.0,33,33,0,4569.536423841059,
331,0.0,0,0,0,,
332,0.0,1,0,1,,7135.826771653543
333,0.0,0,0,0,,
334,0.0,0,0,0,,
335,0.0,0,0,0,,
336,0.0,0,0,0,,
337,0.0,0,0,0,,
338,0.0,0,0,0,,
339,0.0,0,0,0,,
340,0.0,0,0,0,,
341,0.0,0,0,0,,
342,7794.0,15,15,0,7794.117647058823,
343,0.0,0,0,0,,
344,0.0,0,0,0,,
345,0.0,0,0,0,,
346,0.0,0,0,0,,
347,17315.0,16,0,16,,17315.193365159335
349,5480.0,47,47,0,5480.0,
350,18676.0,21,0,21,,18676.056338028167
351,0.0,0,0,0,,
352,5227.0,39,39,0,5227.272727272727,
354,0.0,0,0,0,,
355,0.0,0,0,0,,
358,5065.0,7,7,0,5065.217391304348,
359,0.0,0,0,0,,
360,0.0,0,0,0,,
362,0.0,0,0,0,,
363,0.0,0,0,0,,
364,0.0,0,0,0,,
365,0.0,0,0,0,,
366,0.0,0,0,0,,
367,0.0,0,0,0,,
368,18904.0,18,0,18,,18903.811252268602
369,0.0,0,0,0,,
371,11224.0,54,0,54,,11224.489795918367
372,0.0,0,0,0,,
373,12311.0,29,0,29,,12310.9243697479
374,29395.0,222,0,222,,29395.48546691404
375,0.0,0,0,0,,
376,0.0,0,0,0,,
377,4986.0,16,16,0,4986.301369863014,
378,0.0,0,0,0,,
380,15582.0,6,0,6,,15581.781376518218
381,0.0,0,0,0,,
382,5118.0,32,32,0,5117.974974974975,
383,5603.0,43,43,0,5603.305785123967,
384,0.0,0,0,0,,
386,0.0,0,0,0,,
387,4922.0,7,7,0,4921.875,
388,0.0,0,0,0,,
389,6122.0,25,25,0,6122.0327868852455,
390,0.0,0,0,0,,
391,0.0,0,0,0,,
392,21569.0,29,0,29,,21568.62745098039
393,0.0,0,0,0,,
394,34708.0,133,0,133,,34707.54716981132
395,0.0,0,0,0,,
396,0.0,0,0,0,,
397,5914.0,59,59,0,5913.978494623656,
398,5085.0,20,20,0,5084.745762711865,
399,15782.0,131,0,131,,15781.818181818182
400,0.0,0,0,0,,
401,0.0,0,0,0,,
402,22620.0,49,2,47,7679.166666666666,23255.81395348837
403,0.0,0,0,0,,
404,0.0,0,0,0,,
405,0.0,0,0,0,,
406,15665.0,48,0,48,,15664.658634538151
408,5599.0,46,46,0,5599.333333333334,
409,0.0,0,0,0,,
410,5418.0,28,28,0,5417.9001782531195,
411,0.0,0,0,0,,
412,0.0,0,0,0,,
413,0.0,0,0,0,,
414,0.0,0,0,0,,
415,0.0,0,0,0,,
416,0.0,0,0,0,,
417,0.0,0,0,0,,
418,0.0,0,0,0,,
419,0.0,0,0,0,,
420,0.0,0,0,0,,
422,0.0,0,0,0,,
423,0.0,0,0,0,,
424,0.0,0,0,0,,
426,0.0,0,0,0,,
427,0.0,0,0,0,,
428,0.0,0,0,0,,
429,0.0,0,0,0,,
430,0.0,0,0,0,,
434,5103.0,45,45,0,5103.448275862069,
435,0.0,0,0,0,,
437,0.0,0,0,0,,
438,0.0,0,0,0,,
439,5750.0,40,40,0,5750.0,
440,4880.0,22,22,0,4880.494505494506,
441,4833.0,14,14,0,4833.333333333333,
442,15630.0,59,0,59,,15629.62962962963
443,0.0,0,0,0,,
444,0.0,0,0,0,,
445,0.0,0,0,0,,
447,5702.0,18,18,0,5702.460850111856,
448,0.0,0,0,0,,
449,0.0,0,0,0,,
450,0.0,0,0,0,,
451,0.0,0,0,0,,
453,0.0,0,0,0,,
454,5418.0,53,53,0,5417.910447761194,
455,0.0,0,0,0,,
456,5603.0,21,21,0,5602.836879432624,
457,0.0,0,0,0,,
458,5271.0,19,19,0,5270.757281553398,
459,0.0,0,0,0,,
460,0.0,0,0,0,,
461,0.0,0,0,0,,
462,6256.0,52,52,0,6255.797126272719,
463,0.0,0,0,0,,
464,0.0,0,0,0,,
465,0.0,0,0,0,,
466,5932.0,24,24,0,5931.506849315068,
467,0.0,0,0,0,,
469,6205.0,18,18,0,6205.284552845529,
470,0.0,0,0,0,,
471,0.0,0,0,0,,
472,0.0,0,0,0,,
473,0.0,0,0,0,,
474,0.0,0,0,0,,
476,0.0,0,0,0,,
477,0.0,0,0,0,,
478,4670.0,21,21,0,4669.811320754717,
479,0.0,0,0,0,,
480,0.0,0,0,0,,
481,0.0,0,0,0,,
482,24545.0,11,0,11,,24545.454545454544
483,0.0,0,0,0,,
484,5272.0,15,15,0,5271.739130434783,
485,4799.0,6,6,0,4799.466666666667,
486,14077.0,26,0,26,,14077.354913969088
487,0.0,0,0,0,,
488,0.0,0,0,0,,
489,0.0,0,0,0,,
493,0.0,0,0,0,,
494,5376.0,25,25,0,5376.344086021505,
495,0.0,0,0,0,,
496,5208.0,35,35,0,5208.072727272727,
497,0.0,0,0,0,,
498,0.0,0,0,0,,
499,0.0,0,0,0,,
500,0.0,0,0,0,,
501,0.0,0,0,0,,
502,4431.0,22,22,0,4431.008075744918,
503,7304.0,54,54,0,7304.392857142857,
504,0.0,0,0,0,,
505,0.0,0,0,0,,
506,0.0,0,0,0,,
507,0.0,0,0,0,,
508,5188.0,24,24,0,5188.1720430107525,
509,0.0,0,0,0,,
510,0.0,0,0,0,,
511,0.0,0,0,0,,
512,23738.0,19,0,19,,23737.70491803279
513,0.0,0,0,0,,
514,0.0,0,0,0,,
515,0.0,0,0,0,,
516,0.0,0,0,0,,
517,0.0,0,0,0,,
518,0.0,0,0,0,,
519,0.0,0,0,0,,
520,16054.0,146,29,117,5357.142857142857,18705.882352941175
521,0.0,2,2,0,5770.833333333333,
522,0.0,0,0,0,,
523,0.0,0,0,0,,
524,15764.0,36,0,36,,15763.589301121658
525,0.0,0,0,0,,
527,0.0,0,0,0,,
528,0.0,0,0,0,,
529,0.0,0,0,0,,
530,4778.0,25,25,0,4777.769230769231,
531,4805.0,24,24,0,4804.551965621519,
532,22207.0,79,0,79,,22207.267833109017
534,0.0,0,0,0,,
535,0.0,0,0,0,,
536,4973.0,3,3,0,4972.972972972973,
537,0.0,0,0,0,,
538,0.0,0,0,0,,
539,8710.0,45,45,0,8709.677419354839,
540,8917.0,70,70,0,8917.141049968373,
542,0.0,0,0,0,,
543,20362.0,24,0,24,,20362.085769980506
544,0.0,0,0,0,,
546,5152.0,10,10,0,5151.565217391304,
547,5708.0,95,95,0,5707.964601769912,
548,5042.0,15,15,0,5042.016806722689,
550,0.0,0,0,0,,
551,20624.0,26,0,26,,20623.70600414079
553,0.0,0,0,0,,
554,0.0,0,0,0,,
555,0.0,0,0,0,,
556,0.0,0,0,0,,
557,0.0,0,0,0,,
558,0.0,0,0,0,,
559,0.0,0,0,0,,
560,4925.0,78,78,0,4925.174825174825,
561,0.0,0,0,0,,
562,0.0,0,0,0,,
563,5107.0,19,19,0,5107.438016528926,
564,0.0,0,0,0,,
565,5324.0,39,39,0,5323.73381294964,
566,0.0,0,0,0,,
567,22339.0,11,0,11,,22338.709677419356
568,0.0,0,0,0,,
569,7562.0,6,6,0,7562.158469945355,
570,0.0,0,0,0,,
571,5469.0,10,10,0,5468.75,
572,0.0,0,0,0,,
575,17592.0,34,0,34,,17591.836734693876
576,0.0,0,0,0,,
577,0.0,0,0,0,,
578,0.0,0,0,0,,
579,0.0,0,0,0,,
580,0.0,0,0,0,,
581,0.0,0,0,0,,
582,0.0,0,0,0,,
583,0.0,0,0,0,,
584,0.0,0,0,0,,
585,0.0,0,0,0,,
586,0.0,0,0,0,,
587,0.0,0,0,0,,
588,0.0,0,0,0,,
589,0.0,0,0,0,,
590,0.0,0,0,0,,
592,0.0,0,0,0,,
593,0.0,0,0,0,,
594,0.0,0,0,0,,
595,4871.0,30,30,0,4870.760617760618,
596,0.0,0,0,0,,
597,5165.0,12,12,0,5164.8351648351645,
598,0.0,0,0,0,,
599,0.0,0,0,0,,
600,0.0,0,0,0,,
601,0.0,0,0,0,,
604,0.0,1,0,1,,16540.54054054054
605,0.0,0,0,0,,
606,0.0,0,0,0,,
607,0.0,0,0,0,,
609,0.0,0,0,0,,
610,0.0,0,0,0,,
611,5932.0,37,37,0,5931.818181818182,
612,4279.0,3,3,0,4278.846153846154,
613,0.0,0,0,0,,
614,5000.0,17,17,0,5000.0,
615,15786.0,28,0,28,,15785.612068965518
616,5868.0,32,32,0,5867.764834364762,
617,0.0,0,0,0,,
618,0.0,0,0,0,,
619,16236.0,18,0,18,,16236.111111111111
620,0.0,0,0,0,,
621,4861.0,6,6,0,4860.5496365627805,
622,0.0,0,0,0,,
623,22441.0,10,0,10,,22441.44672531769
626,0.0,0,0,0,,
627,0.0,0,0,0,,
628,8961.0,3,0,3,,8960.57347670251
629,0.0,0,0,0,,
630,6585.0,49,49,0,6584.615384615385,
631,0.0,0,0,0,,
632,4789.0,23,23,0,4789.473684210527,
633,0.0,0,0,0,,
634,18596.0,92,10,82,8389.830508474577,19840.845562543676
635,24501.0,8,0,8,,24501.290609701824
636,5336.0,12,12,0,5336.134453781513,
637,0.0,0,0,0,,
638,0.0,0,0,0,,
639,5346.0,4,4,0,5345.622119815668,
640,4514.0,38,38,0,4514.162077104642,
641,0.0,0,0,0,,
643,4082.0,11,11,0,4081.622448979592,
644,5739.0,9,9,0,5738.636363636364,
645,0.0,2,0,2,,18184.023987080473
646,0.0,0,0,0,,
647,0.0,0,0,0,,
648,0.0,0,0,0,,
649,0.0,0,0,0,,
650,0.0,0,0,0,,
651,9867.0,21,21,0,9866.666666666666,
652,0.0,0,0,0,,
653,0.0,0,0,0,,
655,0.0,0,0,0,,
656,9024.0,5,5,0,9024.39024390244,
658,4341.0,21,21,0,4340.659340659341,
659,0.0,0,0,0,,
661,0.0,0,0,0,,
662,0.0,0,0,0,,
664,5114.0,64,64,0,5114.140260728899,
666,6855.0,5,5,0,6854.83870967742,
667,0.0,0,0,0,,
668,4223.0,19,19,0,4223.300970873786,
670,0.0,0,0,0,,
671,0.0,0,0,0,,
672,5083.0,25,25,0,5083.333333333333,
673,0.0,0,0,0,,
674,0.0,0,0,0,,
675,5563.0,13,13,0,5563.006711409396,
676,0.0,0,0,0,,
677,0.0,0,0,0,,
679,0.0,0,0,0,,
680,5764.0,44,44,0,5764.079670329671,
681,0.0,0,0,0,,
682,0.0,0,0,0,,
683,0.0,0,0,0,,
684,0.0,0,0,0,,
685,0.0,0,0,0,,
686,0.0,0,0,0,,
688,0.0,0,0,0,,
690,0.0,0,0,0,,
691,6846.0,16,16,0,6846.153846153846,
692,0.0,0,0,0,,
694,0.0,0,0,0,,
695,0.0,0,0,0,,
696,0.0,2,0,2,,13316.229345122962
697,0.0,0,0,0,,
698,0.0,0,0,0,,
699,0.0,0,0,0,,
701,0.0,0,0,0,,
702,9258.0,66,62,4,8861.111111111111,15416.666666666668
704,5161.0,22,22,0,5160.843702994667,
705,0.0,0,0,0,,
706,0.0,0,0,0,,
707,0.0,0,0,0,,
708,0.0,0,0,0,,
709,0.0,0,0,0,,
710,0.0,0,0,0,,
711,0.0,0,0,0,,
712,0.0,0,0,0,,
713,0.0,0,0,0,,
714,0.0,0,0,0,,
715,0.0,0,0,0,,
716,0.0,0,0,0,,
718,5328.0,31,31,0,5327.868852459016,
719,0.0,0,0,0,,
720,0.0,0,0,0,,
721,12378.0,5,0,5,,12378.327272727272
722,0.0,0,0,0,,
724,0.0,0,0,0,,
725,0.0,0,0,0,,
726,6765.0,47,47,0,6764.705882352941,
727,0.0,0,0,0,,
728,0.0,0,0,0,,
729,23966.0,11,0,11,,23966.446974236067
730,0.0,0,0,0,,
732,0.0,0,0,0,,
734,0.0,0,0,0,,
735,0.0,0,0,0,,
736,13258.0,100,0,100,,13257.894736842105
738,6238.0,6,6,0,6238.0952380952385,
739,0.0,0,0,0,,
740,0.0,0,0,0,,
742,0.0,0,0,0,,
743,0.0,0,0,0,,
744,0.0,0,0,0,,
745,17794.0,23,0,23,,17794.117647058825
746,0.0,0,0,0,,
749,0.0,0,0,0,,
750,0.0,0,0,0,,
751,4455.0,7,7,0,4455.445544554455,
752,0.0,0,0,0,,
753,0.0,0,0,0,,
754,0.0,0,0,0,,
755,0.0,0,0,0,,
757,0.0,1,1,0,5538.461538461538,
758,0.0,0,0,0,,
759,0.0,0,0,0,,
760,0.0,0,0,0,,
761,0.0,0,0,0,,
762,0.0,0,0,0,,
763,20400.0,23,0,23,,20400.0
764,4816.0,8,8,0,4816.326530612245,
766,0.0,0,0,0,,
768,0.0,0,0,0,,
769,0.0,0,0,0,,
770,0.0,0,0,0,,
771,0.0,0,0,0,,
772,0.0,0,0,0,,
774,6727.0,6,6,0,6727.210884353742,
775,0.0,0,0,0,,
777,0.0,0,0,0,,
778,0.0,0,0,0,,
779,5125.0,17,17,0,5125.0,
780,5075.0,17,17,0,5074.626865671642,
781,0.0,0,0,0,,
782,0.0,0,0,0,,
783,0.0,0,0,0,,
784,0.0,0,0,0,,
785,0.0,0,0,0,,
786,6800.0,29,29,0,6800.0,
787,5642.0,57,57,0,5641.79104477612,
789,0.0,0,0,0,,
790,0.0,0,0,0,,
791,0.0,0,0,0,,
792,0.0,0,0,0,,
793,0.0,0,0,0,,
795,0.0,0,0,0,,
796,0.0,0,0,0,,
797,5147.0,7,7,0,5147.058823529412,
798,5185.0,18,18,0,5185.469710272168,
799,15359.0,35,0,35,,15359.477124183006
801,0.0,0,0,0,,
802,10424.0,26,0,26,,10423.740510697033
803,0.0,0,0,0,,
805,0.0,0,0,0,,
807,0.0,0,0,0,,
808,0.0,0,0,0,,
809,0.0,0,0,0,,
810,0.0,0,0,0,,
811,0.0,0,0,0,,
812,0.0,0,0,0,,
813,0.0,0,0,0,,
814,0.0,0,0,0,,
815,0.0,0,0,0,,
816,0.0,0,0,0,,
818,0.0,0,0,0,,
819,0.0,0,0,0,,
820,5380.0,14,14,0,5379.807692307692,
822,0.0,0,0,0,,
823,0.0,0,0,0,,
824,0.0,0,0,0,,
825,27936.0,164,0,164,,27935.606060606064
826,0.0,0,0,0,,
827,6478.0,30,30,0,6478.494623655914,
829,22357.0,36,0,36,,22356.56257933486
830,0.0,0,0,0,,
831,0.0,0,0,0,,
832,0.0,0,0,0,,
833,0.0,0,0,0,,
834,0.0,0,0,0,,
835,8606.0,140,140,0,8606.451612903225,
836,0.0,0,0,0,,
838,15476.0,15,0,15,,15476.190476190477
839,4902.0,41,41,0,4901.9607843137255,
840,4959.0,25,25,0,4958.677685950413,
841,0.0,0,0,0,,
842,0.0,0,0,0,,
843,15133.0,52,15,37,5809.523809523809,18913.043478260868
844,0.0,0,0,0,,
845,0.0,0,0,0,,
846,0.0,0,0,0,,
847,22560.0,3,0,3,,22560.202788339673
848,0.0,0,0,0,,
849,5647.0,22,22,0,5646.71085752643,
850,0.0,0,0,0,,
851,0.0,0,0,0,,
852,0.0,0,0,0,,
854,0.0,0,0,0,,
855,0.0,0,0,0,,
856,4851.0,8,8,0,4850.746268656716,
858,0.0,0,0,0,,
859,5120.0,16,16,0,5119.983277591973,
861,10696.0,29,29,0,10695.652173913044,
862,0.0,0,0,0,,
863,0.0,0,0,0,,
864,0.0,0,0,0,,
865,0.0,0,0,0,,
866,0.0,0,0,0,,
867,0.0,0,0,0,,
868,0.0,0,0,0,,
869,0.0,0,0,0,,
871,0.0,0,0,0,,
872,28000.0,59,0,59,,28000.0
873,5410.0,16,16,0,5410.180572851806,
874,0.0,0,0,0,,
875,5712.0,22,22,0,5711.805555555556,
876,5547.0,20,20,0,5546.875,
877,0.0,0,0,0,,
878,11696.0,81,0,81,,11696.124031007752
879,0.0,0,0,0,,
880,0.0,0,0,0,,
881,0.0,0,0,0,,
883,0.0,0,0,0,,
884,0.0,0,0,0,,
885,0.0,0,0,0,,
886,0.0,0,0,0,,
887,0.0,0,0,0,,
888,12308.0,23,9,14,7428.571428571428,15444.664031620552
889,0.0,0,0,0,,
892,16458.0,15,0,15,,16458.333333333332
893,0.0,0,0,0,,
894,0.0,0,0,0,,
895,0.0,0,0,0,,
896,0.0,0,0,0,,
897,3110.0,13,0,13,,3109.911572472126
898,0.0,0,0,0,,
899,0.0,0,0,0,,
900,0.0,0,0,0,,
901,6345.0,3,3,0,6344.53781512605,
902,7000.0,15,15,0,7000.0,
903,0.0,0,0,0,,
904,0.0,0,0,0,,
905,5066.0,49,49,0,5065.573770491803,
906,0.0,0,0,0,,
907,5573.0,25,25,0,5572.916666666667,
908,15984.0,40,0,40,,15984.412022817025
909,0.0,0,0,0,,
910,0.0,0,0,0,,
911,0.0,0,0,0,,
913,4733.0,22,22,0,4732.8,
914,0.0,0,0,0,,
915,0.0,0,0,0,,
916,0.0,0,0,0,,
917,13807.0,88,0,88,,13807.239057239058
918,6296.0,30,30,0,6295.833333333334,
919,0.0,0,0,0,,
920,0.0,0,0,0,,
921,5785.0,27,27,0,5784.94623655914,
922,0.0,0,0,0,,
923,5872.0,20,20,0,5872.11320754717,
924,0.0,0,0,0,,
925,0.0,0,0,0,,
926,0.0,0,0,0,,
927,0.0,0,0,0,,
928,0.0,0,0,0,,
929,0.0,0,0,0,,
932,5643.0,5,5,0,5642.857142857143,
933,0.0,0,0,0,,
934,0.0,0,0,0,,
935,0.0,0,0,0,,
936,0.0,0,0,0,,
937,5859.0,31,31,0,5858.585858585859,
938,0.0,0,0,0,,
939,6792.0,13,13,0,6792.452830188679,
940,0.0,0,0,0,,
941,9914.0,52,0,52,,9913.695927856841
942,0.0,0,0,0,,
943,0.0,0,0,0,,
944,0.0,0,0,0,,
945,0.0,0,0,0,,
948,21127.0,112,0,112,,21126.76056338028
949,0.0,0,0,0,,
950,4178.0,8,8,0,4178.006673436819,
951,5164.0,38,38,0,5164.146505376344,
952,0.0,0,0,0,,
953,0.0,0,0,0,,
954,30460.0,399,0,399,,30460.0
955,5422.0,35,35,0,5422.222222222223,
956,0.0,0,0,0,,
957,0.0,0,0,0,,
958,0.0,0,0,0,,
959,0.0,0,0,0,,
960,0.0,0,0,0,,
961,0.0,0,0,0,,
962,0.0,0,0,0,,
963,0.0,0,0,0,,
964,0.0,0,0,0,,
965,0.0,0,0,0,,
966,0.0,0,0,0,,
967,0.0,0,0,0,,
968,34075.0,101,0,101,,34074.62686567164
969,0.0,0,0,0,,
972,4741.0,40,40,0,4740.957966764418,
973,0.0,0,0,0,,
974,5550.0,30,30,0,5549.882825577502,
975,0.0,0,0,0,,
976,8315.0,16,0,16,,8314.893468267703
977,6203.0,8,8,0,6203.333333333334,
978,0.0,0,0,0,,
979,0.0,0,0,0,,
980,0.0,0,0,0,,
981,0.0,0,0,0,,
983,0.0,0,0,0,,
984,0.0,0,0,0,,
985,0.0,0,0,0,,
986,0.0,0,0,0,,
987,6442.0,36,36,0,6441.509157509157,
988,0.0,0,0,0,,
989,0.0,0,0,0,,
990,16395.0,28,0,28,,16394.57999627491
991,0.0,0,0,0,,
992,0.0,0,0,0,,
993,22602.0,10,0,10,,22601.902173913044
994,8611.0,3,3,0,8611.111111111111,
996,0.0,0,0,0,,
997,0.0,0,0,0,,
999,0.0,0,0,0,,
1001,0.0,0,0,0,,
1002,0.0,0,0,0,,
1003,0.0,0,0,0,,
1004,0.0,2,0,2,,9890.080977577689
1005,0.0,0,0,0,,
1006,0.0,0,0,0,,
1007,0.0,0,0,0,,
1008,0.0,0,0,0,,
1009,4926.0,12,12,0,4926.061128242336,
1010,31036.0,48,0,48,,31035.752
1011,0.0,0,0,0,,
1012,0.0,0,0,0,,
1013,5117.0,17,17,0,5117.1875,
1016,4867.0,10,10,0,4866.700595051676,
1017,0.0,0,0,0,,
1018,0.0,0,0,0,,
1019,17586.0,35,0,35,,17586.206896551725
1022,0.0,0,0,0,,
1023,0.0,0,0,0,,
1024,0.0,0,0,0,,
1025,0.0,2,0,2,,18004.00534045394
1026,0.0,0,0,0,,
1027,7375.0,8,8,0,7375.0,
1028,5106.0,18,18,0,5106.442577030813,
1030,0.0,0,0,0,,
1031,0.0,0,0,0,,
1032,0.0,0,0,0,,
1033,0.0,0,0,0,,
1034,0.0,0,0,0,,
1035,4328.0,20,20,0,4328.076882234257,
1036,0.0,0,0,0,,
1037,8897.0,25,25,0,8897.058823529413,
1038,0.0,0,0,0,,
1039,11769.0,25,14,11,6088.266666666666,19000.0
1040,0.0,0,0,0,,
1042,0.0,0,0,0,,
1044,0.0,0,0,0,,
1046,0.0,0,0,0,,
1047,0.0,0,0,0,,
1049,0.0,0,0,0,,
1050,0.0,0,0,0,,
1051,0.0,0,0,0,,
1053,0.0,0,0,0,,
1054,0.0,0,0,0,,
1056,0.0,0,0,0,,
1057,0.0,0,0,0,,
1058,8969.0,19,0,19,,8968.609865470851
1059,0.0,0,0,0,,
1060,0.0,0,0,0,,
1061,7027.0,33,33,0,7027.027027027027,
1062,0.0,0,0,0,,
1063,6259.0,34,34,0,6258.962103106862,
1064,0.0,0,0,0,,
1065,0.0,0,0,0,,
1066,14810.0,36,14,22,6683.333333333334,19980.88972431078
1067,0.0,0,0,0,,
1068,0.0,0,0,0,,
1069,0.0,0,0,0,,
1070,0.0,0,0,0,,
1071,14867.0,15,0,15,,14866.666666666666
1072,0.0,0,0,0,,
1073,5000.0,32,32,0,5000.0,
1074,0.0,0,0,0,,
1075,5588.0,21,21,0,5588.235294117647,
1076,10161.0,31,0,31,,10161.290322580646
1077,0.0,0,0,0,,
1078,0.0,0,0,0,,
1079,0.0,1,0,1,,10810.81081081081
1080,9780.0,21,0,21,,9780.21978021978
1081,13684.0,67,0,67,,13684.21052631579
1082,0.0,0,0,0,,
1083,16761.0,17,0,17,,16761.239633347883
1084,0.0,0,0,0,,
1085,0.0,0,0,0,,
1086,20283.0,4,0,4,,20283.37412916588
1087,0.0,0,0,0,,
1088,0.0,0,0,0,,
1089,0.0,0,0,0,,
1090,5333.0,34,34,0,5332.842914979758,
1091,14661.0,9,0,9,,14661.274014155711
1092,0.0,0,0,0,,
1093,0.0,0,0,0,,
1094,0.0,0,0,0,,
1095,0.0,0,0,0,,
1098,5671.0,48,48,0,5670.723076923077,
1100,0.0,0,0,0,,
1101,0.0,0,0,0,,
1102,0.0,0,0,0,,
1103,0.0,0,0,0,,
1104,0.0,0,0,0,,
1105,0.0,0,0,0,,
1106,0.0,0,0,0,,
1107,0.0,0,0,0,,
1109,0.0,0,0,0,,
1110,0.0,0,0,0,,
1111,5012.0,14,14,0,5011.9047619047615,
1112,11084.0,63,0,63,,11084.33734939759
1114,11845.0,27,0,27,,11844.961240310078
1115,0.0,0,0,0,,
1117,0.0,0,0,0,,
1118,0.0,0,0,0,,
1120,0.0,1,0,1,,14453.125
1122,0.0,0,0,0,,
1123,10729.0,36,36,0,10729.285262492092,
1124,4963.0,14,14,0,4962.686567164179,
1125,0.0,0,0,0,,
1126,0.0,1,0,1,,14703.703703703704
1127,0.0,0,0,0,,
1129,0.0,0,0,0,,
1130,0.0,0,0,0,,
1132,0.0,0,0,0,,
1134,19423.0,70,0,70,,19423.076923076922
1135,0.0,0,0,0,,
1137,0.0,0,0,0,,
1138,0.0,0,0,0,,
1139,0.0,0,0,0,,
1140,0.0,0,0,0,,
1141,0.0,0,0,0,,
1142,5275.0,12,12,0,5274.834437086093,
1143,0.0,0,0,0,,
1144,0.0,0,0,0,,
1145,0.0,0,0,0,,
1147,0.0,0,0,0,,
1148,0.0,0,0,0,,
1149,7288.0,20,20,0,7288.295365278869,
1150,0.0,0,0,0,,
1151,0.0,0,0,0,,
1152,0.0,0,0,0,,
1153,0.0,0,0,0,,
1154,0.0,0,0,0,,
1155,0.0,0,0,0,,
1156,0.0,0,0,0,,
1157,0.0,0,0,0,,
1158,0.0,0,0,0,,
1159,0.0,0,0,0,,
1160,5471.0,46,46,0,5470.999724290046,
1161,0.0,0,0,0,,
1162,0.0,0,0,0,,
1163,20607.0,20,0,20,,20607.019562715766
1165,0.0,0,0,0,,
1167,0.0,0,0,0,,
1168,0.0,0,0,0,,
1169,17258.0,143,0,143,,17258.064516129034
1170,0.0,0,0,0,,
1171,5418.0,20,20,0,5418.472532814779,
1172,0.0,0,0,0,,
1173,20981.0,7,0,7,,20980.788675429725
1174,5785.0,18,18,0,5785.271754435371,
1175,7387.0,49,49,0,7387.096774193548,
1177,0.0,0,0,0,,
1178,5167.0,11,11,0,5166.666666666667,
1179,0.0,2,0,2,,9381.630954857501
1180,0.0,0,0,0,,
1181,0.0,0,0,0,,
1182,0.0,0,0,0,,
1183,0.0,0,0,0,,
1184,0.0,0,0,0,,
1185,0.0,0,0,0,,
1186,0.0,0,0,0,,
1187,0.0,0,0,0,,
1188,5884.0,14,14,0,5884.1463414634145,
1189,0.0,0,0,0,,
1190,0.0,0,0,0,,
1191,0.0,0,0,0,,
1192,28270.0,830,0,830,,28269.84126984127
1193,0.0,0,0,0,,
1194,0.0,0,0,0,,
1195,5405.0,25,25,0,5405.405405405405,
1196,0.0,0,0,0,,
1197,0.0,0,0,0,,
1198,16546.0,8,0,8,,16545.93770802166
1199,0.0,0,0,0,,
1200,0.0,0,0,0,,
1201,0.0,0,0,0,,
1203,0.0,0,0,0,,
1204,8674.0,30,30,0,8673.668783585736,
1205,0.0,0,0,0,,
1206,5236.0,28,28,0,5236.263736263736,
1208,0.0,0,0,0,,
1209,0.0,0,0,0,,
1210,0.0,0,0,0,,
1211,5312.0,18,18,0,5312.5,
1212,0.0,0,0,0,,
1213,0.0,0,0,0,,
1214,17360.0,31,3,28,6579.885714285714,18514.5929198626
1215,0.0,0,0,0,,
1216,5498.0,27,27,0,5498.486486486487,
1217,0.0,0,0,0,,
1218,4752.0,35,35,0,4752.475247524752,
1219,0.0,0,0,0,,
1222,0.0,0,0,0,,
1224,0.0,0,0,0,,
1225,4752.0,9,9,0,4751.77304964539,
1226,0.0,0,0,0,,
1228,0.0,0,0,0,,
1229,0.0,0,0,0,,
1230,0.0,0,0,0,,
1231,0.0,0,0,0,,
1232,0.0,0,0,0,,
1233,0.0,0,0,0,,
1234,0.0,0,0,0,,
1235,17928.0,3,0,3,,17928.28685258964
1236,0.0,0,0,0,,
1237,0.0,0,0,0,,
1238,0.0,0,0,0,,
1239,22043.0,9,0,9,,22043.010752688173
1240,5566.0,28,28,0,5566.193548387097,
1242,0.0,0,0,0,,
1243,0.0,0,0,0,,
1244,5265.0,19,19,0,5264.705882352941,
1245,0.0,0,0,0,,
1247,0.0,0,0,0,,
1248,0.0,0,0,0,,
1249,17697.0,20,0,20,,17697.368421052633
1250,10967.0,54,0,54,,10967.477525118986
1251,0.0,0,0,0,,
1252,5412.0,10,10,0,5412.439613526571,
1253,0.0,0,0,0,,
1255,0.0,0,0,0,,
1256,0.0,0,0,0,,
1257,0.0,0,0,0,,
1258,0.0,0,0,0,,
1260,0.0,0,0,0,,
1261,0.0,0,0,0,,
1263,5051.0,36,36,0,5050.50505050505,
1264,6556.0,5,5,0,6555.542857142857,
1265,0.0,0,0,0,,
1266,5462.0,5,5,0,5461.538461538462,
1267,0.0,0,0,0,,
1268,0.0,0,0,0,,
1269,5108.0,9,9,0,5108.433734939759,
1270,0.0,0,0,0,,
1271,0.0,0,0,0,,
1272,0.0,0,0,0,,
1273,5604.0,28,28,0,5603.791092258749,
1274,0.0,0,0,0,,
1276,0.0,0,0,0,,
1277,0.0,0,0,0,,
1279,4321.0,19,19,0,4320.987654320988,
1280,0.0,0,0,0,,
1281,0.0,0,0,0,,
1282,5481.0,66,66,0,5480.623100303951,
1283,0.0,0,0,0,,
1284,0.0,0,0,0,,
1285,0.0,0,0,0,,
1287,0.0,0,0,0,,
1288,0.0,0,0,0,,
1289,0.0,0,0,0,,
1292,5105.0,9,9,0,5105.263157894737,
1293,0.0,0,0,0,,
1294,0.0,0,0,0,,
1295,5338.0,12,12,0,5338.068181818182,
1297,0.0,1,0,1,,12264.150943396226
1298,0.0,0,0,0,,
1299,0.0,0,0,0,,
1300,0.0,0,0,0,,
1303,0.0,0,0,0,,
1304,0.0,0,0,0,,
1305,0.0,0,0,0,,
1307,0.0,0,0,0,,
1308,5636.0,8,8,0,5635.7604017216645,
1309,0.0,0,0,0,,
1310,5924.0,8,8,0,5923.992229237494,
1311,5389.0,51,51,0,5388.888888888889,
1312,22308.0,45,0,45,,22307.69230769231
1313,15056.0,8,0,8,,15056.060978608311
1314,0.0,0,0,0,,
1315,25060.0,25,0,25,,25059.665871121717
1316,0.0,0,0,0,,
1317,0.0,0,0,0,,
1318,0.0,0,0,0,,
1320,0.0,0,0,0,,
1321,0.0,0,0,0,,
1322,0.0,0,0,0,,
1323,5300.0,11,11,0,5300.0,
1324,0.0,0,0,0,,
1325,5720.0,12,12,0,5719.570847206807,
1326,0.0,0,0,0,,
1327,0.0,0,0,0,,
1328,5246.0,4,4,0,5245.762711864407,
1329,0.0,0,0,0,,
1330,0.0,0,0,0,,
1331,0.0,0,0,0,,
1332,0.0,2,2,0,6944.550773170491,
1333,0.0,0,0,0,,
1334,0.0,0,0,0,,
1335,0.0,0,0,0,,
1336,0.0,0,0,0,,
1337,0.0,0,0,0,,
1338,0.0,0,0,0,,
1340,0.0,0,0,0,,
1343,5203.0,35,35,0,5202.702702702703,
1344,0.0,0,0,0,,
1345,0.0,0,0,0,,
1346,6210.0,14,14,0,6210.38961038961,
1347,0.0,0,0,0,,
1348,0.0,0,0,0,,
1349,0.0,0,0,0,,
1350,0.0,0,0,0,,
1351,11621.0,83,0,83,,11620.689655172413
1352,0.0,0,0,0,,
1353,0.0,0,0,0,,
1354,0.0,0,0,0,,
1355,0.0,0,0,0,,
1357,0.0,0,0,0,,
1358,5790.0,18,18,0,5790.0,
1359,21733.0,21,0,21,,21733.333333333332
1360,6400.0,35,35,0,6400.0,
1362,0.0,0,0,0,,
1363,0.0,0,0,0,,
1364,0.0,0,0,0,,
1365,0.0,0,0,0,,
1366,18182.0,11,0,11,,18181.81818181818
1367,0.0,0,0,0,,
1368,6140.0,4,4,0,6139.713802123404,
1370,5848.0,23,23,0,5847.826086956522,
1371,0.0,0,0,0,,
1372,0.0,0,0,0,,
1374,16312.0,65,9,56,5779.411764705882,18005.054358191876
1375,5230.0,19,19,0,5230.0,
1376,0.0,0,0,0,,
1377,0.0,0,0,0,,
1378,0.0,0,0,0,,
1379,0.0,0,0,0,,
1380,4577.0,13,13,0,4577.4647887323945,
1381,0.0,0,0,0,,
1382,0.0,0,0,0,,
1383,0.0,0,0,0,,
1384,0.0,0,0,0,,
1385,0.0,0,0,0,,
1386,5370.0,46,46,0,5369.993742177722,
1387,5294.0,29,29,0,5294.117647058823,
1388,0.0,0,0,0,,
1389,0.0,0,0,0,,
1390,0.0,0,0,0,,
1391,19883.0,7,0,7,,19883.040935672514
1392,0.0,0,0,0,,
1393,0.0,0,0,0,,
1394,5484.0,35,35,0,5483.870967741936,
1395,0.0,0,0,0,,
1396,0.0,0,0,0,,
1397,0.0,0,0,0,,
1398,10411.0,178,72,106,6736.8421052631575,12907.222435651172
1399,0.0,0,0,0,,
1400,0.0,0,0,0,,
1401,0.0,0,0,0,,
1403,0.0,0,0,0,,
1404,5785.0,75,75,0,5784.94623655914,
1405,0.0,0,0,0,,
1406,0.0,0,0,0,,
1407,0.0,0,0,0,,
1408,0.0,0,0,0,,
1409,0.0,0,0,0,,
1410,5205.0,10,10,0,5204.545454545454,
1411,0.0,0,0,0,,
1414,5957.0,21,21,0,5957.446808510638,
1415,0.0,0,0,0,,
1416,8547.0,35,35,0,8547.008547008547,
1417,0.0,0,0,0,,
1418,6090.0,13,13,0,6089.55223880597,
1420,0.0,0,0,0,,
1421,0.0,0,0,0,,
1422,5147.0,39,39,0,5147.058823529412,
1423,0.0,0,0,0,,
1424,11115.0,78,0,78,,11114.905982905984
1425,25714.0,9,0,9,,25714.285714285714
1426,0.0,0,0,0,,
1427,14846.0,76,0,76,,14845.866960136953
1428,0.0,0,0,0,,
1430,0.0,0,0,0,,
1431,0.0,0,0,0,,
1432,0.0,0,0,0,,
1433,5196.0,20,20,0,5196.428571428572,
1436,0.0,0,0,0,,
1437,0.0,0,0,0,,
1438,0.0,0,0,0,,
1439,0.0,0,0,0,,
1440,0.0,0,0,0,,
1441,0.0,0,0,0,,
1443,8384.0,16,16,0,8383.673469387755,
1445,0.0,0,0,0,,
1446,0.0,0,0,0,,
1447,0.0,0,0,0,,
1448,0.0,0,0,0,,
1449,0.0,0,0,0,,
1450,0.0,1,0,1,,19387.755102040817
1452,0.0,0,0,0,,
1453,0.0,0,0,0,,
1454,0.0,0,0,0,,
1456,0.0,0,0,0,,
1457,0.0,0,0,0,,
1459,0.0,0,0,0,,
1460,0.0,0,0,0,,
1461,4852.0,19,19,0,4852.173913043478,
1463,5541.0,27,27,0,5540.540540540541,
1464,0.0,0,0,0,,
1465,0.0,0,0,0,,
1466,4814.0,6,6,0,4813.683912920555,
1467,0.0,0,0,0,,
1468,0.0,0,0,0,,
1469,0.0,0,0,0,,
1470,18846.0,21,0,21,,18846.153846153848
1471,5049.0,21,21,0,5048.543689320389,
1473,0.0,0,0,0,,
1474,12712.0,6,0,6,,12712.235145296741
1475,0.0,0,0,0,,
1476,0.0,0,0,0,,
1477,0.0,0,0,0,,
1479,0.0,0,0,0,,
1480,0.0,0,0,0,,
1481,0.0,0,0,0,,
1482,0.0,0,0,0,,
1483,0.0,0,0,0,,
1484,34249.0,10,0,10,,34249.0192415468
1485,22264.0,97,0,97,,22264.150943396227
1486,5523.0,14,14,0,5523.320650747835,
1487,0.0,0,0,0,,
1488,0.0,0,0,0,,
1489,18238.0,13,0,13,,18238.095238095237
1490,0.0,0,0,0,,
1492,0.0,0,0,0,,
1493,0.0,0,0,0,,
1494,5385.0,32,32,0,5385.1183063511835,
1495,0.0,0,0,0,,
1496,0.0,0,0,0,,
1497,0.0,0,0,0,,
1498,23049.0,47,0,47,,23048.780487804877
1499,0.0,0,0,0,,
1500,4767.0,10,10,0,4767.123287671233,
1501,0.0,0,0,0,,
1502,0.0,0,0,0,,
1503,0.0,0,0,0,,
1504,0.0,0,0,0,,
1505,0.0,0,0,0,,
1506,0.0,0,0,0,,
1507,0.0,0,0,0,,
1508,0.0,0,0,0,,
1510,5055.0,35,35,0,5054.945054945055,
1512,7026.0,10,10,0,7025.641025641025,
1513,5636.0,69,69,0,5636.363636363636,
1514,0.0,0,0,0,,
1515,12906.0,9,0,9,,12905.66037735849
1516,0.0,0,0,0,,
1517,4963.0,20,20,0,4962.906057945566,
1518,16543.0,16,3,13,6500.0,18860.759493670885
1519,0.0,0,0,0,,
1520,5312.0,13,13,0,5311.827956989248,
1521,0.0,0,0,0,,
1522,4778.0,10,10,0,4778.456340956342,
1524,5000.0,12,12,0,5000.0,
1525,0.0,0,0,0,,
1526,0.0,0,0,0,,
1527,0.0,0,0,0,,
1528,5235.0,22,22,0,5235.248958104848,
1529,0.0,0,0,0,,
1530,0.0,0,0,0,,
1531,7536.0,8,8,0,7535.990168539325,
1532,0.0,0,0,0,,
1533,0.0,0,0,0,,
1534,0.0,0,0,0,,
1536,0.0,0,0,0,,
1537,0.0,0,0,0,,
1538,0.0,0,0,0,,
1539,5618.0,11,11,0,5617.977528089888,
1540,0.0,0,0,0,,
1541,0.0,0,0,0,,
1543,5851.0,7,7,0,5850.746268656716,
1544,0.0,0,0,0,,
1545,0.0,0,0,0,,
1546,5056.0,67,67,0,5055.555555555556,
1547,15717.0,26,0,26,,15717.440741712586
1549,0.0,0,0,0,,
1550,6539.0,8,8,0,6538.9848246991105,
1551,16680.0,6,0,6,,16680.39302957768
1552,0.0,0,0,0,,
1553,0.0,0,0,0,,
1554,17978.0,95,11,84,5252.100840336135,19644.06779661017
1555,0.0,0,0,0,,
1556,0.0,0,0,0,,
1557,0.0,0,0,0,,
1558,0.0,0,0,0,,
1559,0.0,2,0,2,,12974.394717125113
1560,0.0,0,0,0,,
1561,0.0,0,0,0,,
1562,0.0,0,0,0,,
1563,5631.0,35,35,0,5631.0679611650485,
1566,0.0,0,0,0,,
1567,0.0,0,0,0,,
1568,0.0,0,0,0,,
1569,5425.0,20,20,0,5425.086064960335,
1570,0.0,0,0,0,,
1574,24849.0,54,0,54,,24849.498327759196
1575,0.0,0,0,0,,
1576,0.0,0,0,0,,
1577,0.0,0,0,0,,
1578,0.0,0,0,0,,
1579,0.0,0,0,0,,
1582,0.0,0,0,0,,
1583,0.0,0,0,0,,
1584,0.0,0,0,0,,
1588,0.0,0,0,0,,
1589,0.0,0,0,0,,
1590,0.0,0,0,0,,
1592,0.0,0,0,0,,
1593,0.0,0,0,0,,
1594,0.0,0,0,0,,
1596,15883.0,26,0,26,,15882.912487028709
1597,0.0,0,0,0,,
1598,0.0,0,0,0,,
1599,0.0,0,0,0,,
1601,0.0,0,0,0,,
1603,0.0,0,0,0,,
1604,0.0,0,0,0,,
1605,0.0,0,0,0,,
1606,20528.0,186,0,186,,20528.058556988497
1607,0.0,0,0,0,,
1608,18285.0,14,0,14,,18285.353455050947
1609,0.0,0,0,0,,
1610,0.0,0,0,0,,
1611,0.0,0,0,0,,
1612,0.0,0,0,0,,
1613,0.0,0,0,0,,
1614,0.0,0,0,0,,
1616,0.0,0,0,0,,
1617,0.0,0,0,0,,
1618,5090.0,32,32,0,5090.126811594203,
1619,0.0,0,0,0,,
1620,0.0,0,0,0,,
1621,20214.0,124,0,124,,20213.909860443833
1622,0.0,0,0,0,,
1623,0.0,0,0,0,,
1624,6226.0,52,52,0,6226.206092823553,
1625,0.0,0,0,0,,
1627,0.0,0,0,0,,
1628,0.0,0,0,0,,
1629,0.0,0,0,0,,
1630,0.0,0,0,0,,
1631,0.0,0,0,0,,
1632,7339.0,3,3,0,7338.842975206611,
1634,4863.0,27,27,0,4863.013698630137,
1636,0.0,0,0,0,,
1637,0.0,0,0,0,,
1639,0.0,0,0,0,,
1640,0.0,0,0,0,,
1643,5634.0,19,19,0,5633.587786259542,
1644,0.0,0,0,0,,
1645,0.0,0,0,0,,
1646,0.0,0,0,0,,
1647,0.0,0,0,0,,
1648,0.0,0,0,0,,
1649,0.0,0,0,0,,
1650,0.0,0,0,0,,
1651,0.0,0,0,0,,
1652,0.0,0,0,0,,
1654,21945.0,167,0,167,,21945.054945054944
1655,0.0,0,0,0,,
1656,14085.0,8,0,8,,14085.144927536232
1657,6994.0,10,10,0,6993.689422355589,
1658,5813.0,36,36,0,5813.076923076923,
1659,0.0,0,0,0,,
1661,6894.0,40,40,0,6894.468462476444,
1662,0.0,0,0,0,,
1663,0.0,0,0,0,,
1665,22844.0,8,0,8,,22844.215713883415
1666,0.0,0,0,0,,
1667,0.0,0,0,0,,
1668,0.0,0,0,0,,
1669,5673.0,29,29,0,5673.076923076923,
1670,4780.0,69,69,0,4779.661016949152,
1671,0.0,0,0,0,,
1672,6828.0,14,14,0,6827.956989247312,
1674,0.0,0,0,0,,
1675,0.0,0,0,0,,
1676,14815.0,7,0,7,,14814.814814814816
1678,0.0,0,0,0,,
1679,4029.0,5,5,0,4028.846153846154,
1680,0.0,0,0,0,,
1681,0.0,0,0,0,,
1682,0.0,0,0,0,,
1683,0.0,0,0,0,,
1684,0.0,0,0,0,,
1685,0.0,0,0,0,,
1686,0.0,0,0,0,,
1687,0.0,0,0,0,,
1688,0.0,0,0,0,,
1689,0.0,0,0,0,,
1690,0.0,0,0,0,,
1691,0.0,0,0,0,,
1692,18413.0,6,0,6,,18412.789741903667
1693,0.0,0,0,0,,
1694,0.0,0,0,0,,
1695,0.0,0,0,0,,
1696,0.0,0,0,0,,
1698,0.0,0,0,0,,
1699,0.0,0,0,0,,
1700,0.0,0,0,0,,
1701,6198.0,8,8,0,6198.347107438017,
1703,0.0,0,0,0,,
1704,0.0,0,0,0,,
1705,0.0,0,0,0,,
1707,5537.0,7,7,0,5537.190082644628,
1708,0.0,0,0,0,,
1710,0.0,0,0,0,,
1712,0.0,0,0,0,,
1713,0.0,0,0,0,,
1714,0.0,1,0,1,,18396.84625492773
1716,5384.0,4,4,0,5383.696827685653,
1718,0.0,0,0,0,,
1719,0.0,0,0,0,,
1720,5000.0,13,13,0,5000.0,
1721,0.0,0,0,0,,
1722,5124.0,21,21,0,5123.966942148761,
1723,0.0,0,0,0,,
1724,0.0,0,0,0,,
1725,0.0,0,0,0,,
1726,0.0,0,0,0,,
1727,0.0,0,0,0,,
1728,0.0,0,0,0,,
1729,4860.0,9,9,0,4859.504132231405,
1730,0.0,0,0,0,,
1731,0.0,0,0,0,,
1732,0.0,0,0,0,,
1734,0.0,0,0,0,,
1735,0.0,0,0,0,,
1736,0.0,0,0,0,,
1737,0.0,0,0,0,,
1738,0.0,0,0,0,,
1739,0.0,0,0,0,,
1740,11442.0,23,0,23,,11442.307692307691
1741,5158.0,18,18,0,5158.11011904762,
1743,16426.0,16,0,16,,16426.490243250468
1744,0.0,0,0,0,,
1745,18685.0,188,0,188,,18684.962406015038
1746,6237.0,61,61,0,6236.559139784947,
1747,0.0,0,0,0,,
1748,0.0,0,0,0,,
1749,0.0,0,0,0,,
1750,5355.0,22,22,0,5355.371900826446,
1751,0.0,0,0,0,,
1752,23876.0,15,0,15,,23875.62465297057
1753,6615.0,78,78,0,6614.51048951049,
1754,13908.0,19,0,19,,13908.045977011494
1755,0.0,0,0,0,,
1756,0.0,0,0,0,,
1757,0.0,0,0,0,,
1758,0.0,0,0,0,,
1759,17435.0,4,0,4,,17435.185185185182
1760,0.0,0,0,0,,
1761,0.0,0,0,0,,
1762,0.0,0,0,0,,
1763,0.0,0,0,0,,
1764,0.0,0,0,0,,
1765,0.0,0,0,0,,
1766,0.0,0,0,0,,
1767,0.0,0,0,0,,
1768,0.0,0,0,0,,
1769,5903.0,7,7,0,5902.777777777777,
1770,0.0,0,0,0,,
1772,0.0,0,0,0,,
1774,0.0,0,0,0,,
1775,32327.0,7,0,7,,32327.32
1776,0.0,0,0,0,,
1777,21167.0,104,0,104,,21166.666666666664
1778,0.0,0,0,0,,
1779,0.0,0,0,0,,
1780,0.0,0,0,0,,
1781,0.0,0,0,0,,
1782,5507.0,10,10,0,5506.626865671642,
1784,0.0,0,0,0,,
1785,0.0,0,0,0,,
1786,6239.0,13,13,0,6238.805970149254,
1788,4836.0,11,11,0,4836.065573770492,
1789,0.0,0,0,0,,
1790,5755.0,19,19,0,5754.545454545455,
1791,0.0,0,0,0,,
1792,0.0,0,0,0,,
1793,0.0,0,0,0,,
1794,0.0,0,0,0,,
1797,5492.0,85,85,0,5491.525423728814,
1798,0.0,0,0,0,,
1799,0.0,0,0,0,,
1800,17029.0,4,0,4,,17028.52522858999
1802,0.0,0,0,0,,
1803,0.0,0,0,0,,
1804,0.0,0,0,0,,
1805,0.0,2,0,2,,16982.669869595058
1806,16000.0,73,0,73,,16000.0
1809,0.0,0,0,0,,
1810,0.0,0,0,0,,
1811,0.0,0,0,0,,
1812,0.0,0,0,0,,
1814,5959.0,6,6,0,5958.960747281915,
1816,4856.0,16,16,0,4855.7692307692305,
1817,0.0,0,0,0,,
1818,0.0,0,0,0,,
1819,22465.0,34,0,34,,22464.889366272826
1820,0.0,0,0,0,,
1821,4489.0,3,3,0,4489.051094890511,
1822,0.0,0,0,0,,
1823,21447.0,81,0,81,,21446.59377628259
1824,0.0,0,0,0,,
1825,0.0,0,0,0,,
1827,0.0,0,0,0,,
1828,5224.0,26,26,0,5223.880597014925,
1829,0.0,0,0,0,,
1830,0.0,0,0,0,,
1832,0.0,0,0,0,,
1833,0.0,0,0,0,,
1834,15200.0,20,0,20,,15199.905183312263
1835,0.0,0,0,0,,
1836,0.0,0,0,0,,
1837,0.0,0,0,0,,
1838,5397.0,12,12,0,5396.739130434782,
1839,0.0,0,0,0,,
1841,5649.0,7,7,0,5648.648648648648,
1842,6336.0,30,30,0,6335.585585585585,
1843,15206.0,10,0,10,,15206.18556701031
1844,0.0,0,0,0,,
1846,0.0,0,0,0,,
1847,0.0,0,0,0,,
1848,0.0,0,0,0,,
1849,17146.0,12,0,12,,17145.584045584044
1850,5597.0,41,41,0,5597.014925373134,
1851,0.0,0,0,0,,
1852,0.0,1,0,1,,16515.151515151516
1853,6609.0,50,50,0,6608.521821631879,
1854,0.0,0,0,0,,
1856,0.0,0,0,0,,
1857,0.0,0,0,0,,
1858,0.0,0,0,0,,
1859,11188.0,75,0,75,,11187.644444444444
1860,17857.0,47,0,47,,17857.14285714286
1861,0.0,0,0,0,,
1862,0.0,0,0,0,,
1864,0.0,0,0,0,,
1867,18116.0,28,0,28,,18116.071428571428
1868,35526.0,23,0,23,,35526.31578947369
1869,12430.0,285,50,235,6902.940336854124,13606.557377049181
1870,0.0,0,0,0,,
1871,0.0,0,0,0,,
1872,6848.0,5,5,0,6847.826086956522,
1873,5036.0,84,84,0,5036.0360360360355,
1874,0.0,0,0,0,,
1876,0.0,0,0,0,,
1877,0.0,0,0,0,,
1878,4700.0,17,17,0,4700.0,
1879,0.0,0,0,0,,
1881,0.0,0,0,0,,
1882,0.0,0,0,0,,
1883,0.0,0,0,0,,
1884,0.0,0,0,0,,
1885,4794.0,11,11,0,4793.893129770992,
1886,0.0,0,0,0,,
1887,0.0,0,0,0,,
1889,0.0,0,0,0,,
1891,0.0,0,0,0,,
1893,0.0,0,0,0,,
1894,0.0,0,0,0,,
1895,0.0,0,0,0,,
1896,6344.0,67,67,0,6344.086021505376,
1897,0.0,0,0,0,,
1898,6605.0,10,10,0,6604.682926829268,
1899,0.0,0,0,0,,
1900,0.0,0,0,0,,
1901,23826.0,11,0,11,,23825.96685082873
1902,0.0,0,0,0,,
1903,0.0,0,0,0,,
1905,0.0,0,0,0,,
1906,5115.0,19,19,0,5115.04424778761,
1907,0.0,0,0,0,,
1908,0.0,0,0,0,,
1909,0.0,0,0,0,,
1910,0.0,0,0,0,,
1911,6675.0,8,8,0,6675.324675324675,
1912,0.0,0,0,0,,
1913,6075.0,28,28,0,6075.393154486586,
1914,6687.0,6,0,6,,6687.343116995318
1915,0.0,0,0,0,,
1916,5279.0,26,26,0,5279.427779427779,
1917,18381.0,39,0,39,,18381.333333333332
1918,0.0,0,0,0,,
1919,0.0,0,0,0,,
1920,0.0,0,0,0,,
1921,10123.0,16,0,16,,10123.31122574306
1922,0.0,0,0,0,,
1923,0.0,0,0,0,,
1924,0.0,0,0,0,,
1926,0.0,0,0,0,,
1927,4891.0,7,7,0,4890.510948905109,
1928,0.0,0,0,0,,
1929,0.0,0,0,0,,
1930,0.0,0,0,0,,
1932,0.0,0,0,0,,
1933,0.0,0,0,0,,
1934,0.0,0,0,0,,
1935,0.0,0,0,0,,
1936,0.0,0,0,0,,
1937,5440.0,19,19,0,5440.0,
1938,0.0,0,0,0,,
1939,0.0,0,0,0,,
1940,0.0,0,0,0,,
1941,22381.0,11,0,11,,22380.95238095238
1942,7963.0,7,7,0,7963.414634146341,
1943,0.0,0,0,0,,
1944,0.0,0,0,0,,
1945,0.0,0,0,0,,
1946,0.0,0,0,0,,
1948,0.0,0,0,0,,
1949,0.0,1,1,0,7559.523809523809,
1950,0.0,0,0,0,,
1951,0.0,0,0,0,,
1952,4414.0,15,15,0,4414.0625,
1953,5904.0,17,17,0,5903.614457831325,
1956,0.0,0,0,0,,
1957,0.0,0,0,0,,
1959,5291.0,11,11,0,5291.005291005291,
1960,4744.0,16,16,0,4743.753187149414,
1961,0.0,0,0,0,,
1962,0.0,2,2,0,4287.735849056604,
1963,17831.0,15,0,15,,17831.32530120482
1964,5347.0,27,27,0,5347.222222222223,
1966,6892.0,68,68,0,6892.187648682082,
1967,16429.0,5,0,5,,16428.571428571428
1968,0.0,0,0,0,,
1969,5682.0,62,62,0,5681.818181818182,
1970,0.0,0,0,0,,
1971,0.0,0,0,0,,
1972,0.0,0,0,0,,
1973,0.0,0,0,0,,
1974,0.0,0,0,0,,
1975,12829.0,14,0,14,,12829.324169530355
1976,0.0,0,0,0,,
1977,0.0,0,0,0,,
1978,0.0,0,0,0,,
1980,5528.0,10,10,0,5527.777777777777,
1981,0.0,0,0,0,,
1982,0.0,0,0,0,,
1983,0.0,0,0,0,,
1984,0.0,0,0,0,,
1986,9044.0,45,45,0,9043.870967741936,
1987,17823.0,3,0,3,,17822.58064516129
1988,0.0,0,0,0,,
1989,0.0,0,0,0,,
1990,0.0,0,0,0,,
1992,0.0,0,0,0,,
1993,5569.0,7,7,0,5569.2307692307695,
1994,6282.0,38,38,0,6282.051282051282,
1995,7039.0,11,11,0,7039.473684210527,
1996,0.0,0,0,0,,
1997,0.0,0,0,0,,
1999,0.0,0,0,0,,
2000,6700.0,17,17,0,6700.0,
2001,13682.0,48,0,48,,13681.818181818182
2002,0.0,0,0,0,,
2003,0.0,0,0,0,,
2004,0.0,0,0,0,,
2005,0.0,0,0,0,,
2006,0.0,0,0,0,,
2007,20825.0,6,0,6,,20825.44378698225
2008,5246.0,7,7,0,5245.901639344263,
2009,0.0,0,0,0,,
2010,0.0,0,0,0,,
2012,0.0,0,0,0,,
2013,0.0,0,0,0,,
2014,0.0,0,0,0,,
2015,0.0,0,0,0,,
2016,0.0,0,0,0,,
2017,5479.0,10,10,0,5478.83064516129,
2018,0.0,0,0,0,,
2019,5027.0,50,50,0,5026.881720430108,
2020,0.0,0,0,0,,
2021,0.0,1,0,1,,18167.93893129771
2022,0.0,0,0,0,,
2023,0.0,0,0,0,,
2024,0.0,0,0,0,,
2025,7671.0,12,12,0,7671.232876712329,
2026,0.0,0,0,0,,
2028,0.0,0,0,0,,
2029,0.0,0,0,0,,
2030,0.0,0,0,0,,
2031,0.0,0,0,0,,
2032,0.0,0,0,0,,
2033,0.0,0,0,0,,
2034,0.0,0,0,0,,
2035,0.0,0,0,0,,
2036,0.0,0,0,0,,
2037,0.0,2,0,2,,17383.60947555799
2039,0.0,0,0,0,,
2040,17269.0,26,0,26,,17268.51851851852
2041,14326.0,92,27,65,6945.032258064516,17391.304347826088
2042,0.0,0,0,0,,
2044,0.0,0,0,0,,
2045,0.0,0,0,0,,
2046,0.0,0,0,0,,
2048,0.0,0,0,0,,
2049,9684.0,34,34,0,9683.908045977012,
2050,0.0,0,0,0,,
2052,8837.0,52,33,19,5289.256198347108,15000.0
2053,0.0,0,0,0,,
2054,6078.0,62,62,0,6077.786377708979,
2055,0.0,0,0,0,,
2056,0.0,0,0,0,,
2057,15767.0,60,0,60,,15766.718913270637
2058,0.0,0,0,0,,
2059,0.0,0,0,0,,
2060,0.0,2,0,2,,14153.225806451614
2061,0.0,0,0,0,,
2062,0.0,0,0,0,,
2063,12327.0,3,0,3,,12327.044025157233
2064,0.0,0,0,0,,
2065,0.0,0,0,0,,
2066,0.0,0,0,0,,
2067,0.0,0,0,0,,
2068,0.0,0,0,0,,
2069,0.0,0,0,0,,
2070,0.0,0,0,0,,
2071,0.0,0,0,0,,
2072,0.0,0,0,0,,
2073,0.0,0,0,0,,
2074,0.0,0,0,0,,
2075,0.0,0,0,0,,
2076,0.0,0,0,0,,
2077,5933.0,50,50,0,5932.828358208955,
2078,5631.0,26,26,0,5630.998114130055,
2079,5588.0,8,8,0,5588.298395356776,
2080,10800.0,37,0,37,,10800.0
2081,0.0,0,0,0,,
2082,0.0,0,0,0,,
2083,5397.0,34,34,0,5397.018030513176,
2084,0.0,0,0,0,,
2085,4745.0,21,21,0,4744.525547445255,
2087,0.0,0,0,0,,
2088,0.0,0,0,0,,
2089,0.0,0,0,0,,
2090,4810.0,12,12,0,4810.465508517456,
2091,0.0,0,0,0,,
2093,0.0,0,0,0,,
2094,0.0,0,0,0,,
2095,0.0,0,0,0,,
2096,13072.0,61,27,34,5916.666666666667,18754.310344827587
2097,0.0,0,0,0,,
2098,0.0,0,0,0,,
2099,0.0,0,0,0,,
2100,5627.0,15,15,0,5626.865671641791,
2101,0.0,0,0,0,,
2102,15732.0,43,8,35,6312.065275548422,17885.46255506608
2103,0.0,0,0,0,,
2104,30897.0,160,0,160,,30896.874451273048
2105,0.0,0,0,0,,
2106,6282.0,10,10,0,6282.327868852459,
2107,0.0,0,0,0,,
2108,0.0,0,0,0,,
2109,0.0,0,0,0,,
2110,0.0,0,0,0,,
2111,0.0,0,0,0,,
2112,0.0,0,0,0,,
2113,7711.0,20,20,0,7711.313697989715,
2114,0.0,0,0,0,,
2115,11645.0,14,0,14,,11645.49871358079
2117,5021.0,10,10,0,5020.661157024793,
2118,11400.0,14,0,14,,11400.261280273338
2120,15071.0,4,0,4,,15071.349513795558
2121,0.0,0,0,0,,
2122,0.0,0,0,0,,
2123,5376.0,67,67,0,5376.344086021505,
2124,0.0,0,0,0,,
2125,0.0,0,0,0,,
2126,0.0,0,0,0,,
2127,0.0,0,0,0,,
2128,0.0,0,0,0,,
2129,0.0,0,0,0,,
2130,5377.0,22,22,0,5376.5182186234815,
2131,14028.0,59,0,59,,14027.777777777777
2133,0.0,0,0,0,,
2135,0.0,0,0,0,,
2136,0.0,0,0,0,,
2137,0.0,0,0,0,,
2138,6653.0,10,10,0,6653.225806451614,
2139,0.0,0,0,0,,
2140,0.0,0,0,0,,
2141,0.0,0,0,0,,
2142,0.0,0,0,0,,
2143,0.0,0,0,0,,
2144,13118.0,138,0,138,,13118.165574746872
2145,0.0,0,0,0,,
2146,6323.0,91,91,0,6322.580645161291,
2147,0.0,0,0,0,,
2148,0.0,0,0,0,,
2149,0.0,0,0,0,,
2150,0.0,0,0,0,,
2152,0.0,0,0,0,,
2153,15003.0,22,0,22,,15002.667140825037
2154,16284.0,15,0,15,,16283.51724137931
2155,7164.0,19,19,0,7164.179104477612,
2156,0.0,0,0,0,,
2157,0.0,0,0,0,,
2160,0.0,0,0,0,,
2161,0.0,0,0,0,,
2162,4514.0,39,39,0,4513.888888888889,
2163,0.0,0,0,0,,
2164,0.0,0,0,0,,
2165,0.0,0,0,0,,
2166,0.0,0,0,0,,
2167,4745.0,4,4,0,4744.721356870889,
2168,0.0,0,0,0,,
2169,0.0,0,0,0,,
2170,0.0,0,0,0,,
2171,5343.0,22,22,0,5342.5058548009365,
2172,0.0,0,0,0,,
2173,0.0,0,0,0,,
2174,0.0,0,0,0,,
2175,0.0,0,0,0,,
2176,0.0,0,0,0,,
2177,0.0,0,0,0,,
2178,0.0,0,0,0,,
2179,5627.0,51,51,0,5627.327433628318,
2180,0.0,0,0,0,,
2182,0.0,0,0,0,,
2183,7273.0,13,13,0,7272.727272727273,
2184,0.0,0,0,0,,
2185,13532.0,12,0,12,,13532.457691336196
2186,0.0,0,0,0,,
2187,0.0,0,0,0,,
2189,0.0,0,0,0,,
2190,21375.0,26,0,26,,21375.0
2191,0.0,0,0,0,,
2192,5278.0,41,41,0,5277.777777777777,
2193,0.0,0,0,0,,
2194,0.0,0,0,0,,
2195,0.0,0,0,0,,
2197,0.0,0,0,0,,
2198,0.0,0,0,0,,
2199,0.0,0,0,0,,
2200,0.0,0,0,0,,
2201,5563.0,38,38,0,5563.38696760102,
2202,0.0,0,0,0,,
2203,0.0,0,0,0,,
2204,5932.0,53,53,0,5932.203389830508,
2206,13333.0,59,0,59,,13333.333333333334
2207,17193.0,437,0,437,,17192.98245614035
2208,0.0,0,0,0,,
2209,18542.0,17,0,17,,18541.666666666668
2210,18220.0,212,0,212,,18220.062854287797
2211,5479.0,27,27,0,5479.45205479452,
2212,0.0,0,0,0,,
2213,0.0,0,0,0,,
2214,20110.0,115,0,115,,20109.89010989011
2215,6768.0,46,46,0,6768.215053763441,
2217,0.0,0,0,0,,
2218,0.0,0,0,0,,
2219,0.0,0,0,0,,
2220,6143.0,34,34,0,6143.463497453311,
2221,0.0,0,0,0,,
2222,15244.0,36,0,36,,15244.047619047618
2223,5183.0,51,51,0,5182.926829268293,
2224,0.0,0,0,0,,
2225,0.0,0,0,0,,
2226,5149.0,35,35,0,5149.253731343284,
2227,0.0,0,0,0,,
2228,4758.0,21,21,0,4757.575757575758,
2230,0.0,0,0,0,,
2231,0.0,0,0,0,,
2233,0.0,0,0,0,,
2234,0.0,0,0,0,,
2235,0.0,0,0,0,,
2236,0.0,0,0,0,,
2237,0.0,0,0,0,,
2238,34612.0,164,0,164,,34612.420718816065
2239,0.0,0,0,0,,
2240,7593.0,54,54,0,7593.459607843137,
2241,5593.0,21,21,0,5593.495934959349,
2242,5154.0,29,29,0,5153.846153846154,
2243,0.0,0,0,0,,
2244,0.0,0,0,0,,
2245,0.0,0,0,0,,
2246,0.0,0,0,0,,
2247,0.0,0,0,0,,
2248,0.0,0,0,0,,
2249,0.0,0,0,0,,
2250,0.0,0,0,0,,
2251,5821.0,35,35,0,5820.895522388059,
2252,6693.0,12,12,0,6692.984079970382,
2253,12617.0,41,20,21,5851.063829787234,19060.60606060606
2254,0.0,0,0,0,,
2255,0.0,0,0,0,,
2256,0.0,0,0,0,,
2257,0.0,0,0,0,,
2258,0.0,0,0,0,,
2259,0.0,0,0,0,,
2260,0.0,0,0,0,,
2261,5270.0,22,22,0,5270.27027027027,
2262,34245.0,195,0,195,,34244.897959183676
2264,0.0,0,0,0,,
2265,0.0,0,0,0,,
2266,0.0,0,0,0,,
2267,5769.0,27,27,0,5769.2307692307695,
2268,0.0,0,0,0,,
2269,0.0,0,0,0,,
2270,0.0,0,0,0,,
2271,5326.0,12,12,0,5326.446280991736,
2272,0.0,0,0,0,,
2273,0.0,0,0,0,,
2274,0.0,0,0,0,,
2275,0.0,0,0,0,,
2276,5531.0,30,30,0,5531.25,
2277,0.0,0,0,0,,
2278,5712.0,12,12,0,5712.121212121212,
2279,0.0,0,0,0,,
2280,0.0,0,0,0,,
2281,4989.0,10,10,0,4989.43661971831,
2282,0.0,0,0,0,,
2283,0.0,0,0,0,,
2284,0.0,0,0,0,,
2285,0.0,0,0,0,,
2286,0.0,0,0,0,,
2287,0.0,0,0,0,,
2288,5041.0,22,22,0,5041.322314049587,
2289,0.0,0,0,0,,
2290,0.0,2,0,2,,19558.853198115576
2291,6065.0,20,20,0,6065.1307044749665,
2293,0.0,0,0,0,,
2295,0.0,0,0,0,,
2296,0.0,0,0,0,,
2297,4563.0,33,33,0,4563.1067961165045,
2298,0.0,0,0,0,,
2301,0.0,0,0,0,,
2302,0.0,0,0,0,,
2303,0.0,0,0,0,,
2304,0.0,0,0,0,,
2305,5000.0,7,7,0,5000.0,
2306,0.0,0,0,0,,
2308,0.0,0,0,0,,
2310,0.0,0,0,0,,
2311,8611.0,49,49,0,8610.526315789473,
2312,0.0,0,0,0,,
2313,0.0,0,0,0,,
2314,0.0,0,0,0,,
2315,0.0,0,0,0,,
2317,0.0,0,0,0,,
2318,0.0,0,0,0,,
2319,17427.0,3,0,3,,17427.18446601942
2320,17585.0,66,0,66,,17585.0
2321,0.0,0,0,0,,
2322,0.0,0,0,0,,
2323,5052.0,26,26,0,5051.52738764045,
2325,5538.0,35,35,0,5538.461538461538,
2326,0.0,0,0,0,,
2327,0.0,0,0,0,,
2328,7060.0,126,126,0,7059.701492537313,
2329,20592.0,72,0,72,,20591.989987484354
2330,0.0,0,0,0,,
2332,13973.0,5,0,5,,13973.214285714286
2333,0.0,0,0,0,,
2334,0.0,2,0,2,,10165.654170988295
2336,4904.0,33,33,0,4903.846153846154,
2338,0.0,0,0,0,,
2339,0.0,0,0,0,,
2340,0.0,0,0,0,,
2341,0.0,2,0,2,,13071.428571428572
2342,4625.0,23,23,0,4625.0,
2343,0.0,0,0,0,,
2345,5512.0,5,5,0,5512.195121951219,
2346,0.0,0,0,0,,
2347,0.0,0,0,0,,
2348,0.0,0,0,0,,
2349,9638.0,34,34,0,9637.65182186235,
2350,6280.0,15,15,0,6280.487804878048,
2351,0.0,0,0,0,,
2352,5777.0,42,42,0,5777.177368086459,
2353,0.0,0,0,0,,
2354,14702.0,46,0,46,,14702.225982816974
2355,0.0,0,0,0,,
2356,4633.0,6,6,0,4632.596020917233,
2357,0.0,0,0,0,,
2360,0.0,0,0,0,,
2362,0.0,0,0,0,,
2363,0.0,0,0,0,,
2364,5304.0,22,22,0,5304.347826086957,
2365,6022.0,17,17,0,6021.505376344087,
2367,5791.0,38,38,0,5790.703206775145,
2368,0.0,0,0,0,,
2369,21404.0,45,0,45,,21404.133333333335
2370,5620.0,31,31,0,5619.834710743801,
2371,0.0,0,0,0,,
2373,0.0,0,0,0,,
2375,5456.0,35,35,0,5455.882352941177,
2377,0.0,0,0,0,,
2380,0.0,0,0,0,,
2382,6216.0,13,13,0,6216.216216216216,
2383,0.0,0,0,0,,
2384,0.0,0,0,0,,
2385,0.0,0,0,0,,
2386,16833.0,7,0,7,,16833.000665335992
2387,0.0,0,0,0,,
2388,11724.0,9,0,9,,11724.137931034482
2390,0.0,0,0,0,,
2392,0.0,0,0,0,,
2393,0.0,0,0,0,,
2394,0.0,0,0,0,,
2395,0.0,0,0,0,,
2397,0.0,0,0,0,,
2398,5237.0,24,24,0,5237.33583489681,
2399,0.0,0,0,0,,
2400,0.0,0,0,0,,
2401,0.0,0,0,0,,
2402,5041.0,11,11,0,5041.322314049587,
2403,0.0,0,0,0,,
2405,33154.0,4,0,4,,33154.121863799286
2406,5600.0,11,11,0,5600.0,
2407,0.0,0,0,0,,
2408,0.0,0,0,0,,
2409,16089.0,70,0,70,,16088.983050847457
2410,0.0,0,0,0,,
2411,6647.0,12,12,0,6646.739130434782,
2412,0.0,0,0,0,,
2413,0.0,0,0,0,,
2414,0.0,0,0,0,,
2415,0.0,0,0,0,,
2416,25187.0,16,0,16,,25186.589491854265
2417,0.0,0,0,0,,
2418,23507.0,152,0,152,,23507.246376811592
2419,0.0,0,0,0,,
2420,0.0,0,0,0,,
2422,30355.0,53,0,53,,30354.833333333332
2423,0.0,0,0,0,,
2424,0.0,0,0,0,,
2425,7267.0,12,12,0,7266.588602654177,
2426,0.0,0,0,0,,
2427,0.0,0,0,0,,
2428,0.0,0,0,0,,
2430,0.0,0,0,0,,
2431,0.0,0,0,0,,
2432,0.0,0,0,0,,
2433,5854.0,31,31,0,5853.658536585366,
2434,0.0,0,0,0,,
2435,0.0,0,0,0,,
2436,0.0,0,0,0,,
2437,25960.0,322,0,322,,25960.485537190085
2438,0.0,0,0,0,,
2439,15464.0,47,10,37,11489.36170212766,16537.81512605042
2440,0.0,0,0,0,,
2443,5011.0,8,8,0,5010.538073038073,
2445,5187.0,18,18,0,5186.5742952699475,
2446,15153.0,114,0,114,,15152.680652680654
2447,0.0,0,0,0,,
2449,6338.0,32,32,0,6338.10752688172,
2450,0.0,0,0,0,,
2451,0.0,0,0,0,,
2452,4545.0,8,8,0,4545.454545454546,
2453,0.0,0,0,0,,
2454,0.0,0,0,0,,
2455,0.0,0,0,0,,
2456,0.0,0,0,0,,
2457,0.0,0,0,0,,
2458,4784.0,18,18,0,4783.865002311604,
2459,0.0,0,0,0,,
2460,12374.0,138,0,138,,12373.73409358313
2461,0.0,0,0,0,,
2462,0.0,0,0,0,,
2463,0.0,0,0,0,,
2464,0.0,0,0,0,,
2466,19643.0,51,0,51,,19642.85714285714
2467,0.0,0,0,0,,
2468,5070.0,32,32,0,5070.098039215687,
2470,0.0,0,0,0,,
2471,0.0,0,0,0,,
2473,0.0,0,0,0,,
2475,5385.0,17,17,0,5384.615384615385,
2476,0.0,0,0,0,,
2478,0.0,0,0,0,,
2479,0.0,0,0,0,,
2480,0.0,0,0,0,,
2481,4793.0,21,21,0,4793.388429752066,
2482,0.0,0,0,0,,
2483,6471.0,12,12,0,6471.150345831817,
2484,6931.0,9,8,1,5307.490489308671,19916.963226571766
2485,0.0,0,0,0,,
2486,0.0,0,0,0,,
2487,0.0,0,0,0,,
2488,28416.0,155,0,155,,28415.798319327732
2489,24615.0,9,0,9,,24615.384615384617
2490,0.0,0,0,0,,
2491,0.0,0,0,0,,
2492,0.0,0,0,0,,
2493,15213.0,123,0,123,,15212.765957446809
2494,0.0,0,0,0,,
2495,0.0,0,0,0,,
2496,0.0,0,0,0,,
2497,5496.0,84,84,0,5496.051003901417,
2498,0.0,0,0,0,,
2499,0.0,0,0,0,,
2500,0.0,0,0,0,,
2501,0.0,0,0,0,,
2502,0.0,0,0,0,,
2503,0.0,0,0,0,,
2505,22613.0,9,0,9,,22613.065326633165
2507,0.0,0,0,0,,
2509,4748.0,12,12,0,4747.967479674797,
2510,0.0,0,0,0,,
2511,0.0,0,0,0,,
2512,0.0,0,0,0,,
2513,0.0,0,0,0,,
2514,0.0,0,0,0,,
2515,0.0,0,0,0,,
2516,0.0,0,0,0,,
2517,15495.0,11,0,11,,15494.505494505494
2518,0.0,0,0,0,,
2519,0.0,0,0,0,,
2520,5522.0,22,22,0,5522.388059701492,
2521,5302.0,8,8,0,5302.197802197803,
2522,0.0,0,0,0,,
2523,5717.0,19,19,0,5717.163636363636,
2524,0.0,0,0,0,,
2525,0.0,0,0,0,,
2526,0.0,0,0,0,,
2527,0.0,0,0,0,,
2528,7812.0,52,52,0,7811.881188118812,
2529,0.0,0,0,0,,
2530,4962.0,57,57,0,4961.832061068702,
2531,0.0,0,0,0,,
2532,7242.0,14,14,0,7241.930124223602,
2533,0.0,0,0,0,,
2534,0.0,0,0,0,,
2536,0.0,0,0,0,,
2537,0.0,0,0,0,,
2538,4661.0,40,40,0,4660.958904109589,
2539,0.0,0,0,0,,
2540,0.0,0,0,0,,
2541,6435.0,5,5,0,6434.782608695652,
2542,10237.0,12,6,6,6949.216529999188,13524.652147610406
2543,0.0,0,0,0,,
2545,0.0,0,0,0,,
2546,0.0,0,0,0,,
2547,10964.0,11,11,0,10964.229885057472,
2548,0.0,0,0,0,,
2549,0.0,0,0,0,,
2551,5079.0,26,26,0,5078.9473684210525,
2553,20000.0,3,0,3,,20000.0
2555,0.0,0,0,0,,
2556,28167.0,14,0,14,,28166.721227894384
2557,0.0,0,0,0,,
2560,0.0,0,0,0,,
2561,0.0,0,0,0,,
2562,4606.0,32,32,0,4605.7692307692305,
2563,0.0,0,0,0,,
2564,0.0,1,0,1,,13636.363636363636
2566,0.0,0,0,0,,
2567,5479.0,5,5,0,5479.45205479452,
2569,0.0,0,0,0,,
2570,8540.0,40,40,0,8539.902845246357,
2571,0.0,0,0,0,,
2572,0.0,0,0,0,,
2573,0.0,0,0,0,,
2574,0.0,0,0,0,,
2575,0.0,0,0,0,,
2576,0.0,0,0,0,,
2577,0.0,0,0,0,,
2578,5849.0,24,21,3,5454.545454545455,8610.90909090909
2579,11070.0,170,153,17,9913.978494623656,21473.684210526317
2580,10919.0,100,0,100,,10919.21387283237
2581,0.0,0,0,0,,
2582,22642.0,65,0,65,,22641.509433962263
2584,0.0,0,0,0,,
2585,0.0,0,0,0,,
2586,0.0,0,0,0,,
2588,6615.0,17,17,0,6615.384615384615,
2589,0.0,0,0,0,,
2591,5970.0,9,9,0,5970.149253731343,
2592,7869.0,56,56,0,7869.420931127357,
2593,0.0,0,0,0,,
2594,0.0,0,0,0,,
2595,4661.0,11,11,0,4661.290322580645,
2596,5367.0,56,56,0,5367.439338235294,
2597,12857.0,9,0,9,,12857.142857142857
2598,0.0,0,0,0,,
2599,0.0,0,0,0,,
2602,4787.0,46,46,0,4787.087912087912,
2603,21657.0,7,0,7,,21657.25047080979
2604,5091.0,5,5,0,5090.909090909091,
2606,5476.0,29,29,0,5476.190476190476,
2607,0.0,0,0,0,,
2608,0.0,1,0,1,,10103.151193633952
2609,0.0,0,0,0,,
2610,0.0,0,0,0,,
2611,0.0,0,0,0,,
2612,0.0,0,0,0,,
2613,0.0,0,0,0,,
2614,0.0,0,0,0,,
2615,0.0,0,0,0,,
2616,4829.0,36,36,0,4829.262129380054,
2619,0.0,0,0,0,,
2620,0.0,0,0,0,,
2621,0.0,0,0,0,,
2622,0.0,2,0,2,,14514.70588235294
2623,0.0,0,0,0,,
2624,5222.0,15,15,0,5222.222222222223,
2625,0.0,0,0,0,,
2626,0.0,0,0,0,,
2627,5822.0,37,37,0,5821.978021978022,
2628,0.0,0,0,0,,
2629,15188.0,17,0,17,,15188.335358444714
2630,0.0,0,0,0,,
2631,23492.0,36,0,36,,23492.116366866532
2632,0.0,2,0,2,,8032.379501446203
2633,0.0,0,0,0,,
2634,0.0,0,0,0,,
2635,0.0,0,0,0,,
2636,0.0,0,0,0,,
2637,0.0,0,0,0,,
2638,6092.0,25,25,0,6092.307692307692,
2639,0.0,0,0,0,,
2640,0.0,0,0,0,,
2641,16272.0,69,0,69,,16272.387096774193
2642,0.0,0,0,0,,
2645,0.0,0,0,0,,
2646,0.0,0,0,0,,
2647,0.0,0,0,0,,
2648,0.0,0,0,0,,
2649,0.0,0,0,0,,
2652,0.0,0,0,0,,
2653,5216.0,24,24,0,5216.417910447761,
2654,0.0,0,0,0,,
2655,0.0,0,0,0,,
2656,0.0,0,0,0,,
2657,17949.0,3,0,3,,17948.71794871795
2658,0.0,0,0,0,,
2659,18380.0,58,0,58,,18380.22510822511
2660,0.0,0,0,0,,
2661,0.0,0,0,0,,
2662,0.0,0,0,0,,
2663,0.0,0,0,0,,
2667,0.0,0,0,0,,
2668,0.0,0,0,0,,
2669,5279.0,36,36,0,5279.411764705883,
2670,0.0,0,0,0,,
2671,0.0,0,0,0,,
2672,0.0,0,0,0,,
2674,0.0,0,0,0,,
2676,16125.0,27,0,27,,16125.0
2677,0.0,0,0,0,,
2678,12418.0,26,0,26,,12418.300653594772
2679,0.0,2,0,2,,7338.637464586116
2680,0.0,0,0,0,,
2681,0.0,0,0,0,,
2682,0.0,0,0,0,,
2683,0.0,0,0,0,,
2684,0.0,0,0,0,,
2685,5661.0,17,17,0,5661.016949152542,
2686,4583.0,20,20,0,4583.423520923521,
2688,0.0,0,0,0,,
2689,0.0,0,0,0,,
2690,0.0,1,0,1,,11018.518518518518
2691,0.0,0,0,0,,
2692,0.0,0,0,0,,
2693,0.0,0,0,0,,
2694,0.0,0,0,0,,
2695,0.0,0,0,0,,
2696,20905.0,177,19,158,5616.438356164384,22743.187955159152
2697,0.0,0,0,0,,
2698,0.0,0,0,0,,
2699,0.0,0,0,0,,
2700,0.0,0,0,0,,
2701,0.0,0,0,0,,
2702,0.0,0,0,0,,
2703,0.0,0,0,0,,
2704,0.0,0,0,0,,
2705,0.0,0,0,0,,
2706,0.0,0,0,0,,
2707,6576.0,45,45,0,6576.086956521739,
2708,0.0,0,0,0,,
2710,5162.0,32,32,0,5161.856629870994,
2712,0.0,0,0,0,,
2714,0.0,0,0,0,,
2715,0.0,0,0,0,,
2716,0.0,0,0,0,,
2718,18621.0,205,0,205,,18620.689655172413
2719,0.0,0,0,0,,
2720,0.0,0,0,0,,
2721,0.0,0,0,0,,
2723,0.0,0,0,0,,
2724,17653.0,29,0,29,,17653.061224489797
2725,0.0,0,0,0,,
2726,0.0,0,0,0,,
2727,0.0,0,0,0,,
2728,5318.0,35,35,0,5318.181818181818,
2729,8576.0,26,26,0,8576.423576423576,
2730,0.0,0,0,0,,
2731,0.0,0,0,0,,
2732,5162.0,17,17,0,5161.764705882353,
2733,5995.0,10,10,0,5994.653846153846,
2734,0.0,0,0,0,,
2735,0.0,0,0,0,,
2736,5146.0,24,24,0,5146.341463414634,
2738,0.0,0,0,0,,
2739,0.0,0,0,0,,
2741,18485.0,3,0,3,,18484.848484848484
2742,5697.0,29,29,0,5696.7213114754095,
2743,0.0,0,0,0,,
2744,0.0,0,0,0,,
2745,16511.0,31,0,31,,16511.11111111111
2746,0.0,0,0,0,,
2747,0.0,0,0,0,,
2748,0.0,0,0,0,,
2749,0.0,0,0,0,,
2751,0.0,0,0,0,,
2752,5168.0,24,24,0,5167.813831530646,
2753,0.0,0,0,0,,
2754,6430.0,70,70,0,6429.73602484472,
2755,0.0,0,0,0,,
2756,19643.0,21,0,21,,19642.85714285714
2757,0.0,0,0,0,,
2758,5442.0,25,25,0,5442.307692307692,
2759,0.0,0,0,0,,
2760,0.0,0,0,0,,
2761,0.0,0,0,0,,
2762,0.0,0,0,0,,
2763,5885.0,34,34,0,5884.95575221239,
2766,0.0,0,0,0,,
2767,0.0,0,0,0,,
2768,0.0,0,0,0,,
2769,6591.0,81,81,0,6591.397849462365,
2770,0.0,0,0,0,,
2771,0.0,0,0,0,,
2772,0.0,0,0,0,,
2773,0.0,0,0,0,,
2774,0.0,0,0,0,,
2775,0.0,0,0,0,,
2776,0.0,0,0,0,,
2777,0.0,0,0,0,,
2779,21860.0,435,0,435,,21860.46511627907
2780,0.0,0,0,0,,
2781,0.0,0,0,0,,
2782,0.0,0,0,0,,
2783,0.0,0,0,0,,
2784,4820.0,29,29,0,4819.672131147541,
2786,17940.0,6,0,6,,17940.051020408166
2787,0.0,0,0,0,,
2788,0.0,0,0,0,,
2789,4641.0,42,42,0,4640.602582496414,
2790,0.0,0,0,0,,
2791,0.0,0,0,0,,
2792,0.0,0,0,0,,
2793,0.0,0,0,0,,
2794,0.0,0,0,0,,
2796,0.0,0,0,0,,
2797,0.0,0,0,0,,
2799,0.0,0,0,0,,
2800,0.0,0,0,0,,
2801,0.0,0,0,0,,
2802,14912.0,427,0,427,,14912.280701754386
2803,0.0,0,0,0,,
2804,0.0,0,0,0,,
2805,0.0,0,0,0,,
2807,0.0,0,0,0,,
2808,4946.0,26,26,0,4946.428571428572,
2809,0.0,0,0,0,,
2810,0.0,0,0,0,,
2812,5373.0,42,42,0,5373.134328358209,
2813,0.0,0,0,0,,
2814,0.0,0,0,0,,
2816,0.0,0,0,0,,
2817,21311.0,13,0,13,,21311.475409836065
2818,0.0,1,0,1,,17968.75
2819,0.0,0,0,0,,
2821,0.0,0,0,0,,
2823,0.0,0,0,0,,
2824,0.0,0,0,0,,
2825,0.0,0,0,0,,
2826,0.0,0,0,0,,
2827,0.0,0,0,0,,
2828,0.0,0,0,0,,
2829,4622.0,10,10,0,4622.126436781609,
2830,4845.0,18,18,0,4845.0,
2831,5496.0,11,11,0,5495.8677685950415,
2832,0.0,0,0,0,,
2834,0.0,0,0,0,,
2836,0.0,0,0,0,,
2837,4800.0,26,26,0,4800.079968012795,
2838,0.0,0,0,0,,
2839,6792.0,6,6,0,6791.5634415801815,
2841,0.0,0,0,0,,
2842,4242.0,7,7,0,4242.424242424242,
2843,6034.0,9,9,0,6033.613445378152,
2844,0.0,0,0,0,,
2846,0.0,0,0,0,,
2847,10120.0,33,14,19,5974.358974358975,13174.603174603175
2848,0.0,0,0,0,,
2849,0.0,0,0,0,,
2850,5204.0,26,26,0,5203.726453726454,
2851,0.0,0,0,0,,
2852,0.0,0,0,0,,
2853,0.0,0,0,0,,
2855,0.0,0,0,0,,
2856,0.0,0,0,0,,
2857,4644.0,29,29,0,4644.258064516129,
2858,0.0,0,0,0,,
2861,19412.0,5,0,5,,19411.764705882353
2862,0.0,0,0,0,,
2863,0.0,0,0,0,,
2864,0.0,0,0,0,,
2865,0.0,0,0,0,,
2866,0.0,0,0,0,,
2867,4977.0,42,42,0,4976.923076923077,
2868,5561.0,29,29,0,5560.747663551402,
2870,0.0,0,0,0,,
2871,18513.0,40,0,40,,18512.896825396827
2872,0.0,0,0,0,,
2873,0.0,0,0,0,,
2874,0.0,0,0,0,,
2875,4970.0,10,10,0,4969.899530059958,
2876,5529.0,30,30,0,5529.482725342597,
2877,0.0,0,0,0,,
2878,0.0,0,0,0,,
2880,0.0,0,0,0,,
2882,0.0,0,0,0,,
2883,0.0,0,0,0,,
2884,0.0,0,0,0,,
2885,20232.0,24,0,24,,20231.950067476384
2886,0.0,0,0,0,,
2888,21602.0,22,0,22,,21602.03917790623
2889,0.0,0,0,0,,
2890,0.0,0,0,0,,
2891,0.0,0,0,0,,
2892,0.0,0,0,0,,
2893,0.0,0,0,0,,
2894,0.0,0,0,0,,
2895,0.0,0,0,0,,
2896,19429.0,57,0,57,,19428.571428571428
2897,0.0,0,0,0,,
2898,0.0,0,0,0,,
2899,0.0,0,0,0,,
2900,0.0,0,0,0,,
2901,0.0,0,0,0,,
2902,0.0,0,0,0,,
2903,8652.0,14,14,0,8651.785714285714,
2904,0.0,0,0,0,,
2905,5649.0,3,3,0,5649.350649350649,
2906,0.0,0,0,0,,
2907,0.0,0,0,0,,
2908,5569.0,18,18,0,5569.2307692307695,
2910,0.0,0,0,0,,
2911,0.0,0,0,0,,
2912,16410.0,11,0,11,,16410.25641025641
2913,0.0,0,0,0,,
2914,0.0,0,0,0,,
2915,0.0,0,0,0,,
2916,0.0,0,0,0,,
2917,5363.0,47,47,0,5362.6373626373625,
2918,14914.0,35,0,35,,14913.793103448275
2919,0.0,0,0,0,,
2920,0.0,0,0,0,,
2921,19978.0,27,0,27,,19978.284473398482
2922,0.0,0,0,0,,
2923,8654.0,28,28,0,8654.255319148935,
2924,7266.0,10,10,0,7265.873883928572,
2925,0.0,0,0,0,,
2926,11154.0,51,28,23,7149.990241959575,16029.411764705883
2927,0.0,0,0,0,,
2929,6374.0,4,4,0,6374.176470588235,
2930,5597.0,13,13,0,5597.014925373134,
2932,0.0,0,0,0,,
2933,7103.0,14,14,0,7102.842975206611,
2934,0.0,0,0,0,,
2935,0.0,0,0,0,,
2936,0.0,0,0,0,,
2937,0.0,0,0,0,,
2938,0.0,0,0,0,,
2939,23787.0,99,0,99,,23787.154929577464
2940,5819.0,29,29,0,5819.047619047619,
2941,0.0,0,0,0,,
2942,0.0,0,0,0,,
2943,0.0,0,0,0,,
2945,0.0,0,0,0,,
2946,7474.0,43,43,0,7473.684210526316,
2947,17006.0,40,0,40,,17005.975245411864
2948,0.0,0,0,0,,
2949,0.0,0,0,0,,
2952,0.0,0,0,0,,
2953,0.0,0,0,0,,
2955,0.0,0,0,0,,
2956,24410.0,53,0,53,,24409.937888198758
2957,0.0,0,0,0,,
2958,0.0,0,0,0,,
2959,5821.0,64,64,0,5820.652173913044,
2960,0.0,0,0,0,,
2962,0.0,0,0,0,,
2963,0.0,0,0,0,,
2964,0.0,0,0,0,,
2965,0.0,0,0,0,,
2966,0.0,0,0,0,,
2967,0.0,0,0,0,,
2968,0.0,0,0,0,,
2969,0.0,0,0,0,,
2970,0.0,0,0,0,,
2971,0.0,0,0,0,,
2972,0.0,0,0,0,,
2973,0.0,0,0,0,,
2974,0.0,0,0,0,,
2976,0.0,0,0,0,,
2977,6839.0,4,4,0,6838.984673387427,
2978,5595.0,15,15,0,5595.238095238095,
2979,0.0,0,0,0,,
2980,5333.0,30,30,0,5333.333333333334,
2981,0.0,0,0,0,,
2982,0.0,0,0,0,,
2984,0.0,0,0,0,,
2985,0.0,0,0,0,,
2986,0.0,0,0,0,,
2987,0.0,0,0,0,,
2988,0.0,0,0,0,,
2989,9666.0,86,6,80,4897.792022792023,10023.584905660377
2990,0.0,0,0,0,,
2991,0.0,0,0,0,,
2992,0.0,0,0,0,,
2994,0.0,0,0,0,,
2995,5207.0,27,27,0,5206.611570247934,
2996,0.0,0,0,0,,
2998,0.0,0,0,0,,
2999,0.0,0,0,0,,
3000,14789.0,65,0,65,,14789.473684210527
3001,0.0,0,0,0,,
3002,0.0,0,0,0,,
3003,5574.0,29,29,0,5574.324324324324,
3004,0.0,0,0,0,,
3005,0.0,0,0,0,,
3007,0.0,0,0,0,,
3008,0.0,0,0,0,,
3009,0.0,0,0,0,,
3010,0.0,0,0,0,,
3011,0.0,0,0,0,,
3013,0.0,0,0,0,,
3015,0.0,0,0,0,,
3016,5507.0,32,32,0,5507.4626865671635,
3017,0.0,0,0,0,,
3018,5422.0,3,3,0,5421.686746987952,
3019,6796.0,32,32,0,6796.365914786968,
3020,0.0,0,0,0,,
3021,0.0,0,0,0,,
3022,0.0,0,0,0,,
3024,4818.0,29,29,0,4817.518248175183,
3026,5171.0,11,11,0,5170.940170940171,
3027,18584.0,31,0,31,,18584.070796460175
3029,0.0,0,0,0,,
3030,0.0,0,0,0,,
3031,7040.0,22,22,0,7040.444671981277,
3032,10418.0,41,41,0,10418.150537634408,
3033,4809.0,27,27,0,4809.286898839138,
3034,5522.0,22,22,0,5521.5053763440865,
3035,5068.0,33,33,0,5068.493150684932,
3037,0.0,0,0,0,,
3038,6518.0,16,16,0,6517.857142857143,
3041,0.0,0,0,0,,
3042,0.0,0,0,0,,
3043,0.0,0,0,0,,
3044,0.0,0,0,0,,
3046,6225.0,20,20,0,6225.011282051282,
3047,0.0,0,0,0,,
3048,0.0,0,0,0,,
3049,5455.0,9,9,0,5454.545454545455,
3050,28128.0,52,0,52,,28127.63713080169
3052,0.0,0,0,0,,
3053,0.0,0,0,0,,
3054,0.0,0,0,0,,
3055,0.0,0,0,0,,
3056,18789.0,6,0,6,,18788.85439423556
3057,0.0,0,0,0,,
3058,0.0,0,0,0,,
3059,0.0,0,0,0,,
3060,0.0,0,0,0,,
3061,5935.0,17,17,0,5934.782608695652,
3062,5312.0,9,9,0,5312.5,
3064,0.0,0,0,0,,
3066,0.0,0,0,0,,
3067,0.0,0,0,0,,
3069,0.0,0,0,0,,
3070,11267.0,72,0,72,,11266.848816029145
3071,0.0,0,0,0,,
3072,15668.0,12,0,12,,15668.280599031641
3073,4692.0,25,25,0,4692.307692307692,
3074,0.0,0,0,0,,
3075,0.0,0,0,0,,
3076,0.0,0,0,0,,
3077,9171.0,4,4,0,9170.666666666668,
3080,5188.0,8,8,0,5188.1720430107525,
3081,5453.0,20,20,0,5452.5862068965525,
3082,0.0,0,0,0,,
3083,0.0,0,0,0,,
3084,0.0,0,0,0,,
3085,0.0,0,0,0,,
3086,0.0,0,0,0,,
3087,0.0,0,0,0,,
3088,0.0,0,0,0,,
3089,0.0,0,0,0,,
3090,0.0,0,0,0,,
3091,0.0,0,0,0,,
3092,0.0,0,0,0,,
3093,0.0,0,0,0,,
3094,0.0,0,0,0,,
3095,0.0,0,0,0,,
3096,0.0,0,0,0,,
3097,0.0,0,0,0,,
3099,6020.0,39,39,0,6019.80198019802,
3100,0.0,0,0,0,,
3101,5470.0,28,28,0,5469.72813487882,
3102,5063.0,26,26,0,5063.073912388981,
3103,0.0,0,0,0,,
3104,0.0,0,0,0,,
3105,0.0,0,0,0,,
3106,6309.0,127,127,0,6308.743362831859,
3107,10122.0,34,0,34,,10122.403395130666
3108,6442.0,46,46,0,6442.413373860182,
3110,0.0,0,0,0,,
3111,0.0,0,0,0,,
3113,0.0,0,0,0,,
3114,21455.0,4,0,4,,21455.324909747294
3115,14583.0,13,0,13,,14583.333333333334
3116,0.0,0,0,0,,
3118,5849.0,30,30,0,5848.785166240409,
3119,0.0,0,0,0,,
3121,4983.0,24,24,0,4982.638888888889,
3122,6618.0,14,14,0,6617.677419354839,
3124,0.0,0,0,0,,
3126,0.0,0,0,0,,
3128,5431.0,15,15,0,5430.8943089430895,
3129,0.0,0,0,0,,
3130,0.0,0,0,0,,
3131,0.0,0,0,0,,
3132,17579.0,4,0,4,,17579.20454121402
3133,0.0,0,0,0,,
3135,0.0,0,0,0,,
3137,0.0,0,0,0,,
3138,5833.0,36,36,0,5833.333333333333,
3139,6277.0,51,51,0,6276.923076923077,
3141,11324.0,101,101,0,11323.529411764706,
3142,4165.0,6,6,0,4164.536610493782,
3143,0.0,0,0,0,,
3144,0.0,0,0,0,,
3145,18810.0,4,0,4,,18810.08324776078
3146,4724.0,28,28,0,4723.908918406072,
3147,0.0,0,0,0,,
3148,0.0,0,0,0,,
3149,0.0,0,0,0,,
3153,0.0,0,0,0,,
3154,0.0,0,0,0,,
3155,0.0,0,0,0,,
3156,5220.0,61,61,0,5219.780219780219,
3157,0.0,0,0,0,,
3158,16002.0,4,0,4,,16002.473716759432
3160,0.0,0,0,0,,
3161,0.0,0,0,0,,
3162,0.0,0,0,0,,
3163,14987.0,6,0,6,,14986.733370465201
3165,0.0,0,0,0,,
3166,0.0,0,0,0,,
3167,21612.0,8,0,8,,21611.536358665937
3168,6147.0,18,18,0,6147.058823529412,
3169,0.0,0,0,0,,
3170,0.0,0,0,0,,
3171,0.0,0,0,0,,
3172,5956.0,10,10,0,5955.914870093975,
3173,0.0,0,0,0,,
3174,19122.0,96,0,96,,19121.593291404613
3177,0.0,0,0,0,,
3178,0.0,0,0,0,,
3180,0.0,0,0,0,,
3181,0.0,0,0,0,,
3182,0.0,0,0,0,,
3183,0.0,0,0,0,,
3185,6120.0,31,29,2,5464.285714285715,15632.15108824991
3186,0.0,0,0,0,,
3187,0.0,0,0,0,,
3188,0.0,0,0,0,,
3189,17912.0,4,0,4,,17911.764705882353
3191,0.0,0,0,0,,
3193,0.0,0,0,0,,
3195,0.0,0,0,0,,
3196,18461.0,74,4,70,6419.117647058823,19148.936170212764
3197,0.0,0,0,0,,
3198,0.0,0,0,0,,
3199,16278.0,22,0,22,,16278.145695364237
3200,6829.0,15,15,0,6829.268292682927,
3201,0.0,0,0,0,,
3202,0.0,0,0,0,,
3203,17773.0,21,0,21,,17772.727272727272
3204,4752.0,11,11,0,4752.06611570248,
3205,5804.0,9,9,0,5804.298507462687,
3206,0.0,0,0,0,,
3207,0.0,0,0,0,,
3209,0.0,0,0,0,,
3210,0.0,0,0,0,,
3211,0.0,0,0,0,,
3215,0.0,0,0,0,,
3216,5258.0,8,8,0,5258.227848101265,
3217,0.0,0,0,0,,
3218,0.0,1,0,1,,11655.011655011655
3219,0.0,0,0,0,,
3220,4917.0,33,33,0,4917.355371900827,
3221,4569.0,12,12,0,4568.732193732194,
3222,0.0,2,2,0,5180.95987411487,
3223,0.0,0,0,0,,
3224,16204.0,6,0,6,,16203.829014688892
3225,0.0,0,0,0,,
3226,0.0,0,0,0,,
3227,0.0,0,0,0,,
3228,10160.0,32,31,1,9838.709677419354,20109.89010989011
3229,0.0,1,0,1,,20610.68702290076
3230,0.0,0,0,0,,
3231,4846.0,81,81,0,4846.153846153846,
3232,0.0,0,0,0,,
3233,0.0,0,0,0,,
3236,0.0,0,0,0,,
3237,0.0,0,0,0,,
3238,17140.0,7,0,7,,17139.53488372093
3240,15709.0,13,6,7,7733.630952380952,22545.454545454544
3241,0.0,0,0,0,,
3242,0.0,0,0,0,,
3243,0.0,0,0,0,,
3244,0.0,0,0,0,,
3245,0.0,0,0,0,,
3246,0.0,0,0,0,,
3248,4490.0,19,19,0,4490.384615384615,
3249,0.0,0,0,0,,
3250,22664.0,12,0,12,,22663.757175434457
3251,0.0,2,0,2,,18560.606881290834
3252,5589.0,47,47,0,5588.709677419355,
3253,0.0,0,0,0,,
3254,0.0,0,0,0,,
3255,14237.0,5,0,5,,14237.28813559322
3256,6425.0,32,32,0,6424.7311827957,
3257,5537.0,22,22,0,5537.287671232876,
3259,24200.0,11,0,11,,24199.74391805378
3260,0.0,0,0,0,,
3261,24014.0,21,0,21,,24013.60544217687
3263,0.0,0,0,0,,
3264,0.0,1,0,1,,24870.801033591728
3265,0.0,0,0,0,,
3266,0.0,0,0,0,,
3267,8219.0,5,5,0,8219.17808219178,
3268,0.0,0,0,0,,
3269,4917.0,47,47,0,4916.666666666667,
3270,0.0,0,0,0,,
3271,0.0,0,0,0,,
3272,0.0,0,0,0,,
3273,4654.0,18,18,0,4654.411764705882,
3274,0.0,0,0,0,,
3275,0.0,0,0,0,,
3276,0.0,0,0,0,,
3277,0.0,0,0,0,,
3278,0.0,0,0,0,,
3281,5458.0,32,32,0,5458.041958041958,
3283,0.0,0,0,0,,
3284,0.0,0,0,0,,
3287,0.0,0,0,0,,
3288,0.0,0,0,0,,
3289,0.0,0,0,0,,
3290,18030.0,9,0,9,,18030.303030303032
3291,15260.0,7,0,7,,15259.74025974026
3292,0.0,0,0,0,,
3293,35428.0,29,0,29,,35427.63157894737
3295,0.0,0,0,0,,
3296,0.0,0,0,0,,
3297,0.0,0,0,0,,
3298,0.0,0,0,0,,
3299,0.0,0,0,0,,
3300,13219.0,4,0,4,,13218.843843843844
3301,0.0,1,1,0,5940.59405940594,
3303,0.0,0,0,0,,
3304,11034.0,3,1,2,5074.626865671642,14013.383665065201
3305,5334.0,40,40,0,5333.613622030692,
3306,0.0,0,0,0,,
3307,0.0,0,0,0,,
3308,6250.0,10,10,0,6250.0,
3309,0.0,0,0,0,,
3310,0.0,0,0,0,,
3311,0.0,0,0,0,,
3312,17090.0,10,0,10,,17089.65209634255
3313,5254.0,25,25,0,5253.731343283582,
3314,0.0,0,0,0,,
3315,0.0,0,0,0,,
3316,19492.0,11,0,11,,19491.525423728814
3317,5511.0,8,8,0,5511.363636363636,
3318,0.0,0,0,0,,
3319,5448.0,20,20,0,5447.578692493947,
3320,0.0,0,0,0,,
3321,0.0,0,0,0,,
3322,0.0,0,0,0,,
3323,0.0,0,0,0,,
3324,0.0,0,0,0,,
3325,0.0,0,0,0,,
3327,33000.0,32,0,32,,33000.0
3330,0.0,0,0,0,,
3331,0.0,0,0,0,,
3333,0.0,0,0,0,,
3335,0.0,1,0,1,,29309.775429326288
3336,0.0,0,0,0,,
3337,0.0,0,0,0,,
3338,0.0,0,0,0,,
3339,17703.0,16,0,16,,17702.839756592293
3340,0.0,0,0,0,,
3342,5000.0,11,11,0,5000.0,
3344,5274.0,3,3,0,5273.972602739726,
3345,0.0,0,0,0,,
3346,16090.0,5,0,5,,16090.0
3347,0.0,0,0,0,,
3349,0.0,0,0,0,,
3350,0.0,0,0,0,,
3351,20188.0,13,0,13,,20187.793427230048
3352,0.0,0,0,0,,
3353,5693.0,3,3,0,5693.430656934306,
3354,0.0,0,0,0,,
3356,0.0,0,0,0,,
3357,0.0,0,0,0,,
3358,5448.0,27,27,0,5447.761194029851,
3359,0.0,0,0,0,,
3360,20508.0,28,0,28,,20507.662835249044
3362,4797.0,13,13,0,4796.992481203008,
3363,0.0,0,0,0,,
3364,0.0,0,0,0,,
3365,0.0,0,0,0,,
3366,0.0,0,0,0,,
3367,0.0,0,0,0,,
3369,0.0,0,0,0,,
3370,0.0,0,0,0,,
3371,0.0,0,0,0,,
3373,0.0,0,0,0,,
3374,0.0,0,0,0,,
3377,8662.0,64,64,0,8661.764705882353,
3378,0.0,0,0,0,,
3379,0.0,0,0,0,,
3380,0.0,0,0,0,,
3381,6829.0,17,17,0,6829.268292682927,
3382,0.0,0,0,0,,
3383,20167.0,24,0,24,,20167.1511627907
3385,5746.0,33,33,0,5746.268656716418,
3386,6306.0,22,22,0,6305.747126436781,
3387,0.0,0,0,0,,
3388,0.0,0,0,0,,
3389,7272.0,102,102,0,7271.739130434782,
3390,0.0,0,0,0,,
3391,0.0,0,0,0,,
3392,0.0,0,0,0,,
3394,0.0,0,0,0,,
3396,0.0,0,0,0,,
3397,5342.0,15,15,0,5342.465753424657,
3398,0.0,0,0,0,,
3400,0.0,0,0,0,,
3401,0.0,2,0,2,,10880.667098445596
3402,6583.0,86,86,0,6583.333333333334,
3403,0.0,0,0,0,,
3404,0.0,0,0,0,,
3405,6290.0,105,105,0,6290.322580645161,
3407,0.0,0,0,0,,
3408,0.0,0,0,0,,
3409,5441.0,19,19,0,5441.176470588235,
3410,6599.0,17,12,5,4753.949992330112,11028.80658436214
3412,0.0,0,0,0,,
3413,0.0,0,0,0,,
3414,0.0,0,0,0,,
3415,16250.0,3,0,3,,16250.0
3416,0.0,0,0,0,,
3417,0.0,0,0,0,,
3419,0.0,0,0,0,,
3420,5136.0,24,24,0,5136.475409836065,
3421,8591.0,7,7,0,8590.90909090909,
3422,19231.0,11,0,11,,19230.76923076923
3426,0.0,0,0,0,,
3427,0.0,0,0,0,,
3428,0.0,0,0,0,,
3429,0.0,0,0,0,,
3430,0.0,0,0,0,,
3431,6182.0,44,44,0,6181.697825563669,
3432,0.0,0,0,0,,
3433,0.0,1,0,1,,11471.07438016529
3434,0.0,0,0,0,,
3435,24828.0,55,0,55,,24827.58620689655
3436,0.0,0,0,0,,
3437,0.0,0,0,0,,
3438,0.0,0,0,0,,
3439,0.0,0,0,0,,
3442,0.0,0,0,0,,
3443,0.0,0,0,0,,
3444,0.0,0,0,0,,
3445,0.0,0,0,0,,
3447,0.0,0,0,0,,
3448,15360.0,26,0,26,,15360.172043010753
3449,0.0,0,0,0,,
3451,0.0,0,0,0,,
3453,0.0,0,0,0,,
3454,0.0,0,0,0,,
3456,0.0,0,0,0,,
3457,0.0,0,0,0,,
3458,0.0,0,0,0,,
3459,0.0,0,0,0,,
3460,0.0,0,0,0,,
3462,0.0,0,0,0,,
3464,0.0,0,0,0,,
3465,0.0,0,0,0,,
3466,6094.0,20,20,0,6093.75,
3467,0.0,0,0,0,,
3468,0.0,0,0,0,,
3469,0.0,0,0,0,,
3470,7203.0,60,60,0,7202.685918335662,
3472,0.0,0,0,0,,
3473,0.0,0,0,0,,
3474,0.0,2,0,2,,19698.664181422802
3476,10728.0,6,0,6,,10727.88206521739
3478,4769.0,70,70,0,4769.2307692307695,
3479,0.0,0,0,0,,
3480,0.0,0,0,0,,
3481,21646.0,9,0,9,,21645.569620253165
3482,5597.0,18,18,0,5597.287950491445,
3483,0.0,0,0,0,,
3486,6385.0,15,15,0,6384.615384615385,
3487,9280.0,24,0,24,,9280.0
3488,0.0,0,0,0,,
3489,0.0,0,0,0,,
3490,0.0,0,0,0,,
3491,0.0,0,0,0,,
3492,0.0,2,0,2,,21622.058823529413
3493,0.0,0,0,0,,
3494,0.0,0,0,0,,
3495,0.0,0,0,0,,
3496,0.0,0,0,0,,
3497,0.0,0,0,0,,
3498,15342.0,48,0,48,,15341.935483870968
3500,0.0,0,0,0,,
3501,0.0,0,0,0,,
3502,10426.0,19,19,0,10425.531914893618,
3503,0.0,0,0,0,,
3504,0.0,0,0,0,,
3506,0.0,0,0,0,,
3507,0.0,0,0,0,,
3509,0.0,0,0,0,,
3510,0.0,0,0,0,,
3511,0.0,0,0,0,,
3512,0.0,0,0,0,,
3514,5186.0,8,8,0,5185.9504132231405,
3515,5469.0,21,21,0,5468.75,
3516,0.0,0,0,0,,
3517,0.0,0,0,0,,
3518,0.0,0,0,0,,
3519,0.0,0,0,0,,
3520,0.0,0,0,0,,
3521,0.0,0,0,0,,
3522,0.0,0,0,0,,
3523,0.0,0,0,0,,
3524,5164.0,16,16,0,5164.257425742575,
3525,0.0,0,0,0,,
3526,0.0,0,0,0,,
3527,4466.0,11,11,0,4466.019417475728,
3528,0.0,0,0,0,,
3529,0.0,0,0,0,,
3530,17101.0,47,0,47,,17101.44927536232
3531,0.0,0,0,0,,
3532,0.0,0,0,0,,
3533,0.0,0,0,0,,
3534,0.0,0,0,0,,
3535,5680.0,17,17,0,5680.272108843537,
3536,0.0,0,0,0,,
3538,0.0,0,0,0,,
3540,0.0,0,0,0,,
3541,0.0,0,0,0,,
3543,0.0,0,0,0,,
3545,4951.0,20,20,0,4950.883558422362,
3546,0.0,0,0,0,,
3548,0.0,0,0,0,,
3549,22388.0,313,0,313,,22388.235294117647
3550,0.0,0,0,0,,
3551,5344.0,38,38,0,5344.101410754447,
3552,0.0,0,0,0,,
3553,0.0,0,0,0,,
3555,0.0,0,0,0,,
3556,0.0,0,0,0,,
3557,0.0,0,0,0,,
3558,0.0,0,0,0,,
3559,0.0,0,0,0,,
3560,32514.0,10,0,10,,32514.017312610667
3561,0.0,0,0,0,,
3562,0.0,0,0,0,,
3563,5522.0,35,35,0,5522.388059701492,
3564,0.0,0,0,0,,
3565,15898.0,5,0,5,,15897.939156035329
3566,0.0,0,0,0,,
3567,0.0,0,0,0,,
3568,0.0,0,0,0,,
3569,0.0,0,0,0,,
3571,0.0,0,0,0,,
3572,0.0,0,0,0,,
3573,0.0,0,0,0,,
3574,0.0,0,0,0,,
3575,0.0,0,0,0,,
3576,0.0,0,0,0,,
3577,0.0,0,0,0,,
3578,0.0,0,0,0,,
3579,0.0,0,0,0,,
3580,0.0,2,0,2,,12844.569646040232
3581,0.0,0,0,0,,
3582,6037.0,6,6,0,6037.313432835821,
3583,20303.0,249,0,249,,20303.030303030304
3585,0.0,0,0,0,,
3586,5786.0,5,5,0,5786.163522012579,
3587,5225.0,38,38,0,5224.747474747475,
3588,0.0,0,0,0,,
3589,0.0,0,0,0,,
3590,0.0,0,0,0,,
3591,0.0,0,0,0,,
3592,5521.0,59,59,0,5520.833333333333,
3593,4545.0,35,35,0,4545.454545454545,
3594,0.0,0,0,0,,
3595,0.0,0,0,0,,
3596,0.0,0,0,0,,
3597,0.0,0,0,0,,
3598,0.0,0,0,0,,
3599,0.0,0,0,0,,
3600,0.0,0,0,0,,
3601,15028.0,28,0,28,,15027.655922181957
3602,0.0,0,0,0,,
3603,0.0,0,0,0,,
3604,6842.0,3,3,0,6842.105263157895,
3605,0.0,0,0,0,,
3606,6370.0,15,15,0,6370.361904761905,
3607,0.0,0,0,0,,
3608,5379.0,25,25,0,5379.247933884298,
3609,0.0,0,0,0,,
3611,0.0,0,0,0,,
3612,0.0,0,0,0,,
3613,0.0,0,0,0,,
3614,6161.0,7,7,0,6160.714285714285,
3615,0.0,0,0,0,,
3616,0.0,0,0,0,,
3617,0.0,0,0,0,,
3619,5827.0,15,15,0,5827.338129496403,
3620,0.0,0,0,0,,
3621,0.0,0,0,0,,
3622,0.0,0,0,0,,
3623,0.0,0,0,0,,
3624,0.0,0,0,0,,
3625,0.0,0,0,0,,
3626,0.0,0,0,0,,
3627,26694.0,27,0,27,,26693.81818181818
3628,12437.0,35,10,25,5762.71186440678,15107.382550335571
3629,0.0,0,0,0,,
3630,5399.0,34,34,0,5398.648648648648,
3631,0.0,0,0,0,,
3633,0.0,0,0,0,,
3634,0.0,0,0,0,,
3635,0.0,0,0,0,,
3636,8371.0,29,29,0,8370.967741935483,
3637,5053.0,16,16,0,5052.943510390319,
3638,0.0,0,0,0,,
3639,0.0,0,0,0,,
3640,0.0,1,0,1,,24590.964590964588
3641,0.0,0,0,0,,
3642,0.0,0,0,0,,
3643,0.0,0,0,0,,
3644,0.0,0,0,0,,
3645,0.0,0,0,0,,
3646,0.0,0,0,0,,
3647,5723.0,11,11,0,5723.076923076923,
3648,0.0,0,0,0,,
3649,0.0,0,0,0,,
3650,0.0,0,0,0,,
3651,0.0,0,0,0,,
3652,33282.0,9,0,9,,33281.733746130034
3653,10804.0,34,0,34,,10803.990610328638
3655,0.0,0,0,0,,
3656,0.0,0,0,0,,
3657,0.0,0,0,0,,
3658,0.0,0,0,0,,
3661,5612.0,28,28,0,5611.702127659575,
3662,0.0,0,0,0,,
3663,8661.0,79,37,42,5433.070866141732,11503.968253968254
3664,0.0,0,0,0,,
3665,22659.0,5,0,5,,22659.1136287904
3666,0.0,0,0,0,,
3667,0.0,0,0,0,,
3668,0.0,0,0,0,,
3669,0.0,0,0,0,,
3670,0.0,0,0,0,,
3671,0.0,0,0,0,,
3672,5310.0,22,22,0,5310.292682926829,
3673,0.0,0,0,0,,
3674,0.0,0,0,0,,
3677,0.0,0,0,0,,
3678,0.0,0,0,0,,
3679,4987.0,37,37,0,4987.363636363636,
3680,0.0,0,0,0,,
3681,0.0,0,0,0,,
3682,0.0,2,0,2,,14982.702823345608
3683,0.0,0,0,0,,
3684,0.0,0,0,0,,
3685,0.0,0,0,0,,
3686,0.0,0,0,0,,
3687,0.0,0,0,0,,
3688,0.0,0,0,0,,
3689,6211.0,21,21,0,6210.526315789473,
3690,0.0,0,0,0,,
3691,31887.0,7,0,7,,31886.79245283019
3692,0.0,0,0,0,,
3693,0.0,0,0,0,,
3694,5452.0,28,28,0,5452.2122772277235,
3695,0.0,0,0,0,,
3696,0.0,0,0,0,,
3697,0.0,0,0,0,,
3698,4692.0,20,20,0,4692.307692307692,
3699,22105.0,23,0,23,,22105.263157894737
3701,0.0,0,0,0,,
3702,0.0,0,0,0,,
3703,0.0,0,0,0,,
3705,0.0,0,0,0,,
3707,0.0,0,0,0,,
3708,0.0,0,0,0,,
3710,5752.0,45,45,0,5752.212389380531,
3711,0.0,0,0,0,,
3712,0.0,0,0,0,,
3714,0.0,0,0,0,,
3715,8189.0,3,3,0,8188.524590163935,
3716,21837.0,11,0,11,,21836.73469387755
3717,0.0,0,0,0,,
3718,0.0,0,0,0,,
3719,5315.0,34,34,0,5314.74175035868,
3720,0.0,0,0,0,,
3721,0.0,0,0,0,,
3722,0.0,0,0,0,,
3724,0.0,0,0,0,,
3725,5479.0,31,31,0,5479.45205479452,
3726,0.0,0,0,0,,
3727,0.0,0,0,0,,
3728,0.0,0,0,0,,
3729,4872.0,23,23,0,4871.794871794872,
3730,0.0,0,0,0,,
3731,0.0,0,0,0,,
3733,0.0,0,0,0,,
3734,5830.0,36,36,0,5829.931972789116,
3735,5214.0,5,5,0,5214.285714285715,
3736,5049.0,31,31,0,5049.019607843137,
3737,0.0,0,0,0,,
3738,0.0,0,0,0,,
3739,5380.0,17,17,0,5380.434782608696,
3740,0.0,0,0,0,,
3741,0.0,0,0,0,,
3742,18474.0,6,0,6,,18473.646332191747
3743,5488.0,29,29,0,5487.804878048781,
3744,5994.0,16,16,0,5993.704600484261,
3745,0.0,0,0,0,,
3746,0.0,0,0,0,,
3747,0.0,0,0,0,,
3748,0.0,0,0,0,,
3749,0.0,0,0,0,,
3750,5152.0,47,47,0,5151.515151515152,
3751,14422.0,6,0,6,,14421.54255319149
3753,0.0,0,0,0,,
3754,0.0,0,0,0,,
3756,0.0,0,0,0,,
3757,5000.0,37,37,0,5000.0,
3758,0.0,0,0,0,,
3759,4865.0,26,26,0,4864.5410387295415,
3760,5273.0,15,15,0,5272.727272727273,
3761,5522.0,27,27,0,5522.388059701492,
3762,0.0,0,0,0,,
3763,5284.0,28,28,0,5283.689942907335,
3764,19676.0,90,0,90,,19675.54092671974
3765,0.0,0,0,0,,
3766,5500.0,9,9,0,5500.0,
3767,0.0,0,0,0,,
3769,0.0,0,0,0,,
3770,0.0,0,0,0,,
3771,5231.0,26,26,0,5230.555555555556,
3772,0.0,0,0,0,,
3773,18359.0,10,0,10,,18358.66261398176
3774,0.0,0,0,0,,
3775,0.0,0,0,0,,
3777,0.0,0,0,0,,
3778,0.0,0,0,0,,
3779,30386.0,106,0,106,,30385.869565217392
3780,0.0,0,0,0,,
3781,0.0,0,0,0,,
3782,5695.0,26,26,0,5694.980694980695,
3783,0.0,0,0,0,,
3784,0.0,0,0,0,,
3786,15369.0,3,0,3,,15368.987250420978
3787,0.0,0,0,0,,
3788,0.0,0,0,0,,
3789,0.0,0,0,0,,
3790,6045.0,44,44,0,6044.776119402985,
3793,12658.0,11,0,11,,12658.227848101265
3794,0.0,0,0,0,,
3795,0.0,0,0,0,,
3796,19634.0,191,0,191,,19634.146341463416
3797,0.0,0,0,0,,
3798,0.0,0,0,0,,
3799,5399.0,44,44,0,5398.555080213904,
3800,0.0,2,0,2,,27463.74516751615
3801,0.0,0,0,0,,
3802,5944.0,15,15,0,5943.671232876713,
3803,0.0,0,0,0,,
3804,0.0,0,0,0,,
3805,0.0,0,0,0,,
3806,0.0,0,0,0,,
3808,0.0,0,0,0,,
3810,6314.0,45,45,0,6314.285714285715,
3811,0.0,0,0,0,,
3812,0.0,0,0,0,,
3813,0.0,0,0,0,,
3814,5066.0,19,19,0,5065.789473684211,
3815,0.0,0,0,0,,
3817,0.0,0,0,0,,
3818,0.0,0,0,0,,
3819,5741.0,40,40,0,5740.753285462674,
3820,5265.0,17,17,0,5264.705882352941,
3821,5209.0,32,32,0,5208.800332088003,
3822,0.0,0,0,0,,
3823,0.0,0,0,0,,
3824,0.0,0,0,0,,
3825,0.0,0,0,0,,
3826,0.0,0,0,0,,
3827,5234.0,12,12,0,5233.68253968254,
3828,0.0,0,0,0,,
3829,0.0,0,0,0,,
3830,7599.0,34,34,0,7598.990683229814,
3831,0.0,0,0,0,,
3832,0.0,0,0,0,,
3833,7228.0,25,25,0,7228.260869565217,
3835,0.0,0,0,0,,
3836,15440.0,4,0,4,,15439.974457215838
3838,0.0,0,0,0,,
3839,0.0,0,0,0,,
3841,0.0,0,0,0,,
3842,0.0,0,0,0,,
3843,0.0,0,0,0,,
3844,0.0,0,0,0,,
3845,23020.0,416,0,416,,23019.90099009901
3846,0.0,0,0,0,,
3847,0.0,0,0,0,,
3848,0.0,0,0,0,,
3849,17240.0,4,0,4,,17239.602502760397
3850,0.0,0,0,0,,
3851,16205.0,6,0,6,,16204.919741505108
3852,0.0,0,0,0,,
3853,0.0,0,0,0,,
3854,0.0,0,0,0,,
3857,10662.0,17,17,0,10661.764705882351,
3859,0.0,0,0,0,,
3860,0.0,0,0,0,,
3862,12676.0,3,0,3,,12676.11914893617
3863,5266.0,17,17,0,5266.129032258064,
3864,0.0,0,0,0,,
3866,0.0,2,0,2,,17056.664709336466
3867,0.0,0,0,0,,
3868,5277.0,7,7,0,5277.227722772277,
3870,5493.0,35,35,0,5492.537313432836,
3871,0.0,0,0,0,,
3872,0.0,0,0,0,,
3873,0.0,0,0,0,,
3874,0.0,0,0,0,,
3875,0.0,0,0,0,,
3876,0.0,1,0,1,,19787.23404255319
3877,0.0,0,0,0,,
3879,0.0,0,0,0,,
3880,5201.0,36,36,0,5201.492537313433,
3881,9006.0,16,16,0,9006.024096385541,
3882,0.0,0,0,0,,
3883,0.0,0,0,0,,
3884,0.0,0,0,0,,
3885,13366.0,3,0,3,,13366.336633663366
3886,0.0,0,0,0,,
3887,0.0,0,0,0,,
3888,0.0,0,0,0,,
3889,0.0,0,0,0,,
3890,0.0,0,0,0,,
3891,5661.0,39,39,0,5661.157024793389,
3892,0.0,0,0,0,,
3893,0.0,0,0,0,,
3894,0.0,0,0,0,,
3895,0.0,0,0,0,,
3896,6576.0,31,31,0,6576.271186440678,
3897,0.0,0,0,0,,
3898,0.0,0,0,0,,
3899,21365.0,14,0,14,,21364.68077377168
3900,4881.0,7,7,0,4881.481481481482,
3901,0.0,0,0,0,,
3902,0.0,0,0,0,,
3903,0.0,0,0,0,,
3904,0.0,0,0,0,,
3906,0.0,0,0,0,,
3907,0.0,0,0,0,,
3908,0.0,0,0,0,,
3909,0.0,0,0,0,,
3910,0.0,0,0,0,,
3911,0.0,0,0,0,,
3912,0.0,0,0,0,,
3913,5759.0,15,15,0,5758.928571428572,
3915,7890.0,3,3,0,7889.908256880734,
3916,0.0,0,0,0,,
3917,0.0,0,0,0,,
3918,0.0,0,0,0,,
3920,0.0,0,0,0,,
3921,6765.0,53,53,0,6764.705882352941,
3923,0.0,0,0,0,,
3924,0.0,0,0,0,,
3925,6562.0,3,3,0,6562.5,
3926,0.0,0,0,0,,
3927,0.0,0,0,0,,
3928,14219.0,10,0,10,,14219.367588932806
3929,0.0,0,0,0,,
3930,0.0,0,0,0,,
3931,0.0,0,0,0,,
3932,0.0,0,0,0,,
3933,0.0,0,0,0,,
3934,0.0,1,0,1,,8094.059405940594
3937,0.0,0,0,0,,
3938,0.0,0,0,0,,
3939,0.0,0,0,0,,
3940,0.0,0,0,0,,
3941,0.0,0,0,0,,
3942,0.0,0,0,0,,
3943,5250.0,25,25,0,5250.0,
3944,0.0,0,0,0,,
3945,0.0,0,0,0,,
3946,0.0,0,0,0,,
3947,0.0,0,0,0,,
3948,0.0,0,0,0,,
3949,5545.0,45,45,0,5544.554455445545,
3951,0.0,0,0,0,,
3952,5373.0,17,17,0,5373.134328358209,
3953,0.0,0,0,0,,
3954,0.0,0,0,0,,
3955,0.0,0,0,0,,
3956,0.0,0,0,0,,
3958,0.0,0,0,0,,
3959,0.0,0,0,0,,
3960,11429.0,31,10,21,7615.848753016895,13244.68085106383
3961,0.0,0,0,0,,
3962,0.0,0,0,0,,
3963,0.0,0,0,0,,
3964,0.0,0,0,0,,
3965,5301.0,8,8,0,5301.470588235294,
3966,0.0,0,0,0,,
3967,23952.0,14,0,14,,23952.08240035826
3968,5950.0,5,5,0,5950.413223140496,
3969,10062.0,3,0,3,,10061.688311688311
3970,21622.0,3,0,3,,21621.62162162162
3972,0.0,0,0,0,,
3973,0.0,0,0,0,,
3974,0.0,0,0,0,,
3975,0.0,0,0,0,,
3976,0.0,0,0,0,,
3977,0.0,0,0,0,,
3979,0.0,0,0,0,,
3980,9126.0,18,16,2,6940.789473684211,26604.768142043697
3981,0.0,0,0,0,,
3983,0.0,0,0,0,,
3984,0.0,0,0,0,,
3985,0.0,0,0,0,,
3986,7565.0,17,17,0,7565.354330708661,
3987,0.0,0,0,0,,
3990,5936.0,4,4,0,5935.897435897436,
3991,5472.0,40,40,0,5472.463768115942,
3992,13750.0,9,0,9,,13750.0
3993,17046.0,24,0,24,,17045.87581093605
3994,16600.0,33,0,33,,16600.0
3995,4224.0,5,5,0,4224.2990654205605,
3996,5176.0,11,11,0,5176.470588235294,
3999,0.0,0,0,0,,
4000,0.0,0,0,0,,
4001,0.0,0,0,0,,
4002,0.0,0,0,0,,
4003,0.0,0,0,0,,
4004,0.0,0,0,0,,
4005,8448.0,12,0,12,,8448.398576512456
4006,0.0,0,0,0,,
4007,11230.0,28,0,28,,11229.72972972973
4008,5714.0,9,9,0,5714.285714285715,
4009,5647.0,30,30,0,5647.058823529412,
4010,0.0,0,0,0,,
4011,0.0,0,0,0,,
4012,0.0,0,0,0,,
4014,5567.0,39,39,0,5567.01030927835,
4015,0.0,0,0,0,,
4016,0.0,0,0,0,,
4017,0.0,0,0,0,,
4018,0.0,2,0,2,,7493.540051679587
4019,0.0,0,0,0,,
4021,8571.0,85,85,0,8571.42857142857,
4022,0.0,0,0,0,,
4023,0.0,0,0,0,,
4024,20980.0,34,0,34,,20979.885057471263
4026,5460.0,10,10,0,5460.1285878300805,
4027,0.0,0,0,0,,
4028,6593.0,56,56,0,6593.483870967742,
4029,0.0,0,0,0,,
4031,0.0,0,0,0,,
4032,0.0,0,0,0,,
4033,0.0,0,0,0,,
4034,0.0,0,0,0,,
4035,6522.0,8,8,0,6522.090909090909,
4036,5867.0,26,26,0,5866.576605212969,
4037,0.0,0,0,0,,
4038,0.0,0,0,0,,
4039,0.0,0,0,0,,
4040,0.0,0,0,0,,
4041,0.0,0,0,0,,
4042,10021.0,57,33,24,5084.745762711865,16808.943089430897
4043,0.0,0,0,0,,
4044,5434.0,22,22,0,5434.002869440459,
4045,0.0,0,0,0,,
4046,0.0,0,0,0,,
4047,0.0,0,0,0,,
4048,21534.0,10,0,10,,21533.93817204301
4049,0.0,0,0,0,,
4050,0.0,0,0,0,,
4051,0.0,0,0,0,,
4052,0.0,0,0,0,,
4053,10792.0,41,41,0,10791.666666666666,
4054,0.0,0,0,0,,
4055,0.0,0,0,0,,
4056,5000.0,24,24,0,5000.0,
4057,0.0,0,0,0,,
4058,0.0,0,0,0,,
4059,0.0,0,0,0,,
4060,0.0,0,0,0,,
4061,5806.0,9,9,0,5806.451612903225,
4062,0.0,0,0,0,,
4063,0.0,0,0,0,,
4064,0.0,0,0,0,,
4065,5558.0,20,20,0,5558.333333333333,
4066,0.0,0,0,0,,
4067,7780.0,5,5,0,7780.487804878048,
4068,0.0,0,0,0,,
4069,0.0,0,0,0,,
4070,5238.0,35,35,0,5238.095238095239,
4071,0.0,0,0,0,,
4072,0.0,0,0,0,,
4073,23158.0,47,0,47,,23157.894736842107
4074,0.0,0,0,0,,
4075,0.0,0,0,0,,
4076,0.0,0,0,0,,
4077,0.0,0,0,0,,
4078,0.0,0,0,0,,
4079,6254.0,16,16,0,6253.731343283583,
4080,0.0,0,0,0,,
4081,4847.0,27,27,0,4846.552380952381,
4082,0.0,0,0,0,,
4083,0.0,0,0,0,,
4085,0.0,0,0,0,,
4086,0.0,0,0,0,,
4087,0.0,0,0,0,,
4089,0.0,1,0,1,,23041.47465437788
4090,5500.0,9,9,0,5500.0,
4091,4711.0,17,17,0,4710.743801652892,
4093,0.0,0,0,0,,
4094,5362.0,4,4,0,5361.892583120205,
4095,0.0,0,0,0,,
4096,0.0,0,0,0,,
4097,0.0,0,0,0,,
4099,0.0,0,0,0,,
4100,0.0,0,0,0,,
4102,0.0,0,0,0,,
4103,5645.0,13,13,0,5645.1612903225805,
4105,0.0,0,0,0,,
4106,0.0,0,0,0,,
4107,0.0,0,0,0,,
4108,26800.0,41,0,41,,26800.0
4110,5699.0,45,45,0,5698.924731182796,
4112,0.0,0,0,0,,
4114,0.0,2,0,2,,20840.864380895502
4115,0.0,0,0,0,,
4117,0.0,0,0,0,,
4118,0.0,0,0,0,,
4119,4935.0,19,19,0,4935.064935064935,
4120,0.0,0,0,0,,
4121,0.0,0,0,0,,
4122,12376.0,39,0,39,,12376.068376068377
4123,0.0,0,0,0,,
4124,0.0,0,0,0,,
4125,4781.0,10,10,0,4781.021897810218,
4126,0.0,0,0,0,,
4127,0.0,0,0,0,,
4129,0.0,0,0,0,,
4130,0.0,0,0,0,,
4131,0.0,0,0,0,,
4132,0.0,0,0,0,,
4133,0.0,0,0,0,,
4135,0.0,0,0,0,,
4136,0.0,0,0,0,,
4137,5288.0,7,7,0,5288.461538461538,
4139,0.0,0,0,0,,
4141,0.0,0,0,0,,
4142,0.0,0,0,0,,
4143,0.0,0,0,0,,
4144,0.0,0,0,0,,
4146,5566.0,13,13,0,5566.2307692307695,
4147,0.0,0,0,0,,
4149,0.0,0,0,0,,
4150,0.0,0,0,0,,
4152,0.0,0,0,0,,
4153,0.0,0,0,0,,
4154,9898.0,18,0,18,,9898.26203208556
4155,0.0,0,0,0,,
4156,0.0,0,0,0,,
4158,0.0,0,0,0,,
4159,7912.0,17,17,0,7911.764705882353,
4160,5753.0,4,4,0,5753.424657534247,
4161,16521.0,62,0,62,,16521.02102102102
4162,0.0,0,0,0,,
4163,11983.0,33,0,33,,11983.471074380166
4164,0.0,0,0,0,,
4165,0.0,0,0,0,,
4166,0.0,0,0,0,,
4167,0.0,0,0,0,,
4168,0.0,0,0,0,,
4169,0.0,0,0,0,,
4170,0.0,0,0,0,,
4171,5241.0,48,48,0,5241.175572519084,
4172,0.0,0,0,0,,
4173,0.0,0,0,0,,
4174,0.0,0,0,0,,
4175,0.0,0,0,0,,
4176,5615.0,14,14,0,5615.384615384615,
4177,0.0,0,0,0,,
4178,4738.0,14,14,0,4737.588652482269,
4179,4663.0,40,40,0,4662.557836899941,
4180,0.0,0,0,0,,
4181,0.0,0,0,0,,
4182,6167.0,21,21,0,6166.666666666667,
4183,5826.0,17,17,0,5826.446280991736,
4184,0.0,0,0,0,,
4185,0.0,0,0,0,,
4187,0.0,0,0,0,,
4188,5903.0,18,18,0,5903.01754385965,
4189,5461.0,9,9,0,5460.526315789473,
4190,0.0,0,0,0,,
4191,0.0,0,0,0,,
4192,7039.0,26,26,0,7038.834951456311,
4193,0.0,0,0,0,,
4194,0.0,0,0,0,,
4196,5559.0,8,8,0,5559.21052631579,
4197,0.0,0,0,0,,
4198,0.0,0,0,0,,
4199,0.0,0,0,0,,
4200,5261.0,38,38,0,5261.194029850747,
4201,0.0,0,0,0,,
4202,0.0,0,0,0,,
4203,6538.0,19,19,0,6538.461538461538,
4204,5221.0,13,13,0,5220.588235294118,
4205,0.0,0,0,0,,
4207,0.0,0,0,0,,
4209,0.0,0,0,0,,
4210,0.0,0,0,0,,
4211,4717.0,4,4,0,4717.391304347826,
4212,0.0,0,0,0,,
4213,0.0,0,0,0,,
4214,0.0,0,0,0,,
4217,0.0,0,0,0,,
4218,0.0,0,0,0,,
4220,5769.0,24,24,0,5768.6567164179105,
4221,0.0,0,0,0,,
4223,5400.0,56,56,0,5400.0,
4224,0.0,0,0,0,,
4225,0.0,0,0,0,,
4226,28191.0,72,0,72,,28191.489361702126
4227,0.0,0,0,0,,
4228,0.0,2,0,2,,11820.175438596492
4229,0.0,0,0,0,,
4230,9384.0,19,15,4,7041.666666666667,18169.599217986317
4231,0.0,0,0,0,,
4232,0.0,0,0,0,,
4233,21762.0,10,0,10,,21761.983863312766
4234,0.0,0,0,0,,
4236,0.0,0,0,0,,
4238,13826.0,78,1,77,5572.413793103448,13933.333333333334
4239,0.0,0,0,0,,
4240,0.0,0,0,0,,
4242,0.0,0,0,0,,
4243,0.0,0,0,0,,
4244,6500.0,44,44,0,6500.0,
4245,0.0,0,0,0,,
4247,5846.0,20,20,0,5846.153846153846,
4248,0.0,0,0,0,,
4251,24468.0,43,0,43,,24468.08510638298
4252,4896.0,22,22,0,4896.356745522342,
4253,0.0,0,0,0,,
4254,9282.0,65,11,54,5259.259259259259,10101.461038961039
4255,0.0,0,0,0,,
4256,5193.0,22,22,0,5193.333333333334,
4259,0.0,0,0,0,,
4260,0.0,0,0,0,,
4261,5777.0,16,16,0,5777.0529350104825,
4262,0.0,0,0,0,,
4263,0.0,0,0,0,,
4264,6444.0,31,31,0,6444.444444444444,
4265,0.0,0,0,0,,
4266,0.0,0,0,0,,
4267,0.0,0,0,0,,
4268,0.0,0,0,0,,
4269,6220.0,20,20,0,6219.779173805445,
4270,0.0,0,0,0,,
4271,0.0,0,0,0,,
4273,0.0,0,0,0,,
4274,0.0,0,0,0,,
4276,0.0,0,0,0,,
4277,0.0,0,0,0,,
4278,0.0,0,0,0,,
4279,0.0,0,0,0,,
4280,0.0,0,0,0,,
4281,0.0,0,0,0,,
4282,0.0,0,0,0,,
4283,0.0,0,0,0,,
4284,0.0,0,0,0,,
4285,0.0,0,0,0,,
4287,0.0,0,0,0,,
4288,5259.0,31,31,0,5258.620689655172,
4289,19392.0,4,0,4,,19391.99209095403
4290,8858.0,13,0,13,,8857.808857808857
4292,0.0,0,0,0,,
4293,5345.0,70,70,0,5345.238095238095,
4296,7979.0,32,32,0,7979.45205479452,
4297,0.0,0,0,0,,
4298,0.0,1,1,0,5878.048780487805,
4299,0.0,0,0,0,,
4300,0.0,0,0,0,,
4301,28925.0,87,0,87,,28925.0
4302,5327.0,11,11,0,5326.686567164179,
4303,6579.0,81,81,0,6579.104477611941,
4304,0.0,0,0,0,,
4305,0.0,0,0,0,,
4306,0.0,0,0,0,,
4307,0.0,0,0,0,,
4308,0.0,0,0,0,,
4309,0.0,0,0,0,,
4310,0.0,0,0,0,,
4311,0.0,2,0,2,,44911.9145747471
4312,0.0,0,0,0,,
4313,7114.0,34,34,0,7113.749114103473,
4314,0.0,0,0,0,,
4315,0.0,0,0,0,,
4316,0.0,0,0,0,,
4317,13793.0,77,0,77,,13793.103448275862
4319,0.0,0,0,0,,
4320,0.0,0,0,0,,
4321,5000.0,11,11,0,5000.0,
4322,22668.0,16,0,16,,22668.272143462986
4323,0.0,0,0,0,,
4324,12357.0,35,25,10,6593.406593406594,26767.224367224368
4325,0.0,0,0,0,,
4326,0.0,0,0,0,,
4328,0.0,0,0,0,,
4329,0.0,0,0,0,,
4330,16378.0,33,0,33,,16378.378378378378
4331,0.0,0,0,0,,
4332,0.0,0,0,0,,
4333,0.0,0,0,0,,
4336,5688.0,51,51,0,5688.073394495413,
4337,0.0,0,0,0,,
4339,5709.0,18,18,0,5708.955223880597,
4340,0.0,0,0,0,,
4341,0.0,0,0,0,,
4342,0.0,0,0,0,,
4343,5226.0,26,26,0,5226.190476190476,
4345,4932.0,17,17,0,4931.972789115646,
4348,0.0,0,0,0,,
4349,0.0,0,0,0,,
4350,0.0,0,0,0,,
4351,0.0,0,0,0,,
4352,0.0,0,0,0,,
4353,0.0,0,0,0,,
4355,0.0,0,0,0,,
4356,11163.0,24,24,0,11162.901960784315,
4357,0.0,0,0,0,,
4358,0.0,0,0,0,,
4359,0.0,0,0,0,,
4361,0.0,0,0,0,,
4362,0.0,0,0,0,,
4363,0.0,0,0,0,,
4364,10602.0,63,8,55,5202.830188679245,11386.861313868612
4365,0.0,0,0,0,,
4366,20992.0,59,0,59,,20992.36641221374
4367,0.0,0,0,0,,
4368,0.0,0,0,0,,
4369,0.0,0,0,0,,
4371,0.0,0,0,0,,
4372,0.0,0,0,0,,
4373,5194.0,61,61,0,5194.174757281553,
4374,5386.0,7,7,0,5385.613445378152,
4375,0.0,0,0,0,,
4376,0.0,0,0,0,,
4379,18398.0,40,0,40,,18397.596153846156
4380,0.0,0,0,0,,
4381,8929.0,32,23,9,6176.470588235294,15964.912280701754
4383,15648.0,17,0,17,,15648.148148148148
4384,0.0,0,0,0,,
4385,0.0,0,0,0,,
4386,0.0,0,0,0,,
4387,6211.0,7,7,0,6210.884353741497,
4388,0.0,0,0,0,,
4391,5946.0,12,12,0,5945.945945945946,
4394,0.0,0,0,0,,
4395,7630.0,10,8,2,4953.910468319559,18336.56555610807
4397,0.0,0,0,0,,
4398,0.0,0,0,0,,
4399,5634.0,10,10,0,5634.1463414634145,
4401,14093.0,14,0,14,,14092.615769712142
4402,14558.0,140,0,140,,14557.832512315272
4403,0.0,0,0,0,,
4404,0.0,0,0,0,,
4405,0.0,0,0,0,,
4408,0.0,0,0,0,,
4409,0.0,0,0,0,,
4411,4331.0,39,39,0,4330.708661417323,
4413,0.0,0,0,0,,
4415,7597.0,54,54,0,7597.014925373134,
4416,0.0,0,0,0,,
4417,0.0,0,0,0,,
4418,0.0,0,0,0,,
4420,0.0,0,0,0,,
4422,0.0,0,0,0,,
4423,0.0,0,0,0,,
4425,23316.0,3,0,3,,23316.062176165804
4428,6194.0,22,22,0,6194.453822040029,
4429,0.0,0,0,0,,
4430,0.0,0,0,0,,
4431,0.0,0,0,0,,
4432,0.0,0,0,0,,
4433,5345.0,95,95,0,5345.454545454545,
4434,0.0,0,0,0,,
4435,0.0,0,0,0,,
4437,0.0,0,0,0,,
4438,9388.0,15,15,0,9388.059701492535,
4439,4755.0,13,13,0,4754.901960784314,
4440,0.0,0,0,0,,
4442,0.0,0,0,0,,
4443,0.0,0,0,0,,
4444,5867.0,43,43,0,5866.666666666667,
4445,30624.0,140,0,140,,30623.625
4446,0.0,0,0,0,,
4447,16575.0,19,0,19,,16575.342465753423
4448,5322.0,20,20,0,5322.314049586777,
4449,5594.0,21,21,0,5594.4055944055945,
4450,0.0,0,0,0,,
4451,0.0,0,0,0,,
4452,0.0,0,0,0,,
4453,5769.0,31,31,0,5769.2307692307695,
4454,0.0,0,0,0,,
4455,21034.0,50,0,50,,21034.48275862069
4456,6300.0,8,8,0,6300.0,
4457,0.0,0,0,0,,
4458,0.0,0,0,0,,
4459,0.0,0,0,0,,
4460,0.0,0,0,0,,
4462,0.0,0,0,0,,
4463,0.0,0,0,0,,
4464,0.0,0,0,0,,
4465,0.0,0,0,0,,
4466,0.0,0,0,0,,
4468,14286.0,71,0,71,,14285.714285714286
4469,0.0,0,0,0,,
4471,0.0,0,0,0,,
4472,0.0,0,0,0,,
4473,0.0,0,0,0,,
4474,0.0,0,0,0,,
4475,4712.0,15,15,0,4711.538461538462,
4476,0.0,0,0,0,,
4478,0.0,0,0,0,,
4479,0.0,0,0,0,,
4480,6839.0,18,17,1,6347.826086956522,15188.67924528302
4481,0.0,0,0,0,,
4482,0.0,0,0,0,,
4484,13873.0,103,8,95,4490.041208791208,14662.921348314607
4485,15394.0,113,22,91,6526.175213675213,17538.46153846154
4486,0.0,0,0,0,,
4487,0.0,0,0,0,,
4488,0.0,0,0,0,,
4489,0.0,0,0,0,,
4490,0.0,0,0,0,,
4492,0.0,0,0,0,,
4493,0.0,0,0,0,,
4494,0.0,0,0,0,,
4495,4459.0,6,6,0,4459.459459459459,
4496,0.0,0,0,0,,
4497,0.0,0,0,0,,
4498,0.0,0,0,0,,
4500,7340.0,37,37,0,7340.425531914893,
4501,0.0,0,0,0,,
4502,4864.0,5,5,0,4863.636363636364,
4503,0.0,0,0,0,,
4504,5909.0,29,29,0,5909.090909090909,
4505,0.0,0,0,0,,
4506,0.0,0,0,0,,
4508,4599.0,15,15,0,4598.540145985401,
4510,0.0,0,0,0,,
4511,0.0,0,0,0,,
4513,5328.0,19,19,0,5327.868852459016,
4514,0.0,0,0,0,,
4515,0.0,0,0,0,,
4516,15351.0,6,0,6,,15350.515463917525
4517,0.0,0,0,0,,
4520,0.0,0,0,0,,
4522,0.0,0,0,0,,
4523,13908.0,85,13,72,7021.276595744681,15151.157804459692
4526,0.0,0,0,0,,
4527,20981.0,13,0,13,,20980.6157354618
4528,0.0,0,0,0,,
4530,0.0,0,0,0,,
4531,0.0,0,0,0,,
4533,0.0,0,0,0,,
4534,0.0,0,0,0,,
4535,6763.0,25,25,0,6763.27950310559,
4538,0.0,0,0,0,,
4539,0.0,0,0,0,,
4541,5200.0,38,38,0,5199.827104668174,
4542,0.0,0,0,0,,
4543,6882.0,52,52,0,6881.720430107527,
4545,0.0,0,0,0,,
4546,16785.0,16,0,16,,16785.458024396077
4547,0.0,0,0,0,,
4548,0.0,0,0,0,,
4549,19053.0,60,0,60,,19053.25637830393
4551,4779.0,22,22,0,4778.640776699029,
4552,0.0,0,0,0,,
4553,0.0,0,0,0,,
4554,6486.0,30,30,0,6485.859728506787,
4555,0.0,0,0,0,,
4556,0.0,0,0,0,,
4558,0.0,0,0,0,,
4559,0.0,0,0,0,,
4561,4821.0,25,25,0,4821.428571428572,
4562,0.0,0,0,0,,
4563,0.0,0,0,0,,
4564,4891.0,57,57,0,4890.909090909091,
4565,0.0,0,0,0,,
4566,9105.0,144,18,126,5179.38209331652,9666.171417958956
4568,5865.0,9,9,0,5864.661654135339,
4569,6673.0,40,40,0,6672.619047619048,
4570,0.0,0,0,0,,
4573,0.0,0,0,0,,
4574,0.0,0,0,0,,
4575,0.0,0,0,0,,
4576,0.0,0,0,0,,
4577,5263.0,28,28,0,5262.841091492777,
4578,18903.0,9,0,9,,18902.95358649789
4579,0.0,0,0,0,,
4580,17287.0,92,7,85,7103.448275862069,18126.169491525423
4581,0.0,0,0,0,,
4582,0.0,0,0,0,,
4583,7871.0,4,0,4,,7870.734454346065
4584,0.0,0,0,0,,
4585,0.0,0,0,0,,
4587,5408.0,26,26,0,5407.514057681843,
4588,0.0,0,0,0,,
4589,0.0,0,0,0,,
4591,0.0,0,0,0,,
4592,0.0,0,0,0,,
4593,0.0,0,0,0,,
4594,0.0,0,0,0,,
4595,0.0,0,0,0,,
4597,0.0,0,0,0,,
4598,0.0,0,0,0,,
4599,0.0,0,0,0,,
4600,0.0,0,0,0,,
4601,0.0,0,0,0,,
4602,0.0,1,1,0,5522.388059701492,
4603,0.0,0,0,0,,
4604,0.0,0,0,0,,
4605,5457.0,6,6,0,5456.989247311828,
4607,0.0,0,0,0,,
4608,23875.0,47,0,47,,23875.0
4609,0.0,0,0,0,,
4610,5298.0,43,43,0,5297.619047619048,
4611,0.0,0,0,0,,
4612,6820.0,50,50,0,6819.655279503106,
4613,14914.0,4,0,4,,14914.446093588951
4614,17994.0,8,0,8,,17993.939393939392
4615,0.0,0,0,0,,
4616,5174.0,27,27,0,5173.913043478261,
4617,0.0,0,0,0,,
4618,0.0,0,0,0,,
4619,15217.0,5,0,5,,15217.391304347826
4620,5392.0,9,9,0,5391.891891891892,
4622,0.0,0,0,0,,
4623,4940.0,14,14,0,4940.00953175265,
4624,5357.0,5,5,0,5357.142857142857,
4625,0.0,0,0,0,,
4626,23552.0,25,0,25,,23552.12355212355
4627,18995.0,456,0,456,,18994.68085106383
4629,0.0,0,0,0,,
4630,0.0,1,0,1,,13227.513227513227
4631,0.0,0,0,0,,
4632,0.0,0,0,0,,
4633,0.0,0,0,0,,
4634,5422.0,32,32,0,5422.413793103448,
4635,0.0,0,0,0,,
4637,22754.0,591,0,591,,22753.968253968254
4638,0.0,0,0,0,,
4639,0.0,0,0,0,,
4641,0.0,0,0,0,,
4643,29639.0,43,0,43,,29639.17525773196
4644,0.0,0,0,0,,
4645,0.0,0,0,0,,
4646,0.0,0,0,0,,
4647,0.0,0,0,0,,
4648,0.0,0,0,0,,
4649,0.0,0,0,0,,
4651,5228.0,14,14,0,5228.260869565218,
4652,0.0,0,0,0,,
4653,0.0,0,0,0,,
4654,0.0,0,0,0,,
4655,0.0,0,0,0,,
4656,4732.0,10,10,0,4732.142857142857,
4657,0.0,0,0,0,,
4658,10633.0,19,0,19,,10633.050420168067
4659,5710.0,44,44,0,5709.903726708075,
4661,0.0,0,0,0,,
4662,0.0,0,0,0,,
4663,0.0,2,0,2,,16445.45978668204
4665,0.0,0,0,0,,
4666,0.0,0,0,0,,
4667,0.0,0,0,0,,
4670,14010.0,13,0,13,,14009.962640099628
4671,0.0,0,0,0,,
4673,0.0,0,0,0,,
4674,0.0,0,0,0,,
4675,0.0,0,0,0,,
4676,0.0,0,0,0,,
4679,0.0,0,0,0,,
4680,5921.0,4,4,0,5921.487603305785,
4681,0.0,0,0,0,,
4682,5044.0,14,14,0,5043.859649122807,
4683,0.0,0,0,0,,
4684,23278.0,64,3,61,6746.987951807229,24090.909090909092
4685,0.0,0,0,0,,
4686,0.0,0,0,0,,
4688,0.0,0,0,0,,
4689,12105.0,7,0,7,,12105.12412177986
4690,0.0,0,0,0,,
4691,0.0,0,0,0,,
4692,0.0,0,0,0,,
4693,0.0,0,0,0,,
4694,6290.0,135,135,0,6290.322580645161,
4695,0.0,0,0,0,,
4696,6314.0,7,7,0,6314.0,
4697,5207.0,21,21,0,5206.611570247934,
4698,0.0,0,0,0,,
4699,0.0,0,0,0,,
4701,0.0,0,0,0,,
4702,10299.0,60,11,49,5885.245901639344,11290.322580645161
4703,0.0,0,0,0,,
4705,0.0,0,0,0,,
4707,0.0,0,0,0,,
4708,0.0,0,0,0,,
4710,5656.0,13,13,0,5655.737704918033,
4711,0.0,0,0,0,,
4712,4580.0,30,30,0,4580.399687077732,
4713,29963.0,6,2,4,6870.12987012987,41509.75800156128
4714,0.0,0,0,0,,
4715,0.0,0,0,0,,
4716,0.0,0,0,0,,
4717,10089.0,26,26,0,10088.60660236807,
4718,0.0,0,0,0,,
4719,0.0,0,0,0,,
4720,16611.0,22,0,22,,16611.344537815126
4722,0.0,0,0,0,,
4723,0.0,0,0,0,,
4724,5583.0,51,51,0,5582.52427184466,
4725,0.0,0,0,0,,
4726,11072.0,3,0,3,,11071.961779635712
4727,0.0,0,0,0,,
4728,7162.0,40,40,0,7162.132562991494,
4729,0.0,0,0,0,,
4730,0.0,0,0,0,,
4732,28280.0,119,0,119,,28279.611650485436
4733,0.0,0,0,0,,
4735,0.0,0,0,0,,
4736,13837.0,3,0,3,,13837.28813559322
4737,12921.0,13,0,13,,12921.348314606741
4739,0.0,0,0,0,,
4740,14016.0,23,0,23,,14015.748031496063
4741,0.0,0,0,0,,
4742,5309.0,44,44,0,5309.343434343435,
4743,0.0,0,0,0,,
4744,0.0,0,0,0,,
4746,0.0,0,0,0,,
4747,0.0,0,0,0,,
4748,0.0,0,0,0,,
4750,16976.0,17,0,17,,16976.0
4751,26349.0,593,0,593,,26348.623853211007
4753,0.0,1,1,0,12676.05633802817,
4754,0.0,0,0,0,,
4755,0.0,0,0,0,,
4756,0.0,0,0,0,,
4757,0.0,0,0,0,,
4758,0.0,0,0,0,,
4759,0.0,0,0,0,,
4760,6101.0,17,17,0,6101.0,
4761,0.0,0,0,0,,
4762,0.0,0,0,0,,
4763,22540.0,149,0,149,,22539.68253968254
4765,0.0,0,0,0,,
4766,5218.0,18,18,0,5218.124341412013,
4767,0.0,0,0,0,,
4769,0.0,0,0,0,,
4770,0.0,0,0,0,,
4771,0.0,0,0,0,,
4772,0.0,0,0,0,,
4773,0.0,0,0,0,,
4774,0.0,0,0,0,,
4775,0.0,0,0,0,,
4777,0.0,0,0,0,,
4778,0.0,0,0,0,,
4779,0.0,0,0,0,,
4780,16378.0,17,0,17,,16377.952755905511
4781,0.0,0,0,0,,
4783,0.0,0,0,0,,
4784,0.0,0,0,0,,
4785,6226.0,86,86,0,6225.663716814159,
4786,0.0,0,0,0,,
4787,0.0,0,0,0,,
4788,22553.0,8,0,8,,22552.89349782466
4789,0.0,0,0,0,,
4790,0.0,0,0,0,,
4792,0.0,0,0,0,,
4793,6846.0,29,29,0,6846.153846153846,
4795,0.0,0,0,0,,
4796,6635.0,28,27,1,6323.529411764706,15046.728971962617
4797,0.0,0,0,0,,
4798,0.0,0,0,0,,
4799,5453.0,22,22,0,5452.991452991453,
4800,4621.0,7,7,0,4621.359223300971,
4801,0.0,0,0,0,,
4802,0.0,0,0,0,,
4803,0.0,0,0,0,,
4804,0.0,0,0,0,,
4805,0.0,0,0,0,,
4806,0.0,0,0,0,,
4807,0.0,0,0,0,,
4808,0.0,0,0,0,,
4809,6716.0,128,128,0,6715.838509316771,
4810,0.0,0,0,0,,
4812,0.0,0,0,0,,
4813,30435.0,12,0,12,,30434.782608695652
4814,0.0,0,0,0,,
4815,0.0,0,0,0,,
4816,0.0,0,0,0,,
4817,5226.0,5,5,0,5225.563909774436,
4818,0.0,0,0,0,,
4819,0.0,0,0,0,,
4820,0.0,0,0,0,,
4821,0.0,0,0,0,,
4822,5106.0,14,14,0,5105.9602350478945,
4825,7143.0,5,5,0,7142.857142857143,
4826,0.0,0,0,0,,
4828,21250.0,11,0,11,,21250.0
4830,0.0,0,0,0,,
4831,17933.0,26,1,25,5934.065934065934,18412.698412698413
4832,0.0,0,0,0,,
4834,8419.0,80,80,0,8418.90284518032,
4835,0.0,0,0,0,,
4837,0.0,0,0,0,,
4842,0.0,0,0,0,,
4843,0.0,0,0,0,,
4844,0.0,0,0,0,,
4845,14703.0,4,0,4,,14702.631578947368
4846,0.0,0,0,0,,
4847,0.0,0,0,0,,
4848,0.0,0,0,0,,
4849,0.0,0,0,0,,
4850,0.0,0,0,0,,
4851,0.0,0,0,0,,
4852,0.0,0,0,0,,
4854,0.0,0,0,0,,
4855,0.0,0,0,0,,
4856,5191.0,9,9,0,5191.489361702128,
4857,0.0,0,0,0,,
4858,0.0,0,0,0,,
4859,0.0,0,0,0,,
4860,0.0,0,0,0,,
4861,0.0,1,0,1,,13893.324816352602
4863,0.0,0,0,0,,
4864,0.0,0,0,0,,
4866,28533.0,255,0,255,,28532.652173913044
4867,0.0,0,0,0,,
4868,0.0,0,0,0,,
4869,5734.0,23,23,0,5734.265734265734,
4870,0.0,0,0,0,,
4871,0.0,0,0,0,,
4872,6356.0,39,39,0,6355.555555555556,
4873,0.0,0,0,0,,
4874,0.0,0,0,0,,
4875,5493.0,49,49,0,5492.537313432836,
4876,0.0,1,0,1,,28938.600666349357
4878,0.0,0,0,0,,
4879,0.0,0,0,0,,
4880,0.0,0,0,0,,
4881,0.0,0,0,0,,
4882,0.0,0,0,0,,
4883,0.0,0,0,0,,
4884,0.0,0,0,0,,
4885,0.0,0,0,0,,
4886,19374.0,33,0,33,,19373.684210526317
4887,0.0,0,0,0,,
4888,0.0,0,0,0,,
4890,14427.0,13,0,13,,14427.480916030534
4891,5743.0,18,18,0,5742.565987303709,
4892,23502.0,15,0,15,,23502.30414746544
4893,0.0,0,0,0,,
4894,0.0,0,0,0,,
4896,7789.0,13,13,0,7789.473684210527,
4898,0.0,0,0,0,,
4899,0.0,0,0,0,,
4902,0.0,0,0,0,,
4903,0.0,0,0,0,,
4904,0.0,0,0,0,,
4905,0.0,0,0,0,,
4906,0.0,0,0,0,,
4907,0.0,0,0,0,,
4908,0.0,0,0,0,,
4911,0.0,0,0,0,,
4912,0.0,0,0,0,,
4913,0.0,0,0,0,,
4914,0.0,0,0,0,,
4915,0.0,0,0,0,,
4916,0.0,0,0,0,,
4917,14483.0,41,0,41,,14482.758620689656
4918,0.0,0,0,0,,
4919,0.0,1,0,1,,21428.571428571428
4920,0.0,0,0,0,,
4921,5000.0,25,25,0,5000.0,
4922,5117.0,24,24,0,5117.3730361709895,
4923,5298.0,17,17,0,5298.013245033113,
4924,0.0,0,0,0,,
4925,5682.0,32,32,0,5682.0,
4927,0.0,0,0,0,,
4928,0.0,0,0,0,,
4929,0.0,0,0,0,,
4930,0.0,0,0,0,,
4931,0.0,0,0,0,,
4933,15471.0,4,0,4,,15470.909090909092
4934,0.0,0,0,0,,
4935,0.0,0,0,0,,
4937,0.0,0,0,0,,
4938,0.0,0,0,0,,
4939,0.0,0,0,0,,
4940,0.0,0,0,0,,
4941,4818.0,7,7,0,4817.980952380953,
4942,5743.0,39,39,0,5742.574257425743,
4943,5198.0,26,26,0,5197.802197802198,
4944,0.0,0,0,0,,
4945,0.0,0,0,0,,
4946,5190.0,15,15,0,5190.082644628099,
4947,4819.0,41,41,0,4819.047619047619,
4948,0.0,0,0,0,,
4949,0.0,0,0,0,,
4950,0.0,0,0,0,,
4951,0.0,0,0,0,,
4952,0.0,0,0,0,,
4954,0.0,0,0,0,,
4956,5482.0,27,27,0,5482.285714285715,
4958,0.0,0,0,0,,
4960,5682.0,22,22,0,5681.818181818182,
4961,4380.0,18,18,0,4379.898343990819,
4962,0.0,0,0,0,,
4963,17679.0,7,0,7,,17678.571428571428
4964,12589.0,13,0,13,,12589.285714285714
4966,11043.0,128,0,128,,11043.478260869566
4967,0.0,0,0,0,,
4968,5672.0,79,79,0,5671.641791044776,
4969,27195.0,169,0,169,,27194.69387755102
4970,0.0,0,0,0,,
4972,0.0,0,0,0,,
4973,0.0,0,0,0,,
4974,0.0,0,0,0,,
4975,0.0,0,0,0,,
4976,4777.0,21,21,0,4776.859504132231,
4978,0.0,0,0,0,,
4979,0.0,0,0,0,,
4980,0.0,0,0,0,,
4981,0.0,0,0,0,,
4982,0.0,1,0,1,,14473.684210526315
4983,5725.0,10,10,0,5725.095556617296,
4984,0.0,0,0,0,,
4986,5090.0,67,67,0,5090.09009009009,
4988,0.0,0,0,0,,
4989,4335.0,16,16,0,4335.231736056559,
4990,0.0,0,0,0,,
4991,0.0,0,0,0,,
4992,0.0,0,0,0,,
4993,0.0,0,0,0,,
4994,0.0,0,0,0,,
4995,0.0,0,0,0,,
4996,5339.0,9,9,0,5338.582677165355,
4997,0.0,0,0,0,,
4998,0.0,0,0,0,,
4999,9753.0,23,23,0,9752.68817204301,
5001,4073.0,25,25,0,4072.58064516129,
5002,15326.0,27,0,27,,15326.08695652174
5003,0.0,0,0,0,,
5004,5448.0,33,33,0,5447.761194029851,
5005,0.0,0,0,0,,
5006,5263.0,13,13,0,5263.1578947368425,
5010,0.0,0,0,0,,
5011,6667.0,19,19,0,6666.666666666667,
5013,8450.0,53,53,0,8450.0,
5014,0.0,0,0,0,,
5015,6487.0,42,42,0,6486.559139784946,
5016,0.0,0,0,0,,
5017,15195.0,4,0,4,,15194.915254237289
5018,0.0,0,0,0,,
5019,0.0,0,0,0,,
5020,0.0,0,0,0,,
5021,5423.0,17,17,0,5422.5352112676055,
5022,0.0,0,0,0,,
5024,0.0,0,0,0,,
5025,0.0,0,0,0,,
5026,0.0,0,0,0,,
5027,0.0,0,0,0,,
5028,16957.0,5,0,5,,16956.521739130436
5029,5352.0,10,10,0,5352.100840336134,
5031,13610.0,52,0,52,,13610.168385328285
5034,0.0,0,0,0,,
5035,5500.0,19,19,0,5500.0,
5037,4638.0,32,32,0,4638.352638352639,
5038,6439.0,43,43,0,6439.024390243902,
5039,0.0,0,0,0,,
5040,5140.0,18,18,0,5139.865824015556,
5041,5000.0,13,13,0,5000.0,
5042,0.0,0,0,0,,
5046,0.0,0,0,0,,
5047,5140.0,39,39,0,5139.784946236559,
5048,0.0,1,0,1,,15934.065934065935
5051,0.0,0,0,0,,
5052,0.0,0,0,0,,
5054,0.0,0,0,0,,
5055,0.0,0,0,0,,
5056,0.0,0,0,0,,
5058,0.0,0,0,0,,
5059,8034.0,88,88,0,8033.552795031055,
5060,0.0,0,0,0,,
5061,0.0,0,0,0,,
5062,0.0,0,0,0,,
5063,0.0,0,0,0,,
5064,0.0,0,0,0,,
5065,0.0,0,0,0,,
5066,0.0,0,0,0,,
5067,0.0,0,0,0,,
5068,0.0,0,0,0,,
5069,0.0,0,0,0,,
5070,7766.0,36,9,27,5312.5,8584.070796460177
5071,0.0,0,0,0,,
5074,12560.0,30,0,30,,12560.386473429951
5075,0.0,0,0,0,,
5076,0.0,0,0,0,,
5077,0.0,0,0,0,,
5078,0.0,0,0,0,,
5081,5192.0,16,16,0,5191.786533249948,
5082,4853.0,46,46,0,4852.571842550109,
5083,0.0,0,0,0,,
5084,0.0,0,0,0,,
5085,10485.0,10,2,8,6866.071428571428,11389.877874702617
5086,0.0,0,0,0,,
5088,18895.0,8,0,8,,18895.3488372093
5089,0.0,0,0,0,,
5090,17143.0,9,0,9,,17142.85714285714
5092,0.0,0,0,0,,
5093,0.0,0,0,0,,
5094,0.0,0,0,0,,
5096,0.0,0,0,0,,
5097,0.0,0,0,0,,
5098,5695.0,12,12,0,5694.8380566801625,
5099,0.0,0,0,0,,
5100,0.0,0,0,0,,
5101,0.0,0,0,0,,
5102,0.0,0,0,0,,
5103,5149.0,13,13,0,5149.253731343284,
5104,9747.0,10,6,4,6598.285714285716,14470.950365525201
5105,0.0,0,0,0,,
5107,4547.0,34,34,0,4547.008547008547,
5109,0.0,0,0,0,,
5110,0.0,0,0,0,,
5112,5508.0,6,6,0,5508.474576271186,
5114,4728.0,15,15,0,4728.260869565217,
5115,5599.0,16,16,0,5598.9668874172185,
5117,0.0,0,0,0,,
5118,0.0,0,0,0,,
5119,0.0,0,0,0,,
5121,0.0,0,0,0,,
5122,0.0,0,0,0,,
5123,0.0,0,0,0,,
5124,16030.0,37,0,37,,16030.30303030303
5125,6983.0,10,10,0,6983.471074380165,
5126,0.0,0,0,0,,
5128,0.0,0,0,0,,
5129,0.0,0,0,0,,
5130,0.0,0,0,0,,
5131,24000.0,5,0,5,,24000.0
5132,5205.0,35,35,0,5205.479452054795,
5133,24224.0,9,0,9,,24223.60248447205
5134,0.0,0,0,0,,
5135,19505.0,26,0,26,,19505.05402579296
5136,0.0,0,0,0,,
5137,5445.0,16,16,0,5444.945454545455,
5138,0.0,0,0,0,,
5139,4259.0,11,11,0,4259.259259259259,
5141,0.0,0,0,0,,
5143,0.0,0,0,0,,
5144,0.0,0,0,0,,
5145,0.0,0,0,0,,
5146,0.0,0,0,0,,
5147,5647.0,15,15,0,5647.058823529412,
5148,0.0,0,0,0,,
5149,0.0,0,0,0,,
5150,6446.0,100,100,0,6446.236559139785,
5151,0.0,0,0,0,,
5152,4602.0,14,14,0,4602.477477477478,
5153,0.0,0,0,0,,
5154,0.0,0,0,0,,
5155,6986.0,7,7,0,6986.301369863014,
5156,0.0,0,0,0,,
5157,0.0,0,0,0,,
5158,0.0,0,0,0,,
5159,5882.0,25,25,0,5882.35294117647,
5160,0.0,0,0,0,,
5161,0.0,0,0,0,,
5162,33615.0,6,0,6,,33615.49005069624
5163,0.0,0,0,0,,
5164,0.0,0,0,0,,
5165,0.0,0,0,0,,
5166,0.0,0,0,0,,
5167,5552.0,24,24,0,5552.402821059537,
5168,14255.0,76,0,76,,14255.416666666668
5170,0.0,0,0,0,,
5171,0.0,0,0,0,,
5172,0.0,0,0,0,,
5173,0.0,0,0,0,,
5174,0.0,0,0,0,,
5175,0.0,0,0,0,,
5176,27161.0,30,0,30,,27160.953800298063
5177,23191.0,53,0,53,,23191.489361702126
5178,0.0,0,0,0,,
5179,0.0,0,0,0,,
5182,5303.0,17,17,0,5303.030303030303,
5183,22887.0,21,0,21,,22887.323943661973
5184,0.0,0,0,0,,
5185,0.0,0,0,0,,
5186,4925.0,32,32,0,4925.373134328358,
5187,0.0,0,0,0,,
5188,0.0,0,0,0,,
5189,5699.0,35,35,0,5698.924731182796,
5190,6944.0,151,151,0,6943.820224719101,
5191,0.0,0,0,0,,
5192,0.0,0,0,0,,
5193,5000.0,33,33,0,5000.0,
5194,0.0,0,0,0,,
5195,0.0,0,0,0,,
5196,0.0,0,0,0,,
5197,7379.0,3,0,3,,7378.854625550661
5198,0.0,0,0,0,,
5199,0.0,0,0,0,,
5200,0.0,0,0,0,,
5201,0.0,0,0,0,,
5202,0.0,0,0,0,,
5203,0.0,2,0,2,,18663.27287343546
5204,0.0,0,0,0,,
5205,0.0,0,0,0,,
5206,0.0,0,0,0,,
5208,0.0,0,0,0,,
5209,0.0,0,0,0,,
5210,0.0,0,0,0,,
5211,0.0,0,0,0,,
5213,0.0,0,0,0,,
5215,0.0,0,0,0,,
5216,5659.0,15,15,0,5659.340659340659,
5217,0.0,0,0,0,,
5218,0.0,0,0,0,,
5221,6251.0,86,86,0,6250.632511068944,
5223,0.0,0,0,0,,
5224,14717.0,17,0,17,,14716.981132075472
5225,0.0,0,0,0,,
5226,5299.0,13,13,0,5298.507462686567,
5228,0.0,0,0,0,,
5230,0.0,0,0,0,,
5232,0.0,0,0,0,,
5233,0.0,0,0,0,,
5234,5434.0,20,20,0,5434.065934065934,
5236,0.0,0,0,0,,
5238,0.0,0,0,0,,
5240,0.0,0,0,0,,
5242,0.0,0,0,0,,
5243,0.0,0,0,0,,
5244,5080.0,4,4,0,5079.656862745098,
5245,0.0,0,0,0,,
5246,0.0,0,0,0,,
5248,0.0,0,0,0,,
5249,0.0,0,0,0,,
5250,0.0,0,0,0,,
5251,0.0,0,0,0,,
5252,0.0,0,0,0,,
5253,0.0,0,0,0,,
5254,0.0,0,0,0,,
5255,0.0,0,0,0,,
5256,0.0,0,0,0,,
5257,0.0,0,0,0,,
5258,0.0,0,0,0,,
5260,0.0,0,0,0,,
5261,13228.0,44,0,44,,13228.287841191068
5262,0.0,0,0,0,,
5263,0.0,0,0,0,,
5264,8200.0,21,21,0,8200.0,
5266,0.0,0,0,0,,
5267,4198.0,5,5,0,4198.473282442748,
5268,0.0,0,0,0,,
5269,0.0,0,0,0,,
5270,0.0,0,0,0,,
5271,21947.0,6,0,6,,21946.811499204043
5272,0.0,0,0,0,,
5273,0.0,0,0,0,,
5274,0.0,0,0,0,,
5275,0.0,0,0,0,,
5277,4700.0,41,41,0,4700.0,
5278,0.0,0,0,0,,
5280,0.0,0,0,0,,
5281,0.0,0,0,0,,
5282,6935.0,57,57,0,6935.4838709677415,
5283,0.0,0,0,0,,
5284,0.0,0,0,0,,
5285,16595.0,3,0,3,,16594.780036968576
5286,0.0,0,0,0,,
5287,4823.0,47,47,0,4822.695035460993,
5288,0.0,0,0,0,,
5290,0.0,0,0,0,,
5291,0.0,0,0,0,,
5292,0.0,0,0,0,,
5293,0.0,0,0,0,,
5294,5372.0,15,15,0,5371.900826446281,
5295,8439.0,28,13,15,4843.75,11555.555555555555
5296,4747.0,14,14,0,4747.468801506946,
5297,0.0,0,0,0,,
5298,0.0,0,0,0,,
5299,0.0,0,0,0,,
5301,6948.0,42,42,0,6947.76119402985,
5302,15351.0,67,0,67,,15350.877192982456
5303,6917.0,13,13,0,6916.666666666667,
5304,0.0,0,0,0,,
5306,0.0,0,0,0,,
5307,0.0,0,0,0,,
5308,0.0,0,0,0,,
5309,0.0,0,0,0,,
5310,0.0,0,0,0,,
5311,0.0,0,0,0,,
5312,0.0,0,0,0,,
5314,0.0,0,0,0,,
5315,0.0,0,0,0,,
5316,0.0,0,0,0,,
5317,0.0,0,0,0,,
5318,0.0,0,0,0,,
5319,0.0,0,0,0,,
5321,0.0,0,0,0,,
5322,0.0,0,0,0,,
5323,0.0,0,0,0,,
5324,0.0,0,0,0,,
5325,0.0,0,0,0,,
5326,5890.0,16,16,0,5890.410958904109,
5327,0.0,0,0,0,,
5328,13212.0,85,0,85,,13212.121212121212
5329,0.0,0,0,0,,
5330,5000.0,40,40,0,5000.0,
5331,0.0,2,0,2,,15700.913242009134
5332,0.0,0,0,0,,
5334,0.0,0,0,0,,
5335,0.0,0,0,0,,
5336,0.0,0,0,0,,
5337,0.0,0,0,0,,
5338,0.0,0,0,0,,
5339,0.0,0,0,0,,
5341,0.0,0,0,0,,
5343,5623.0,11,11,0,5623.188405797101,
5344,0.0,0,0,0,,
5345,0.0,0,0,0,,
5346,0.0,0,0,0,,
5347,0.0,0,0,0,,
5349,7639.0,14,14,0,7639.303482587065,
5350,5464.0,6,6,0,5463.709677419356,
5351,0.0,0,0,0,,
5352,0.0,0,0,0,,
5353,0.0,0,0,0,,
5354,0.0,0,0,0,,
5355,5365.0,37,37,0,5365.384615384615,
5356,0.0,0,0,0,,
5358,0.0,0,0,0,,
5359,0.0,0,0,0,,
5360,0.0,0,0,0,,
5361,0.0,0,0,0,,
5362,0.0,0,0,0,,
5363,0.0,0,0,0,,
5364,0.0,0,0,0,,
5365,0.0,0,0,0,,
5366,0.0,0,0,0,,
5367,0.0,0,0,0,,
5369,0.0,0,0,0,,
5371,5404.0,18,18,0,5403.679653679654,
5372,0.0,0,0,0,,
5374,5045.0,23,23,0,5044.642857142857,
5375,0.0,0,0,0,,
5376,0.0,0,0,0,,
5378,0.0,0,0,0,,
5379,0.0,0,0,0,,
5380,0.0,0,0,0,,
5381,0.0,0,0,0,,
5382,0.0,0,0,0,,
5383,0.0,0,0,0,,
5384,0.0,0,0,0,,
5385,0.0,0,0,0,,
5386,0.0,0,0,0,,
5387,4759.0,9,9,0,4758.620689655172,
5388,7151.0,26,26,0,7150.537634408602,
5389,0.0,0,0,0,,
5390,0.0,0,0,0,,
5391,5270.0,27,27,0,5270.27027027027,
5392,13352.0,90,0,90,,13352.420120215122
5394,6359.0,11,11,0,6359.375,
5395,0.0,0,0,0,,
5398,0.0,0,0,0,,
5399,0.0,0,0,0,,
5400,0.0,0,0,0,,
5402,0.0,0,0,0,,
5404,0.0,0,0,0,,
5405,0.0,0,0,0,,
5407,14118.0,13,0,13,,14117.64705882353
5408,6992.0,22,22,0,6992.0,
5411,6390.0,38,38,0,6390.018773466833,
5412,0.0,0,0,0,,
5413,0.0,0,0,0,,
5416,0.0,0,0,0,,
5417,0.0,0,0,0,,
5418,0.0,0,0,0,,
5419,0.0,0,0,0,,
5420,24133.0,107,0,107,,24133.333333333332
5421,0.0,0,0,0,,
5422,0.0,0,0,0,,
5423,0.0,0,0,0,,
5424,0.0,0,0,0,,
5425,0.0,0,0,0,,
5427,0.0,0,0,0,,
5428,15082.0,81,0,81,,15081.632653061224
5429,0.0,0,0,0,,
5430,25621.0,5,0,5,,25620.811982656684
5431,0.0,0,0,0,,
5432,9103.0,18,0,18,,9103.008310097863
5433,0.0,0,0,0,,
5435,0.0,0,0,0,,
5436,0.0,0,0,0,,
5437,0.0,0,0,0,,
5438,6550.0,11,11,0,6549.532710280374,
5439,5299.0,22,22,0,5298.507462686567,
5442,5898.0,31,31,0,5898.3050847457625,
5443,11585.0,49,0,49,,11585.365853658537
5444,0.0,0,0,0,,
5445,0.0,0,0,0,,
5446,0.0,0,0,0,,
5447,17748.0,511,7,504,5306.666666666667,17921.2962962963
5448,0.0,0,0,0,,
5449,0.0,0,0,0,,
5450,0.0,0,0,0,,
5451,0.0,0,0,0,,
5452,5221.0,22,22,0,5220.635950681375,
5453,0.0,0,0,0,,
5454,0.0,0,0,0,,
5455,5576.0,24,24,0,5576.498512396694,
5456,11098.0,122,32,90,5881.211180124224,12953.061224489797
5457,0.0,0,0,0,,
5460,5155.0,25,25,0,5154.819672131148,
5461,0.0,0,0,0,,
5462,0.0,0,0,0,,
5463,15360.0,20,0,20,,15360.130306851617
5464,0.0,0,0,0,,
5465,13971.0,72,0,72,,13970.505385252693
5469,0.0,0,0,0,,
5470,0.0,0,0,0,,
5471,0.0,0,0,0,,
5472,17547.0,17,0,17,,17547.414634146342
5473,0.0,0,0,0,,
5474,0.0,0,0,0,,
5475,0.0,0,0,0,,
5476,0.0,0,0,0,,
5477,0.0,0,0,0,,
5478,0.0,0,0,0,,
5479,18695.0,12,0,12,,18694.9357504797
5480,8808.0,10,10,0,8807.534391534391,
5481,19926.0,3,0,3,,19925.989183034442
5482,0.0,0,0,0,,
5483,0.0,0,0,0,,
5484,0.0,0,0,0,,
5485,0.0,0,0,0,,
5487,0.0,0,0,0,,
5488,5672.0,21,21,0,5671.641791044776,
5489,0.0,1,1,0,5606.060606060606,
5490,0.0,0,0,0,,
5491,18316.0,105,0,105,,18316.417910447763
5492,0.0,0,0,0,,
5493,0.0,0,0,0,,
5494,0.0,0,0,0,,
5496,0.0,0,0,0,,
5497,0.0,0,0,0,,
5498,0.0,0,0,0,,
5499,0.0,0,0,0,,
5501,0.0,0,0,0,,
5503,0.0,0,0,0,,
5504,0.0,0,0,0,,
5506,0.0,0,0,0,,
5507,0.0,0,0,0,,
5508,22252.0,8,0,8,,22252.418447694035
5509,0.0,0,0,0,,
5510,0.0,1,0,1,,13405.797101449276
5513,0.0,0,0,0,,
5514,0.0,0,0,0,,
5515,0.0,0,0,0,,
5516,5337.0,19,19,0,5336.538461538462,
5519,5033.0,19,19,0,5032.608695652174,
5520,5631.0,33,33,0,5631.0679611650485,
5522,0.0,0,0,0,,
5523,0.0,0,0,0,,
5524,16970.0,10,0,10,,16970.149253731342
5525,5242.0,38,38,0,5241.841151011815,
5526,0.0,0,0,0,,
5527,5753.0,34,34,0,5753.260869565218,
5528,0.0,0,0,0,,
5529,0.0,0,0,0,,
5530,5031.0,4,4,0,5031.496062992126,
5531,5229.0,36,36,0,5228.670634920635,
5532,0.0,0,0,0,,
5533,0.0,0,0,0,,
5534,0.0,2,1,1,6606.837606837607,15957.446808510638
5535,0.0,0,0,0,,
5537,0.0,0,0,0,,
5538,0.0,0,0,0,,
5539,15910.0,16,5,11,6911.764705882353,20000.0
5540,7013.0,42,42,0,7012.897469175859,
5541,0.0,0,0,0,,
5542,0.0,0,0,0,,
5543,5578.0,39,39,0,5577.777777777777,
5544,0.0,0,0,0,,
5545,9677.0,134,134,0,9677.41935483871,
5546,0.0,0,0,0,,
5547,0.0,0,0,0,,
5548,14147.0,106,0,106,,14146.515613099771
5549,0.0,0,0,0,,
5550,5556.0,13,13,0,5555.555555555556,
5551,0.0,2,2,0,5295.725725094578,
5552,0.0,0,0,0,,
5553,5046.0,11,11,0,5046.153846153846,
5554,0.0,0,0,0,,
5558,13014.0,8,0,8,,13014.376470588235
5559,0.0,0,0,0,,
5560,0.0,0,0,0,,
5561,8209.0,11,11,0,8208.955223880597,
5562,10266.0,9,9,0,10265.95744680851,
5563,10397.0,26,26,0,10396.677534544326,
5564,0.0,0,0,0,,
5565,0.0,0,0,0,,
5566,4327.0,6,6,0,4327.323162274619,
5568,0.0,0,0,0,,
5569,0.0,0,0,0,,
5570,6230.0,12,12,0,6229.72972972973,
5571,4945.0,11,11,0,4945.054945054945,
5572,4565.0,20,20,0,4564.973861090366,
5573,0.0,0,0,0,,
5574,19535.0,54,0,54,,19534.883720930233
5576,0.0,0,0,0,,
5577,0.0,0,0,0,,
5578,0.0,0,0,0,,
5579,0.0,2,2,0,5107.94911610129,
5580,0.0,0,0,0,,
5581,7532.0,16,16,0,7531.655913978495,
5582,0.0,0,0,0,,
5583,0.0,0,0,0,,
5584,10230.0,42,0,42,,10229.871977240398
5585,16257.0,22,0,22,,16256.944444444445
5586,0.0,0,0,0,,
5587,0.0,0,0,0,,
5588,11733.0,18,0,18,,11732.533521524347
5589,0.0,0,0,0,,
5590,0.0,0,0,0,,
5591,0.0,0,0,0,,
5592,0.0,0,0,0,,
5593,13758.0,82,0,82,,13758.333333333332
5594,4663.0,15,15,0,4663.461538461538,
5595,0.0,0,0,0,,
5596,0.0,0,0,0,,
5597,0.0,0,0,0,,
5598,0.0,0,0,0,,
5599,0.0,0,0,0,,
5600,0.0,0,0,0,,
5601,0.0,0,0,0,,
5603,0.0,0,0,0,,
5605,0.0,0,0,0,,
5606,0.0,0,0,0,,
5609,7634.0,71,71,0,7634.408602150537,
5610,0.0,0,0,0,,
5611,6394.0,98,98,0,6394.181585677749,
5612,23461.0,5,0,5,,23460.96096096096
5613,0.0,0,0,0,,
5614,0.0,0,0,0,,
5615,0.0,0,0,0,,
5616,0.0,0,0,0,,
5617,5286.0,21,21,0,5285.714285714285,
5618,22927.0,4,0,4,,22927.49959878029
5619,0.0,0,0,0,,
5621,0.0,0,0,0,,
5622,5462.0,24,24,0,5461.95652173913,
5624,19728.0,73,0,73,,19728.270984552393
5625,13999.0,4,0,4,,13998.667428136303
5627,0.0,0,0,0,,
5628,5606.0,35,35,0,5606.060606060606,
5629,0.0,0,0,0,,
5630,0.0,0,0,0,,
5631,16752.0,48,0,48,,16751.937984496122
5632,0.0,0,0,0,,
5633,11000.0,53,53,0,11000.0,
5634,0.0,0,0,0,,
5635,0.0,0,0,0,,
5637,0.0,0,0,0,,
5638,0.0,0,0,0,,
5640,0.0,0,0,0,,
5642,0.0,0,0,0,,
5644,0.0,0,0,0,,
5645,4853.0,20,20,0,4853.030303030303,
5646,0.0,0,0,0,,
5647,14622.0,12,0,12,,14621.992481203008
5648,0.0,0,0,0,,
5650,0.0,0,0,0,,
5651,0.0,0,0,0,,
5653,0.0,0,0,0,,
5654,0.0,0,0,0,,
5655,0.0,0,0,0,,
5656,5362.0,24,24,0,5362.31884057971,
5660,0.0,0,0,0,,
5661,0.0,0,0,0,,
5663,0.0,0,0,0,,
5664,0.0,0,0,0,,
5665,14969.0,34,0,34,,14969.393703847649
5666,0.0,0,0,0,,
5668,0.0,0,0,0,,
5669,0.0,0,0,0,,
5671,5448.0,21,21,0,5447.761194029851,
5672,0.0,0,0,0,,
5673,0.0,0,0,0,,
5674,0.0,0,0,0,,
5675,0.0,0,0,0,,
5677,4800.0,51,51,0,4800.0,
5678,0.0,0,0,0,,
5679,0.0,0,0,0,,
5680,0.0,0,0,0,,
5681,0.0,0,0,0,,
5682,5610.0,29,29,0,5609.756097560976,
5683,0.0,0,0,0,,
5684,0.0,0,0,0,,
5685,5145.0,17,17,0,5144.927536231884,
5686,0.0,0,0,0,,
5687,0.0,0,0,0,,
5688,0.0,0,0,0,,
5689,16388.0,5,0,5,,16387.755102040817
5690,0.0,0,0,0,,
5691,0.0,0,0,0,,
5692,0.0,0,0,0,,
5693,6181.0,6,6,0,6181.318681318682,
5694,0.0,0,0,0,,
5695,5238.0,11,11,0,5238.095238095239,
5696,0.0,0,0,0,,
5697,5837.0,25,25,0,5837.037037037037,
5698,0.0,0,0,0,,
5699,0.0,0,0,0,,
5700,5455.0,53,53,0,5454.545454545455,
5701,0.0,0,0,0,,
5702,0.0,0,0,0,,
5703,0.0,0,0,0,,
5704,10684.0,7,0,7,,10683.760683760684
5705,0.0,0,0,0,,
5706,6368.0,19,19,0,6367.924528301887,
5707,0.0,0,0,0,,
5708,10000.0,11,11,0,10000.0,
5709,5604.0,6,6,0,5604.395604395604,
5710,0.0,0,0,0,,
5711,0.0,0,0,0,,
5712,0.0,0,0,0,,
5713,0.0,0,0,0,,
5714,4965.0,16,16,0,4965.495049504951,
5715,0.0,0,0,0,,
5716,0.0,0,0,0,,
5717,0.0,0,0,0,,
5719,0.0,0,0,0,,
5721,6728.0,32,32,0,6727.850340136054,
5722,0.0,0,0,0,,
5724,0.0,0,0,0,,
5725,0.0,0,0,0,,
5726,0.0,0,0,0,,
5727,10522.0,9,0,9,,10521.739130434782
5728,0.0,0,0,0,,
5729,0.0,0,0,0,,
5730,15182.0,19,0,19,,15181.818181818182
5731,0.0,0,0,0,,
5732,0.0,0,0,0,,
5733,23839.0,22,0,22,,23838.5593220339
5734,0.0,2,2,0,5597.014925373134,
5735,5000.0,6,6,0,5000.0,
5736,0.0,0,0,0,,
5737,23872.0,14,0,14,,23872.230467110392
5738,0.0,0,0,0,,
5739,15964.0,8,0,8,,15963.60624402676
5740,0.0,0,0,0,,
5741,0.0,0,0,0,,
5743,5000.0,57,57,0,5000.0,
5744,0.0,0,0,0,,
5745,0.0,0,0,0,,
5746,0.0,0,0,0,,
5748,16146.0,27,0,27,,16145.833333333334
5749,5276.0,36,36,0,5276.363636363636,
5751,5328.0,29,29,0,5328.467153284671,
5753,0.0,0,0,0,,
5754,0.0,0,0,0,,
5755,0.0,0,0,0,,
5757,0.0,0,0,0,,
5758,0.0,0,0,0,,
5760,0.0,0,0,0,,
5761,13636.0,141,0,141,,13636.363636363636
5762,5945.0,27,27,0,5945.205479452055,
5764,0.0,0,0,0,,
5765,0.0,0,0,0,,
5766,0.0,0,0,0,,
5767,5191.0,48,48,0,5190.909090909091,
5768,5091.0,27,27,0,5090.909090909091,
5769,0.0,0,0,0,,
5771,0.0,0,0,0,,
5773,0.0,0,0,0,,
5774,15000.0,49,0,49,,15000.0
5775,0.0,0,0,0,,
5776,0.0,0,0,0,,
5777,5224.0,8,8,0,5223.880597014925,
5778,4488.0,17,17,0,4488.188976377953,
5779,0.0,0,0,0,,
5781,30574.0,110,0,110,,30574.3879472693
5782,0.0,0,0,0,,
5783,0.0,0,0,0,,
5784,23945.0,14,0,14,,23944.85737418384
5785,0.0,0,0,0,,
5786,0.0,0,0,0,,
5787,0.0,0,0,0,,
5788,0.0,0,0,0,,
5789,0.0,0,0,0,,
5790,0.0,0,0,0,,
5791,6753.0,22,22,0,6752.758703481393,
5792,0.0,0,0,0,,
5793,0.0,0,0,0,,
5794,0.0,0,0,0,,
5795,0.0,0,0,0,,
5797,19237.0,3,0,3,,19237.14285714286
5798,7019.0,10,10,0,7018.635563953867,
5799,0.0,0,0,0,,
5800,0.0,0,0,0,,
5801,0.0,0,0,0,,
5802,0.0,0,0,0,,
5803,0.0,0,0,0,,
5804,17243.0,14,0,14,,17242.692786069652
5805,0.0,0,0,0,,
5806,5843.0,28,28,0,5842.528373266078,
5807,0.0,0,0,0,,
5808,0.0,0,0,0,,
5809,0.0,0,0,0,,
5811,5591.0,35,35,0,5591.397849462365,
5813,23705.0,14,0,14,,23704.85036119711
5815,12244.0,52,0,52,,12244.090388420285
5816,4580.0,8,8,0,4580.434782608696,
5821,0.0,0,0,0,,
5822,0.0,0,0,0,,
5823,0.0,0,0,0,,
5824,17746.0,8,0,8,,17746.418839719292
5825,5762.0,23,23,0,5761.9047619047615,
5826,0.0,0,0,0,,
5827,22107.0,36,0,36,,22107.438016528926
5828,0.0,0,0,0,,
5829,6944.0,35,35,0,6944.0,
5830,10352.0,44,44,0,10352.229601518025,
5831,0.0,0,0,0,,
5832,25700.0,7,0,7,,25700.0
5834,0.0,0,0,0,,
5835,0.0,0,0,0,,
5836,6424.0,14,14,0,6423.880807795509,
5838,0.0,0,0,0,,
5840,0.0,0,0,0,,
5841,5959.0,18,18,0,5958.617941712204,
5842,16814.0,9,0,9,,16814.159292035398
5843,5920.0,10,10,0,5920.138888888889,
5844,0.0,0,0,0,,
5845,0.0,0,0,0,,
5846,4928.0,10,10,0,4927.710843373494,
5847,15217.0,31,0,31,,15217.391304347826
5848,0.0,0,0,0,,
5849,0.0,0,0,0,,
5851,0.0,0,0,0,,
5852,0.0,0,0,0,,
5853,0.0,0,0,0,,
5854,0.0,0,0,0,,
5855,0.0,0,0,0,,
5857,0.0,0,0,0,,
5858,8049.0,44,44,0,8049.232736572891,
5859,0.0,0,0,0,,
5860,0.0,0,0,0,,
5861,6200.0,45,45,0,6200.0,
5862,0.0,0,0,0,,
5863,0.0,0,0,0,,
5864,0.0,0,0,0,,
5865,0.0,0,0,0,,
5866,0.0,0,0,0,,
5867,4615.0,27,27,0,4615.384615384615,
5868,0.0,0,0,0,,
5869,0.0,0,0,0,,
5870,5281.0,33,33,0,5281.25,
5871,0.0,0,0,0,,
5873,0.0,0,0,0,,
5874,0.0,0,0,0,,
5875,0.0,0,0,0,,
5877,0.0,0,0,0,,
5878,0.0,0,0,0,,
5879,5327.0,43,43,0,5327.232876712329,
5880,0.0,0,0,0,,
5882,0.0,0,0,0,,
5883,4852.0,37,37,0,4852.459016393443,
5885,0.0,0,0,0,,
5886,0.0,0,0,0,,
5887,22315.0,14,0,14,,22315.07153024155
5891,0.0,0,0,0,,
5892,0.0,0,0,0,,
5894,0.0,0,0,0,,
5898,0.0,0,0,0,,
5899,0.0,0,0,0,,
5900,5448.0,17,17,0,5447.761194029851,
5901,0.0,0,0,0,,
5904,0.0,0,0,0,,
5905,0.0,0,0,0,,
5906,0.0,0,0,0,,
5907,0.0,0,0,0,,
5908,0.0,0,0,0,,
5911,4359.0,15,15,0,4358.974358974359,
5912,0.0,0,0,0,,
5913,5753.0,53,53,0,5752.688172043011,
5916,0.0,0,0,0,,
5917,0.0,0,0,0,,
5918,0.0,0,0,0,,
5919,0.0,0,0,0,,
5920,5340.0,23,23,0,5339.805825242718,
5921,7535.0,43,33,10,5270.588235294118,15006.742875516753
5922,6269.0,9,9,0,6268.656716417911,
5923,0.0,0,0,0,,
5926,0.0,0,0,0,,
5927,0.0,0,0,0,,
5928,5252.0,28,28,0,5251.993457370681,
5929,19046.0,74,0,74,,19045.503791982665
5930,0.0,0,0,0,,
5931,0.0,0,0,0,,
5932,0.0,0,0,0,,
5933,4286.0,8,8,0,4285.714285714286,
5934,30492.0,10,0,10,,30492.42424242424
5935,5181.0,4,4,0,5181.318681318681,
5937,5152.0,19,19,0,5151.515151515152,
5938,6422.0,6,6,0,6422.330097087379,
5939,0.0,0,0,0,,
5943,0.0,0,0,0,,
5944,0.0,0,0,0,,
5945,0.0,0,0,0,,
5946,0.0,0,0,0,,
5947,0.0,0,0,0,,
5948,0.0,0,0,0,,
5949,24039.0,13,0,13,,24039.408866995072
5950,0.0,0,0,0,,
5951,6080.0,70,70,0,6079.739671760045,
5952,0.0,0,0,0,,
5953,0.0,0,0,0,,
5954,0.0,0,0,0,,
5955,0.0,0,0,0,,
5956,0.0,0,0,0,,
5957,0.0,0,0,0,,
5959,0.0,0,0,0,,
5960,0.0,0,0,0,,
5961,0.0,0,0,0,,
5963,0.0,0,0,0,,
5964,7186.0,68,68,0,7186.2213340945855,
5965,0.0,0,0,0,,
5966,0.0,0,0,0,,
5967,4791.0,20,20,0,4790.521978021978,
5968,0.0,0,0,0,,
5969,0.0,0,0,0,,
5970,4766.0,15,15,0,4766.355140186916,
5971,0.0,0,0,0,,
5972,5782.0,18,18,0,5782.312925170068,
5973,9140.0,11,11,0,9139.78494623656,
5974,16754.0,9,0,9,,16754.270696452037
5975,0.0,0,0,0,,
5976,0.0,0,0,0,,
5977,0.0,0,0,0,,
5978,5577.0,3,3,0,5576.923076923077,
5979,15315.0,6,0,6,,15314.559269853055
5980,27086.0,60,0,60,,27085.687382297554
5981,0.0,0,0,0,,
5982,12766.0,31,0,31,,12765.95744680851
5983,0.0,0,0,0,,
5985,0.0,0,0,0,,
5986,0.0,0,0,0,,
5987,0.0,0,0,0,,
5989,23239.0,231,0,231,,23239.436619718308
5992,0.0,0,0,0,,
5995,16394.0,28,0,28,,16394.13563590574
5997,0.0,0,0,0,,
5998,5453.0,16,16,0,5452.808988764045,
5999,0.0,0,0,0,,
6000,0.0,0,0,0,,
6001,0.0,1,0,1,,25509.21435499515
6002,5625.0,32,32,0,5625.0,
6003,0.0,0,0,0,,
6005,0.0,0,0,0,,
6006,6807.0,31,31,0,6806.569343065694,
6007,6655.0,22,22,0,6655.194805194806,
6009,5484.0,29,29,0,5483.870967741936,
6010,0.0,0,0,0,,
6011,0.0,0,0,0,,
6012,5249.0,40,40,0,5249.302935870101,
6013,0.0,0,0,0,,
6014,5652.0,51,51,0,5652.173913043478,
6015,12139.0,19,0,19,,12139.196115457244
6016,0.0,0,0,0,,
6018,0.0,0,0,0,,
6019,0.0,0,0,0,,
6020,0.0,0,0,0,,
6021,8667.0,21,21,0,8666.666666666666,
6022,0.0,0,0,0,,
6025,24797.0,66,0,66,,24796.553173602355
6026,0.0,0,0,0,,
6027,27846.0,722,0,722,,27846.17206477733
6028,0.0,0,0,0,,
6029,0.0,0,0,0,,
6031,0.0,0,0,0,,
6032,0.0,0,0,0,,
6033,0.0,0,0,0,,
6034,5956.0,17,17,0,5955.882352941177,
6035,0.0,0,0,0,,
6036,0.0,0,0,0,,
6037,0.0,0,0,0,,
6038,4631.0,6,6,0,4630.576923076923,
6039,0.0,0,0,0,,
6040,4294.0,26,26,0,4294.308731808732,
6041,0.0,0,0,0,,
6042,0.0,0,0,0,,
6044,0.0,0,0,0,,
6045,5116.0,16,16,0,5115.552,
6046,0.0,0,0,0,,
6047,0.0,0,0,0,,
6048,5431.0,26,26,0,5431.114551083592,
6049,0.0,0,0,0,,
6051,5187.0,14,14,0,5186.619718309859,
6052,5908.0,22,22,0,5907.534246575343,
6053,0.0,0,0,0,,
6054,0.0,0,0,0,,
6055,7183.0,9,9,0,7183.12037037037,
6056,0.0,0,0,0,,
6057,0.0,0,0,0,,
6058,0.0,0,0,0,,
6059,5190.0,13,13,0,5190.082644628099,
6060,0.0,0,0,0,,
6061,4715.0,27,27,0,4714.588235294118,
6062,0.0,0,0,0,,
6064,5653.0,10,10,0,5653.333333333334,
6065,15152.0,41,0,41,,15151.515151515152
6066,0.0,0,0,0,,
6067,5346.0,32,32,0,5346.153846153846,
6069,0.0,0,0,0,,
6070,6887.0,7,7,0,6886.792452830188,
6071,0.0,0,0,0,,
6072,0.0,0,0,0,,
6073,0.0,0,0,0,,
6074,6077.0,15,15,0,6076.923076923077,
6075,0.0,0,0,0,,
6077,5693.0,45,45,0,5693.069306930693,
6078,4262.0,19,19,0,4262.295081967213,
6080,0.0,0,0,0,,
6081,0.0,0,0,0,,
6082,0.0,0,0,0,,
6083,16784.0,17,0,17,,16784.313725490196
6084,0.0,0,0,0,,
6085,0.0,0,0,0,,
6086,0.0,0,0,0,,
6087,6334.0,36,36,0,6333.806451612903,
6088,0.0,0,0,0,,
6089,0.0,0,0,0,,
6091,8133.0,161,161,0,8132.6567164179105,
6092,0.0,0,0,0,,
6094,0.0,0,0,0,,
6095,5191.0,21,21,0,5190.839694656489,
6096,5488.0,29,29,0,5487.804878048781,
6097,5180.0,46,46,0,5180.194805194806,
6098,9866.0,34,14,20,5823.704700567145,12695.458523777108
6099,0.0,0,0,0,,
6100,0.0,0,0,0,,
6101,0.0,0,0,0,,
6102,0.0,0,0,0,,
6103,5615.0,12,12,0,5615.384615384615,
6104,0.0,0,0,0,,
6105,0.0,0,0,0,,
6106,4976.0,20,20,0,4975.775318578135,
6107,0.0,0,0,0,,
6108,15390.0,20,0,20,,15389.676113360325
6109,6750.0,23,23,0,6750.0,
6110,0.0,0,0,0,,
6112,4806.0,5,5,0,4806.201550387597,
6113,7128.0,23,23,0,7127.659574468085,
6114,0.0,0,0,0,,
6116,0.0,0,0,0,,
6117,0.0,0,0,0,,
6118,5623.0,16,16,0,5623.076923076924,
6119,0.0,0,0,0,,
6120,0.0,0,0,0,,
6121,4906.0,31,31,0,4905.66037735849,
6122,0.0,0,0,0,,
6123,0.0,0,0,0,,
6124,5692.0,13,13,0,5692.307692307692,
6125,5766.0,23,23,0,5765.625,
6126,6905.0,9,9,0,6904.761904761905,
6127,6298.0,42,42,0,6297.872340425532,
6129,0.0,0,0,0,,
6130,9610.0,15,0,15,,9610.027855153203
6131,0.0,0,0,0,,
6132,0.0,0,0,0,,
6133,0.0,0,0,0,,
6134,16421.0,17,0,17,,16421.052631578947
6135,5469.0,13,13,0,5468.75,
6136,0.0,0,0,0,,
6137,0.0,0,0,0,,
6139,0.0,0,0,0,,
6140,5228.0,18,18,0,5227.941176470588,
6142,0.0,0,0,0,,
6143,0.0,0,0,0,,
6144,0.0,0,0,0,,
6145,0.0,0,0,0,,
6146,0.0,0,0,0,,
6147,0.0,0,0,0,,
6148,0.0,0,0,0,,
6149,21844.0,29,0,29,,21843.75
6150,6923.0,11,11,0,6923.076923076923,
6151,0.0,0,0,0,,
6152,10429.0,25,25,0,10428.57142857143,
6153,0.0,0,0,0,,
6154,0.0,0,0,0,,
6156,0.0,0,0,0,,
6158,0.0,0,0,0,,
6159,0.0,0,0,0,,
6160,0.0,0,0,0,,
6161,0.0,0,0,0,,
6164,5158.0,10,10,0,5157.629255989912,
6165,0.0,0,0,0,,
6166,0.0,0,0,0,,
6167,0.0,0,0,0,,
6168,0.0,0,0,0,,
6169,0.0,0,0,0,,
6170,0.0,0,0,0,,
6171,0.0,0,0,0,,
6172,0.0,0,0,0,,
6173,0.0,0,0,0,,
6174,0.0,0,0,0,,
6176,0.0,0,0,0,,
6177,0.0,0,0,0,,
6178,6439.0,20,20,0,6438.798993167926,
6179,0.0,0,0,0,,
6180,0.0,0,0,0,,
6181,0.0,1,0,1,,32474.48433373778
6182,5000.0,17,17,0,5000.0,
6183,0.0,0,0,0,,
6185,0.0,0,0,0,,
6186,0.0,0,0,0,,
6187,6683.0,29,29,0,6682.692307692308,
6188,14711.0,19,0,19,,14710.743801652892
6189,0.0,0,0,0,,
6190,0.0,0,0,0,,
6192,0.0,0,0,0,,
6193,0.0,0,0,0,,
6194,4527.0,12,12,0,4526.972079154242,
6195,5932.0,7,7,0,5931.615384615385,
6196,0.0,0,0,0,,
6197,0.0,0,0,0,,
6198,0.0,0,0,0,,
6200,5090.0,16,16,0,5089.552238805971,
6201,0.0,0,0,0,,
6202,0.0,0,0,0,,
6203,5520.0,32,32,0,5519.980019980019,
6204,0.0,0,0,0,,
6205,6243.0,56,56,0,6243.279569892473,
6206,0.0,0,0,0,,
6207,0.0,0,0,0,,
6208,5040.0,15,15,0,5040.322580645161,
6209,26548.0,4,0,4,,26548.261390887288
6211,0.0,0,0,0,,
6214,0.0,0,0,0,,
6215,0.0,0,0,0,,
6217,0.0,0,0,0,,
6218,5265.0,21,21,0,5264.705882352941,
6219,5756.0,15,15,0,5756.302521008403,
6220,5538.0,30,30,0,5538.461538461538,
6221,0.0,0,0,0,,
6222,5410.0,12,12,0,5410.44776119403,
6223,0.0,0,0,0,,
6224,0.0,0,0,0,,
6225,0.0,0,0,0,,
6226,0.0,0,0,0,,
6227,0.0,0,0,0,,
6228,0.0,0,0,0,,
6230,0.0,0,0,0,,
6231,0.0,0,0,0,,
6233,0.0,0,0,0,,
6234,8028.0,20,20,0,8027.660606060606,
6235,0.0,0,0,0,,
6236,5444.0,27,27,0,5444.444444444444,
6237,5813.0,14,14,0,5812.694767918649,
6238,0.0,0,0,0,,
6239,0.0,0,0,0,,
6241,4644.0,36,36,0,4644.347826086956,
6242,0.0,0,0,0,,
6243,0.0,0,0,0,,
6245,0.0,0,0,0,,
6246,0.0,0,0,0,,
6247,0.0,0,0,0,,
6248,0.0,0,0,0,,
6250,0.0,0,0,0,,
6253,0.0,0,0,0,,
6254,0.0,0,0,0,,
6255,4798.0,8,8,0,4797.840479192939,
6256,0.0,0,0,0,,
6257,5200.0,15,15,0,5200.0,
6258,0.0,0,0,0,,
6259,5500.0,41,41,0,5500.0,
6260,6446.0,42,42,0,6446.153846153847,
6261,0.0,0,0,0,,
6262,26766.0,3,0,3,,26766.423357664236
6263,0.0,0,0,0,,
6264,0.0,0,0,0,,
6266,6807.0,4,4,0,6807.314307314307,
6267,0.0,0,0,0,,
6268,0.0,0,0,0,,
6269,0.0,0,0,0,,
6270,0.0,0,0,0,,
6272,0.0,0,0,0,,
6273,0.0,0,0,0,,
6274,0.0,0,0,0,,
6275,0.0,0,0,0,,
6277,4978.0,21,21,0,4978.4946236559135,
6281,5151.0,8,8,0,5150.6024096385545,
6282,0.0,0,0,0,,
6284,5792.0,55,55,0,5791.666666666667,
6285,0.0,0,0,0,,
6286,0.0,0,0,0,,
6287,0.0,0,0,0,,
6288,0.0,0,0,0,,
6291,0.0,0,0,0,,
6292,5261.0,44,44,0,5261.089333608417,
6294,0.0,0,0,0,,
6295,0.0,0,0,0,,
6296,4773.0,6,6,0,4772.727272727272,
6297,0.0,0,0,0,,
6298,0.0,0,0,0,,
6299,25126.0,5,0,5,,25125.628140703517
6300,0.0,0,0,0,,
6301,7673.0,8,8,0,7672.968253968254,
6302,6344.0,21,21,0,6344.086021505376,
6303,6593.0,24,24,0,6593.0136420008275,
6304,0.0,0,0,0,,
6306,0.0,0,0,0,,
6307,0.0,0,0,0,,
6308,4414.0,15,15,0,4414.0625,
6309,8939.0,6,0,6,,8939.362831858407
6310,0.0,0,0,0,,
6312,0.0,0,0,0,,
6313,0.0,0,0,0,,
6314,5423.0,3,3,0,5422.818791946309,
6315,8594.0,6,0,6,,8593.67503497316
6316,0.0,0,0,0,,
6319,0.0,0,0,0,,
6320,0.0,0,0,0,,
6321,0.0,0,0,0,,
6322,0.0,0,0,0,,
6323,0.0,0,0,0,,
6324,10806.0,15,7,8,5384.615384615385,15548.780487804877
6325,8148.0,79,79,0,8148.148148148148,
6327,0.0,0,0,0,,
6328,0.0,0,0,0,,
6331,0.0,0,0,0,,
6332,0.0,0,0,0,,
6333,0.0,0,0,0,,
6334,0.0,0,0,0,,
6335,0.0,0,0,0,,
6336,0.0,0,0,0,,
6337,5224.0,18,18,0,5224.410235905638,
6339,0.0,0,0,0,,
6340,0.0,0,0,0,,
6342,4651.0,6,6,0,4650.943396226416,
6343,0.0,0,0,0,,
6345,18065.0,5,0,5,,18064.516129032258
6346,0.0,0,0,0,,
6347,6471.0,30,30,0,6470.588235294118,
6349,0.0,0,0,0,,
6350,0.0,0,0,0,,
6351,0.0,0,0,0,,
6352,0.0,0,0,0,,
6354,0.0,0,0,0,,
6355,0.0,0,0,0,,
6356,11958.0,100,23,77,5069.565217391304,14015.748031496063
6357,6344.0,83,83,0,6344.086021505376,
6359,15041.0,8,0,8,,15041.068917018285
6360,0.0,0,0,0,,
6361,0.0,0,0,0,,
6363,5167.0,6,6,0,5166.666666666666,
6364,0.0,0,0,0,,
6365,9412.0,38,27,11,5851.351351351352,18150.537634408603
6367,0.0,0,0,0,,
6368,0.0,0,0,0,,
6370,5404.0,59,59,0,5404.255319148936,
6371,5580.0,62,62,0,5579.79407979408,
6372,0.0,0,0,0,,
6373,0.0,0,0,0,,
6375,0.0,0,0,0,,
6376,5224.0,42,42,0,5224.330357142857,
6378,0.0,0,0,0,,
6379,5224.0,27,27,0,5223.880597014925,
6380,12958.0,15,0,15,,12957.74647887324
6381,0.0,0,0,0,,
6383,0.0,0,0,0,,
6384,0.0,0,0,0,,
6385,6152.0,21,21,0,6152.173913043478,
6386,4802.0,67,67,0,4801.801801801802,
6387,0.0,0,0,0,,
6388,9611.0,42,0,42,,9611.111111111111
6389,0.0,0,0,0,,
6390,0.0,0,0,0,,
6392,0.0,0,0,0,,
6393,0.0,0,0,0,,
6394,29437.0,84,0,84,,29437.065148640104
6395,18800.0,15,0,15,,18800.0
6396,18252.0,125,11,114,5073.529411764706,19523.809523809523
6399,5125.0,40,40,0,5125.0,
6400,9833.0,58,0,58,,9833.333333333334
6401,0.0,0,0,0,,
6402,0.0,0,0,0,,
6403,0.0,0,0,0,,
6406,13537.0,70,0,70,,13537.321278385198
6407,0.0,0,0,0,,
6408,0.0,0,0,0,,
6410,5400.0,24,24,0,5400.025601638505,
6411,0.0,0,0,0,,
6412,10093.0,47,47,0,10093.457943925234,
6413,0.0,0,0,0,,
6414,0.0,0,0,0,,
6415,0.0,0,0,0,,
6416,10211.0,15,15,0,10210.526315789471,
6417,45205.0,20,0,20,,45205.22388059701
6418,5500.0,21,21,0,5500.0,
6419,0.0,0,0,0,,
6421,0.0,0,0,0,,
6424,0.0,0,0,0,,
6425,0.0,0,0,0,,
6426,12225.0,22,0,22,,12225.14887769125
6427,0.0,0,0,0,,
6428,0.0,0,0,0,,
6429,16913.0,9,0,9,,16912.815626488802
6430,0.0,0,0,0,,
6431,5992.0,8,8,0,5991.98717948718,
6432,0.0,0,0,0,,
6433,0.0,0,0,0,,
6434,0.0,0,0,0,,
6435,0.0,0,0,0,,
6436,5479.0,12,12,0,5479.387096774193,
6437,0.0,0,0,0,,
6438,10737.0,85,0,85,,10736.842105263158
6439,6648.0,14,14,0,6647.887323943662,
6440,0.0,0,0,0,,
6442,0.0,0,0,0,,
6443,0.0,0,0,0,,
6444,0.0,0,0,0,,
6445,4500.0,5,5,0,4500.0,
6446,5660.0,5,5,0,5660.377358490566,
6447,0.0,0,0,0,,
6448,5368.0,13,13,0,5367.64705882353,
6449,0.0,0,0,0,,
6450,0.0,0,0,0,,
6451,0.0,0,0,0,,
6452,0.0,0,0,0,,
6453,0.0,0,0,0,,
6454,0.0,0,0,0,,
6457,5231.0,27,27,0,5230.769230769231,
6458,0.0,0,0,0,,
6459,0.0,0,0,0,,
6460,0.0,0,0,0,,
6461,0.0,0,0,0,,
6462,0.0,0,0,0,,
6463,11584.0,63,11,52,4620.967741935484,13056.643356643355
6464,0.0,0,0,0,,
6465,5699.0,4,4,0,5698.529411764706,
6466,0.0,0,0,0,,
6467,0.0,0,0,0,,
6468,0.0,0,0,0,,
6469,0.0,2,2,0,7470.238095238095,
6470,23289.0,6,0,6,,23289.328644026435
6472,6550.0,13,13,0,6550.0,
6473,0.0,0,0,0,,
6474,0.0,0,0,0,,
6475,5726.0,38,38,0,5725.873949579832,
6476,0.0,0,0,0,,
6478,4972.0,10,10,0,4972.378452693413,
6479,5116.0,16,16,0,5115.6629620056865,
6480,4794.0,21,21,0,4793.893129770992,
6481,0.0,0,0,0,,
6482,17741.0,25,0,25,,17741.176470588234
6484,5233.0,20,20,0,5232.83075157774,
6485,0.0,0,0,0,,
6486,0.0,0,0,0,,
6488,16154.0,17,0,17,,16153.846153846154
6489,0.0,0,0,0,,
6491,5228.0,14,14,0,5228.099173553719,
6492,0.0,0,0,0,,
6494,0.0,0,0,0,,
6495,8986.0,55,55,0,8986.1,
6496,0.0,0,0,0,,
6497,0.0,0,0,0,,
6498,5822.0,21,21,0,5821.917808219178,
6499,4720.0,21,21,0,4720.0,
6500,0.0,0,0,0,,
6502,0.0,0,0,0,,
6503,0.0,0,0,0,,
6504,20149.0,11,0,11,,20149.253731343284
6505,7059.0,81,81,0,7058.823529411765,
6506,6445.0,10,10,0,6445.054945054944,
6508,0.0,2,0,2,,28436.84190984789
6509,6524.0,5,5,0,6524.390243902439,
6510,4353.0,20,20,0,4352.854725215997,
6511,0.0,0,0,0,,
6512,0.0,0,0,0,,
6515,0.0,2,0,2,,4691.763191763192
6516,0.0,0,0,0,,
6517,14588.0,29,0,29,,14588.235294117647
6518,0.0,0,0,0,,
6520,0.0,0,0,0,,
6521,5584.0,34,34,0,5583.972510308635,
6522,0.0,0,0,0,,
6523,16850.0,6,0,6,,16850.0
6524,0.0,0,0,0,,
6525,0.0,0,0,0,,
6526,5281.0,24,24,0,5280.96479791395,
6527,4488.0,29,29,0,4488.188976377953,
6528,0.0,0,0,0,,
6529,0.0,0,0,0,,
6530,0.0,0,0,0,,
6531,19970.0,22,0,22,,19970.460199004978
6532,0.0,0,0,0,,
6534,7113.0,7,7,0,7113.04347826087,
6535,4745.0,5,5,0,4745.454545454545,
6536,4968.0,46,46,0,4967.506432748538,
6538,0.0,0,0,0,,
6539,15371.0,116,0,116,,15370.87009167964
6540,0.0,0,0,0,,
6541,6005.0,28,28,0,6005.479452054795,
6542,5668.0,12,12,0,5667.954954954956,
6543,0.0,0,0,0,,
6544,0.0,0,0,0,,
6546,5247.0,16,16,0,5247.474747474747,
6547,0.0,0,0,0,,
6548,5824.0,5,5,0,5824.175824175824,
6549,22299.0,142,0,142,,22299.154334038052
6550,8914.0,21,18,3,7177.155555555555,19337.748344370862
6551,0.0,0,0,0,,
6552,0.0,0,0,0,,
6553,17158.0,11,0,11,,17157.894736842107
6554,0.0,0,0,0,,
6555,12536.0,78,0,78,,12535.7324609233
6556,0.0,0,0,0,,
6557,0.0,0,0,0,,
6558,0.0,0,0,0,,
6561,0.0,0,0,0,,
6562,6912.0,47,47,0,6911.764705882353,
6563,0.0,0,0,0,,
6564,0.0,0,0,0,,
6565,0.0,0,0,0,,
6566,5545.0,9,9,0,5545.454545454545,
6567,0.0,0,0,0,,
6570,0.0,0,0,0,,
6571,0.0,0,0,0,,
6572,0.0,0,0,0,,
6573,0.0,0,0,0,,
6574,0.0,0,0,0,,
6575,0.0,0,0,0,,
6576,0.0,0,0,0,,
6577,0.0,0,0,0,,
6578,15979.0,10,0,10,,15978.72340425532
6579,5382.0,51,51,0,5382.4,
6580,0.0,0,0,0,,
6581,6151.0,6,6,0,6150.526519090774,
6582,15610.0,18,0,18,,15609.756097560976
6583,0.0,0,0,0,,
6585,4958.0,25,25,0,4958.333333333333,
6586,0.0,0,0,0,,
6587,0.0,0,0,0,,
6589,6016.0,25,25,0,6015.625,
6591,0.0,0,0,0,,
6592,0.0,0,0,0,,
6593,0.0,0,0,0,,
6594,0.0,0,0,0,,
6596,5200.0,28,28,0,5200.0,
6597,0.0,0,0,0,,
6598,0.0,0,0,0,,
6601,0.0,0,0,0,,
6603,0.0,0,0,0,,
6604,0.0,0,0,0,,
6605,5198.0,9,9,0,5197.802197802198,
6606,23440.0,34,0,34,,23440.31168831169
6607,0.0,0,0,0,,
6608,0.0,0,0,0,,
6609,0.0,0,0,0,,
6611,0.0,0,0,0,,
6612,10105.0,5,0,5,,10105.263157894737
6613,0.0,0,0,0,,
6614,0.0,0,0,0,,
6615,0.0,0,0,0,,
6616,0.0,2,0,2,,16077.63221737021
6617,0.0,0,0,0,,
6619,15528.0,20,0,20,,15528.225627359538
6621,0.0,0,0,0,,
6623,0.0,0,0,0,,
6624,0.0,0,0,0,,
6625,0.0,0,0,0,,
6627,5464.0,48,48,0,5464.285714285714,
6628,27015.0,29,0,29,,27014.925373134327
6629,0.0,0,0,0,,
6630,0.0,0,0,0,,
6632,0.0,0,0,0,,
6633,0.0,0,0,0,,
6635,0.0,0,0,0,,
6637,0.0,0,0,0,,
6638,0.0,0,0,0,,
6640,0.0,0,0,0,,
6643,0.0,0,0,0,,
6645,5078.0,28,28,0,5077.8388278388275,
6647,4715.0,22,22,0,4714.5432692307695,
6648,0.0,0,0,0,,
6649,6172.0,45,45,0,6171.875,
6650,5637.0,8,8,0,5636.538461538461,
6652,0.0,0,0,0,,
6653,0.0,0,0,0,,
6654,0.0,0,0,0,,
6656,0.0,0,0,0,,
6657,0.0,0,0,0,,
6658,0.0,0,0,0,,
6659,0.0,0,0,0,,
6660,5574.0,10,10,0,5573.791044776119,
6661,0.0,0,0,0,,
6662,0.0,0,0,0,,
6663,0.0,0,0,0,,
6664,0.0,0,0,0,,
6665,20135.0,16,0,16,,20134.914285714287
6666,21419.0,35,0,35,,21418.91891891892
6667,0.0,0,0,0,,
6668,0.0,0,0,0,,
6669,7070.0,34,34,0,7070.3125,
6670,15169.0,21,0,21,,15169.49152542373
6672,0.0,0,0,0,,
6673,0.0,0,0,0,,
6674,0.0,0,0,0,,
6675,0.0,0,0,0,,
6676,0.0,0,0,0,,
6678,0.0,0,0,0,,
6680,0.0,0,0,0,,
6682,5309.0,53,53,0,5309.278350515464,
6684,8909.0,15,15,0,8909.09090909091,
6685,5588.0,64,64,0,5588.276836158192,
6686,0.0,0,0,0,,
6687,15102.0,119,0,119,,15102.040816326531
6688,0.0,0,0,0,,
6690,15715.0,4,0,4,,15714.774750102697
6693,0.0,0,0,0,,
6694,0.0,0,0,0,,
6695,15753.0,6,0,6,,15752.888318070136
6696,6199.0,24,24,0,6199.495670377772,
6697,0.0,0,0,0,,
6699,0.0,0,0,0,,
6700,5626.0,37,37,0,5626.254545454545,
6701,0.0,0,0,0,,
6702,0.0,0,0,0,,
6703,0.0,0,0,0,,
6704,0.0,0,0,0,,
6706,5243.0,55,55,0,5243.055555555556,
6707,0.0,0,0,0,,
6708,0.0,0,0,0,,
6709,0.0,0,0,0,,
6711,5548.0,22,22,0,5547.509578544061,
6712,0.0,0,0,0,,
6713,0.0,0,0,0,,
6714,0.0,0,0,0,,
6715,5091.0,17,17,0,5090.909090909091,
6716,0.0,0,0,0,,
6717,12245.0,3,0,3,,12244.897959183674
6718,5175.0,42,42,0,5174.79674796748,
6719,0.0,0,0,0,,
6720,0.0,2,0,2,,10441.873915558126
6721,0.0,2,0,2,,20508.820998278832
6722,0.0,0,0,0,,
6724,0.0,0,0,0,,
6725,23975.0,14,0,14,,23974.789915966387
6726,0.0,0,0,0,,
6727,4123.0,13,13,0,4122.80701754386,
6728,0.0,0,0,0,,
6730,0.0,0,0,0,,
6731,0.0,0,0,0,,
6732,5385.0,42,42,0,5384.615384615385,
6734,0.0,0,0,0,,
6735,0.0,0,0,0,,
6736,0.0,0,0,0,,
6737,17826.0,4,0,4,,17825.63803875887
6738,0.0,0,0,0,,
6739,6533.0,21,21,0,6533.333333333333,
6740,0.0,0,0,0,,
6741,6989.0,55,55,0,6989.247311827957,
6742,0.0,0,0,0,,
6743,20613.0,31,0,31,,20612.70781893004
6744,0.0,0,0,0,,
6746,0.0,0,0,0,,
6747,0.0,0,0,0,,
6749,4867.0,17,17,0,4866.666666666667,
6750,0.0,2,0,2,,8761.23595505618
6752,0.0,0,0,0,,
6754,0.0,0,0,0,,
6755,0.0,0,0,0,,
6756,0.0,0,0,0,,
6757,0.0,0,0,0,,
6758,0.0,0,0,0,,
6759,6253.0,34,34,0,6252.659574468085,
6760,0.0,0,0,0,,
6761,5248.0,24,24,0,5247.809863724854,
6762,25583.0,9,0,9,,25582.82208588957
6763,0.0,0,0,0,,
6765,5360.0,48,48,0,5359.595959595959,
6766,12754.0,7,0,7,,12753.999135322092
6767,0.0,0,0,0,,
6768,5980.0,102,102,0,5980.201863354037,
6770,0.0,0,0,0,,
6771,0.0,0,0,0,,
6772,0.0,0,0,0,,
6773,15000.0,13,0,13,,15000.0
6774,0.0,0,0,0,,
6775,0.0,0,0,0,,
6777,0.0,0,0,0,,
6779,0.0,0,0,0,,
6781,0.0,2,0,2,,20351.662404092072
6782,0.0,0,0,0,,
6783,0.0,0,0,0,,
6784,4653.0,21,21,0,4652.777777777777,
6785,5522.0,30,30,0,5522.388059701492,
6786,0.0,0,0,0,,
6787,17520.0,42,0,42,,17520.496121061202
6788,9798.0,114,114,0,9797.979797979797,
6789,0.0,0,0,0,,
6790,0.0,0,0,0,,
6791,4884.0,18,18,0,4883.996212121212,
6792,0.0,0,0,0,,
6795,0.0,0,0,0,,
6796,5269.0,33,33,0,5269.2307692307695,
6797,16837.0,11,0,11,,16836.73469387755
6798,0.0,0,0,0,,
6799,5237.0,46,46,0,5236.621769202767,
6800,7812.0,43,43,0,7812.5,
6801,0.0,0,0,0,,
6803,6041.0,9,9,0,6040.816326530612,
6804,5208.0,26,26,0,5208.333333333334,
6805,0.0,0,0,0,,
6807,0.0,0,0,0,,
6808,5507.0,12,12,0,5506.946088878364,
6809,0.0,0,0,0,,
6810,0.0,0,0,0,,
6811,0.0,0,0,0,,
6812,0.0,0,0,0,,
6815,0.0,0,0,0,,
6816,0.0,0,0,0,,
6817,0.0,0,0,0,,
6818,0.0,0,0,0,,
6819,0.0,0,0,0,,
6820,21633.0,5,0,5,,21632.65306122449
6821,4570.0,23,23,0,4570.247933884298,
6822,5288.0,37,37,0,5288.461538461538,
6823,0.0,0,0,0,,
6824,6276.0,20,20,0,6276.161862990811,
6825,0.0,0,0,0,,
6826,8248.0,11,11,0,8248.35294117647,
6827,0.0,0,0,0,,
6829,0.0,0,0,0,,
6830,8926.0,12,10,2,7963.2723833543505,13737.84261715296
6831,0.0,0,0,0,,
6832,0.0,0,0,0,,
6833,0.0,0,0,0,,
6834,0.0,0,0,0,,
6836,0.0,0,0,0,,
6837,0.0,0,0,0,,
6838,0.0,0,0,0,,
6839,0.0,0,0,0,,
6840,0.0,0,0,0,,
6841,5205.0,36,36,0,5205.479452054795,
6842,0.0,0,0,0,,
6843,18050.0,138,0,138,,18050.445632798575
6844,0.0,0,0,0,,
6846,0.0,0,0,0,,
6847,0.0,0,0,0,,
6848,0.0,0,0,0,,
6849,5703.0,38,38,0,5703.488372093023,
6850,5036.0,19,19,0,5036.144578313253,
6851,0.0,0,0,0,,
6852,0.0,0,0,0,,
6853,6104.0,22,22,0,6103.843562660577,
6854,0.0,0,0,0,,
6855,0.0,0,0,0,,
6856,0.0,0,0,0,,
6857,8679.0,23,23,0,8678.506666666666,
6858,0.0,0,0,0,,
6859,20436.0,6,0,6,,20435.57168784029
6861,0.0,0,0,0,,
6862,0.0,0,0,0,,
6863,0.0,0,0,0,,
6864,16923.0,57,0,57,,16923.076923076922
6865,0.0,0,0,0,,
6866,5219.0,23,23,0,5218.75,
6868,4423.0,33,33,0,4423.076923076923,
6869,0.0,0,0,0,,
6870,0.0,0,0,0,,
6871,0.0,0,0,0,,
6872,5164.0,48,48,0,5163.978494623656,
6873,0.0,0,0,0,,
6874,7000.0,34,34,0,7000.0,
6875,0.0,0,0,0,,
6878,0.0,0,0,0,,
6879,0.0,0,0,0,,
6880,0.0,0,0,0,,
6881,0.0,0,0,0,,
6882,0.0,0,0,0,,
6885,0.0,0,0,0,,
6888,0.0,0,0,0,,
6889,0.0,0,0,0,,
6890,0.0,0,0,0,,
6891,0.0,0,0,0,,
6892,0.0,0,0,0,,
6893,16562.0,67,0,67,,16562.5
6894,0.0,0,0,0,,
6895,13996.0,18,0,18,,13995.923913043478
6898,0.0,0,0,0,,
6899,0.0,0,0,0,,
6900,0.0,0,0,0,,
6902,5317.0,38,38,0,5316.748566748567,
6903,5583.0,9,9,0,5583.333333333333,
6904,0.0,0,0,0,,
6905,7239.0,44,44,0,7239.130434782608,
6906,19506.0,7,0,7,,19506.15873015873
6907,5684.0,36,36,0,5683.628205128205,
6908,6630.0,13,13,0,6630.13698630137,
6909,0.0,0,0,0,,
6910,5082.0,6,6,0,5081.818181818182,
6911,0.0,0,0,0,,
6912,0.0,0,0,0,,
6913,0.0,0,0,0,,
6914,0.0,0,0,0,,
6915,0.0,0,0,0,,
6916,0.0,0,0,0,,
6918,0.0,0,0,0,,
6919,0.0,0,0,0,,
6920,0.0,0,0,0,,
6921,0.0,0,0,0,,
6922,5205.0,21,21,0,5205.479452054795,
6923,0.0,0,0,0,,
6924,0.0,0,0,0,,
6925,0.0,0,0,0,,
6926,0.0,0,0,0,,
6927,14813.0,30,6,24,6803.571428571428,16814.829629629632
6928,0.0,0,0,0,,
6929,0.0,0,0,0,,
6930,0.0,0,0,0,,
6931,0.0,0,0,0,,
6932,0.0,0,0,0,,
6933,6324.0,22,22,0,6323.529411764706,
6936,0.0,0,0,0,,
6937,0.0,0,0,0,,
6939,0.0,0,0,0,,
6940,0.0,0,0,0,,
6941,0.0,0,0,0,,
6942,0.0,0,0,0,,
6943,0.0,0,0,0,,
6944,0.0,0,0,0,,
6945,0.0,0,0,0,,
6946,0.0,0,0,0,,
6947,10000.0,37,37,0,10000.0,
6948,0.0,0,0,0,,
6949,0.0,0,0,0,,
6950,0.0,0,0,0,,
6952,4891.0,16,16,0,4890.594198817234,
6953,26007.0,21,0,21,,26006.71140939597
6954,0.0,0,0,0,,
6956,6331.0,19,19,0,6330.645161290323,
6957,0.0,0,0,0,,
6958,0.0,0,0,0,,
6959,6507.0,28,28,0,6506.756756756757,
6960,0.0,0,0,0,,
6961,21187.0,86,0,86,,21186.740284197913
6962,0.0,0,0,0,,
6964,0.0,0,0,0,,
6965,9271.0,11,11,0,9270.833333333334,
6966,0.0,0,0,0,,
6967,5055.0,37,37,0,5054.945054945055,
6968,5395.0,13,13,0,5394.736842105263,
6969,4931.0,13,13,0,4931.0344827586205,
6970,0.0,0,0,0,,
6971,0.0,0,0,0,,
6973,0.0,0,0,0,,
6975,0.0,0,0,0,,
6978,6472.0,26,26,0,6471.798498122653,
6979,0.0,0,0,0,,
6980,19509.0,6,0,6,,19509.154929577464
6981,0.0,0,0,0,,
6982,0.0,0,0,0,,
6984,0.0,0,0,0,,
6986,0.0,0,0,0,,
6987,0.0,0,0,0,,
6988,4698.0,22,22,0,4697.773955773956,
6989,8415.0,7,0,7,,8415.029411764706
6990,0.0,0,0,0,,
6991,0.0,0,0,0,,
6992,0.0,0,0,0,,
6994,4883.0,12,12,0,4882.783882783882,
6995,20968.0,3,0,3,,20967.74193548387
6996,0.0,0,0,0,,
6997,4484.0,3,3,0,4484.210526315789,
7000,4298.0,25,25,0,4297.520661157025,
7001,0.0,0,0,0,,
7002,8281.0,10,10,0,8280.701754385966,
7003,5109.0,48,48,0,5109.375,
7004,0.0,0,0,0,,
7005,0.0,0,0,0,,
7006,0.0,0,0,0,,
7007,0.0,0,0,0,,
7008,0.0,0,0,0,,
7009,0.0,0,0,0,,
7010,0.0,0,0,0,,
7012,0.0,0,0,0,,
7013,0.0,0,0,0,,
7014,0.0,0,0,0,,
7015,5714.0,57,57,0,5714.285714285715,
7016,0.0,0,0,0,,
7017,17878.0,83,10,73,7995.867768595041,19231.57894736842
7018,0.0,0,0,0,,
7019,13739.0,9,0,9,,13738.738738738739
7021,5791.0,51,51,0,5791.044776119403,
7023,0.0,0,0,0,,
7024,0.0,0,0,0,,
7025,0.0,0,0,0,,
7026,0.0,0,0,0,,
7027,0.0,0,0,0,,
7028,0.0,0,0,0,,
7029,0.0,0,0,0,,
7031,0.0,0,0,0,,
7033,17668.0,3,0,3,,17667.8445229682
7034,0.0,0,0,0,,
7035,5378.0,40,40,0,5377.6167471819645,
7036,14900.0,10,0,10,,14900.335877862595
7037,0.0,0,0,0,,
7038,22222.0,9,0,9,,22222.222222222223
7039,5686.0,48,48,0,5686.124401913876,
7042,5625.0,22,22,0,5625.0,
7043,0.0,0,0,0,,
7044,5180.0,33,33,0,5180.18018018018,
7045,0.0,1,0,1,,14474.5122718691
7047,8159.0,18,18,0,8158.750138713745,
7050,6522.0,90,90,0,6521.739130434783,
7051,0.0,0,0,0,,
7052,0.0,0,0,0,,
7053,23325.0,3,0,3,,23324.93702770781
7054,0.0,0,0,0,,
7056,12741.0,43,11,32,5522.388059701492,15222.222222222223
7057,10866.0,74,0,74,,10866.22697368421
7058,0.0,0,0,0,,
7059,0.0,0,0,0,,
7060,0.0,0,0,0,,
7061,0.0,0,0,0,,
7062,7449.0,8,8,0,7449.1120218579235,
7063,0.0,0,0,0,,
7064,0.0,0,0,0,,
7065,5468.0,46,46,0,5467.657342657343,
7066,0.0,0,0,0,,
7067,10588.0,65,65,0,10588.235294117649,
7068,0.0,0,0,0,,
7069,0.0,0,0,0,,
7070,0.0,0,0,0,,
7072,16341.0,171,0,171,,16341.463414634147
7073,5646.0,15,15,0,5646.153846153846,
7074,5221.0,15,15,0,5221.238938053098,
7075,0.0,0,0,0,,
7078,0.0,0,0,0,,
7079,0.0,0,0,0,,
7080,0.0,0,0,0,,
7081,0.0,0,0,0,,
7082,0.0,0,0,0,,
7083,5739.0,55,55,0,5739.130434782609,
7084,0.0,0,0,0,,
7085,14162.0,6,0,6,,14162.18825247106
7086,0.0,0,0,0,,
7087,6371.0,54,54,0,6370.852394916911,
7088,0.0,1,0,1,,28059.99032414127
7089,0.0,0,0,0,,
7090,0.0,0,0,0,,
7092,0.0,0,0,0,,
7094,10000.0,121,121,0,10000.0,
7096,0.0,0,0,0,,
7097,0.0,0,0,0,,
7098,4621.0,10,10,0,4621.093192521765,
7101,0.0,0,0,0,,
7102,0.0,0,0,0,,
7103,0.0,0,0,0,,
7104,0.0,0,0,0,,
7105,0.0,0,0,0,,
7109,0.0,0,0,0,,
7110,0.0,0,0,0,,
7111,0.0,0,0,0,,
7112,0.0,0,0,0,,
7114,0.0,0,0,0,,
7115,0.0,0,0,0,,
7116,0.0,0,0,0,,
7117,12163.0,116,0,116,,12163.461538461539
7118,0.0,0,0,0,,
7119,0.0,0,0,0,,
7120,0.0,0,0,0,,
7122,0.0,0,0,0,,
7123,0.0,0,0,0,,
7124,0.0,0,0,0,,
7126,0.0,0,0,0,,
7127,0.0,0,0,0,,
7128,0.0,0,0,0,,
7129,8387.0,16,16,0,8387.09677419355,
7130,6765.0,127,127,0,6765.217391304348,
7131,0.0,0,0,0,,
7132,0.0,0,0,0,,
7133,6133.0,34,34,0,6132.692307692308,
7134,0.0,0,0,0,,
7135,11757.0,27,0,27,,11757.4
7137,14283.0,11,0,11,,14282.87841191067
7138,5593.0,19,19,0,5593.220338983051,
7139,0.0,0,0,0,,
7140,6920.0,29,29,0,6919.642857142857,
7141,0.0,0,0,0,,
7142,0.0,0,0,0,,
7143,0.0,0,0,0,,
7144,0.0,0,0,0,,
7145,6809.0,35,35,0,6808.510638297872,
7148,23010.0,8,0,8,,23010.414897832117
7149,4812.0,14,14,0,4811.675414952475,
7150,0.0,0,0,0,,
7151,11423.0,54,54,0,11422.981366459628,
7152,11864.0,5,0,5,,11863.877614736184
7153,17082.0,15,2,13,5299.6444599871775,18894.736842105263
7154,18787.0,58,0,58,,18786.764705882353
7156,0.0,0,0,0,,
7157,6556.0,12,12,0,6555.90441304727,
7158,0.0,0,0,0,,
7160,0.0,0,0,0,,
7161,0.0,0,0,0,,
7162,0.0,0,0,0,,
7163,0.0,0,0,0,,
7164,9444.0,21,21,0,9444.436363636363,
7165,0.0,0,0,0,,
7167,0.0,0,0,0,,
7168,9624.0,25,25,0,9623.655913978497,
7169,12313.0,4,0,4,,12312.800569454332
7170,0.0,0,0,0,,
7172,5908.0,8,8,0,5908.333333333334,
7173,10328.0,46,16,30,7627.877237851662,11768.292682926829
7174,0.0,0,0,0,,
7175,0.0,0,0,0,,
7177,6066.0,21,21,0,6065.573770491803,
7178,6312.0,26,26,0,6311.896135265701,
7179,0.0,0,0,0,,
7180,0.0,0,0,0,,
7182,0.0,0,0,0,,
7183,0.0,0,0,0,,
7184,18015.0,6,0,6,,18014.67955603294
7185,4835.0,21,21,0,4835.164835164836,
7186,21974.0,15,0,15,,21974.491803278688
7187,0.0,0,0,0,,
7188,0.0,0,0,0,,
7189,0.0,0,0,0,,
7190,0.0,0,0,0,,
7191,0.0,0,0,0,,
7192,0.0,0,0,0,,
7193,5761.0,29,29,0,5760.869565217391,
7194,5083.0,23,23,0,5082.644628099173,
7195,0.0,0,0,0,,
7197,0.0,0,0,0,,
7198,0.0,0,0,0,,
7200,0.0,0,0,0,,
7201,0.0,0,0,0,,
7202,0.0,0,0,0,,
7203,0.0,0,0,0,,
7204,6616.0,110,110,0,6616.186126177562,
7205,0.0,0,0,0,,
7207,0.0,0,0,0,,
7208,16371.0,13,0,13,,16370.967741935483
7209,0.0,0,0,0,,
7210,0.0,0,0,0,,
7211,0.0,0,0,0,,
7212,5276.0,12,12,0,5275.62735771691,
7213,0.0,0,0,0,,
7214,4932.0,35,35,0,4931.506849315068,
7215,18338.0,20,0,20,,18337.99000931335
7216,0.0,0,0,0,,
7219,0.0,0,0,0,,
7220,22563.0,266,0,266,,22563.035681749163
7221,0.0,0,0,0,,
7222,22112.0,5,0,5,,22111.66390270868
7223,7301.0,27,27,0,7300.613496932516,
7224,0.0,0,0,0,,
7225,4923.0,56,56,0,4923.466418344779,
7226,15789.0,19,0,19,,15789.473684210527
7228,0.0,0,0,0,,
7230,4918.0,45,45,0,4918.0327868852455,
7232,0.0,0,0,0,,
7233,5842.0,8,8,0,5841.884328358209,
7234,0.0,0,0,0,,
7237,21805.0,23,0,23,,21804.51127819549
7238,0.0,0,0,0,,
7239,0.0,0,0,0,,
7240,0.0,0,0,0,,
7241,0.0,0,0,0,,
7243,13759.0,3,0,3,,13758.86524822695
7244,6123.0,21,21,0,6123.076923076923,
7245,0.0,0,0,0,,
7246,0.0,0,0,0,,
7247,0.0,0,0,0,,
7248,0.0,0,0,0,,
7249,0.0,0,0,0,,
7250,0.0,0,0,0,,
7251,0.0,0,0,0,,
7252,5272.0,47,47,0,5271.739130434783,
7253,0.0,0,0,0,,
7254,0.0,0,0,0,,
7256,13725.0,21,0,21,,13725.490196078432
7257,0.0,0,0,0,,
7258,0.0,0,0,0,,
7259,0.0,0,0,0,,
7260,0.0,0,0,0,,
7261,0.0,0,0,0,,
7263,5470.0,14,14,0,5469.69696969697,
7264,0.0,0,0,0,,
7265,0.0,0,0,0,,
7267,0.0,0,0,0,,
7268,0.0,0,0,0,,
7269,15702.0,14,0,14,,15701.754385964912
7270,0.0,0,0,0,,
7271,0.0,0,0,0,,
7273,0.0,0,0,0,,
7274,7008.0,16,16,0,7007.8125,
7275,0.0,0,0,0,,
7276,12556.0,86,10,76,6290.322580645161,13380.89869375907
7277,0.0,0,0,0,,
7278,0.0,0,0,0,,
7279,0.0,0,0,0,,
7281,5836.0,45,45,0,5836.363636363636,
7282,0.0,0,0,0,,
7283,0.0,0,0,0,,
7284,5781.0,11,11,0,5781.25,
7285,0.0,0,0,0,,
7287,16097.0,10,0,10,,16096.958786852803
7288,0.0,0,0,0,,
7289,9500.0,67,67,0,9500.0,
7290,0.0,0,0,0,,
7291,0.0,0,0,0,,
7292,14077.0,13,4,9,6263.736263736264,17550.0
7293,0.0,0,0,0,,
7294,0.0,0,0,0,,
7295,6584.0,9,9,0,6584.0,
7296,4916.0,30,30,0,4915.966386554622,
7297,0.0,0,0,0,,
7298,0.0,0,0,0,,
7299,0.0,0,0,0,,
7300,0.0,0,0,0,,
7301,4731.0,8,8,0,4731.2312312312315,
7302,0.0,0,0,0,,
7303,0.0,0,0,0,,
7304,0.0,0,0,0,,
7305,14280.0,9,0,9,,14279.661016949152
7306,22500.0,12,0,12,,22500.0
7307,0.0,0,0,0,,
7308,0.0,0,0,0,,
7310,0.0,0,0,0,,
7311,5496.0,30,30,0,5496.478873239437,
7312,0.0,0,0,0,,
7315,5159.0,8,8,0,5158.653846153846,
7316,0.0,0,0,0,,
7318,6157.0,17,17,0,6157.303370786517,
7321,9522.0,68,68,0,9522.484094852516,
7322,0.0,0,0,0,,
7323,0.0,0,0,0,,
7325,0.0,0,0,0,,
7326,0.0,0,0,0,,
7327,0.0,0,0,0,,
7328,0.0,0,0,0,,
7331,5941.0,5,5,0,5940.983193277311,
7332,6044.0,5,5,0,6043.956043956044,
7333,0.0,0,0,0,,
7334,5983.0,27,27,0,5983.050847457627,
7335,0.0,0,0,0,,
7337,0.0,0,0,0,,
7338,5760.0,16,16,0,5760.050824265329,
7339,13831.0,70,0,70,,13830.69306930693
7340,0.0,0,0,0,,
7341,6340.0,6,6,0,6340.053181621421,
7342,0.0,0,0,0,,
7343,4920.0,45,45,0,4920.0,
7344,0.0,0,0,0,,
7345,0.0,0,0,0,,
7347,0.0,0,0,0,,
7348,9023.0,70,13,57,4737.864077669903,10000.0
7349,0.0,0,0,0,,
7350,0.0,0,0,0,,
7351,0.0,0,0,0,,
7352,0.0,0,0,0,,
7353,0.0,0,0,0,,
7354,16933.0,17,0,17,,16933.333333333332
7355,0.0,0,0,0,,
7356,0.0,0,0,0,,
7357,0.0,0,0,0,,
7358,5344.0,36,36,0,5344.000697593303,
7359,6645.0,8,6,2,6530.375858017438,6987.1264879532755
7360,0.0,0,0,0,,
7361,0.0,1,0,1,,13120.567375886525
7363,0.0,0,0,0,,
7364,0.0,0,0,0,,
7365,5727.0,59,59,0,5727.272727272727,
7368,0.0,0,0,0,,
7369,0.0,0,0,0,,
7370,0.0,0,0,0,,
7371,23023.0,5,0,5,,23023.13071543841
7373,0.0,0,0,0,,
7375,0.0,0,0,0,,
7376,9266.0,74,17,57,5650.0,10344.827586206897
7377,0.0,0,0,0,,
7379,0.0,0,0,0,,
7381,0.0,0,0,0,,
7382,0.0,0,0,0,,
7383,0.0,0,0,0,,
7384,0.0,0,0,0,,
7385,0.0,0,0,0,,
7387,6147.0,10,10,0,6146.839671120247,
7388,0.0,2,2,0,5099.009900990099,
7389,0.0,0,0,0,,
7390,0.0,0,0,0,,
7391,0.0,0,0,0,,
7392,0.0,0,0,0,,
7393,0.0,0,0,0,,
7396,0.0,0,0,0,,
7397,0.0,0,0,0,,
7398,6223.0,34,34,0,6223.432464738226,
7399,0.0,0,0,0,,
7400,0.0,0,0,0,,
7401,0.0,0,0,0,,
7403,0.0,0,0,0,,
7404,0.0,0,0,0,,
7405,0.0,0,0,0,,
7406,0.0,0,0,0,,
7407,9239.0,91,91,0,9239.130434782608,
7409,0.0,0,0,0,,
7411,0.0,0,0,0,,
7412,15877.0,25,0,25,,15877.358490566037
7413,0.0,0,0,0,,
7414,0.0,0,0,0,,
7415,5223.0,26,26,0,5222.597235615558,
7416,0.0,0,0,0,,
7418,0.0,0,0,0,,
7419,5976.0,33,33,0,5975.609756097561,
7420,0.0,0,0,0,,
7421,0.0,0,0,0,,
7422,0.0,0,0,0,,
7423,0.0,0,0,0,,
7424,0.0,0,0,0,,
7425,0.0,0,0,0,,
7426,4938.0,10,10,0,4937.807125307125,
7427,5738.0,13,13,0,5737.704918032787,
7429,0.0,0,0,0,,
7430,0.0,0,0,0,,
7431,0.0,0,0,0,,
7433,0.0,0,0,0,,
7434,26799.0,22,0,22,,26798.6798679868
7435,0.0,0,0,0,,
7436,0.0,0,0,0,,
7437,0.0,0,0,0,,
7438,0.0,0,0,0,,
7439,0.0,0,0,0,,
7440,4760.0,4,4,0,4760.076252723311,
7442,0.0,0,0,0,,
7443,0.0,0,0,0,,
7446,0.0,0,0,0,,
7447,0.0,0,0,0,,
7448,0.0,0,0,0,,
7450,0.0,0,0,0,,
7451,0.0,0,0,0,,
7452,0.0,0,0,0,,
7453,0.0,0,0,0,,
7454,20103.0,5,0,5,,20103.092783505155
7455,5274.0,33,33,0,5273.972602739726,
7456,5160.0,16,16,0,5160.4691075514875,
7458,0.0,0,0,0,,
7459,0.0,0,0,0,,
7460,0.0,0,0,0,,
7464,0.0,0,0,0,,
7465,0.0,0,0,0,,
7466,7099.0,19,19,0,7099.236641221374,
7467,0.0,0,0,0,,
7468,14778.0,17,0,17,,14777.777777777777
7469,5197.0,25,25,0,5197.183098591549,
7470,14958.0,29,0,29,,14957.98319327731
7471,4959.0,51,51,0,4958.677685950413,
7473,5526.0,16,16,0,5526.078088578089,
7474,0.0,0,0,0,,
7476,0.0,0,0,0,,
7481,0.0,0,0,0,,
7482,0.0,0,0,0,,
7483,0.0,0,0,0,,
7484,23244.0,20,0,20,,23244.456762749447
7485,0.0,0,0,0,,
7486,0.0,0,0,0,,
7487,0.0,0,0,0,,
7488,0.0,0,0,0,,
7489,5110.0,54,54,0,5109.903381642513,
7490,5311.0,36,36,0,5310.908771929824,
7491,0.0,0,0,0,,
7492,0.0,0,0,0,,
7493,0.0,0,0,0,,
7494,5196.0,9,9,0,5195.652173913043,
7495,0.0,0,0,0,,
7497,0.0,0,0,0,,
7499,0.0,0,0,0,,
7500,5545.0,35,35,0,5545.454545454545,
7501,0.0,0,0,0,,
7502,0.0,0,0,0,,
7503,5091.0,7,7,0,5090.909090909091,
7504,0.0,0,0,0,,
7505,0.0,0,0,0,,
7506,0.0,0,0,0,,
7507,0.0,0,0,0,,
7508,0.0,0,0,0,,
7509,5902.0,20,20,0,5901.639344262295,
7510,5597.0,18,18,0,5597.014925373134,
7511,0.0,0,0,0,,
7512,0.0,0,0,0,,
7513,14519.0,23,0,23,,14519.23076923077
7514,0.0,0,0,0,,
7515,4815.0,11,11,0,4814.814814814815,
7516,0.0,0,0,0,,
7517,0.0,0,0,0,,
7518,0.0,0,0,0,,
7519,0.0,0,0,0,,
7520,0.0,0,0,0,,
7521,0.0,0,0,0,,
7522,0.0,0,0,0,,
7523,0.0,0,0,0,,
7524,0.0,0,0,0,,
7525,0.0,0,0,0,,
7526,5522.0,25,25,0,5522.388059701492,
7527,0.0,0,0,0,,
7528,0.0,0,0,0,,
7530,0.0,0,0,0,,
7531,0.0,0,0,0,,
7532,0.0,0,0,0,,
7533,0.0,0,0,0,,
7534,18719.0,6,0,6,,18718.703976435936
7535,0.0,0,0,0,,
7537,0.0,0,0,0,,
7538,0.0,0,0,0,,
7539,5375.0,48,48,0,5375.457875457875,
7540,0.0,0,0,0,,
7542,0.0,0,0,0,,
7543,0.0,0,0,0,,
7544,0.0,0,0,0,,
7546,0.0,0,0,0,,
7547,0.0,0,0,0,,
7548,0.0,0,0,0,,
7549,0.0,0,0,0,,
7550,0.0,0,0,0,,
7551,5041.0,37,37,0,5041.095890410959,
7552,0.0,0,0,0,,
7553,0.0,0,0,0,,
7554,0.0,0,0,0,,
7555,6367.0,18,18,0,6367.441279360321,
7556,8348.0,32,32,0,8347.596268835207,
7557,0.0,0,0,0,,
7558,0.0,0,0,0,,
7559,5033.0,29,29,0,5032.9670329670325,
7560,0.0,0,0,0,,
7562,4889.0,39,39,0,4888.888888888889,
7563,0.0,0,0,0,,
7567,0.0,0,0,0,,
7569,0.0,0,0,0,,
7570,0.0,0,0,0,,
7572,0.0,0,0,0,,
7573,4598.0,26,26,0,4598.2328482328485,
7574,0.0,0,0,0,,
7575,0.0,2,1,1,7136.363636363636,31060.60606060606
7578,0.0,0,0,0,,
7580,0.0,0,0,0,,
7581,0.0,0,0,0,,
7582,0.0,0,0,0,,
7583,0.0,0,0,0,,
7584,24607.0,15,0,15,,24606.628724472717
7585,0.0,0,0,0,,
7586,0.0,0,0,0,,
7587,0.0,0,0,0,,
7589,0.0,0,0,0,,
7590,0.0,0,0,0,,
7591,0.0,0,0,0,,
7592,13333.0,11,0,11,,13333.333333333334
7593,0.0,0,0,0,,
7594,0.0,0,0,0,,
7595,0.0,0,0,0,,
7596,0.0,0,0,0,,
7597,0.0,0,0,0,,
7598,0.0,0,0,0,,
7599,0.0,0,0,0,,
7600,0.0,0,0,0,,
7602,0.0,0,0,0,,
7603,0.0,0,0,0,,
7604,0.0,0,0,0,,
7605,0.0,0,0,0,,
7606,0.0,0,0,0,,
7609,20241.0,97,0,97,,20240.963855421687
7610,0.0,0,0,0,,
7611,0.0,0,0,0,,
7612,4642.0,4,4,0,4641.8892760356175,
7613,8282.0,54,54,0,8281.666666666668,
7614,0.0,0,0,0,,
7615,0.0,0,0,0,,
7616,0.0,0,0,0,,
7617,0.0,0,0,0,,
7618,0.0,0,0,0,,
7619,0.0,0,0,0,,
7620,7313.0,41,41,0,7313.432835820896,
7621,28614.0,6,0,6,,28614.035087719298
7622,0.0,0,0,0,,
7623,0.0,0,0,0,,
7624,0.0,0,0,0,,
7626,0.0,0,0,0,,
7627,0.0,0,0,0,,
7628,0.0,0,0,0,,
7629,0.0,0,0,0,,
7630,7245.0,12,11,1,6492.537313432836,15517.241379310344
7632,4940.0,7,7,0,4940.476190476191,
7633,0.0,0,0,0,,
7634,0.0,0,0,0,,
7635,0.0,0,0,0,,
7636,0.0,0,0,0,,
7637,0.0,0,0,0,,
7639,11134.0,31,0,31,,11134.0206185567
7640,0.0,0,0,0,,
7641,0.0,0,0,0,,
7642,16810.0,37,0,37,,16810.344827586207
7643,0.0,0,0,0,,
7644,0.0,0,0,0,,
7645,0.0,0,0,0,,
7646,0.0,0,0,0,,
7647,0.0,0,0,0,,
7648,0.0,0,0,0,,
7649,5710.0,8,8,0,5710.105112279025,
7650,10300.0,21,21,0,10300.0,
7651,0.0,0,0,0,,
7653,5022.0,31,31,0,5022.222222222223,
7654,6832.0,87,87,0,6832.166666666667,
7655,8919.0,39,4,35,4814.214701803052,9387.755102040815
7656,0.0,0,0,0,,
7657,0.0,0,0,0,,
7658,0.0,0,0,0,,
7659,0.0,0,0,0,,
7660,6962.0,13,13,0,6961.832061068702,
7661,0.0,0,0,0,,
7662,0.0,0,0,0,,
7663,0.0,0,0,0,,
7664,0.0,0,0,0,,
7665,0.0,0,0,0,,
7666,0.0,0,0,0,,
7667,24000.0,5,0,5,,24000.0
7668,0.0,0,0,0,,
7669,0.0,0,0,0,,
7670,0.0,0,0,0,,
7671,5629.0,13,13,0,5629.166666666667,
7672,0.0,0,0,0,,
7673,7397.0,25,25,0,7397.260273972603,
7674,0.0,0,0,0,,
7676,0.0,0,0,0,,
7677,0.0,0,0,0,,
7678,0.0,0,0,0,,
7679,0.0,0,0,0,,
7680,10799.0,64,0,64,,10799.479166666668
7681,18248.0,38,0,38,,18247.86324786325
7682,0.0,0,0,0,,
7683,0.0,0,0,0,,
7684,0.0,0,0,0,,
7685,6467.0,64,64,0,6467.391304347826,
7687,0.0,0,0,0,,
7688,0.0,0,0,0,,
7690,0.0,0,0,0,,
7692,0.0,0,0,0,,
7693,0.0,0,0,0,,
7694,0.0,0,0,0,,
7695,0.0,0,0,0,,
7696,0.0,0,0,0,,
7697,5000.0,15,15,0,5000.0,
7698,5299.0,41,41,0,5298.507462686567,
7699,0.0,0,0,0,,
7700,4793.0,11,11,0,4793.388429752066,
7701,5364.0,35,35,0,5363.636363636364,
7702,0.0,0,0,0,,
7704,0.0,0,0,0,,
7705,9603.0,35,35,0,9603.174603174602,
7706,0.0,0,0,0,,
7707,6047.0,34,34,0,6046.511627906977,
7708,0.0,0,0,0,,
7709,6571.0,62,62,0,6571.3098404255325,
7710,0.0,0,0,0,,
7711,20000.0,25,0,25,,20000.0
7713,0.0,0,0,0,,
7714,0.0,0,0,0,,
7715,0.0,0,0,0,,
7716,0.0,0,0,0,,
7717,0.0,0,0,0,,
7718,5547.0,14,14,0,5547.202797202797,
7719,5332.0,16,16,0,5331.5018315018315,
7720,0.0,0,0,0,,
7721,4993.0,15,15,0,4992.536912751678,
7722,6435.0,35,35,0,6434.782608695652,
7723,0.0,2,0,2,,14863.169658447998
7724,20273.0,5,0,5,,20272.727272727272
7725,0.0,0,0,0,,
7726,0.0,0,0,0,,
7727,0.0,0,0,0,,
7728,0.0,0,0,0,,
7729,0.0,0,0,0,,
7730,0.0,0,0,0,,
7732,4712.0,7,7,0,4711.538461538462,
7735,0.0,0,0,0,,
7737,0.0,0,0,0,,
7738,0.0,0,0,0,,
7739,8632.0,25,25,0,8631.578947368422,
7740,0.0,0,0,0,,
7741,0.0,0,0,0,,
7742,0.0,0,0,0,,
7743,0.0,0,0,0,,
7744,0.0,0,0,0,,
7745,0.0,0,0,0,,
7746,0.0,0,0,0,,
7747,0.0,0,0,0,,
7748,0.0,0,0,0,,
7749,0.0,0,0,0,,
7750,0.0,0,0,0,,
7751,0.0,0,0,0,,
7752,0.0,0,0,0,,
7753,15585.0,26,0,26,,15584.656084656086
7754,5205.0,35,35,0,5205.479452054795,
7755,0.0,0,0,0,,
7756,5671.0,48,48,0,5671.232876712329,
7757,0.0,0,0,0,,
7759,14569.0,5,0,5,,14568.965517241379
7760,0.0,0,0,0,,
7761,0.0,0,0,0,,
7763,12744.0,90,2,88,5228.956494325346,12914.900236127509
7764,0.0,0,0,0,,
7765,0.0,0,0,0,,
7766,0.0,1,0,1,,20079.18552036199
7767,0.0,0,0,0,,
7768,0.0,1,0,1,,16279.06976744186
7769,0.0,0,0,0,,
7771,0.0,0,0,0,,
7772,0.0,0,0,0,,
7774,5403.0,26,26,0,5403.381642512077,
7775,0.0,0,0,0,,
7776,5926.0,34,34,0,5925.925925925926,
7777,5735.0,31,31,0,5735.294117647059,
7778,11196.0,77,0,77,,11195.652173913044
7779,0.0,0,0,0,,
7781,0.0,0,0,0,,
7782,0.0,0,0,0,,
7783,5413.0,25,25,0,5413.04347826087,
7785,15161.0,48,0,48,,15161.185432924563
7786,0.0,0,0,0,,
7788,0.0,0,0,0,,
7789,17657.0,55,0,55,,17657.14285714286
7790,17442.0,109,0,109,,17441.86046511628
7791,0.0,0,0,0,,
7792,0.0,0,0,0,,
7793,5732.0,72,72,0,5732.142857142857,
7794,0.0,0,0,0,,
7795,0.0,0,0,0,,
7796,0.0,0,0,0,,
7797,0.0,0,0,0,,
7799,0.0,0,0,0,,
7800,0.0,0,0,0,,
7801,0.0,0,0,0,,
7802,0.0,0,0,0,,
7803,0.0,0,0,0,,
7805,0.0,0,0,0,,
7806,0.0,0,0,0,,
7807,0.0,0,0,0,,
7808,0.0,0,0,0,,
7809,0.0,0,0,0,,
7811,0.0,0,0,0,,
7812,0.0,0,0,0,,
7813,0.0,0,0,0,,
7815,0.0,0,0,0,,
7816,0.0,0,0,0,,
7817,18676.0,5,0,5,,18676.470588235294
7818,0.0,0,0,0,,
7819,5071.0,9,9,0,5071.428571428572,
7820,0.0,0,0,0,,
7821,0.0,0,0,0,,
7822,0.0,0,0,0,,
7823,5119.0,30,30,0,5119.047619047619,
7824,0.0,0,0,0,,
7825,5571.0,5,5,0,5571.428571428572,
7826,0.0,0,0,0,,
7828,0.0,0,0,0,,
7829,0.0,0,0,0,,
7830,0.0,0,0,0,,
7831,0.0,0,0,0,,
7832,5919.0,8,8,0,5918.99064790631,
7833,0.0,0,0,0,,
7834,0.0,0,0,0,,
7835,7794.0,71,71,0,7794.117647058823,
7836,0.0,0,0,0,,
7837,0.0,0,0,0,,
7838,0.0,0,0,0,,
7839,15614.0,15,0,15,,15613.879641485277
7840,0.0,0,0,0,,
7841,0.0,0,0,0,,
7842,0.0,0,0,0,,
7846,0.0,0,0,0,,
7847,0.0,0,0,0,,
7848,0.0,0,0,0,,
7849,0.0,0,0,0,,
7850,5190.0,20,20,0,5189.99518999519,
7852,0.0,0,0,0,,
7853,0.0,0,0,0,,
7854,5915.0,42,42,0,5914.794161062818,
7856,0.0,0,0,0,,
7857,5294.0,19,19,0,5294.117647058823,
7858,5824.0,36,36,0,5823.58026333289,
7859,0.0,2,0,2,,19074.644093882263
7860,22262.0,265,0,265,,22261.904761904763
7861,0.0,0,0,0,,
7863,0.0,0,0,0,,
7864,5537.0,29,29,0,5537.190082644628,
7865,0.0,0,0,0,,
7866,6923.0,14,14,0,6923.076923076923,
7867,7527.0,19,19,0,7526.881720430108,
7868,13469.0,28,16,12,10366.666666666668,17604.347826086956
7869,0.0,0,0,0,,
7870,0.0,0,0,0,,
7871,0.0,0,0,0,,
7872,0.0,0,0,0,,
7875,10391.0,11,0,11,,10390.959864917522
7876,0.0,0,0,0,,
7877,0.0,0,0,0,,
7878,0.0,0,0,0,,
7879,0.0,0,0,0,,
7880,0.0,0,0,0,,
7881,8358.0,65,65,0,8358.208955223881,
7882,5588.0,11,11,0,5588.235294117647,
7883,0.0,0,0,0,,
7884,0.0,0,0,0,,
7885,0.0,0,0,0,,
7886,0.0,0,0,0,,
7887,0.0,0,0,0,,
7888,7234.0,66,66,0,7234.04255319149,
7889,0.0,0,0,0,,
7890,9180.0,35,27,8,6814.159292035398,17163.86554621849
7891,0.0,0,0,0,,
7892,0.0,0,0,0,,
7893,0.0,0,0,0,,
7895,0.0,0,0,0,,
7896,11350.0,86,0,86,,11350.202429149798
7898,0.0,0,0,0,,
7899,0.0,0,0,0,,
7900,5224.0,27,27,0,5223.880597014925,
7901,0.0,0,0,0,,
7903,11394.0,5,0,5,,11393.765675385166
7904,0.0,0,0,0,,
7905,0.0,0,0,0,,
7906,0.0,0,0,0,,
7907,4885.0,4,4,0,4885.04916136495,
7909,0.0,0,0,0,,
7910,0.0,0,0,0,,
7911,5321.0,13,13,0,5321.428571428572,
7912,5506.0,20,20,0,5505.995639534884,
7913,0.0,0,0,0,,
7914,0.0,0,0,0,,
7915,0.0,0,0,0,,
7916,0.0,0,0,0,,
7917,0.0,0,0,0,,
7918,0.0,0,0,0,,
7921,5068.0,49,49,0,5068.493150684932,
7922,0.0,0,0,0,,
7923,0.0,0,0,0,,
7924,0.0,0,0,0,,
7926,0.0,0,0,0,,
7927,10386.0,66,12,54,5494.639588599321,11472.933110101252
7928,0.0,0,0,0,,
7929,0.0,0,0,0,,
7930,0.0,0,0,0,,
7931,0.0,0,0,0,,
7932,0.0,0,0,0,,
7933,5226.0,11,11,0,5225.988700564972,
7935,5417.0,22,22,0,5416.666666666667,
7936,0.0,0,0,0,,
7937,0.0,0,0,0,,
7938,18900.0,7,0,7,,18900.343642611686
7939,0.0,0,0,0,,
7940,0.0,0,0,0,,
7941,0.0,0,0,0,,
7942,0.0,0,0,0,,
7943,10499.0,78,12,66,5017.123287671233,11495.14563106796
7944,0.0,0,0,0,,
7945,20984.0,11,0,11,,20983.60655737705
7946,13959.0,10,0,10,,13958.937198067633
7947,10000.0,5,0,5,,10000.0
7948,5879.0,11,11,0,5879.120879120879,
7949,0.0,0,0,0,,
7950,0.0,0,0,0,,
7951,0.0,0,0,0,,
7952,0.0,0,0,0,,
7953,15862.0,33,0,33,,15862.068965517241
7954,0.0,0,0,0,,
7955,6874.0,23,23,0,6873.949579831933,
7956,0.0,0,0,0,,
7957,0.0,0,0,0,,
7958,5070.0,48,48,0,5069.794050343249,
7959,0.0,0,0,0,,
7960,0.0,0,0,0,,
7961,0.0,0,0,0,,
7962,0.0,0,0,0,,
7963,5418.0,29,29,0,5417.721518987341,
7964,0.0,0,0,0,,
7965,0.0,0,0,0,,
7966,0.0,0,0,0,,
7967,0.0,0,0,0,,
7968,0.0,0,0,0,,
7969,5033.0,29,29,0,5032.9670329670325,
7970,0.0,0,0,0,,
7971,5092.0,39,39,0,5092.0245398773,
7972,0.0,0,0,0,,
7973,0.0,0,0,0,,
7974,0.0,0,0,0,,
7976,0.0,0,0,0,,
7977,0.0,0,0,0,,
7978,0.0,0,0,0,,
7979,0.0,0,0,0,,
7980,6332.0,21,21,0,6332.129032258064,
7981,0.0,0,0,0,,
7982,0.0,0,0,0,,
7983,5296.0,8,8,0,5295.650158061117,
7984,0.0,0,0,0,,
7985,16034.0,22,0,22,,16034.128289473683
7986,0.0,0,0,0,,
7987,0.0,0,0,0,,
7988,0.0,0,0,0,,
7989,0.0,0,0,0,,
7990,0.0,0,0,0,,
7992,0.0,0,0,0,,
7993,0.0,0,0,0,,
7994,22715.0,14,0,14,,22715.47474747475
7995,0.0,0,0,0,,
7996,0.0,0,0,0,,
7997,5639.0,4,4,0,5639.443798939126,
7998,0.0,0,0,0,,
7999,0.0,0,0,0,,
8000,0.0,0,0,0,,
8001,0.0,0,0,0,,
8002,0.0,0,0,0,,
8003,0.0,0,0,0,,
8004,4713.0,5,5,0,4713.11475409836,
8005,0.0,0,0,0,,
8007,0.0,0,0,0,,
8009,0.0,0,0,0,,
8010,0.0,0,0,0,,
8011,14072.0,4,0,4,,14071.851851851852
8012,4611.0,20,20,0,4611.00209314495,
8013,0.0,0,0,0,,
8014,7680.0,5,4,1,6534.184731902749,12264.150943396226
8015,6645.0,71,71,0,6645.1612903225805,
8016,0.0,0,0,0,,
8017,0.0,0,0,0,,
8018,5748.0,16,16,0,5748.447204968945,
8019,5409.0,9,9,0,5409.090909090909,
8020,6103.0,6,6,0,6102.842975206611,
8021,0.0,0,0,0,,
8022,0.0,0,0,0,,
8023,0.0,0,0,0,,
8026,0.0,0,0,0,,
8028,5180.0,25,25,0,5180.18018018018,
8029,0.0,0,0,0,,
8030,5831.0,33,33,0,5830.769230769231,
8031,0.0,0,0,0,,
8032,0.0,0,0,0,,
8033,0.0,0,0,0,,
8034,0.0,0,0,0,,
8035,0.0,0,0,0,,
8036,0.0,0,0,0,,
8037,0.0,0,0,0,,
8038,0.0,0,0,0,,
8039,17095.0,176,0,176,,17094.89872468117
8040,0.0,0,0,0,,
8041,0.0,0,0,0,,
8042,0.0,0,0,0,,
8043,0.0,0,0,0,,
8044,0.0,0,0,0,,
8045,0.0,0,0,0,,
8046,0.0,0,0,0,,
8047,0.0,0,0,0,,
8048,0.0,0,0,0,,
8051,12691.0,104,27,77,5486.725663716814,15217.391304347826
8052,5354.0,28,28,0,5354.156504773187,
8053,0.0,0,0,0,,
8054,0.0,0,0,0,,
8055,5470.0,20,20,0,5469.512195121952,
8056,5360.0,20,20,0,5359.631147540984,
8058,0.0,0,0,0,,
8060,6275.0,28,28,0,6275.4805362623165,
8061,0.0,0,0,0,,
8063,27918.0,26,0,26,,27917.64386376982
8065,0.0,0,0,0,,
8066,6029.0,174,174,0,6029.411764705882,
8067,0.0,0,0,0,,
8068,0.0,0,0,0,,
8069,18778.0,10,0,10,,18777.510751328104
8070,0.0,0,0,0,,
8071,4702.0,18,18,0,4702.097620008068,
8073,0.0,0,0,0,,
8074,0.0,0,0,0,,
8075,0.0,0,0,0,,
8076,0.0,0,0,0,,
8077,5273.0,29,29,0,5272.727272727273,
8078,0.0,0,0,0,,
8079,5240.0,41,41,0,5240.384615384615,
8080,0.0,0,0,0,,
8081,0.0,0,0,0,,
8082,0.0,0,0,0,,
8084,6676.0,18,18,0,6676.470588235294,
8085,0.0,0,0,0,,
8087,15895.0,6,0,6,,15895.028451632224
8088,0.0,0,0,0,,
8089,0.0,0,0,0,,
8090,5500.0,19,19,0,5500.0,
8091,0.0,0,0,0,,
8092,17020.0,48,0,48,,17019.704433497536
8093,9611.0,66,33,33,5767.857142857143,13454.545454545454
8094,8755.0,26,20,6,6230.769230769231,17171.19741100324
8096,18750.0,57,0,57,,18750.0
8097,14915.0,25,0,25,,14915.254237288136
8098,0.0,0,0,0,,
8099,0.0,0,0,0,,
8100,0.0,0,0,0,,
8101,4804.0,62,62,0,4803.526931186505,
8102,0.0,0,0,0,,
8103,0.0,0,0,0,,
8104,0.0,0,0,0,,
8105,24664.0,8,0,8,,24664.373216982713
8107,0.0,0,0,0,,
8108,18877.0,124,4,120,5598.591549295775,19319.6964087375
8110,0.0,0,0,0,,
8111,0.0,0,0,0,,
8112,19390.0,84,0,84,,19389.743589743586
8113,6508.0,16,16,0,6507.518796992481,
8114,0.0,0,0,0,,
8116,0.0,1,0,1,,11680.0
8117,0.0,0,0,0,,
8118,6580.0,14,14,0,6580.32786885246,
8119,0.0,0,0,0,,
8120,17679.0,8,0,8,,17679.1430682098
8121,5888.0,29,29,0,5887.85046728972,
8125,0.0,0,0,0,,
8126,15819.0,16,0,16,,15819.026384243776
8127,5406.0,34,34,0,5405.5259499536605,
8128,0.0,0,0,0,,
8129,0.0,0,0,0,,
8130,0.0,0,0,0,,
8131,0.0,0,0,0,,
8132,6892.0,35,35,0,6891.891891891892,
8134,12378.0,9,4,5,5246.575342465754,18082.372322899504
8135,31271.0,7,0,7,,31270.791749833665
8136,0.0,0,0,0,,
8137,5788.0,18,18,0,5788.04347826087,
8139,6351.0,17,17,0,6351.351351351352,
8140,0.0,0,0,0,,
8141,5403.0,26,26,0,5402.712049508555,
8142,0.0,0,0,0,,
8143,0.0,2,0,2,,11647.578614799822
8144,0.0,0,0,0,,
8145,0.0,0,0,0,,
8146,0.0,0,0,0,,
8147,0.0,0,0,0,,
8149,0.0,0,0,0,,
8150,0.0,0,0,0,,
8151,5845.0,21,21,0,5845.070422535211,
8152,0.0,0,0,0,,
8153,7074.0,49,49,0,7073.684210526316,
8154,0.0,0,0,0,,
8155,0.0,0,0,0,,
8156,0.0,0,0,0,,
8157,0.0,0,0,0,,
8158,5224.0,28,28,0,5223.880597014925,
8159,0.0,0,0,0,,
8160,0.0,0,0,0,,
8161,0.0,0,0,0,,
8162,0.0,0,0,0,,
8163,0.0,0,0,0,,
8164,0.0,0,0,0,,
8165,0.0,0,0,0,,
8167,0.0,0,0,0,,
8168,5706.0,16,16,0,5705.882352941177,
8169,0.0,0,0,0,,
8170,0.0,0,0,0,,
8171,7957.0,51,51,0,7956.989247311828,
8172,0.0,0,0,0,,
8173,0.0,0,0,0,,
8174,6284.0,23,23,0,6283.783783783784,
8175,0.0,0,0,0,,
8177,0.0,0,0,0,,
8178,0.0,2,0,2,,19666.53907496013
8179,0.0,0,0,0,,
8180,0.0,0,0,0,,
8181,0.0,0,0,0,,
8182,0.0,0,0,0,,
8183,0.0,0,0,0,,
8184,0.0,0,0,0,,
8185,5873.0,3,3,0,5873.015873015873,
8186,5214.0,28,28,0,5213.869463869464,
8187,0.0,0,0,0,,
8188,0.0,0,0,0,,
8189,21308.0,50,0,50,,21308.479532163743
8190,17764.0,7,0,7,,17763.975155279502
8191,4299.0,9,9,0,4299.065420560748,
8193,0.0,0,0,0,,
8194,0.0,0,0,0,,
8195,0.0,0,0,0,,
8196,5374.0,20,20,0,5373.63434619324,
8197,0.0,0,0,0,,
8198,35247.0,65,0,65,,35246.91176470588
8199,0.0,0,0,0,,
8200,0.0,0,0,0,,
8201,0.0,0,0,0,,
8202,5390.0,30,30,0,5389.705882352941,
8203,0.0,0,0,0,,
8204,5398.0,34,34,0,5397.959183673469,
8205,0.0,0,0,0,,
8206,0.0,0,0,0,,
8207,5848.0,11,11,0,5847.826086956522,
8208,0.0,0,0,0,,
8209,29743.0,595,0,595,,29742.574257425742
8211,0.0,0,0,0,,
8212,0.0,0,0,0,,
8213,0.0,0,0,0,,
8214,0.0,0,0,0,,
8215,0.0,0,0,0,,
8216,0.0,0,0,0,,
8217,0.0,0,0,0,,
8218,0.0,0,0,0,,
8219,4643.0,3,3,0,4642.857142857143,
8221,0.0,0,0,0,,
8223,0.0,0,0,0,,
8224,0.0,1,0,1,,20510.582587824567
8225,0.0,0,0,0,,
8226,0.0,0,0,0,,
8227,0.0,0,0,0,,
8228,5139.0,8,8,0,5138.6281041792845,
8229,0.0,0,0,0,,
8230,0.0,0,0,0,,
8231,0.0,0,0,0,,
8232,0.0,0,0,0,,
8233,0.0,0,0,0,,
8234,0.0,0,0,0,,
8235,0.0,0,0,0,,
8236,0.0,0,0,0,,
8237,0.0,0,0,0,,
8238,0.0,2,2,0,7335.192697768763,
8239,5458.0,32,32,0,5457.591076873696,
8240,5582.0,9,9,0,5582.417582417583,
8241,0.0,0,0,0,,
8243,0.0,0,0,0,,
8244,0.0,0,0,0,,
8246,0.0,0,0,0,,
8247,0.0,0,0,0,,
8248,0.0,0,0,0,,
8249,0.0,0,0,0,,
8250,0.0,0,0,0,,
8252,8853.0,32,32,0,8853.04347826087,
8253,0.0,0,0,0,,
8254,0.0,0,0,0,,
8255,0.0,0,0,0,,
8256,0.0,0,0,0,,
8257,0.0,0,0,0,,
8258,0.0,0,0,0,,
8259,0.0,0,0,0,,
8260,20260.0,444,0,444,,20259.950625411453
8261,0.0,0,0,0,,
8262,0.0,0,0,0,,
8263,0.0,0,0,0,,
8264,5788.0,4,4,0,5788.406758832565,
8265,0.0,0,0,0,,
8266,5595.0,39,39,0,5595.238095238095,
8267,0.0,0,0,0,,
8268,0.0,0,0,0,,
8269,0.0,0,0,0,,
8270,0.0,0,0,0,,
8271,0.0,0,0,0,,
8272,7903.0,28,28,0,7902.942420681551,
8273,0.0,0,0,0,,
8275,0.0,0,0,0,,
8276,0.0,0,0,0,,
8277,20988.0,67,0,67,,20987.654320987655
8278,0.0,0,0,0,,
8279,0.0,0,0,0,,
8280,0.0,0,0,0,,
8281,0.0,0,0,0,,
8282,12782.0,14,0,14,,12782.416795896457
8283,0.0,0,0,0,,
8284,0.0,0,0,0,,
8285,5202.0,22,22,0,5201.59151193634,
8286,0.0,0,0,0,,
8287,0.0,0,0,0,,
8288,15686.0,15,0,15,,15686.274509803921
8289,0.0,0,0,0,,
8290,18491.0,8,0,8,,18491.071428571428
8291,0.0,0,0,0,,
8292,0.0,0,0,0,,
8293,6106.0,100,100,0,6106.194690265486,
8294,0.0,0,0,0,,
8295,6617.0,4,4,0,6616.666666666666,
8296,0.0,0,0,0,,
8297,0.0,0,0,0,,
8298,0.0,0,0,0,,
8299,0.0,0,0,0,,
8300,0.0,0,0,0,,
8302,0.0,0,0,0,,
8303,8995.0,74,74,0,8994.623655913978,
8304,0.0,0,0,0,,
8305,7188.0,15,15,0,7187.5,
8306,5746.0,37,37,0,5746.268656716418,
8307,7290.0,10,10,0,7289.641366223908,
8308,0.0,0,0,0,,
8309,0.0,0,0,0,,
8310,0.0,0,0,0,,
8311,0.0,0,0,0,,
8313,0.0,0,0,0,,
8314,4612.0,19,19,0,4612.068965517241,
8315,0.0,0,0,0,,
8316,20944.0,4,0,4,,20944.17475728155
8317,0.0,0,0,0,,
8318,0.0,0,0,0,,
8319,5219.0,14,14,0,5219.0636555731635,
8320,19697.0,9,0,9,,19696.969696969696
8322,7985.0,24,24,0,7984.688804931398,
8323,0.0,0,0,0,,
8324,0.0,0,0,0,,
8325,0.0,0,0,0,,
8326,6235.0,61,61,0,6234.567901234568,
8327,16364.0,45,0,45,,16363.636363636364
8328,0.0,0,0,0,,
8329,5245.0,58,58,0,5245.432835820895,
8330,0.0,0,0,0,,
8331,6436.0,5,5,0,6435.643564356436,
8332,4523.0,36,36,0,4523.005923680948,
8333,20418.0,7,0,7,,20417.633410672854
8334,0.0,0,0,0,,
8335,9220.0,18,18,0,9219.955724225174,
8336,0.0,0,0,0,,
8337,8264.0,7,7,0,8264.462809917355,
8338,0.0,0,0,0,,
8339,5286.0,21,21,0,5285.714285714285,
8340,0.0,0,0,0,,
8341,4433.0,21,21,0,4432.98969072165,
8342,27733.0,24,0,24,,27733.223257459606
8343,0.0,0,0,0,,
8344,24542.0,8,0,8,,24542.464114832535
8345,0.0,0,0,0,,
8346,5522.0,24,24,0,5522.388059701492,
8347,18182.0,5,0,5,,18181.81818181818
8348,0.0,0,0,0,,
8349,0.0,0,0,0,,
8350,0.0,0,0,0,,
8351,0.0,0,0,0,,
8352,0.0,0,0,0,,
8353,8489.0,20,20,0,8489.130434782608,
8355,5642.0,13,13,0,5641.79104477612,
8356,24406.0,11,0,11,,24405.797101449276
8357,0.0,0,0,0,,
8358,0.0,0,0,0,,
8359,0.0,0,0,0,,
8360,0.0,0,0,0,,
8361,5076.0,18,18,0,5075.9740259740265,
8362,0.0,0,0,0,,
8363,0.0,0,0,0,,
8364,0.0,1,1,0,5637.583892617449,
8365,0.0,0,0,0,,
8366,0.0,0,0,0,,
8367,12740.0,73,12,61,5490.277777777777,14166.666666666666
8368,0.0,0,0,0,,
8369,0.0,0,0,0,,
8370,5395.0,52,52,0,5394.9152542372885,
8372,0.0,0,0,0,,
8373,13889.0,160,0,160,,13888.888888888889
8374,0.0,0,0,0,,
8375,0.0,0,0,0,,
8376,0.0,0,0,0,,
8377,5970.0,34,34,0,5970.149253731343,
8379,0.0,0,0,0,,
8380,0.0,0,0,0,,
8381,5164.0,9,9,0,5163.934426229508,
8382,0.0,0,0,0,,
8383,0.0,0,0,0,,
8384,0.0,0,0,0,,
8385,0.0,0,0,0,,
8386,5519.0,14,14,0,5518.546971027217,
8387,0.0,0,0,0,,
8388,0.0,0,0,0,,
8389,4655.0,10,10,0,4655.172413793103,
8390,0.0,0,0,0,,
8391,10319.0,50,50,0,10319.277108433735,
8392,5109.0,13,13,0,5108.695652173913,
8393,0.0,0,0,0,,
8394,0.0,0,0,0,,
8395,0.0,0,0,0,,
8396,0.0,0,0,0,,
8399,5640.0,6,6,0,5639.705882352941,
8400,6797.0,23,23,0,6796.875,
8401,0.0,0,0,0,,
8402,0.0,0,0,0,,
8403,5234.0,53,53,0,5234.2342342342345,
8404,0.0,0,0,0,,
8405,0.0,0,0,0,,
8406,0.0,0,0,0,,
8407,5162.0,29,29,0,5161.9047619047615,
8408,0.0,2,0,2,,19798.041615667076
8409,0.0,0,0,0,,
8410,11703.0,23,13,10,6688.233009708738,18221.428571428572
8411,0.0,0,0,0,,
8412,0.0,0,0,0,,
8414,5711.0,36,36,0,5710.667892503536,
8415,0.0,0,0,0,,
8416,0.0,0,0,0,,
8417,0.0,0,0,0,,
8418,0.0,0,0,0,,
8420,0.0,0,0,0,,
8421,0.0,2,2,0,6093.75,
8422,33208.0,9,0,9,,33207.54716981132
8423,6762.0,11,11,0,6761.9047619047615,
8424,0.0,0,0,0,,
8425,0.0,0,0,0,,
8426,5970.0,27,27,0,5970.149253731343,
8427,0.0,0,0,0,,
8428,0.0,0,0,0,,
8429,0.0,0,0,0,,
8430,4581.0,4,4,0,4580.6623931623935,
8431,0.0,0,0,0,,
8432,0.0,0,0,0,,
8433,8556.0,66,66,0,8555.555555555555,
8435,0.0,0,0,0,,
8436,17675.0,9,0,9,,17674.608022805944
8437,5412.0,13,13,0,5411.764705882353,
8438,9761.0,23,23,0,9760.869565217392,
8439,0.0,0,0,0,,
8440,0.0,0,0,0,,
8441,0.0,0,0,0,,
8442,26531.0,5,0,5,,26530.61224489796
8444,12642.0,55,55,0,12641.509433962265,
8445,0.0,0,0,0,,
8446,0.0,0,0,0,,
8448,6790.0,21,21,0,6790.330434782609,
8449,0.0,0,0,0,,
8450,0.0,0,0,0,,
8451,0.0,0,0,0,,
8452,17202.0,36,0,36,,17201.572327044025
8453,12633.0,6,0,6,,12633.435322114568
8454,0.0,0,0,0,,
8455,0.0,0,0,0,,
8456,0.0,0,0,0,,
8457,0.0,0,0,0,,
8458,13737.0,20,0,20,,13736.61612860009
8459,0.0,0,0,0,,
8460,22174.0,57,0,57,,22173.91304347826
8461,0.0,0,0,0,,
8462,0.0,0,0,0,,
8463,0.0,0,0,0,,
8464,5631.0,24,24,0,5630.882352941177,
8465,0.0,0,0,0,,
8466,0.0,0,0,0,,
8467,0.0,0,0,0,,
8468,19284.0,6,0,6,,19283.735959378366
8469,0.0,0,0,0,,
8470,17153.0,31,0,31,,17152.777777777777
8471,6000.0,13,13,0,6000.0,
8472,0.0,0,0,0,,
8473,5273.0,24,24,0,5272.727272727273,
8474,0.0,0,0,0,,
8476,0.0,0,0,0,,
8477,0.0,0,0,0,,
8478,0.0,0,0,0,,
8479,22720.0,372,0,372,,22720.375304065794
8480,0.0,0,0,0,,
8481,22316.0,38,0,38,,22315.508684863526
8482,0.0,0,0,0,,
8483,4340.0,7,7,0,4339.622641509434,
8484,4780.0,17,17,0,4780.219780219781,
8485,0.0,0,0,0,,
8486,5273.0,42,42,0,5272.727272727273,
8487,0.0,0,0,0,,
8488,0.0,0,0,0,,
8489,0.0,0,0,0,,
8490,0.0,0,0,0,,
8491,0.0,0,0,0,,
8492,0.0,0,0,0,,
8494,0.0,0,0,0,,
8495,0.0,0,0,0,,
8496,0.0,2,0,2,,17479.94347707175
8498,0.0,0,0,0,,
8499,7394.0,34,34,0,7393.884127748355,
8500,0.0,0,0,0,,
8501,0.0,0,0,0,,
8502,0.0,0,0,0,,
8503,5670.0,18,18,0,5669.642857142857,
8504,0.0,0,0,0,,
8505,0.0,0,0,0,,
8506,0.0,0,0,0,,
8507,0.0,0,0,0,,
8508,0.0,0,0,0,,
8509,0.0,0,0,0,,
8510,25074.0,49,0,49,,25073.529411764706
8512,0.0,0,0,0,,
8515,11351.0,20,0,20,,11350.62893081761
8516,0.0,0,0,0,,
8517,5250.0,11,11,0,5250.0,
8518,0.0,0,0,0,,
8520,0.0,0,0,0,,
8521,0.0,0,0,0,,
8522,0.0,0,0,0,,
8523,4425.0,10,10,0,4424.528301886792,
8524,0.0,0,0,0,,
8525,0.0,0,0,0,,
8526,0.0,0,0,0,,
8527,0.0,0,0,0,,
8528,0.0,0,0,0,,
8529,0.0,0,0,0,,
8530,0.0,0,0,0,,
8531,0.0,0,0,0,,
8532,6071.0,10,10,0,6070.627514600908,
8533,0.0,0,0,0,,
8534,0.0,0,0,0,,
8535,0.0,0,0,0,,
8537,14939.0,12,0,12,,14938.69634160154
8539,13454.0,3,0,3,,13454.011741682974
8540,0.0,0,0,0,,
8541,0.0,0,0,0,,
8542,22188.0,55,0,55,,22187.5
8544,5299.0,4,4,0,5298.532603285217,
8545,0.0,0,0,0,,
8546,0.0,0,0,0,,
8548,0.0,0,0,0,,
8549,0.0,0,0,0,,
8550,0.0,0,0,0,,
8551,0.0,0,0,0,,
8552,5217.0,43,43,0,5217.391304347826,
8553,11446.0,34,0,34,,11445.783132530121
8554,0.0,0,0,0,,
8555,0.0,0,0,0,,
8556,15039.0,10,0,10,,15039.381153305203
8557,0.0,0,0,0,,
8558,17500.0,5,0,5,,17500.0
8560,0.0,0,0,0,,
8561,0.0,0,0,0,,
8562,0.0,0,0,0,,
8563,5568.0,57,57,0,5567.567567567568,
8564,0.0,0,0,0,,
8565,0.0,0,0,0,,
8566,0.0,0,0,0,,
8567,0.0,0,0,0,,
8568,0.0,0,0,0,,
8569,0.0,0,0,0,,
8570,0.0,0,0,0,,
8571,7208.0,18,18,0,7207.7922077922085,
8572,0.0,0,0,0,,
8573,0.0,0,0,0,,
8574,19192.0,155,0,155,,19191.91919191919
8575,5800.0,27,23,4,5080.0,9943.315508021391
8576,17488.0,63,26,37,5333.333333333334,26029.05569007264
8577,5224.0,32,32,0,5223.880597014925,
8578,5068.0,35,35,0,5068.493150684932,
8579,0.0,0,0,0,,
8581,0.0,0,0,0,,
8582,0.0,0,0,0,,
8583,0.0,0,0,0,,
8584,4994.0,18,18,0,4994.218316373728,
8585,0.0,0,0,0,,
8586,0.0,0,0,0,,
8587,0.0,0,0,0,,
8588,0.0,0,0,0,,
8589,22131.0,43,0,43,,22131.147540983606
8590,0.0,0,0,0,,
8591,0.0,0,0,0,,
8592,16098.0,3,0,3,,16097.560975609756
8594,0.0,0,0,0,,
8595,22393.0,12,0,12,,22392.638036809814
8596,0.0,0,0,0,,
8597,0.0,0,0,0,,
8598,0.0,0,0,0,,
8599,6026.0,4,4,0,6025.641025641025,
8600,0.0,0,0,0,,
8601,0.0,0,0,0,,
8602,5332.0,22,22,0,5331.818181818182,
8603,0.0,0,0,0,,
8604,0.0,0,0,0,,
8605,0.0,0,0,0,,
8607,0.0,0,0,0,,
8608,28812.0,153,0,153,,28812.5
8609,0.0,0,0,0,,
8610,10685.0,5,0,5,,10684.745762711864
8611,0.0,0,0,0,,
8612,4808.0,13,13,0,4807.692307692308,
8613,0.0,0,0,0,,
8614,4350.0,16,16,0,4350.0,
8615,16112.0,33,0,33,,16111.70784103115
8616,6538.0,19,19,0,6538.461538461538,
8617,5294.0,36,36,0,5294.4400000000005,
8618,6100.0,16,16,0,6100.331674958541,
8619,0.0,0,0,0,,
8620,0.0,0,0,0,,
8621,0.0,0,0,0,,
8625,0.0,0,0,0,,
8626,0.0,0,0,0,,
8627,0.0,0,0,0,,
8628,0.0,0,0,0,,
8629,0.0,0,0,0,,
8630,0.0,0,0,0,,
8631,14202.0,54,11,43,7500.0,15916.666666666666
8632,5475.0,33,33,0,5475.4098360655735,
8633,16449.0,25,0,25,,16448.979591836734
8635,16026.0,8,0,8,,16026.455026455027
8636,9581.0,175,175,0,9580.645161290322,
8638,5377.0,20,20,0,5376.649808807204,
8639,0.0,0,0,0,,
8640,5672.0,21,21,0,5671.641791044776,
8641,0.0,0,0,0,,
8642,0.0,0,0,0,,
8643,0.0,0,0,0,,
8644,20715.0,10,0,10,,20715.20136737528
8645,0.0,0,0,0,,
8646,0.0,0,0,0,,
8648,0.0,2,0,2,,22431.02162796622
8649,0.0,0,0,0,,
8650,0.0,0,0,0,,
8651,0.0,0,0,0,,
8653,0.0,0,0,0,,
8654,0.0,0,0,0,,
8655,6132.0,4,4,0,6131.529411764706,
8656,9620.0,19,0,19,,9619.718309859154
8657,14526.0,12,0,12,,14525.522605736509
8658,0.0,0,0,0,,
8659,6344.0,15,15,0,6343.92523364486,
8660,0.0,0,0,0,,
8662,0.0,0,0,0,,
8663,0.0,0,0,0,,
8664,0.0,0,0,0,,
8665,15819.0,60,0,60,,15819.159663865546
8666,0.0,0,0,0,,
8667,37921.0,8,0,8,,37921.14487832485
8668,20001.0,24,0,24,,20001.164200140942
8669,0.0,0,0,0,,
8670,0.0,0,0,0,,
8671,0.0,0,0,0,,
8673,0.0,0,0,0,,
8674,0.0,0,0,0,,
8675,16071.0,23,0,23,,16071.42857142857
8676,0.0,0,0,0,,
8677,5421.0,14,14,0,5420.6349206349205,
8678,7217.0,4,4,0,7216.754098360656,
8679,0.0,0,0,0,,
8680,0.0,0,0,0,,
8681,20206.0,60,0,60,,20205.78512396694
8682,5404.0,18,18,0,5403.515064562411,
8683,16876.0,6,0,6,,16876.220058645307
8684,0.0,0,0,0,,
8685,0.0,0,0,0,,
8686,0.0,0,0,0,,
8687,5250.0,11,11,0,5250.0,
8688,10279.0,104,95,9,8983.050847457627,23962.264150943396
8689,5348.0,24,24,0,5348.151062155783,
8690,0.0,0,0,0,,
8691,0.0,0,0,0,,
8692,0.0,0,0,0,,
8693,0.0,0,0,0,,
8694,5331.0,23,23,0,5330.578512396694,
8695,0.0,0,0,0,,
8697,0.0,0,0,0,,
8698,0.0,0,0,0,,
8699,0.0,0,0,0,,
8700,0.0,0,0,0,,
8701,0.0,0,0,0,,
8702,0.0,0,0,0,,
8703,16179.0,786,0,786,,16179.029304029304
8704,5249.0,20,20,0,5248.587570621468,
8705,6311.0,38,38,0,6311.111111111111,
8706,0.0,0,0,0,,
8708,0.0,0,0,0,,
8709,7447.0,25,25,0,7446.808510638298,
8710,22698.0,7,0,7,,22697.795071335928
8711,0.0,0,0,0,,
8712,5597.0,7,7,0,5597.014925373134,
8713,0.0,0,0,0,,
8714,21982.0,38,0,38,,21982.142857142855
8715,5360.0,12,12,0,5360.294580419581,
8716,0.0,0,0,0,,
8717,0.0,0,0,0,,
8718,14634.0,3,0,3,,14634.146341463415
8719,0.0,0,0,0,,
8720,0.0,1,0,1,,26986.093900592045
8721,0.0,0,0,0,,
8722,0.0,0,0,0,,
8723,0.0,0,0,0,,
8724,6154.0,13,13,0,6153.846153846154,
8725,0.0,0,0,0,,
8726,21754.0,9,0,9,,21754.385964912282
8727,0.0,0,0,0,,
8728,0.0,0,0,0,,
8729,4769.0,41,41,0,4769.2307692307695,
8730,0.0,0,0,0,,
8731,0.0,0,0,0,,
8732,0.0,0,0,0,,
8733,0.0,0,0,0,,
8734,0.0,0,0,0,,
8735,0.0,0,0,0,,
8736,0.0,0,0,0,,
8737,0.0,0,0,0,,
8738,0.0,0,0,0,,
8739,0.0,0,0,0,,
8740,0.0,0,0,0,,
8741,0.0,0,0,0,,
8742,0.0,0,0,0,,
8743,0.0,0,0,0,,
8745,0.0,0,0,0,,
8746,5347.0,8,8,0,5346.629213483146,
8747,6281.0,18,18,0,6280.825242718447,
8749,5137.0,47,47,0,5136.986301369863,
8750,0.0,0,0,0,,
8751,0.0,0,0,0,,
8752,0.0,0,0,0,,
8753,0.0,0,0,0,,
8754,0.0,0,0,0,,
8755,16600.0,3,0,3,,16600.0
8756,0.0,0,0,0,,
8757,32183.0,244,0,244,,32183.068973804373
8758,0.0,0,0,0,,
8759,0.0,0,0,0,,
8760,0.0,0,0,0,,
8761,0.0,0,0,0,,
8762,0.0,0,0,0,,
8763,0.0,0,0,0,,
8764,11982.0,37,6,31,6861.111111111111,12972.972972972973
8765,0.0,0,0,0,,
8766,0.0,0,0,0,,
8767,0.0,0,0,0,,
8768,5078.0,29,29,0,5078.125,
8770,0.0,0,0,0,,
8773,0.0,0,0,0,,
8774,0.0,0,0,0,,
8775,20667.0,11,0,11,,20666.666666666668
8776,0.0,0,0,0,,
8777,0.0,0,0,0,,
8778,0.0,0,0,0,,
8779,8769.0,6,6,0,8768.906847764572,
8780,0.0,0,0,0,,
8781,0.0,0,0,0,,
8782,0.0,0,0,0,,
8783,0.0,0,0,0,,
8784,5752.0,13,13,0,5752.06611570248,
8785,0.0,0,0,0,,
8786,15605.0,3,0,3,,15604.681404421328
8787,0.0,0,0,0,,
8788,0.0,0,0,0,,
8789,0.0,0,0,0,,
8790,0.0,0,0,0,,
8791,0.0,0,0,0,,
8792,0.0,0,0,0,,
8794,0.0,0,0,0,,
8795,0.0,0,0,0,,
8796,5046.0,14,14,0,5046.315789473684,
8797,0.0,0,0,0,,
8798,0.0,0,0,0,,
8799,0.0,0,0,0,,
8800,0.0,0,0,0,,
8801,5004.0,17,17,0,5003.88,
8802,10365.0,13,2,11,6045.005807200929,11150.442477876106
8803,0.0,0,0,0,,
8804,0.0,0,0,0,,
8805,0.0,0,0,0,,
8806,0.0,0,0,0,,
8807,6054.0,53,53,0,6053.763440860215,
8808,4975.0,30,30,0,4975.247524752475,
8809,0.0,0,0,0,,
8810,0.0,0,0,0,,
8812,0.0,0,0,0,,
8813,0.0,0,0,0,,
8814,5299.0,11,11,0,5298.507462686567,
8815,5324.0,66,66,0,5323.529411764706,
8816,0.0,0,0,0,,
8817,0.0,0,0,0,,
8818,0.0,0,0,0,,
8819,0.0,0,0,0,,
8820,0.0,0,0,0,,
8821,0.0,0,0,0,,
8822,0.0,0,0,0,,
8823,4853.0,26,26,0,4853.19359630302,
8824,0.0,0,0,0,,
8825,0.0,0,0,0,,
8826,0.0,0,0,0,,
8827,0.0,0,0,0,,
8828,0.0,0,0,0,,
8830,0.0,0,0,0,,
8831,0.0,0,0,0,,
8832,0.0,0,0,0,,
8833,0.0,0,0,0,,
8834,14592.0,28,0,28,,14592.388244567053
8835,27231.0,740,0,740,,27230.76923076923
8836,5357.0,9,9,0,5357.142857142857,
8838,0.0,0,0,0,,
8839,0.0,0,0,0,,
8840,0.0,0,0,0,,
8841,9537.0,76,76,0,9536.672629695888,
8842,5382.0,25,25,0,5381.578947368421,
8843,5380.0,41,41,0,5379.7468354430375,
8844,0.0,0,0,0,,
8846,0.0,0,0,0,,
8847,0.0,0,0,0,,
8848,0.0,0,0,0,,
8849,0.0,0,0,0,,
8850,0.0,0,0,0,,
8851,0.0,0,0,0,,
8852,0.0,0,0,0,,
8853,0.0,0,0,0,,
8854,0.0,0,0,0,,
8855,0.0,0,0,0,,
8856,19200.0,17,0,17,,19200.0
8858,0.0,0,0,0,,
8859,0.0,0,0,0,,
8860,0.0,0,0,0,,
8861,0.0,0,0,0,,
8862,0.0,0,0,0,,
8863,0.0,0,0,0,,
8864,5436.0,19,19,0,5436.363636363636,
8865,0.0,0,0,0,,
8866,0.0,0,0,0,,
8867,16847.0,14,0,14,,16846.84684684685
8868,0.0,0,0,0,,
8870,5096.0,46,46,0,5096.491228070176,
8871,0.0,0,0,0,,
8872,0.0,0,0,0,,
8873,0.0,0,0,0,,
8875,5772.0,42,42,0,5772.184531886025,
8876,5241.0,22,22,0,5241.106965174129,
8877,0.0,0,0,0,,
8878,0.0,0,0,0,,
8879,0.0,0,0,0,,
8880,0.0,0,0,0,,
8881,0.0,2,0,2,,17314.728682170542
8882,0.0,0,0,0,,
8883,0.0,0,0,0,,
8884,0.0,0,0,0,,
8885,0.0,0,0,0,,
8886,0.0,0,0,0,,
8887,0.0,0,0,0,,
8888,0.0,0,0,0,,
8889,0.0,0,0,0,,
8890,0.0,0,0,0,,
8891,0.0,0,0,0,,
8892,0.0,0,0,0,,
8893,0.0,0,0,0,,
8895,0.0,0,0,0,,
8896,5217.0,44,44,0,5217.391304347826,
8897,0.0,2,0,2,,15172.370069614826
8898,0.0,0,0,0,,
8899,21459.0,592,0,592,,21458.50293984622
8900,0.0,0,0,0,,
8901,0.0,0,0,0,,
8902,0.0,0,0,0,,
8903,0.0,0,0,0,,
8904,0.0,0,0,0,,
8905,0.0,0,0,0,,
8906,0.0,0,0,0,,
8907,0.0,0,0,0,,
8908,0.0,0,0,0,,
8909,19276.0,3,0,3,,19276.16050354052
8911,0.0,0,0,0,,
8912,12256.0,6,0,6,,12256.410256410258
8913,0.0,0,0,0,,
8914,4886.0,38,38,0,4886.133603238866,
8915,0.0,0,0,0,,
8916,4508.0,6,6,0,4507.575757575758,
8917,5286.0,19,19,0,5285.714285714285,
8918,0.0,0,0,0,,
8919,0.0,0,0,0,,
8920,5094.0,18,18,0,5094.365302604119,
8921,0.0,0,0,0,,
8922,0.0,0,0,0,,
8923,0.0,0,0,0,,
8924,5448.0,23,23,0,5447.761194029851,
8925,0.0,0,0,0,,
8926,0.0,0,0,0,,
8927,0.0,0,0,0,,
8928,0.0,0,0,0,,
8929,24274.0,250,0,250,,24274.00468384075
8930,0.0,0,0,0,,
8931,0.0,0,0,0,,
8932,0.0,0,0,0,,
8933,0.0,0,0,0,,
8935,0.0,0,0,0,,
8936,0.0,0,0,0,,
8937,0.0,0,0,0,,
8938,0.0,0,0,0,,
8939,0.0,0,0,0,,
8940,0.0,0,0,0,,
8941,0.0,0,0,0,,
8942,0.0,0,0,0,,
8944,0.0,0,0,0,,
8945,0.0,0,0,0,,
8946,0.0,0,0,0,,
8947,6739.0,39,39,0,6739.130434782609,
8948,0.0,0,0,0,,
8949,0.0,0,0,0,,
8950,0.0,0,0,0,,
8951,0.0,0,0,0,,
8952,0.0,0,0,0,,
8953,0.0,0,0,0,,
8954,0.0,0,0,0,,
8955,5451.0,4,4,0,5451.477910681013,
8956,0.0,0,0,0,,
8957,7250.0,34,34,0,7250.0,
8959,0.0,0,0,0,,
8961,0.0,0,0,0,,
8962,0.0,0,0,0,,
8963,0.0,0,0,0,,
8964,5205.0,21,21,0,5204.918032786885,
8966,0.0,0,0,0,,
8967,0.0,0,0,0,,
8968,0.0,0,0,0,,
8969,6129.0,5,5,0,6129.032258064516,
8970,0.0,0,0,0,,
8971,0.0,0,0,0,,
8972,0.0,0,0,0,,
8973,0.0,0,0,0,,
8974,5976.0,7,7,0,5975.609756097561,
8975,0.0,0,0,0,,
8976,0.0,0,0,0,,
8977,0.0,0,0,0,,
8978,0.0,0,0,0,,
8979,0.0,0,0,0,,
8980,0.0,0,0,0,,
8982,0.0,0,0,0,,
8983,0.0,0,0,0,,
8984,0.0,0,0,0,,
8985,10748.0,6,0,6,,10748.101909326291
8986,9916.0,45,7,38,9000.0,10084.745762711864
8987,0.0,0,0,0,,
8989,0.0,0,0,0,,
8991,0.0,0,0,0,,
8992,0.0,0,0,0,,
8993,0.0,0,0,0,,
8995,0.0,2,2,0,6625.0,
8996,0.0,0,0,0,,
8997,0.0,2,0,2,,22337.30158730159
8998,0.0,0,0,0,,
8999,17789.0,12,0,12,,17788.919413919415
9000,5478.0,11,11,0,5478.239130434783,
9001,0.0,0,0,0,,
9002,0.0,0,0,0,,
9003,0.0,0,0,0,,
9004,0.0,0,0,0,,
9005,0.0,0,0,0,,
9006,21099.0,3,0,3,,21099.13780918728
9007,0.0,0,0,0,,
9008,0.0,0,0,0,,
9009,0.0,0,0,0,,
9010,0.0,0,0,0,,
9011,26276.0,272,0,272,,26276.430159692743
9012,0.0,0,0,0,,
9013,0.0,0,0,0,,
9014,0.0,0,0,0,,
9015,0.0,0,0,0,,
9018,0.0,0,0,0,,
9019,0.0,0,0,0,,
9020,22156.0,14,0,14,,22155.555555555555
9021,5069.0,16,16,0,5069.011075504583,
9022,0.0,0,0,0,,
9023,20930.0,21,0,21,,20930.232558139534
9024,0.0,0,0,0,,
9025,6323.0,69,69,0,6322.580645161291,
9026,22689.0,81,0,81,,22689.0756302521
9027,0.0,0,0,0,,
9028,0.0,0,0,0,,
9029,0.0,0,0,0,,
9030,0.0,0,0,0,,
9031,0.0,0,0,0,,
9032,0.0,0,0,0,,
9033,0.0,0,0,0,,
9034,0.0,0,0,0,,
9035,11178.0,7,0,7,,11177.98796216681
9036,0.0,0,0,0,,
9037,5956.0,17,17,0,5955.882352941177,
9038,0.0,0,0,0,,
9039,13760.0,24,0,24,,13760.0
9041,0.0,0,0,0,,
9042,0.0,0,0,0,,
9043,0.0,0,0,0,,
9045,0.0,0,0,0,,
9047,0.0,0,0,0,,
9050,0.0,0,0,0,,
9051,0.0,0,0,0,,
9053,29885.0,10,0,10,,29885.135135135133
9054,0.0,0,0,0,,
9055,0.0,0,0,0,,
9057,0.0,0,0,0,,
9058,0.0,0,0,0,,
9059,0.0,0,0,0,,
9060,0.0,0,0,0,,
9061,0.0,0,0,0,,
9062,0.0,0,0,0,,
9063,5357.0,17,17,0,5357.142857142857,
9064,16200.0,9,0,9,,16200.0
9065,11786.0,63,0,63,,11785.714285714286
9066,5801.0,17,17,0,5800.602739726028,
9067,0.0,2,0,2,,16479.100351817724
9070,6129.0,75,75,0,6129.032258064516,
9071,5386.0,46,46,0,5385.6822084268915,
9073,19737.0,26,0,26,,19736.842105263157
9074,0.0,0,0,0,,
9075,13231.0,31,0,31,,13230.76923076923
9076,17439.0,23,0,23,,17439.024390243903
9077,0.0,0,0,0,,
9078,5323.0,43,43,0,5323.076923076923,
9079,4949.0,31,31,0,4949.019607843137,
9080,5310.0,4,4,0,5309.8111039287505,
9081,5099.0,16,16,0,5099.377698755397,
9082,0.0,0,0,0,,
9083,0.0,0,0,0,,
9084,0.0,0,0,0,,
9085,0.0,0,0,0,,
9086,0.0,2,0,2,,18739.720507017217
9087,0.0,0,0,0,,
9088,0.0,0,0,0,,
9089,0.0,0,0,0,,
9090,0.0,0,0,0,,
9091,0.0,0,0,0,,
9092,0.0,0,0,0,,
9093,26498.0,17,0,17,,26497.89029535865
9094,22152.0,5,0,5,,22151.898734177215
9095,0.0,0,0,0,,
9096,5368.0,21,21,0,5367.64705882353,
9097,0.0,0,0,0,,
9098,0.0,0,0,0,,
9099,0.0,0,0,0,,
9100,0.0,0,0,0,,
9101,5959.0,31,31,0,5958.904109589041,
9102,7286.0,13,13,0,7285.714285714285,
9103,0.0,0,0,0,,
9104,7031.0,15,15,0,7031.25,
9105,0.0,0,0,0,,
9106,33346.0,246,0,246,,33345.71490094746
9107,6000.0,22,22,0,5999.63768115942,
9108,0.0,0,0,0,,
9109,0.0,0,0,0,,
9110,5489.0,18,18,0,5488.957194899818,
9111,30476.0,68,0,68,,30476.272648835202
9112,0.0,0,0,0,,
9113,5040.0,19,19,0,5040.0,
9114,5361.0,24,24,0,5361.243234377564,
9115,5236.0,10,10,0,5235.8490566037735,
9116,0.0,0,0,0,,
9118,0.0,0,0,0,,
9119,10221.0,143,143,0,10220.588235294115,
9120,0.0,0,0,0,,
9121,0.0,0,0,0,,
9122,0.0,0,0,0,,
9123,0.0,0,0,0,,
9124,0.0,0,0,0,,
9125,0.0,0,0,0,,
9126,0.0,0,0,0,,
9127,0.0,0,0,0,,
9128,0.0,0,0,0,,
9129,23774.0,11,0,11,,23773.584905660377
9130,0.0,0,0,0,,
9131,0.0,0,0,0,,
9132,0.0,0,0,0,,
9133,18692.0,13,0,13,,18691.58878504673
9134,0.0,0,0,0,,
9135,0.0,0,0,0,,
9136,0.0,0,0,0,,
9137,12302.0,11,0,11,,12301.587301587302
9138,0.0,0,0,0,,
9139,0.0,1,0,1,,16923.076923076922
9140,4488.0,26,26,0,4488.361840945159,
9141,0.0,0,0,0,,
9142,17630.0,15,0,15,,17629.62962962963
9143,0.0,0,0,0,,
9144,9901.0,14,0,14,,9901.37666440984
9145,22321.0,6,0,6,,22320.871053500836
9146,0.0,0,0,0,,
9147,16364.0,107,0,107,,16363.636363636364
9148,0.0,0,0,0,,
9149,0.0,0,0,0,,
9150,0.0,0,0,0,,
9151,0.0,0,0,0,,
9152,4324.0,12,12,0,4323.65571321882,
9153,0.0,0,0,0,,
9154,5196.0,44,44,0,5196.062271062271,
9155,6092.0,19,19,0,6092.307692307692,
9156,0.0,0,0,0,,
9157,0.0,0,0,0,,
9158,0.0,0,0,0,,
9159,0.0,0,0,0,,
9160,5880.0,10,10,0,5880.463144161775,
9161,0.0,2,0,2,,15954.861111111111
9162,0.0,0,0,0,,
9163,0.0,0,0,0,,
9164,0.0,0,0,0,,
9165,0.0,0,0,0,,
9166,0.0,0,0,0,,
9167,0.0,0,0,0,,
9168,0.0,0,0,0,,
9169,0.0,0,0,0,,
9171,29527.0,49,0,49,,29527.027027027027
9172,0.0,0,0,0,,
9173,0.0,0,0,0,,
9174,0.0,0,0,0,,
9175,0.0,0,0,0,,
9176,0.0,0,0,0,,
9177,0.0,0,0,0,,
9178,0.0,0,0,0,,
9179,31113.0,102,0,102,,31112.820512820515
9180,0.0,0,0,0,,
9181,0.0,0,0,0,,
9182,0.0,0,0,0,,
9183,0.0,0,0,0,,
9184,5338.0,36,36,0,5337.606837606838,
9185,0.0,0,0,0,,
9186,0.0,0,0,0,,
9187,0.0,0,0,0,,
9188,5532.0,20,20,0,5531.68286523303,
9189,23333.0,55,0,55,,23333.333333333332
9190,0.0,0,0,0,,
9192,0.0,0,0,0,,
9193,6663.0,50,50,0,6662.670092301836,
9194,0.0,0,0,0,,
9195,0.0,0,0,0,,
9196,0.0,0,0,0,,
9197,0.0,0,0,0,,
9199,0.0,0,0,0,,
9201,0.0,0,0,0,,
9202,0.0,0,0,0,,
9203,0.0,0,0,0,,
9204,0.0,0,0,0,,
9205,0.0,0,0,0,,
9206,0.0,0,0,0,,
9207,12830.0,5,0,5,,12830.409356725146
9210,4685.0,19,19,0,4684.931506849315,
9211,0.0,0,0,0,,
9213,0.0,0,0,0,,
9214,0.0,0,0,0,,
9217,0.0,0,0,0,,
9218,0.0,0,0,0,,
9219,0.0,0,0,0,,
9220,0.0,2,0,2,,13875.0
9221,5261.0,56,56,0,5260.6215978928885,
9222,4779.0,35,35,0,4779.220779220779,
9223,0.0,0,0,0,,
9224,6300.0,11,11,0,6300.0,
9225,0.0,0,0,0,,
9226,0.0,0,0,0,,
9227,6511.0,14,14,0,6510.775862068966,
9228,0.0,0,0,0,,
9229,9215.0,21,21,0,9215.05376344086,
9230,0.0,0,0,0,,
9231,5270.0,28,28,0,5270.27027027027,
9232,21429.0,43,0,43,,21428.571428571428
9233,0.0,0,0,0,,
9234,0.0,0,0,0,,
9235,17324.0,10,0,10,,17323.943661971833
9236,0.0,0,0,0,,
9237,34868.0,8,0,8,,34867.53856472166
9238,0.0,0,0,0,,
9239,0.0,0,0,0,,
9240,0.0,0,0,0,,
9241,5591.0,14,14,0,5591.140044458558,
9242,0.0,0,0,0,,
9245,0.0,0,0,0,,
9246,0.0,0,0,0,,
9247,0.0,0,0,0,,
9248,0.0,0,0,0,,
9249,0.0,0,0,0,,
9250,0.0,1,0,1,,24553.571428571428
9251,0.0,1,1,0,5329.411764705882,
9252,0.0,0,0,0,,
9254,0.0,0,0,0,,
9255,8485.0,6,0,6,,8485.416666666668
9256,0.0,0,0,0,,
9257,0.0,0,0,0,,
9258,0.0,0,0,0,,
9259,0.0,0,0,0,,
9260,0.0,0,0,0,,
9261,0.0,0,0,0,,
9262,0.0,0,0,0,,
9263,5738.0,23,23,0,5737.704918032787,
9264,5607.0,30,30,0,5606.72268907563,
9265,0.0,0,0,0,,
9266,9710.0,34,34,0,9710.144927536232,
9267,0.0,0,0,0,,
9268,6240.0,4,0,4,,6240.376687667202
9269,0.0,0,0,0,,
9270,14494.0,209,0,209,,14493.67088607595
9271,0.0,0,0,0,,
9272,7240.0,25,25,0,7240.0,
9273,0.0,0,0,0,,
9275,7806.0,43,43,0,7805.9701492537315,
9276,0.0,0,0,0,,
9277,9399.0,62,62,0,9399.32438861928,
9278,0.0,0,0,0,,
9280,0.0,0,0,0,,
9281,0.0,0,0,0,,
9282,5034.0,20,20,0,5034.246575342466,
9283,4229.0,4,4,0,4228.813559322034,
9284,5476.0,29,29,0,5476.190476190476,
9285,5541.0,7,7,0,5540.540540540541,
9286,0.0,0,0,0,,
9287,0.0,0,0,0,,
9288,0.0,0,0,0,,
9289,14844.0,15,0,15,,14843.75
9290,0.0,0,0,0,,
9291,5763.0,27,27,0,5762.71186440678,
9292,4463.0,10,10,0,4462.809917355372,
9293,0.0,0,0,0,,
9294,0.0,0,0,0,,
9295,0.0,0,0,0,,
9296,0.0,0,0,0,,
9297,0.0,0,0,0,,
9298,0.0,0,0,0,,
9299,0.0,0,0,0,,
9300,17269.0,56,0,56,,17268.66946126378
9301,0.0,0,0,0,,
9302,0.0,0,0,0,,
9303,0.0,0,0,0,,
9304,0.0,2,2,0,4139.1752577319585,
9305,0.0,0,0,0,,
9307,0.0,0,0,0,,
9308,0.0,0,0,0,,
9309,0.0,0,0,0,,
9310,0.0,0,0,0,,
9311,5022.0,30,30,0,5022.388059701492,
9312,0.0,0,0,0,,
9315,0.0,0,0,0,,
9316,0.0,0,0,0,,
9317,0.0,0,0,0,,
9318,0.0,0,0,0,,
9319,24263.0,8,0,8,,24263.38866656786
9320,0.0,0,0,0,,
9321,0.0,0,0,0,,
9322,0.0,0,0,0,,
9323,0.0,0,0,0,,
9324,19723.0,8,0,8,,19723.045804195805
9325,0.0,0,0,0,,
9326,11383.0,17,0,17,,11382.978723404256
9327,0.0,0,0,0,,
9328,0.0,0,0,0,,
9329,35906.0,6,0,6,,35905.54501370441
9330,5559.0,15,15,0,5558.823529411765,
9331,5673.0,49,49,0,5673.076923076923,
9332,0.0,0,0,0,,
9333,5405.0,24,24,0,5405.405405405405,
9334,5308.0,33,33,0,5307.692307692308,
9335,16465.0,62,0,62,,16465.24025120491
9336,0.0,0,0,0,,
9337,0.0,0,0,0,,
9338,0.0,0,0,0,,
9339,5431.0,21,21,0,5430.8943089430895,
9340,0.0,0,0,0,,
9341,9167.0,42,42,0,9166.666666666666,
9342,0.0,0,0,0,,
9343,5292.0,24,24,0,5291.950113378685,
9344,0.0,0,0,0,,
9345,0.0,0,0,0,,
9346,18103.0,3,0,3,,18103.44827586207
9347,0.0,0,0,0,,
9348,0.0,0,0,0,,
9349,0.0,0,0,0,,
9350,5066.0,28,28,0,5065.693430656935,
9351,0.0,0,0,0,,
9352,6811.0,13,13,0,6810.810810810811,
9353,0.0,0,0,0,,
9354,4665.0,6,6,0,4664.807831180294,
9355,6067.0,7,7,0,6066.666666666667,
9356,0.0,0,0,0,,
9357,0.0,0,0,0,,
9358,0.0,0,0,0,,
9359,9978.0,165,165,0,9978.494623655914,
9360,0.0,0,0,0,,
9361,5391.0,4,4,0,5390.75266749976,
9362,0.0,0,0,0,,
9363,0.0,0,0,0,,
9364,5228.0,13,13,0,5227.504761904762,
9365,0.0,0,0,0,,
9366,0.0,0,0,0,,
9367,0.0,0,0,0,,
9368,13706.0,20,0,20,,13705.936920222633
9369,0.0,0,0,0,,
9370,0.0,0,0,0,,
9371,0.0,0,0,0,,
9372,0.0,0,0,0,,
9373,5732.0,23,23,0,5731.707317073171,
9374,0.0,0,0,0,,
9375,0.0,0,0,0,,
9376,0.0,0,0,0,,
9377,0.0,0,0,0,,
9378,0.0,0,0,0,,
9379,7333.0,6,6,0,7333.333333333333,
9380,0.0,1,0,1,,13559.322033898305
9381,7293.0,10,10,0,7293.458823529412,
9382,0.0,0,0,0,,
9383,5983.0,10,10,0,5983.415233415233,
9384,0.0,0,0,0,,
9385,4908.0,29,29,0,4907.766990291262,
9386,5265.0,16,16,0,5264.714946070879,
9387,0.0,0,0,0,,
9388,0.0,0,0,0,,
9389,22363.0,24,0,24,,22363.204027034637
9390,0.0,1,0,1,,22982.456140350878
9391,0.0,0,0,0,,
9392,5114.0,18,18,0,5113.636363636364,
9393,0.0,0,0,0,,
9394,5248.0,23,23,0,5248.35294117647,
9395,8015.0,9,9,0,8014.55737704918,
9396,5333.0,9,9,0,5333.333333333333,
9397,4844.0,26,26,0,4844.072321320228,
9398,0.0,0,0,0,,
9399,0.0,0,0,0,,
9400,0.0,0,0,0,,
9401,0.0,0,0,0,,
9402,0.0,0,0,0,,
9403,0.0,0,0,0,,
9404,5797.0,23,23,0,5797.101449275362,
9406,0.0,0,0,0,,
9407,0.0,0,0,0,,
9408,0.0,0,0,0,,
9409,0.0,0,0,0,,
9410,0.0,0,0,0,,
9411,0.0,0,0,0,,
9412,0.0,0,0,0,,
9413,0.0,0,0,0,,
9414,0.0,0,0,0,,
9415,0.0,0,0,0,,
9416,0.0,0,0,0,,
9417,7449.0,14,14,0,7449.172972610995,
9418,0.0,0,0,0,,
9419,5041.0,3,3,0,5041.322314049587,
9420,0.0,0,0,0,,
9421,0.0,0,0,0,,
9422,0.0,0,0,0,,
9423,0.0,0,0,0,,
9424,0.0,0,0,0,,
9425,8035.0,13,13,0,8035.398230088495,
9426,0.0,0,0,0,,
9427,0.0,0,0,0,,
9428,0.0,0,0,0,,
9429,4920.0,47,47,0,4920.0,
9430,0.0,0,0,0,,
9432,0.0,0,0,0,,
9433,15082.0,5,0,5,,15081.967213114754
9434,0.0,0,0,0,,
9435,0.0,0,0,0,,
9436,0.0,0,0,0,,
9437,5179.0,65,65,0,5179.104477611941,
9438,0.0,0,0,0,,
9439,0.0,0,0,0,,
9440,0.0,0,0,0,,
9441,0.0,0,0,0,,
9442,0.0,0,0,0,,
9443,0.0,0,0,0,,
9444,6015.0,3,3,0,6014.925373134329,
9445,5954.0,14,14,0,5953.713574982232,
9446,15124.0,26,0,26,,15123.803030303032
9447,5068.0,9,9,0,5068.493150684932,
9448,0.0,0,0,0,,
9449,0.0,0,0,0,,
9450,21084.0,6,0,6,,21083.602048894078
9451,5112.0,6,6,0,5111.570247933884,
9452,0.0,0,0,0,,
9453,0.0,0,0,0,,
9454,21208.0,7,0,7,,21208.333333333332
9455,27222.0,3,0,3,,27222.222222222223
9456,15321.0,30,0,30,,15321.477428180575
9457,5411.0,41,41,0,5410.958904109589,
9458,5390.0,21,21,0,5389.61038961039,
9459,14804.0,4,0,4,,14804.266815648738
9460,16466.0,11,0,11,,16465.51724137931
9461,0.0,0,0,0,,
9462,5623.0,20,20,0,5623.188405797101,
9463,0.0,0,0,0,,
9464,0.0,0,0,0,,
9465,0.0,0,0,0,,
9466,5883.0,25,25,0,5882.7945205479455,
9467,22867.0,14,0,14,,22866.97860962567
9468,0.0,0,0,0,,
9469,0.0,0,0,0,,
9470,0.0,0,0,0,,
9471,0.0,0,0,0,,
9472,0.0,0,0,0,,
9473,0.0,0,0,0,,
9474,0.0,0,0,0,,
9475,4619.0,47,47,0,4619.047619047619,
9476,0.0,0,0,0,,
9477,0.0,0,0,0,,
9478,0.0,0,0,0,,
9479,0.0,0,0,0,,
9480,0.0,1,1,0,6475.4098360655735,
9481,0.0,0,0,0,,
9483,0.0,0,0,0,,
9484,0.0,0,0,0,,
9485,0.0,0,0,0,,
9486,0.0,0,0,0,,
9487,16163.0,8,0,8,,16163.31998966942
9488,0.0,0,0,0,,
9489,0.0,1,0,1,,9659.09090909091
9490,6252.0,75,75,0,6252.059701492537,
9491,0.0,0,0,0,,
9492,0.0,0,0,0,,
9493,0.0,0,0,0,,
9494,7045.0,12,12,0,7045.454545454546,
9495,0.0,0,0,0,,
9496,0.0,0,0,0,,
9497,6737.0,37,37,0,6736.507936507936,
9498,0.0,0,0,0,,
9499,0.0,0,0,0,,
9500,0.0,2,0,2,,15454.545454545456
9501,5975.0,10,10,0,5974.576271186441,
9502,5575.0,36,36,0,5574.626865671642,
9503,37194.0,5,0,5,,37194.373401534525
9504,0.0,0,0,0,,
9505,0.0,0,0,0,,
9506,5231.0,33,33,0,5230.769230769231,
9507,26957.0,17,0,17,,26956.521739130436
9508,0.0,0,0,0,,
9509,0.0,0,0,0,,
9510,0.0,0,0,0,,
9511,0.0,0,0,0,,
9512,0.0,0,0,0,,
9513,14573.0,5,0,5,,14573.155792276964
9514,0.0,0,0,0,,
9515,11014.0,9,0,9,,11014.492753623188
9516,0.0,0,0,0,,
9517,5604.0,35,35,0,5604.026845637584,
9518,0.0,0,0,0,,
9519,0.0,0,0,0,,
9521,0.0,0,0,0,,
9522,0.0,0,0,0,,
9523,0.0,0,0,0,,
9524,0.0,0,0,0,,
9526,0.0,0,0,0,,
9527,13654.0,13,0,13,,13653.846153846154
9528,21726.0,15,0,15,,21726.190476190477
9529,0.0,0,0,0,,
9531,25319.0,71,0,71,,25319.14893617021
9532,5433.0,3,3,0,5432.692307692308,
9533,6143.0,33,27,6,4836.065573770492,12023.60625
9534,0.0,0,0,0,,
9536,0.0,0,0,0,,
9537,0.0,0,0,0,,
9538,0.0,0,0,0,,
9539,0.0,0,0,0,,
9540,0.0,0,0,0,,
9541,0.0,0,0,0,,
9542,0.0,0,0,0,,
9543,0.0,0,0,0,,
9544,6504.0,11,11,0,6504.065040650406,
9545,5819.0,34,34,0,5819.125424263952,
9546,5992.0,9,9,0,5991.735537190083,
9547,5523.0,26,26,0,5522.846153846154,
9548,0.0,2,0,2,,21069.774795821635
9549,17068.0,4,0,4,,17067.96930134086
9550,0.0,0,0,0,,
9551,5682.0,39,39,0,5681.818181818182,
9552,0.0,0,0,0,,
9553,0.0,0,0,0,,
9554,0.0,0,0,0,,
9555,15873.0,11,0,11,,15873.015873015873
9556,0.0,0,0,0,,
9557,5756.0,5,5,0,5756.09756097561,
9558,0.0,0,0,0,,
9559,0.0,0,0,0,,
9560,0.0,0,0,0,,
9561,0.0,0,0,0,,
9562,0.0,0,0,0,,
9563,0.0,0,0,0,,
9564,5137.0,33,33,0,5136.986301369863,
9565,0.0,0,0,0,,
9566,0.0,0,0,0,,
9567,6847.0,15,15,0,6847.457627118644,
9568,5368.0,25,25,0,5367.714285714285,
9569,0.0,0,0,0,,
9570,15093.0,20,0,20,,15092.846457607433
9571,0.0,0,0,0,,
9572,5224.0,19,19,0,5223.880597014925,
9573,0.0,1,0,1,,17821.78217821782
9574,18750.0,138,0,138,,18750.0
9575,0.0,0,0,0,,
9576,0.0,0,0,0,,
9577,5791.0,35,35,0,5791.044776119403,
9578,0.0,0,0,0,,
9579,0.0,0,0,0,,
9580,0.0,0,0,0,,
9581,5166.0,9,9,0,5165.818181818182,
9583,6444.0,3,3,0,6444.444444444444,
9584,0.0,0,0,0,,
9585,0.0,0,0,0,,
9586,0.0,0,0,0,,
9587,0.0,0,0,0,,
9588,0.0,0,0,0,,
9589,0.0,0,0,0,,
9590,0.0,0,0,0,,
9591,0.0,0,0,0,,
9592,0.0,0,0,0,,
9593,0.0,0,0,0,,
9594,0.0,0,0,0,,
9595,0.0,0,0,0,,
9596,0.0,0,0,0,,
9597,0.0,0,0,0,,
9598,0.0,0,0,0,,
9599,0.0,0,0,0,,
9600,0.0,0,0,0,,
9601,0.0,0,0,0,,
9602,0.0,0,0,0,,
9603,0.0,0,0,0,,
9604,0.0,0,0,0,,
9605,0.0,0,0,0,,
9606,0.0,0,0,0,,
9607,0.0,0,0,0,,
9608,0.0,0,0,0,,
9609,0.0,0,0,0,,
9610,0.0,0,0,0,,
9611,9267.0,32,32,0,9266.666666666668,
9612,0.0,0,0,0,,
9613,0.0,0,0,0,,
9614,0.0,0,0,0,,
9615,0.0,0,0,0,,
9616,4763.0,10,10,0,4763.3723892002035,
9617,20238.0,6,0,6,,20238.328849501504
9618,4961.0,28,28,0,4960.9375,
9619,7109.0,18,18,0,7109.153318077803,
9620,0.0,0,0,0,,
9621,13621.0,87,0,87,,13620.689655172413
9622,20872.0,6,0,6,,20872.46087246087
9623,0.0,0,0,0,,
9624,0.0,0,0,0,,
9625,0.0,0,0,0,,
9626,0.0,0,0,0,,
9627,0.0,0,0,0,,
9628,23369.0,7,0,7,,23368.55189558732
9629,0.0,0,0,0,,
9630,0.0,0,0,0,,
9631,0.0,0,0,0,,
9632,4510.0,14,14,0,4509.847822921218,
9633,0.0,0,0,0,,
9634,16879.0,21,0,21,,16878.980891719744
9635,0.0,0,0,0,,
9636,19049.0,112,17,95,8830.0,20877.19298245614
9637,0.0,0,0,0,,
9638,0.0,0,0,0,,
9639,0.0,0,0,0,,
9640,0.0,0,0,0,,
9642,7429.0,46,46,0,7429.347826086956,
9645,0.0,0,0,0,,
9646,0.0,2,0,2,,21122.573730852793
9647,0.0,0,0,0,,
9648,0.0,0,0,0,,
9649,0.0,0,0,0,,
9650,0.0,0,0,0,,
9651,0.0,0,0,0,,
9652,0.0,0,0,0,,
9653,0.0,0,0,0,,
9654,0.0,0,0,0,,
9655,0.0,0,0,0,,
9656,0.0,0,0,0,,
9657,0.0,0,0,0,,
9658,0.0,0,0,0,,
9659,0.0,0,0,0,,
9661,0.0,0,0,0,,
9662,15789.0,19,0,19,,15789.473684210527
9663,0.0,0,0,0,,
9664,0.0,0,0,0,,
9665,6586.0,11,11,0,6586.206896551724,
9666,12298.0,105,0,105,,12297.520661157025
9667,0.0,0,0,0,,
9668,0.0,0,0,0,,
9669,0.0,0,0,0,,
9670,0.0,0,0,0,,
9671,0.0,0,0,0,,
9672,5652.0,60,60,0,5652.231777231777,
9673,0.0,0,0,0,,
9674,0.0,0,0,0,,
9675,24385.0,22,0,22,,24385.38005215124
9676,5640.0,8,8,0,5640.243902439024,
9677,0.0,0,0,0,,
9678,0.0,0,0,0,,
9679,0.0,0,0,0,,
9680,0.0,0,0,0,,
9681,0.0,0,0,0,,
9682,8374.0,12,9,3,7117.731343283582,12142.857142857143
9683,0.0,0,0,0,,
9684,0.0,0,0,0,,
9686,6983.0,18,18,0,6982.758620689655,
9687,0.0,0,0,0,,
9688,0.0,0,0,0,,
9689,0.0,0,0,0,,
9690,0.0,0,0,0,,
9691,5000.0,5,5,0,5000.0,
9692,0.0,0,0,0,,
9693,0.0,0,0,0,,
9694,0.0,0,0,0,,
9695,0.0,2,0,2,,15662.100456621003
9696,0.0,0,0,0,,
9697,0.0,0,0,0,,
9698,0.0,0,0,0,,
9699,0.0,0,0,0,,
9700,0.0,0,0,0,,
9701,13296.0,3,0,3,,13296.089385474861
9702,13564.0,89,5,84,5863.636363636364,14022.869565217392
9703,6844.0,21,21,0,6843.75,
9704,0.0,0,0,0,,
9705,5329.0,4,4,0,5328.947368421053,
9706,10839.0,37,0,37,,10839.160839160839
9707,13641.0,18,0,18,,13640.945920482382
9708,0.0,0,0,0,,
9709,0.0,0,0,0,,
9710,0.0,0,0,0,,
9711,0.0,0,0,0,,
9712,0.0,0,0,0,,
9713,5479.0,39,39,0,5479.45205479452,
9714,0.0,0,0,0,,
9715,6651.0,6,6,0,6651.482909961431,
9716,5147.0,15,15,0,5147.058823529412,
9718,14928.0,613,0,613,,14927.710843373494
9719,5401.0,27,27,0,5400.95652173913,
9721,0.0,0,0,0,,
9722,0.0,0,0,0,,
9725,0.0,0,0,0,,
9726,0.0,0,0,0,,
9727,0.0,0,0,0,,
9728,5221.0,38,38,0,5220.689655172414,
9730,0.0,0,0,0,,
9731,6369.0,36,36,0,6369.2307692307695,
9733,0.0,0,0,0,,
9734,0.0,0,0,0,,
9736,4190.0,11,11,0,4190.476190476191,
9737,6765.0,17,17,0,6764.705882352941,
9738,0.0,0,0,0,,
9740,0.0,0,0,0,,
9741,0.0,0,0,0,,
9742,0.0,0,0,0,,
9743,15877.0,20,0,20,,15876.956287101995
9744,28452.0,8,0,8,,28452.202346397957
9745,0.0,0,0,0,,
9746,0.0,0,0,0,,
9747,0.0,0,0,0,,
9748,0.0,0,0,0,,
9749,0.0,0,0,0,,
9750,0.0,0,0,0,,
9751,0.0,0,0,0,,
9752,0.0,0,0,0,,
9753,0.0,0,0,0,,
9755,0.0,0,0,0,,
9756,0.0,0,0,0,,
9757,0.0,0,0,0,,
9758,0.0,0,0,0,,
9759,0.0,0,0,0,,
9760,6721.0,19,19,0,6721.311475409836,
9761,0.0,0,0,0,,
9762,0.0,0,0,0,,
9763,0.0,0,0,0,,
9765,17150.0,63,7,56,6694.9152542372885,18456.916099773243
9766,0.0,0,0,0,,
9767,0.0,0,0,0,,
9768,0.0,0,0,0,,
9769,27649.0,47,0,47,,27648.64864864865
9770,0.0,0,0,0,,
9772,5437.0,8,8,0,5436.893203883496,
9773,0.0,0,0,0,,
9774,0.0,0,0,0,,
9775,0.0,0,0,0,,
9776,0.0,0,0,0,,
9777,0.0,0,0,0,,
9778,0.0,0,0,0,,
9779,6571.0,60,60,0,6570.796460176991,
9780,4790.0,6,6,0,4790.178571428572,
9781,0.0,0,0,0,,
9782,0.0,0,0,0,,
9783,0.0,0,0,0,,
9784,0.0,0,0,0,,
9785,0.0,0,0,0,,
9786,4692.0,17,17,0,4692.307692307692,
9787,14727.0,14,0,14,,14727.126805778491
9788,19684.0,108,10,98,6456.043956043956,21033.82771535581
9789,0.0,0,0,0,,
9790,28624.0,77,0,77,,28623.853211009173
9791,0.0,0,0,0,,
9792,37313.0,16,0,16,,37313.432835820895
9793,5146.0,21,21,0,5145.631067961165,
9794,0.0,0,0,0,,
9795,0.0,0,0,0,,
9796,0.0,0,0,0,,
9797,0.0,0,0,0,,
9798,0.0,0,0,0,,
9799,8602.0,67,67,0,8602.150537634408,
9800,5068.0,5,5,0,5068.027210884354,
9801,0.0,0,0,0,,
9803,0.0,0,0,0,,
9804,0.0,0,0,0,,
9805,0.0,0,0,0,,
9806,5133.0,30,30,0,5132.919520547945,
9807,5522.0,25,25,0,5522.388059701492,
9808,0.0,0,0,0,,
9809,0.0,0,0,0,,
9810,0.0,0,0,0,,
9811,0.0,1,0,1,,10869.565217391306
9812,0.0,0,0,0,,
9813,0.0,0,0,0,,
9814,0.0,0,0,0,,
9815,0.0,0,0,0,,
9816,0.0,0,0,0,,
9817,0.0,0,0,0,,
9818,0.0,0,0,0,,
9819,0.0,0,0,0,,
9820,0.0,0,0,0,,
9821,6507.0,24,24,0,6506.840579710145,
9822,0.0,0,0,0,,
9823,0.0,0,0,0,,
9824,5791.0,7,7,0,5791.044776119403,
9825,0.0,0,0,0,,
9826,0.0,0,0,0,,
9827,5866.0,25,25,0,5865.671641791045,
9828,5012.0,40,40,0,5011.9047619047615,
9829,5024.0,24,24,0,5023.584905660377,
9830,0.0,0,0,0,,
9831,17308.0,19,0,19,,17307.69230769231
9832,0.0,0,0,0,,
9833,0.0,0,0,0,,
9834,0.0,0,0,0,,
9835,0.0,0,0,0,,
9837,0.0,0,0,0,,
9838,0.0,0,0,0,,
9839,12946.0,38,0,38,,12946.400826189465
9840,0.0,0,0,0,,
9841,0.0,0,0,0,,
9842,0.0,0,0,0,,
9843,0.0,0,0,0,,
9844,0.0,0,0,0,,
9845,0.0,0,0,0,,
9846,0.0,0,0,0,,
9847,0.0,0,0,0,,
9848,0.0,0,0,0,,
9849,0.0,0,0,0,,
9850,0.0,0,0,0,,
9851,0.0,0,0,0,,
9852,0.0,0,0,0,,
9853,5793.0,9,9,0,5792.682926829269,
9854,0.0,0,0,0,,
9855,0.0,0,0,0,,
9856,18488.0,11,0,11,,18488.485241647744
9857,0.0,0,0,0,,
9858,0.0,0,0,0,,
9859,0.0,0,0,0,,
9861,5672.0,11,11,0,5671.641791044776,
9862,6610.0,13,13,0,6610.169491525424,
9863,6667.0,19,19,0,6666.666666666667,
9864,0.0,0,0,0,,
9865,0.0,0,0,0,,
9866,6466.0,10,10,0,6466.1016949152545,
9867,0.0,0,0,0,,
9868,5660.0,32,32,0,5659.59040959041,
9869,5600.0,19,19,0,5600.0,
9870,0.0,0,0,0,,
9871,0.0,0,0,0,,
9872,0.0,0,0,0,,
9873,25908.0,12,0,12,,25908.300738809216
9874,0.0,0,0,0,,
9875,0.0,0,0,0,,
9876,0.0,0,0,0,,
9877,0.0,0,0,0,,
9878,0.0,2,2,0,6419.117647058823,
9879,0.0,0,0,0,,
9880,0.0,1,0,1,,34441.340782122905
9881,0.0,0,0,0,,
9882,0.0,0,0,0,,
9883,0.0,0,0,0,,
9884,6212.0,23,23,0,6212.121212121212,
9885,0.0,0,0,0,,
9886,0.0,0,0,0,,
9887,0.0,0,0,0,,
9888,0.0,0,0,0,,
9889,0.0,0,0,0,,
9890,0.0,0,0,0,,
9891,0.0,0,0,0,,
9892,0.0,0,0,0,,
9893,6186.0,39,39,0,6186.440677966101,
9894,11980.0,3,0,3,,11980.482204362803
9895,0.0,0,0,0,,
9896,0.0,0,0,0,,
9897,0.0,0,0,0,,
9898,0.0,0,0,0,,
9899,12975.0,7,0,7,,12975.206611570247
9900,0.0,0,0,0,,
9901,0.0,0,0,0,,
9902,0.0,1,0,1,,30721.53325817362
9903,0.0,0,0,0,,
9904,0.0,0,0,0,,
9905,0.0,0,0,0,,
9906,4864.0,13,13,0,4863.636363636364,
9908,0.0,0,0,0,,
9910,0.0,0,0,0,,
9911,0.0,0,0,0,,
9912,0.0,0,0,0,,
9913,5205.0,35,35,0,5205.479452054795,
9914,0.0,0,0,0,,
9915,0.0,0,0,0,,
9916,0.0,0,0,0,,
9917,0.0,0,0,0,,
9918,16769.0,5,0,5,,16769.014084507042
9919,7202.0,12,12,0,7202.380952380952,
9920,0.0,0,0,0,,
9921,9209.0,17,0,17,,9208.633093525179
9922,0.0,0,0,0,,
9923,0.0,0,0,0,,
9924,0.0,0,0,0,,
9925,0.0,0,0,0,,
9926,0.0,0,0,0,,
9927,5377.0,20,20,0,5377.307692307692,
9928,0.0,1,1,0,7203.389830508475,
9929,0.0,0,0,0,,
9930,0.0,0,0,0,,
9931,0.0,0,0,0,,
9932,5539.0,12,12,0,5539.285714285714,
9933,12439.0,69,0,69,,12439.024390243903
9934,0.0,0,0,0,,
9935,5108.0,23,23,0,5107.526881720431,
9936,0.0,0,0,0,,
9937,0.0,0,0,0,,
9938,0.0,0,0,0,,
9939,0.0,0,0,0,,
9940,0.0,0,0,0,,
9941,16824.0,21,0,21,,16823.529411764706
9942,0.0,0,0,0,,
9943,0.0,0,0,0,,
9944,4870.0,47,47,0,4870.12987012987,
9945,0.0,0,0,0,,
9946,0.0,0,0,0,,
9947,4549.0,21,21,0,4548.872180451128,
9948,11981.0,26,26,0,11981.308411214954,
9949,0.0,0,0,0,,
9950,5258.0,10,10,0,5258.268301746562,
9951,6786.0,3,3,0,6785.714285714285,
9952,0.0,0,0,0,,
9953,0.0,0,0,0,,
9954,4448.0,26,26,0,4448.051948051948,
9955,0.0,0,0,0,,
9956,0.0,0,0,0,,
9957,0.0,0,0,0,,
9958,0.0,0,0,0,,
9959,0.0,0,0,0,,
9960,0.0,0,0,0,,
9961,0.0,0,0,0,,
9962,0.0,0,0,0,,
9964,0.0,0,0,0,,
9965,0.0,0,0,0,,
9966,0.0,0,0,0,,
9967,8537.0,3,0,3,,8537.117903930131
9968,5020.0,12,12,0,5020.27027027027,
9969,0.0,0,0,0,,
9970,14719.0,46,0,46,,14718.732193732194
9971,0.0,0,0,0,,
9972,0.0,0,0,0,,
9973,0.0,0,0,0,,
9974,0.0,0,0,0,,
9975,0.0,0,0,0,,
9976,7204.0,21,21,0,7204.301075268817,
9977,0.0,0,0,0,,
9978,0.0,0,0,0,,
9979,5044.0,30,30,0,5043.746031746032,
9980,0.0,0,0,0,,
9981,16322.0,6,0,6,,16321.642269348267
9982,8482.0,24,24,0,8482.31818181818,
9983,0.0,0,0,0,,
9984,0.0,0,0,0,,
9985,0.0,0,0,0,,
9986,19766.0,25,0,25,,19765.625
9987,0.0,0,0,0,,
9988,5355.0,36,36,0,5354.545454545454,
9989,0.0,0,0,0,,
9990,0.0,0,0,0,,
9991,0.0,0,0,0,,
9992,17013.0,7,0,7,,17012.987012987014
9993,28937.0,127,0,127,,28936.507936507936
9994,0.0,0,0,0,,
9995,0.0,0,0,0,,
9996,5973.0,11,11,0,5972.789115646258,
9997,0.0,0,0,0,,
9998,0.0,0,0,0,,
9999,14709.0,38,10,28,9416.666666666666,16598.809523809523
10000,0.0,0,0,0,,
10001,0.0,0,0,0,,
10002,8410.0,5,5,0,8409.638554216868,
10003,0.0,0,0,0,,
10004,0.0,0,0,0,,
10005,0.0,0,0,0,,
10006,0.0,0,0,0,,
10008,7849.0,13,9,4,5040.0,14169.654811016067
10009,0.0,2,0,2,,17383.216205043405
10010,0.0,0,0,0,,
10011,0.0,0,0,0,,
10012,9722.0,14,7,7,6400.0,13043.478260869566
10013,0.0,0,0,0,,
10014,0.0,0,0,0,,
10015,5625.0,33,33,0,5625.0,
10016,0.0,0,0,0,,
10017,0.0,0,0,0,,
10018,8147.0,12,12,0,8147.302312303739,
10019,4930.0,14,14,0,4929.906542056075,
10020,0.0,0,0,0,,
10022,0.0,0,0,0,,
10023,6746.0,13,13,0,6746.268656716418,
10024,0.0,0,0,0,,
10025,0.0,0,0,0,,
10026,0.0,0,0,0,,
10027,0.0,0,0,0,,
10028,7192.0,9,9,0,7191.780821917808,
10029,6085.0,13,13,0,6084.905660377359,
10030,0.0,0,0,0,,
10031,0.0,0,0,0,,
10032,0.0,0,0,0,,
10033,0.0,0,0,0,,
10034,0.0,0,0,0,,
10035,6160.0,107,107,0,6160.086021505376,
10036,0.0,0,0,0,,
10037,0.0,0,0,0,,
10038,5551.0,22,22,0,5550.735554767813,
10039,0.0,0,0,0,,
10040,4398.0,21,21,0,4398.496240601504,
10042,14636.0,10,0,10,,14635.967213114754
10043,0.0,0,0,0,,
10044,4910.0,18,18,0,4910.271472824556,
10045,0.0,0,0,0,,
10048,0.0,0,0,0,,
10049,0.0,0,0,0,,
10050,0.0,0,0,0,,
10051,0.0,0,0,0,,
10052,5215.0,31,31,0,5215.05376344086,
10053,0.0,0,0,0,,
10054,0.0,0,0,0,,
10055,5156.0,55,55,0,5156.25,
10056,0.0,0,0,0,,
10057,0.0,0,0,0,,
10058,5899.0,4,4,0,5899.310344827587,
10059,0.0,0,0,0,,
10060,0.0,0,0,0,,
10061,0.0,2,0,2,,18942.66917293233
10063,0.0,0,0,0,,
10064,0.0,0,0,0,,
10065,0.0,0,0,0,,
10066,13164.0,10,0,10,,13164.32008554625
10067,0.0,0,0,0,,
10068,7107.0,123,123,0,7107.478260869565,
10069,0.0,0,0,0,,
10070,0.0,0,0,0,,
10071,0.0,0,0,0,,
10072,0.0,0,0,0,,
10073,0.0,0,0,0,,
10074,0.0,0,0,0,,
10075,0.0,0,0,0,,
10077,0.0,0,0,0,,
10078,5324.0,35,35,0,5323.529411764706,
10079,0.0,0,0,0,,
10080,6338.0,6,6,0,6337.761643624006,
10081,6774.0,81,81,0,6774.193548387097,
10083,0.0,0,0,0,,
10084,9236.0,28,28,0,9235.828877005348,
10085,10680.0,56,56,0,10680.344718532575,
10086,0.0,0,0,0,,
10087,0.0,0,0,0,,
10088,0.0,0,0,0,,
10089,0.0,0,0,0,,
10090,0.0,0,0,0,,
10091,0.0,0,0,0,,
10092,0.0,0,0,0,,
10093,0.0,0,0,0,,
10094,5500.0,10,10,0,5500.0,
10095,0.0,0,0,0,,
10096,5828.0,29,29,0,5828.0,
10097,0.0,0,0,0,,
10098,0.0,0,0,0,,
10099,0.0,0,0,0,,
10100,28969.0,23,0,23,,28969.072164948455
10101,5667.0,23,23,0,5666.666666666667,
10102,0.0,0,0,0,,
10103,0.0,0,0,0,,
10104,0.0,0,0,0,,
10105,0.0,0,0,0,,
10106,0.0,0,0,0,,
10107,0.0,0,0,0,,
10108,0.0,0,0,0,,
10109,7524.0,33,33,0,7523.809523809524,
10110,0.0,0,0,0,,
10111,0.0,0,0,0,,
10112,0.0,0,0,0,,
10113,0.0,0,0,0,,
10114,6218.0,23,23,0,6218.487394957983,
10115,0.0,0,0,0,,
10116,0.0,0,0,0,,
10117,0.0,0,0,0,,
10118,0.0,0,0,0,,
10119,20845.0,15,0,15,,20845.070422535213
10120,0.0,0,0,0,,
10121,18363.0,9,0,9,,18362.83185840708
10122,0.0,1,0,1,,23904.38247011952
10123,0.0,0,0,0,,
10124,0.0,0,0,0,,
10125,0.0,0,0,0,,
10126,19014.0,37,0,37,,19014.084507042255
10127,0.0,0,0,0,,
10129,12980.0,11,0,11,,12979.79797979798
10130,0.0,0,0,0,,
10131,0.0,0,0,0,,
10132,0.0,0,0,0,,
10133,0.0,0,0,0,,
10134,0.0,0,0,0,,
10135,5619.0,34,34,0,5618.662749706228,
10136,0.0,0,0,0,,
10137,0.0,0,0,0,,
10138,0.0,1,0,1,,61300.0
10139,0.0,0,0,0,,
10140,0.0,0,0,0,,
10141,11114.0,24,0,24,,11113.600896860986
10142,0.0,0,0,0,,
10143,17292.0,14,0,14,,17291.657397107898
10144,0.0,0,0,0,,
10145,0.0,0,0,0,,
10146,0.0,0,0,0,,
10147,0.0,0,0,0,,
10148,0.0,2,0,2,,15034.368362013414
10149,0.0,0,0,0,,
10150,5478.0,23,23,0,5477.611940298508,
10151,0.0,0,0,0,,
10152,0.0,0,0,0,,
10153,0.0,0,0,0,,
10154,0.0,0,0,0,,
10155,0.0,0,0,0,,
10156,0.0,0,0,0,,
10157,0.0,0,0,0,,
10159,0.0,0,0,0,,
10160,0.0,0,0,0,,
10161,0.0,0,0,0,,
10162,0.0,0,0,0,,
10163,0.0,0,0,0,,
10164,7589.0,9,9,0,7588.888888888889,
10165,0.0,0,0,0,,
10166,5946.0,39,39,0,5945.652173913043,
10167,0.0,0,0,0,,
10168,0.0,0,0,0,,
10169,0.0,0,0,0,,
10170,0.0,0,0,0,,
10171,0.0,0,0,0,,
10172,0.0,0,0,0,,
10173,5056.0,10,10,0,5055.555555555556,
10174,0.0,0,0,0,,
10175,0.0,0,0,0,,
10176,4323.0,8,8,0,4322.559002289052,
10177,0.0,0,0,0,,
10178,25840.0,6,0,6,,25840.034080621972
10179,17177.0,82,0,82,,17176.5625
10180,0.0,0,0,0,,
10181,0.0,0,0,0,,
10182,5692.0,39,39,0,5692.307692307692,
10183,0.0,0,0,0,,
10184,0.0,0,0,0,,
10185,0.0,0,0,0,,
10186,0.0,0,0,0,,
10187,0.0,0,0,0,,
10188,0.0,2,0,2,,9262.238903394256
10189,0.0,0,0,0,,
10190,0.0,0,0,0,,
10191,5634.0,9,9,0,5633.802816901409,
10192,0.0,0,0,0,,
10193,0.0,0,0,0,,
10194,0.0,0,0,0,,
10195,0.0,0,0,0,,
10196,0.0,0,0,0,,
10197,4965.0,21,21,0,4965.277777777777,
10198,18089.0,253,37,216,11423.91304347826,19230.76923076923
10199,15024.0,5,0,5,,15023.70645227788
10200,0.0,0,0,0,,
10201,0.0,0,0,0,,
10202,0.0,0,0,0,,
10203,0.0,0,0,0,,
10204,0.0,0,0,0,,
10205,0.0,0,0,0,,
10206,0.0,0,0,0,,
10207,0.0,0,0,0,,
10208,6946.0,30,30,0,6946.153846153846,
10209,0.0,2,0,2,,15193.649107641548
10210,0.0,0,0,0,,
10211,0.0,0,0,0,,
10212,5667.0,57,57,0,5666.666666666667,
10214,0.0,0,0,0,,
10215,0.0,0,0,0,,
10216,5777.0,14,14,0,5776.785714285714,
10218,0.0,0,0,0,,
10219,0.0,0,0,0,,
10220,0.0,0,0,0,,
10221,5825.0,15,15,0,5825.242718446602,
10222,4337.0,14,14,0,4337.011349306431,
10223,0.0,0,0,0,,
10224,0.0,0,0,0,,
10226,7869.0,24,24,0,7868.636363636364,
10227,0.0,0,0,0,,
10228,6548.0,13,13,0,6547.619047619048,
10229,0.0,0,0,0,,
10230,0.0,0,0,0,,
10231,5385.0,21,21,0,5384.615384615385,
10232,6840.0,3,3,0,6840.277777777777,
10233,0.0,0,0,0,,
10234,0.0,0,0,0,,
10235,0.0,0,0,0,,
10236,0.0,0,0,0,,
10237,0.0,0,0,0,,
10238,5111.0,5,5,0,5111.111111111111,
10239,0.0,0,0,0,,
10240,0.0,0,0,0,,
10241,0.0,0,0,0,,
10242,15904.0,10,0,10,,15904.040404040405
10243,0.0,0,0,0,,
10244,0.0,0,0,0,,
10245,0.0,0,0,0,,
10246,0.0,0,0,0,,
10247,0.0,0,0,0,,
10248,0.0,0,0,0,,
10249,19216.0,113,0,113,,19215.686274509804
10250,0.0,0,0,0,,
10251,0.0,0,0,0,,
10252,0.0,0,0,0,,
10253,0.0,0,0,0,,
10254,7838.0,40,40,0,7837.5053763440865,
10255,0.0,0,0,0,,
10256,0.0,0,0,0,,
10257,18761.0,18,0,18,,18760.692395770187
10258,0.0,0,0,0,,
10259,0.0,0,0,0,,
10260,0.0,0,0,0,,
10261,0.0,0,0,0,,
10264,5616.0,17,17,0,5616.438356164384,
10265,0.0,0,0,0,,
10266,6163.0,7,7,0,6162.790697674419,
10267,0.0,0,0,0,,
10268,4572.0,7,7,0,4571.728155339806,
10269,4656.0,23,23,0,4656.488549618321,
10270,5169.0,63,63,0,5169.4915254237285,
10271,0.0,2,2,0,6044.7761194029845,
10272,0.0,0,0,0,,
10273,10965.0,21,0,21,,10964.912280701754
10274,0.0,0,0,0,,
10275,0.0,0,0,0,,
10276,0.0,0,0,0,,
10277,0.0,0,0,0,,
10278,0.0,0,0,0,,
10279,0.0,0,0,0,,
10280,0.0,0,0,0,,
10281,21985.0,6,0,6,,21984.682440846824
10282,0.0,0,0,0,,
10283,0.0,0,0,0,,
10284,0.0,0,0,0,,
10285,0.0,0,0,0,,
10286,10343.0,54,54,0,10343.35396404362,
10289,0.0,0,0,0,,
10290,18077.0,32,0,32,,18077.450980392157
10291,5760.0,7,7,0,5760.0,
10292,0.0,0,0,0,,
10293,0.0,0,0,0,,
10294,18920.0,75,9,66,6218.75,20651.663157894734
10295,5448.0,39,39,0,5447.761194029851,
10296,0.0,0,0,0,,
10297,0.0,0,0,0,,
10298,0.0,0,0,0,,
10299,0.0,0,0,0,,
10300,7117.0,8,8,0,7116.666666666666,
10301,17805.0,155,0,155,,17804.878048780487
10302,0.0,0,0,0,,
10303,4807.0,31,31,0,4806.684931506849,
10304,0.0,0,0,0,,
10305,0.0,0,0,0,,
10306,15595.0,3,0,3,,15595.238095238095
10307,0.0,0,0,0,,
10308,0.0,0,0,0,,
10309,0.0,0,0,0,,
10310,0.0,0,0,0,,
10311,6930.0,17,17,0,6930.232558139535,
10312,5650.0,13,13,0,5650.0,
10313,0.0,0,0,0,,
10314,0.0,1,0,1,,14016.806722689076
10316,0.0,0,0,0,,
10317,0.0,0,0,0,,
10318,0.0,0,0,0,,
10319,0.0,0,0,0,,
10320,0.0,0,0,0,,
10321,0.0,0,0,0,,
10322,5874.0,11,11,0,5873.78640776699,
10323,0.0,0,0,0,,
10324,0.0,0,0,0,,
10325,17507.0,4,0,4,,17507.00280112045
10326,14186.0,116,0,116,,14186.431329288473
10328,7311.0,36,30,6,5693.069306930693,15400.0
10329,0.0,0,0,0,,
10330,4163.0,6,6,0,4163.419913419913,
10331,0.0,0,0,0,,
10332,0.0,0,0,0,,
10333,0.0,0,0,0,,
10334,6170.0,6,6,0,6170.212765957447,
10335,0.0,0,0,0,,
10336,0.0,0,0,0,,
10337,14898.0,139,0,139,,14897.959183673469
10338,0.0,0,0,0,,
10339,0.0,0,0,0,,
10340,0.0,0,0,0,,
10341,0.0,0,0,0,,
10342,26718.0,341,0,341,,26718.18181818182
10343,0.0,0,0,0,,
10344,0.0,0,0,0,,
10345,0.0,0,0,0,,
10346,5468.0,31,31,0,5467.625899280575,
10347,0.0,0,0,0,,
10348,0.0,0,0,0,,
10349,0.0,0,0,0,,
10350,0.0,0,0,0,,
10351,5180.0,6,6,0,5180.433449192395,
10352,18568.0,43,0,43,,18568.18181818182
10353,0.0,0,0,0,,
10354,0.0,0,0,0,,
10355,0.0,0,0,0,,
10356,0.0,0,0,0,,
10357,0.0,0,0,0,,
10359,7413.0,16,16,0,7413.04347826087,
10360,6022.0,29,29,0,6021.505376344087,
10362,0.0,0,0,0,,
10363,0.0,0,0,0,,
10364,0.0,0,0,0,,
10365,0.0,1,0,1,,23963.414634146342
10366,0.0,0,0,0,,
10367,6708.0,19,19,0,6708.333333333333,
10368,0.0,0,0,0,,
10369,0.0,0,0,0,,
10370,5399.0,12,12,0,5398.709985666507,
10371,0.0,0,0,0,,
10372,0.0,0,0,0,,
10373,0.0,0,0,0,,
10374,0.0,0,0,0,,
10375,0.0,0,0,0,,
10376,0.0,0,0,0,,
10377,0.0,0,0,0,,
10378,0.0,0,0,0,,
10379,0.0,0,0,0,,
10380,0.0,0,0,0,,
10381,0.0,0,0,0,,
10383,0.0,0,0,0,,
10384,0.0,0,0,0,,
10385,0.0,0,0,0,,
10387,18480.0,6,0,6,,18480.07290365848
10388,0.0,0,0,0,,
10389,0.0,0,0,0,,
10390,0.0,0,0,0,,
10391,0.0,0,0,0,,
10392,0.0,0,0,0,,
10393,0.0,0,0,0,,
10394,0.0,0,0,0,,
10395,4977.0,22,22,0,4976.6355140186915,
10396,0.0,0,0,0,,
10397,0.0,0,0,0,,
10398,0.0,0,0,0,,
10399,22057.0,7,0,7,,22057.14285714286
10400,0.0,0,0,0,,
10402,0.0,0,0,0,,
10403,4839.0,22,22,0,4838.665666143666,
10404,0.0,0,0,0,,
10405,0.0,0,0,0,,
10406,0.0,0,0,0,,
10407,12391.0,49,0,49,,12391.304347826086
10408,5699.0,81,81,0,5698.924731182796,
10409,4327.0,27,27,0,4326.923076923077,
10410,0.0,0,0,0,,
10411,0.0,0,0,0,,
10412,0.0,0,0,0,,
10413,0.0,0,0,0,,
10414,4548.0,12,12,0,4548.076923076924,
10415,22624.0,201,4,197,4758.564382831245,22986.764705882353
10416,0.0,0,0,0,,
10417,23974.0,48,0,48,,23974.358974358976
10418,0.0,0,0,0,,
10419,0.0,0,0,0,,
10420,0.0,0,0,0,,
10421,5859.0,12,12,0,5859.375,
10422,0.0,0,0,0,,
10423,0.0,0,0,0,,
10424,0.0,0,0,0,,
10425,25197.0,11,0,11,,25196.850393700788
10426,0.0,0,0,0,,
10427,0.0,0,0,0,,
10428,0.0,0,0,0,,
10429,0.0,0,0,0,,
10430,7836.0,30,30,0,7835.9375,
10431,4856.0,13,13,0,4855.769230769231,
10432,5442.0,39,39,0,5442.1768707483,
10433,0.0,0,0,0,,
10434,0.0,0,0,0,,
10435,0.0,0,0,0,,
10436,0.0,0,0,0,,
10437,0.0,0,0,0,,
10438,0.0,0,0,0,,
10439,0.0,0,0,0,,
10440,0.0,0,0,0,,
10442,0.0,0,0,0,,
10443,19329.0,177,0,177,,19329.268292682926
10444,0.0,0,0,0,,
10445,0.0,2,0,2,,17959.626804717314
10446,0.0,0,0,0,,
10447,0.0,0,0,0,,
10448,5506.0,11,11,0,5506.024096385542,
10449,0.0,0,0,0,,
10450,0.0,0,0,0,,
10451,13189.0,20,0,20,,13188.775510204083
10452,0.0,0,0,0,,
10453,0.0,0,0,0,,
10454,5610.0,59,59,0,5609.628318584071,
10455,5289.0,7,7,0,5289.473684210527,
10456,0.0,0,0,0,,
10457,6400.0,37,37,0,6400.0,
10458,0.0,0,0,0,,
10459,0.0,0,0,0,,
10460,0.0,0,0,0,,
10461,0.0,0,0,0,,
10462,16238.0,48,0,48,,16238.333333333334
10463,0.0,0,0,0,,
10464,0.0,0,0,0,,
10465,0.0,0,0,0,,
10467,0.0,0,0,0,,
10468,0.0,0,0,0,,
10469,6242.0,39,38,1,5991.525423728814,15777.777777777777
10470,0.0,0,0,0,,
10471,0.0,0,0,0,,
10472,0.0,0,0,0,,
10473,0.0,0,0,0,,
10474,7463.0,5,5,0,7462.686567164179,
10475,0.0,0,0,0,,
10476,0.0,0,0,0,,
10477,21022.0,54,0,54,,21022.044879898865
10478,0.0,0,0,0,,
10479,0.0,0,0,0,,
10480,7649.0,6,6,0,7649.038461538461,
10481,0.0,0,0,0,,
10482,0.0,0,0,0,,
10483,0.0,0,0,0,,
10484,8007.0,5,4,1,5153.846153846154,19419.86234021632
10486,0.0,0,0,0,,
10487,0.0,0,0,0,,
10488,0.0,0,0,0,,
10490,0.0,0,0,0,,
10491,4639.0,16,16,0,4639.011116257527,
10492,12586.0,11,0,11,,12586.206896551725
10493,0.0,0,0,0,,
10494,0.0,0,0,0,,
10495,0.0,0,0,0,,
10496,5357.0,5,5,0,5357.142857142857,
10497,0.0,0,0,0,,
10498,20642.0,47,0,47,,20642.201834862386
10499,0.0,0,0,0,,
10500,0.0,0,0,0,,
10501,0.0,0,0,0,,
10502,0.0,0,0,0,,
10503,5456.0,23,23,0,5455.882352941177,
10504,4212.0,39,39,0,4211.538461538462,
10505,0.0,0,0,0,,
10506,6901.0,46,46,0,6900.956284153006,
10507,5301.0,36,36,0,5301.427644386762,
10508,0.0,0,0,0,,
10509,0.0,0,0,0,,
10510,0.0,0,0,0,,
10511,5363.0,13,13,0,5362.6373626373625,
10512,0.0,0,0,0,,
10513,6370.0,11,11,0,6370.37037037037,
10514,6218.0,23,23,0,6218.045112781955,
10515,17190.0,28,0,28,,17189.882419825288
10516,0.0,0,0,0,,
10517,0.0,0,0,0,,
10518,0.0,0,0,0,,
10519,0.0,0,0,0,,
10520,0.0,0,0,0,,
10521,5479.0,21,21,0,5479.45205479452,
10522,0.0,0,0,0,,
10523,0.0,0,0,0,,
10524,5594.0,12,12,0,5593.984962406015,
10525,0.0,0,0,0,,
10526,0.0,0,0,0,,
10527,0.0,0,0,0,,
10528,0.0,0,0,0,,
10529,0.0,0,0,0,,
10530,0.0,0,0,0,,
10531,0.0,0,0,0,,
10532,0.0,0,0,0,,
10533,5190.0,10,10,0,5190.217391304348,
10534,0.0,0,0,0,,
10535,0.0,0,0,0,,
10536,0.0,0,0,0,,
10537,0.0,0,0,0,,
10538,24803.0,15,0,15,,24803.149606299212
10539,0.0,0,0,0,,
10540,0.0,0,0,0,,
10541,0.0,0,0,0,,
10542,6366.0,9,9,0,6365.591397849463,
10543,12729.0,24,11,13,6756.756756756757,17782.639344262294
10544,15146.0,3,0,3,,15145.631067961165
10545,0.0,0,0,0,,
10546,4433.0,11,11,0,4432.98969072165,
10547,0.0,0,0,0,,
10548,0.0,0,0,0,,
10549,0.0,0,0,0,,
10550,0.0,0,0,0,,
10552,0.0,0,0,0,,
10553,0.0,0,0,0,,
10554,0.0,0,0,0,,
10555,0.0,0,0,0,,
10556,0.0,0,0,0,,
10557,0.0,0,0,0,,
10558,23023.0,141,0,141,,23023.25581395349
10560,0.0,0,0,0,,
10561,0.0,0,0,0,,
10562,0.0,0,0,0,,
10563,0.0,0,0,0,,
10564,5846.0,8,8,0,5845.588235294117,
10565,6069.0,19,19,0,6068.96551724138,
10566,5654.0,28,28,0,5654.411764705883,
10567,5427.0,17,17,0,5426.829268292683,
10568,0.0,0,0,0,,
10569,20853.0,73,0,73,,20852.674157303372
10570,0.0,0,0,0,,
10571,0.0,0,0,0,,
10572,14681.0,60,0,60,,14680.851063829787
10573,22394.0,71,0,71,,22394.3661971831
10575,0.0,0,0,0,,
10576,0.0,0,0,0,,
10577,6429.0,13,13,0,6428.571428571428,
10578,6391.0,19,19,0,6391.304347826087,
10579,0.0,0,0,0,,
10581,14637.0,17,0,17,,14637.391882900863
