query,lat,lon
SPOTTISWOODE SUITES SPOTTISWOODE PARK ROAD,1.276035116061894,103.8375020463613
FABER HILLS FABER AVENUE,1.318164272333457,103.7593324055817
CLAVON CLEMENTI AVENUE 1,1.308512377018681,103.7670859754563
LANDED HOUSING DEVELOPMENT NEO PEE TECK LANE,,
ONE SHENTON SHENTON WAY,1.27929478959372,103.8505525550745
ARTRA ALEXANDRA VIEW,1.290030670539985,103.8171852739029
THE FOLIAGE PASIR PANJANG ROAD,1.291020312885173,103.7740571419617
MARINA BAY SUITES CENTRAL BOULEVARD,1.280344979995934,103.8521432776714
SPRINGWOOD JALAN MAT JAMBOL,1.279352678020899,103.7911511631975
BURLINGTON SQUARE BENCOOLEN STREET,1.302243270743033,103.8527002149894
THE PEARL @ MOUNT FABER MOUNT FABER ROAD,1.270377712339004,103.8246080530204
BUONA VISTA GARDENS ZEHNDER ROAD,1.28251708251467,103.7869104253765
LANDED HOUSING DEVELOPMENT ZEHNDER ROAD,,
FRAGRANCE COURT YEW SIANG ROAD,1.277285588243213,103.7931221566604
CITY GATE BEACH ROAD,1.302315905045754,103.8623316610334
V ON SHENTON SHENTON WAY,1.277083407076311,103.8491813435475
SENTOSA COVE CORAL ISLAND,,
HERITAGE VIEW DOVER RISE,1.304416722358963,103.7842786267347
LANDED HOUSING DEVELOPMENT COVE DRIVE,,
ISLAND VIEW JALAN MAT JAMBOL,1.279677206699133,103.7920994237585
HARBOURLIGHTS TELOK BLANGAH ROAD,,
RESIDENTIAL APARTMENTS YONG SIAK STREET,,
TURQUOISE COVE DRIVE,,
THE COAST AT SENTOSA COVE OCEAN DRIVE,,
ALEX RESIDENCES ALEXANDRA VIEW,1.290569996815877,103.8190007817279
MOUNT FABER LODGE MOUNT FABER ROAD,,
THE VISION WEST COAST CRESCENT,1.298086661660435,103.7643193467244
DOVER PARKVIEW DOVER RISE,1.305349894134202,103.7843186606042
MARINA BAY RESIDENCES MARINA BOULEVARD,1.279625798918008,103.8549872037732
ICON GOPENG STREET,1.275169975779209,103.8444963126445
MIDTOWN BAY BEACH ROAD,1.296356664398096,103.8573687691699
THE CREST PRINCE CHARLES CRESCENT,1.29281920942183,103.8192931381553
CARABELLE WEST COAST WAY,1.317499301277578,103.7564369802077
THE GRANDHILL PASIR PANJANG HILL,1.281626321042417,103.7848694524036
CHUVILLE PASIR PANJANG ROAD,,
SUNGROVE WEST COAST GROVE,1.312173496564606,103.7566303478222
SUNSHINE PLAZA PRINSEP LINK,1.30046735366416,103.8505560619489
QUEENSWAY TOWER QUEENSWAY,,
LIIV RESIDENCES PASIR PANJANG ROAD,,
MONTEREY PARK CONDOMINIUM WEST COAST RISE,1.31651893695566,103.7526427671788
KENT RIDGE HILL RESIDENCES SOUTH BUONA VISTA ROAD,1.280945771832335,103.7898660977203
THE SAIL @ MARINA BAY MARINA BOULEVARD,1.28076943476847,103.8526585621513
LANDED HOUSING DEVELOPMENT LAKESHORE VIEW,,
WEST SHORE RESIDENCES PASIR PANJANG ROAD,1.281345692792348,103.7847123445036
ALTEZ ENGGOR STREET,,
LANDED HOUSING DEVELOPMENT FABER TERRACE,,
BAYVILLE CONDOMINIUM SOUTH BUONA VISTA ROAD,1.281158607815575,103.7877599736331
TERESA 8 BUKIT TERESA CLOSE,1.276637261120041,103.8258064749689
RESIDENTIAL APARTMENTS PASIR PANJANG ROAD,,
LANDED HOUSING DEVELOPMENT PASIR PANJANG ROAD,,
RIVER PLACE HAVELOCK ROAD,1.289609716468306,103.8412763893458
ICON @ PASIR PANJANG PASIR PANJANG ROAD,,
THE BEACON CANTONMENT ROAD,1.275874835214168,103.8404809943486
LANDED HOUSING DEVELOPMENT CLEMENTI ROAD,,
PASIR PANJANG LODGE PASIR PANJANG ROAD,,
ROBINSON SUITES ROBINSON ROAD,,
THE ESTIVA PASIR PANJANG ROAD,,
GOLD COAST CONDOMINIUM PASIR PANJANG ROAD,1.290546920586578,103.7746060376825
LANDED HOUSING DEVELOPMENT FLOWER ROAD,,
PASIR PANJANG COURT PASIR PANJANG CLOSE,1.292318083718334,103.7723131813671
BLOSSOMS BY THE PARK SLIM BARRACKS RISE,1.304394078164087,103.7892982430554
ONZE @ TANJONG PAGAR KEE SENG STREET,1.274849748368617,103.8421848156174
EDEN RESIDENCES CAPITOL STAMFORD ROAD,1.292987753822214,103.8510468298429
THE SPECTRUM PASIR PANJANG ROAD,1.291729881204342,103.7687729356062
QUEENS PEAK DUNDEE ROAD,,
THE ARRIS YAN KIT ROAD,1.275501068821503,103.8415960229412
CHELSEA VILLAGE JAMBOL PLACE,1.279775687113142,103.7903464001354
TERESA VILLE LOWER DELTA ROAD,,
LANDED HOUSING DEVELOPMENT STIRLING ROAD,,
PASIR VIEW PARK PASIR PANJANG ROAD,1.278809649695204,103.7875539324011
TIONG BAHRU ESTATE ENG HOON STREET,1.284241370234966,103.8339230675542
INTERNATIONAL PLAZA ANSON ROAD,,
THE PEAK@BALMEG BALMEG HILL,1.282784720531257,103.7840458652738
PEOPLE'S PARK COMPLEX PARK ROAD,1.284133971784198,103.8425199726656
LANDED HOUSING DEVELOPMENT PEARL ISLAND,,
PEOPLE'S PARK CENTRE UPPER CROSS STREET,,
LANDED HOUSING DEVELOPMENT JUBILEE ROAD,,
WEST BAY CONDOMINIUM WEST COAST CRESCENT,1.299534174362429,103.766258111383
THE BENCOOLEN BENCOOLEN STREET,1.301661888236515,103.8533561236935
CORAL ISLAND CORAL ISLAND,1.251396814197105,103.8455427752333
THE STELLAR WEST COAST ROAD,1.293412685180114,103.7679300968062
TANGLIN VIEW PRINCE CHARLES CRESCENT,1.291997449507023,103.817880738443
CHWEE CHIAN VIEW CHWEE CHIAN VIEW,1.279234923263628,103.7883153403562
SPRINGDEW TERRACE JALAN MAT JAMBOL,,
THE PARC CONDOMINIUM WEST COAST WALK,,
RIVERWALK APARTMENTS UPPER CIRCULAR ROAD,,
RESIDENTIAL APARTMENTS OUTRAM ROAD,,
RIVIERE JIAK KIM STREET,,
PALM MANSIONS PASIR PANJANG ROAD,1.288880482432826,103.7760961681497
CHESTER PARK LORONG SARHAD,1.281179611522143,103.7883239240599
REGENCY SUITES KIM TIAN ROAD,1.284341046172816,103.8291384504202
NEWEST WEST COAST DRIVE,1.316413218925108,103.7574512632992
COMMONWEALTH TOWERS COMMONWEALTH AVENUE,1.295734334744147,103.8060301989734
VILLAGE @ PASIR PANJANG PASIR PANJANG ROAD,,
CAPE ROYALE COVE WAY,1.24140780893922,103.8393876194715
THE RIVERSIDE PIAZZA KENG CHEOW STREET,1.288486200031616,103.8440494413625
HARBOUR VIEW GARDENS PASIR PANJANG ROAD,1.27892037252001,103.7853518545983
WEST COAST GARDENS WEST COAST AVENUE,1.314898299171524,103.7560777424483
SEAHILL WEST COAST CRESCENT,1.298656689489022,103.7641135875653
THE INFINITI WEST COAST PARK,1.319534540037006,103.7550410653147
EALINE PARK PASIR PANJANG DRIVE,,
STIRLING RESIDENCES STIRLING ROAD,1.29677202648704,103.8007129275884
DORSETT RESIDENCES NEW BRIDGE ROAD,1.2800452933183,103.8403586732533
THE BERTH BY THE COVE OCEAN DRIVE,1.25004849376759,103.846319306506
MARINA ONE RESIDENCES MARINA WAY,1.277224256162836,103.8536949402406
EMERALD GARDEN CLUB STREET,1.281548629244838,103.8464725700609
HIGH STREET CENTRE NORTH BRIDGE ROAD,1.289988695531654,103.8492171294392
LANDED HOUSING DEVELOPMENT OCEAN DRIVE,,
LANDED HOUSING DEVELOPMENT COVE WAY,,
LANDED HOUSING DEVELOPMENT GUOK AVENUE,,
THE M MIDDLE ROAD,1.297714856688135,103.855719676504
PARC CLEMATIS JALAN LEMPENG,1.316875994768881,103.7592885398004
SPOTTISWOODE RESIDENCES SPOTTISWOODE PARK ROAD,1.275271152231314,103.8368322250497
GLORIA MANSION PASIR PANJANG ROAD,,
THE TRILINQ JALAN LEMPENG,1.318822050542533,103.7619254312306
MARINA COLLECTION COVE DRIVE,1.244201732538261,103.8398122585299
THE PEAK PEPYS ROAD,1.28023457967214,103.7929432362948
ASCENTIA SKY ALEXANDRA VIEW,1.290951037166458,103.8170002656173
LANDED HOUSING DEVELOPMENT WEST COAST ROAD,,
BLAIR PLAIN CONSERVATION AREA BLAIR ROAD,1.276108466960173,103.8354926462314
RESIDENTIAL APARTMENTS BENCOOLEN STREET,,
LE HILL CONDOMINIUM PASIR PANJANG HILL,1.283184547696545,103.7846846940187
VENTANA VILLAS PASIR PANJANG HILL,1.281916310546434,103.7851930465262
YONG SIAK VIEW YONG SIAK STREET,1.282732915065536,103.8301146145689
WEST COAST VIEW WEST COAST VIEW,1.294928363121218,103.7664134392899
SANDY ISLAND SANDY ISLAND,1.242346838100872,103.8381614991293
CANNINGHILL PIERS CLARKE QUAY,1.291553206776288,103.8446718340535
SPOTTISWOODE PARK SPOTTISWOODE PARK ROAD,1.273420740691681,103.8379389523004
THE REGENCY AT TIONG BAHRU CHAY YAN STREET,1.281860960379268,103.8305621110602
TEXTILE CENTRE JALAN SULTAN,,
PRINCIPAL GARDEN PRINCE CHARLES CRESCENT,,
BANYAN PARK CHWEE CHIAN ROAD,1.278818434132098,103.7892044364495
PEPYS HILL CONDOMINIUM PEPYS ROAD,1.27774637356665,103.7937839263017
THE OCEANFRONT @ SENTOSA COVE OCEAN DRIVE,1.244515690112373,103.8421763171379
THE RESIDENCES AT W SINGAPORE SENTOSA COVE OCEAN WAY,1.249130462486708,103.8415329893383
PARADISE ISLAND PARADISE ISLAND,1.250002049382268,103.8441281045071
THE CASSANDRA PASIR PANJANG ROAD,1.276868880471384,103.7931768294369
CLEMENTIWOODS CONDOMINIUM WEST COAST ROAD,,
LANDED HOUSING DEVELOPMENT FABER DRIVE,,
ALEXIS ALEXANDRA ROAD,1.291303792434754,103.8073509780536
CONCOURSE SKYLINE BEACH ROAD,1.300703933764702,103.8618610813413
AVENUE SOUTH RESIDENCE SILAT AVENUE,,
24 ONE RESIDENCES PASIR PANJANG ROAD,1.280181197806997,103.7848247373462
THE VERANDAH RESIDENCES PASIR PANJANG ROAD,,
TANQUEELAN SUITES TAN QUEE LAN STREET,1.298310832776878,103.8566522739014
SHEPHERD'S HILL ESTATE MERINO CRESCENT,1.291720778424526,103.8071441685029
MIDTOWN MODERN TAN QUEE LAN STREET,1.299041079816688,103.8566510319736
LANDED HOUSING DEVELOPMENT LORONG SARHAD,,
THE CLEMENT CANOPY CLEMENTI AVENUE 1,1.306676248115695,103.7685369229317
TERRA HILL YEW SIANG ROAD,1.277949934287118,103.7933282556299
HARVEST MANSIONS HAVELOCK ROAD,1.289830341981021,103.8318434169088
THE ROCHESTER RESIDENCES ROCHESTER DRIVE,1.305210733905228,103.7883405664468
PALM GREEN PASIR PANJANG ROAD,1.291234199987066,103.7693303072898
ECHELON ALEXANDRA VIEW,1.290606945455764,103.8178669201343
TMW MAXWELL TRAS STREET,,
THE HILLSHORE PASIR PANJANG ROAD,1.28674116675747,103.7801490977476
VENTANA PASIR PANJANG HILL,1.28250806936984,103.7848306809855
VARSITY PARK CONDOMINIUM WEST COAST ROAD,1.295203567458927,103.7682069628605
PALISADES PASIR PANJANG ROAD,1.287118753781933,103.7801294294894
THE HILL @ONE-NORTH SLIM BARRACKS RISE,,
VILLA DE WEST PASIR PANJANG ROAD,,
BLUE HORIZON WEST COAST CRESCENT,1.296951000139866,103.7654361402117
PASIR PANJANG GARDENS JALAN MAS KUNING,1.307900961803907,103.7625843504537
CORALS AT KEPPEL BAY KEPPEL BAY DRIVE,1.264890108299282,103.8164540881082
EMERALD PARK INDUS ROAD,1.289752904054112,103.8303497138199
THE FORESTA @ MOUNT FABER WISHART ROAD,1.27056376702525,103.8136282832796
THE CLIFT MCCALLUM STREET,1.279400142886165,103.8473295791477
STARPOINT PASIR PANJANG ROAD,1.288457428260237,103.7773443465417
LANDED HOUSING DEVELOPMENT LORONG SARI,,
WATERFRONT @ FABER FABER WALK,1.323356947523567,103.7543161813563
WEST SEA GARDENS JALAN PELEPAH,1.274691157938384,103.7949506725158
BANYAN CONDOMINIUM CHWEE CHIAN ROAD,1.278465304995431,103.7888298202862
TWIN VEW WEST COAST VALE,,
YONG SIAK COURT YONG SIAK STREET,,
NORMANTON PARK NORMANTON PARK,1.287365303763654,103.7921424402376
TWIN REGENCY KIM TIAN ROAD,,
THE LANDMARK CHIN SWEE ROAD,1.286170844858286,103.8395676266433
HORIZON RESIDENCES PASIR PANJANG HILL,1.282179141616264,103.7840827189296
THE VILLAS @ SENTOSA COVE OCEAN DRIVE,1.252168259034941,103.8452804979132
ALESSANDREA ALEXANDRA ROAD,1.29050566271654,103.8225873414022
THE REEF AT KING'S DOCK HARBOURFRONT AVENUE,1.265928837373327,103.8178040680631
LANDED HOUSING DEVELOPMENT SOUTH BUONA VISTA ROAD,,
UNION SQUARE RESIDENCES HAVELOCK ROAD,1.288001080520596,103.8434537136866
CRYSTAL HEIGHTS PASIR PANJANG HILL,,
SKY EVERTON EVERTON ROAD,,
BOTANNIA WEST COAST PARK,1.318071300857288,103.75447286394
SEVEN PALMS SENTOSA COVE COVE DRIVE,,
LANDRIDGE CONDOMINIUM PASIR PANJANG ROAD,,
WESTSIDE 33 WEST COAST ROAD,1.29435864739002,103.7664752122392
THE ANCHORAGE ALEXANDRA ROAD,1.289003462264966,103.804329262814
LANDED HOUSING DEVELOPMENT JALAN PASIR RIA,,
SEASUITES PASIR PANJANG ROAD,1.282420832701859,103.7831427320089
HARBOUR SUITES KAMPONG BAHRU ROAD,1.272242892884647,103.827478990765
SKYSUITES@ANSON ENGGOR STREET,,
VIVA VISTA SOUTH BUONA VISTA ROAD,1.279803223149736,103.7859096032793
ONE-NORTH EDEN SLIM BARRACKS RISE,1.303446024835805,103.7890680960957
SEASCAPE COVE WAY,,
CENTRAL GREEN CONDOMINIUM JALAN MEMBINA,1.285195761563669,103.827677219577
WESTCOVE CONDOMINIUM WEST COAST CRESCENT,1.297520894805002,103.7663316874607
LANDED HOUSING DEVELOPMENT PASIR PANJANG HILL,,
MERAPRIME JALAN BUKIT HO SWEE,,
THE ORIENT PASIR PANJANG ROAD,1.280947717603631,103.7835466038666
LYNNSVILLE 331 PASIR PANJANG ROAD,1.288883467363511,103.777264441114
WESTRIDGE WESTRIDGE WALK,1.277499985750507,103.7903107159511
HARBOUR RESIDENCES PASIR PANJANG ROAD,1.286956692359584,103.7790300375705
REGENT PARK JALAN LEMPENG,,
ONE-NORTH RESIDENCES ONE-NORTH GATEWAY,,
QUEENS STIRLING ROAD,,
THE INTERLACE DEPOT ROAD,,
MARGARET VILLE MARGARET DRIVE,1.299517208084196,103.8028069302233
SKYLINE RESIDENCES TELOK BLANGAH ROAD,1.272497621504916,103.8074253701429
EON SHENTON SHENTON WAY,1.273886603639456,103.8462355422443
WHISTLER GRAND WEST COAST VALE,1.319611649293773,103.7543309364988
LANDED HOUSING DEVELOPMENT CHWEE CHIAN ROAD,,
SOUTH BEACH RESIDENCES BEACH ROAD,1.294385183752485,103.8560297970998
HARBOUR VIEW TOWERS TELOK BLANGAH DRIVE,1.272012388483132,103.8085143168802
MENDON SPRING PASIR PANJANG ROAD,1.278668453296768,103.7877670871552
REFLECTIONS AT KEPPEL BAY KEPPEL BAY VIEW,1.267249548448922,103.8109952878923
BIJOU JALAN MAT JAMBOL,1.276853863793598,103.7917421717843
ONE PEARL BANK PEARL BANK,,
76 SHENTON SHENTON WAY,1.273466113485299,103.8455807925103
DUO RESIDENCES FRASER STREET,1.299162959678172,103.8578595369466
THE MAYLEA PASIR PANJANG ROAD,1.280709388089575,103.7853232490715
BOAT QUAY CONSERVATION AREA BOAT QUAY,1.286911331748223,103.8493237982487
HUNDRED TREES WEST COAST DRIVE,1.314099304006818,103.7594480670345
PARC IMPERIAL PASIR PANJANG ROAD,1.281196727554223,103.7834783467182
LUXE VILLE PASIR PANJANG ROAD,1.289548293308927,103.7770892812889
WESTPEAK TERRACE WEST COAST WALK,1.309056577167957,103.7613022551828
WHITEHAVEN PASIR PANJANG ROAD,,
TREASURE PLACE LORONG SARHAD,,
MURANO PASIR PANJANG ROAD,1.289362706416015,103.7755541036648
SOUTHBANK NORTH BRIDGE ROAD,1.306312031129328,103.8643083344373
THE CLEMENTVALE MAS KUNING TERRACE,1.308249308770944,103.764903536904
BAROSSA GARDENS PASIR PANJANG ROAD,1.28075254338412,103.7839875601815
ONE BERNAM BERNAM STREET,1.273862943505204,103.8437104845058
BREEZEWAYS JALAN MAT JAMBOL,1.278798300912662,103.7921070235518
THE SORRENTO WEST COAST ROAD,1.295763136427461,103.7661222797011
THE METROPOLITAN CONDOMINIUM ALEXANDRA VIEW,1.290477342230695,103.8160164509599
WEST PARK REGENCY PASIR PANJANG ROAD,,
ENG HOON MANSIONS ENG HOON STREET,1.283505894837439,103.8344927525353
PARC RIVIERA WEST COAST VALE,1.320817692384934,103.7526673092539
WALLICH RESIDENCE WALLICH STREET,1.277117360003171,103.8457901522148
DOMAIN 21 DELTA ROAD,1.291818656259126,103.8251607413898
SKYWATERS RESIDENCES PRINCE EDWARD ROAD,,
THE AZURE OCEAN DRIVE,,
TERESA VILLAS BUKIT TERESA ROAD,1.276243260376846,103.8251562438046
8 HULLET HULLET ROAD,1.303010940489705,103.8387183224815
SPOTTISWOODE 18 SPOTTISWOODE PARK ROAD,,
LANDED HOUSING DEVELOPMENT WESTRIDGE WALK,,
CRAIG PLACE CRAIG ROAD,,
THE PLAZA BEACH ROAD,,
FABER CREST FABER HEIGHTS,1.322887801044261,103.757823353649
THE BALMORAL SPRING BALMORAL CRESCENT,1.315466361810299,103.8342957505936
SCOTTS HIGHPARK SCOTTS ROAD,1.312365177109868,103.8367224954127
CLIVEDEN AT GRANGE GRANGE ROAD,1.299446442076108,103.8267922385446
CUBE 8 THOMSON ROAD,1.328363608889204,103.8414183623213
CARIBBEAN AT KEPPEL BAY KEPPEL BAY DRIVE,,
LUMIERE MISTRI ROAD,,
LANDED HOUSING DEVELOPMENT COVE GROVE,,
EDENZ SUITES LORONG 28 GEYLANG,1.312869316128544,103.8857531418846
RESIDENTIAL APARTMENTS DRAYCOTT DRIVE,,
LANDED HOUSING DEVELOPMENT CORONATION ROAD,,
THE CALLISTA MAR THOMA ROAD,1.327515191755028,103.86282558481
HIGHLINE RESIDENCES KIM TIAN ROAD,,
LANDED HOUSING DEVELOPMENT LORONG 10 GEYLANG,,
PULLMAN RESIDENCES NEWTON DUNEARN ROAD,1.314672629561254,103.8390108456527
BOTANIC GARDENS MANSION TAMAN SERASI,1.308140984998317,103.819593691426
GENTLE REFLECTIONS GENTLE ROAD,1.319281345761384,103.8387128715409
EMERALD HILL CONSERVATION AREA EMERALD HILL ROAD,1.304485269684421,103.839734181869
DEVONSHIRE RESIDENCES DEVONSHIRE ROAD,1.298846472018045,103.8373519593148
OLEANAS RESIDENCE KIM YAM ROAD,,
LANDED HOUSING DEVELOPMENT BARKER ROAD,,
LANDED HOUSING DEVELOPMENT NAMLY VIEW,,
ONE OXLEY RISE OXLEY RISE,1.299248119811951,103.8417088954346
KING'S GARDEN KING'S CLOSE,,
MOUNT SINAI MOUNT SINAI CRESCENT,1.315338088337575,103.7814106381734
WOOLLERTON PARK WOOLLERTON PARK,1.316146411753492,103.8079915313345
SOMMERVILLE LOFT SOMMERVILLE WALK,1.343669588754383,103.8697898274224
JERVOIS LODGE JERVOIS ROAD,1.293639331476394,103.8234986204388
RV EDGE SHANGHAI ROAD,1.294883828770997,103.8280873284137
THE LINC LINCOLN ROAD,,
THE PROMONT CAIRNHILL CIRCLE,1.307706427487512,103.8379661319239
BALMORAL 8 BALMORAL ROAD,1.314516927460767,103.832206862263
THE ELEMENT @ STEVENS STEVENS ROAD,,
GEYLANG HERITAGE LORONG 34 GEYLANG,1.312988599768193,103.8876814928078
LANDED HOUSING DEVELOPMENT BELMONT ROAD,,
THE SUNNY SPRING LORONG 40 GEYLANG,1.312192030700878,103.8894646971463
THE ANTARES MATTAR ROAD,1.325806683474468,103.8836400422537
LANDED HOUSING DEVELOPMENT FORD AVENUE,,
VANADIUM HERTFORD ROAD,1.312746904534624,103.847597879821
HERTFORD COLLECTION HERTFORD ROAD,1.313257320471525,103.8489534273432
RESIDENTIAL APARTMENTS ONE TREE HILL,,
VISIONCREST OXLEY RISE,1.298250866980776,103.8430810018849
ORCHARD SCOTTS ANTHONY ROAD,,
VIZ AT HOLLAND QUEENSWAY,,
BEVERLY HILL GRANGE ROAD,,
THE MKZ MACKENZIE ROAD,1.306522128664773,103.846587371813
BOON TECK APARTMENTS BOON TECK ROAD,1.327186487161616,103.8506484684414
120 GRANGE GRANGE ROAD,1.299979099303527,103.8255228144921
SUNFLOWER LODGE LORONG 34 GEYLANG,1.313598136143822,103.8879124492272
CENTRA SUITES LORONG 25A GEYLANG,1.314651667818574,103.8832881494268
PERFECT TEN BUKIT TIMAH ROAD,1.317064756295871,103.8328818683805
LOFT @ NATHAN NATHAN ROAD,1.294546739713123,103.8275829574874
LANDED HOUSING DEVELOPMENT BUCKLEY ROAD,,
LANDED HOUSING DEVELOPMENT BO SENG AVENUE,,
LANDED HOUSING DEVELOPMENT SOMMERVILLE WALK,,
JERVOIS TREASURES JERVOIS ROAD,1.292820331223828,103.8235319342891
THE GLYNDEBOURNE TREVOSE CRESCENT,,
LANDED HOUSING DEVELOPMENT JALAN SENTOSA,,
LANDED HOUSING DEVELOPMENT LORNIE WALK,,
LANDED HOUSING DEVELOPMENT CLUNY PARK ROAD,,
EWE BOON REGENT EWE BOON ROAD,1.316490115033271,103.8304732933785
BLOSSOMS @ WOODLEIGH WOODLEIGH CLOSE,1.336350204520279,103.8690697800661
KIM KEAT GARDENS KIM KEAT ROAD,1.323587477825949,103.8526471354309
JERVOIS PRIVE JERVOIS ROAD,,
SPRING GROVE GRANGE ROAD,,
DOMUS IRRAWADDY ROAD,1.325713038012294,103.845508907095
RESIDENTIAL APARTMENTS LORONG 27 GEYLANG,,
EURO-ASIA COURT RIVER VALLEY CLOSE,1.294771724478152,103.8376933084597
THE SHELFORD SHELFORD ROAD,,
SKT MANSIONS LORONG 25 GEYLANG,1.314696847471761,103.8826289374239
VACANZA @ EAST LENGKONG TUJOH,,
UP@ROBERTSON QUAY ROBERTSON QUAY,1.290780801135271,103.8374454954821
LANDED HOUSING DEVELOPMENT LORONG 16 GEYLANG,,
LANDED HOUSING DEVELOPMENT TAN SIM BOH ROAD,,
SHAMROCK VILLAS NAMLY PLACE,,
CRYSTAL MANSIONS LORONG 6 GEYLANG,1.311152029631773,103.8766747629577
ILLUMINAIRE ON DEVONSHIRE DEVONSHIRE ROAD,1.299067640021326,103.8368320374584
URBAN HERITAGE BALESTIER ROAD,1.321844139341421,103.8533341174346
GRANDVIEW SUITES LORONG 22 GEYLANG,1.312776045805119,103.8824556384619
ST MICHAEL REGENCY ST. MICHAEL'S ROAD,1.327919554216534,103.8638463238192
BELLA VISTA SOMMERVILLE ROAD,,
VICTORY HEIGHTS KIM KEAT ROAD,1.324416240177272,103.8526034755901
HYLL ON HOLLAND HOLLAND ROAD,1.310340808077821,103.802891320917
FERRELL RESIDENCES BUKIT TIMAH ROAD,1.317699237096512,103.8323402248785
GRANGE INFINITE GRANGE ROAD,,
DAISY PARK DAISY AVENUE,1.344705703455727,103.867277308848
LANDED HOUSING DEVELOPMENT JALAN GIRANG,,
283 STUDIO RIVER VALLEY ROAD,1.295704105159305,103.8398117528082
6 DERBYSHIRE DERBYSHIRE ROAD,1.315681725511559,103.8458804173756
BLISS REGALIA SING AVENUE,,
SILVERSCAPE LORONG 32 GEYLANG,1.312569986587627,103.8872092257703
LINCOLN SUITES KHIANG GUAN AVENUE,,
VIENTO LORONG 30 GEYLANG,1.31221104514144,103.8865204669312
THE PIER AT ROBERTSON MOHAMED SULTAN ROAD,1.291286508170154,103.8404801668337
ST REGIS RESIDENCES SINGAPORE TANGLIN ROAD,1.305569894136787,103.8266022652349
LANDED HOUSING DEVELOPMENT STARLIGHT ROAD,,
SHELFORD SUITES SHELFORD ROAD,1.326601354324632,103.8126548503268
GUILIN MANSIONS LORONG 37 GEYLANG,1.315787773610059,103.8899595066752
RESIDENTIAL APARTMENTS KIM YAM ROAD,,
SIMS POINT LORONG 19 GEYLANG,1.313122170279153,103.8794747790001
THE SUITES AT CENTRAL DEVONSHIRE ROAD,,
SUNFLOWER VIEW LORONG 36 GEYLANG,,
SUI GENERIS BALMORAL CRESCENT,,
MEYA LODGE MEYAPPA CHETTIAR ROAD,1.330810374115975,103.8670659985861
LANDED HOUSING DEVELOPMENT DYSON ROAD\CHANCERY HILL ROAD,,
TANGLIN REGENCY TANGLIN ROAD,1.291974176027902,103.8165697516703
LANDED HOUSING DEVELOPMENT LORONG 32 GEYLANG,,
PRESTIGE HEIGHTS BALESTIER ROAD,1.325329777939505,103.8524116902645
LOFT @ RANGOON RANGOON ROAD,,
CITYLIGHTS JELLICOE ROAD,1.308275812285786,103.8631174197779
KIM KEAT HOUSE KIM KEAT ROAD,,
CHEN FANG MANSIONS LORONG 33 GEYLANG,1.315382217559027,103.8879364814203
VIIO @ BALESTIER BALESTIER ROAD,1.326976934859523,103.8459033190782
JERVOIS VILLE JERVOIS ROAD,,
URBAN SUITES HULLET ROAD,1.303610267634088,103.838456864166
LANDED HOUSING DEVELOPMENT ASIMONT LANE,,
LANDED HOUSING DEVELOPMENT SIMS VIEW,,
SRI MENANTI ESTATE JERVOIS LANE,1.294028990187345,103.818761086429
DUET HOLLAND ROAD,1.311041870403681,103.8043815417544
RITZ MANSIONS BALESTIER ROAD,,
TREVOSE PARK TREVOSE CRESCENT,1.325304223949885,103.8254730451428
GILSTEAD TWO GILSTEAD ROAD,1.314960350378716,103.8384594026868
D'EVELYN EVELYN ROAD,,
LANDED HOUSING DEVELOPMENT BUKIT TIMAH ROAD,,
LANDED HOUSING DEVELOPMENT JALAN SIANTAN,,
THE PEAK @ CAIRNHILL I CAIRNHILL CIRCLE,1.308192732757484,103.8383742232275
REZI 3TWO LORONG 32 GEYLANG,,
ZYANYA LORONG 25A GEYLANG,,
LANDED HOUSING DEVELOPMENT WESTERHOUT ROAD,,
LANDED HOUSING DEVELOPMENT FERNHILL ROAD,,
SENG YONG VILLAS JALAN GRISEK,1.323894453491891,103.9185169268389
CITYSCAPE @FARRER PARK MERGUI ROAD,1.318021993877547,103.8515937066344
LANDED HOUSING DEVELOPMENT PRINCESS OF WALES ROAD,,
LANDED HOUSING DEVELOPMENT JALAN PASIRAN,,
LANDED HOUSING DEVELOPMENT NIVEN ROAD,,
THE EDGE ON CAIRNHILL CAIRNHILL ROAD,1.308830875500606,103.8371302471953
TORIEVIEW MANSIONS LORONG 29 GEYLANG,1.314406640155956,103.886314457707
HOLLAND PEAK HOLLAND HILL,1.309094587053859,103.8021730397235
LANDED HOUSING DEVELOPMENT JALAN MAWAR,,
PARC SOPHIA ADIS ROAD,1.30156333624987,103.8473822743115
DLV. DALVEY ROAD,1.315472110145424,103.8251035681749
NASSIM 9 NASSIM ROAD,1.307523528678419,103.8254263580372
SUITES @ TOPAZ TOPAZ ROAD,1.32862584566183,103.8651331453576
BELMONDO VIEW PEGU ROAD,1.323262808530086,103.8512156037168
PARKVIEW ECLAT GRANGE ROAD,,
GOLDHILL GARDENS GOLDHILL AVENUE,1.319155581857431,103.8324966172365
RESIDENTIAL APARTMENTS JOO AVENUE,,
PAVILION SQUARE GEYLANG ROAD,1.312978000608597,103.879770800217
YGK GARDEN BELMONT ROAD,1.312787416807296,103.7993626886341
DUCHESS MANOR DUCHESS ROAD,,
NINETEEN SHELFORD ROAD SHELFORD ROAD,,
LANDED HOUSING DEVELOPMENT GREENMEAD AVENUE,,
NASSIM LODGE NASSIM ROAD,1.307256831776353,103.8257023541193
D'LEEDON LEEDON HEIGHTS,1.314421655212678,103.8039129744935
THE NAVIAN JALAN EUNOS,1.327808877665827,103.9063995844816
SUNFLOWER GRANDEUR LORONG 39 GEYLANG,1.316080753123424,103.8904847239841
RICH MANSIONS BUKIT TIMAH ROAD,1.317344006094383,103.83355760809
ESPADA ST. THOMAS WALK,1.297341970958291,103.8367416335
VILLA DELLE ROSE TAMAN NAKHODA,1.31066176092742,103.8074017835873
AIRSTREAM ST. MICHAEL'S ROAD,1.327326614390157,103.864035551424
ALBA CAIRNHILL RISE,1.307415352400871,103.8397173101394
RESIDENTIAL APARTMENTS WESTERHOUT ROAD,,
RESIDENTIAL APARTMENTS FIFTH AVENUE,,
GRANGE 1866 GRANGE ROAD,1.299882622544197,103.828975333714
GOODWOOD GRAND BALMORAL ROAD,1.314906587383764,103.8336567885609
WILSHIRE RESIDENCES FARRER ROAD,1.313061612733806,103.804647627086
LANDED HOUSING DEVELOPMENT JALAN MANIS,,
NIN RESIDENCE PHENG GECK AVENUE,1.332996523572238,103.8699831756716
SCOTTS 28 SCOTTS ROAD,1.309808987383656,103.8349179138367
CARLYX GREEN CARLISLE ROAD,1.313180918154042,103.8478058164169
UNIT 8 HOLLAND ROAD,1.309716347773961,103.80586317296
SETIA RESIDENCES EVELYN ROAD,1.315906663309076,103.8399477998172
MILLAGE CHANGI ROAD,,
THE POIZ RESIDENCES MEYAPPA CHETTIAR ROAD,1.331213226542225,103.8683518714895
26 NEWTON NEWTON ROAD,1.315692816472407,103.8416154564453
LANDED HOUSING DEVELOPMENT JALAN NOVENA BARAT,,
KEMBANGAN SUITES JALAN MASJID,1.32015257058639,103.9127270839605
MARTIN MODERN MARTIN PLACE,1.293037367083449,103.8377728112416
KENTISH GREEN OXFORD ROAD,1.315599978203556,103.8517873240825
SOPHIA 98 SOPHIA ROAD,1.302344685249702,103.8471160025665
SENNETT RESIDENCE PHENG GECK AVENUE,1.330581369567687,103.8693673547027
LANDED HOUSING DEVELOPMENT JALAN RIMAU,,
D'WEAVE LORONG 39 GEYLANG,1.315541079077247,103.890458266408
GLOBAL VILLE JALAN RAJA UDANG,1.327516687618383,103.8426037587658
DRAYCOTT EIGHT DRAYCOTT PARK,,
GILSTEAD 38 GILSTEAD ROAD,1.318141869506042,103.8391510857104
THE ORANGE GROVE ORANGE GROVE ROAD,1.313725891040122,103.8263795933788
THE VINES LORONG SARINA,1.319388654072392,103.9080107255736
EAST SHINE LORONG MELAYU,1.322775146897369,103.9098115532576
ST MICHAEL'S CONDOMINIUM ST. MICHAEL'S ROAD,1.326144602682012,103.8623403257237
VERTICUS JALAN KEMAMAN,1.326356381324324,103.8506601621883
HONG BUILDING RANGOON ROAD,1.317544084522331,103.8529676806132
GAMBIER COURT KIM YAM ROAD,1.292823087781316,103.8398034193869
UE SQUARE RIVER VALLEY ROAD,1.292730434572041,103.8422480216284
CORONA VILLE JALAN HAJI ALIAS,1.322527841128057,103.7950445790488
DUNSFOLD 18 DUNSFOLD DRIVE,1.348125738491004,103.86042182124
REZI 26 LORONG 26 GEYLANG,1.31262218928598,103.8850873747596
LANDED HOUSING DEVELOPMENT JALAN RAHMAT,,
LE REGAL GEYLANG ROAD,1.312502687279985,103.8803681172274
GOODVIEW APARTMENTS LORONG 8 GEYLANG,1.311638858804731,103.8768380734901
WATERBANK AT DAKOTA DAKOTA CRESCENT,1.306478337421359,103.8885371971353
AMANINDA THOMSON ROAD,1.324787294020268,103.8408644196357
CENTRO MANSIONS LORONG 32 GEYLANG,1.313096334016558,103.8867547276052
PARC MACKENZIE MACKENZIE ROAD,1.306255419625103,103.8478764831859
REZI 35 LORONG 35 GEYLANG,1.315721209376193,103.8888371312678
D'GALLERY JALAN MASJID,,
LION TOWERS ESSEX ROAD,1.316573431836699,103.8452935280645
ROCCA BALESTIER BALESTIER ROAD,1.321295632325026,103.8525261095273
ROBIN SUITES ROBIN ROAD,1.31769172514138,103.8287694863146
REZI 24 LORONG 24 GEYLANG,1.311564225009452,103.883576001591
TREASURES @ G20 LORONG 20 GEYLANG,1.31144699404486,103.8815397083967
LANDED HOUSING DEVELOPMENT CHANCERY HILL WALK,,
RAFFLES PARK ASH GROVE,1.332638393358107,103.8033140529182
MINBU COURT MINBU ROAD,,
DEVONSHIRE 12 DEVONSHIRE ROAD,1.29806237939927,103.838019065206
1919 SOPHIA ROAD,1.302776123663863,103.8465709767909
STURDEE RESIDENCES BEATTY ROAD,,
RESIDENCES AT 338A RIVER VALLEY ROAD,,
JERVOIS MEADOWS JERVOIS ROAD,,
MONTEBLEU MINBU ROAD,,
BELLE VUE RESIDENCES OXLEY WALK,1.296137935982332,103.8420306114456
JEWEL OF BALMORAL BALMORAL PARK,1.315885317078271,103.8274861515729
HILLCREST ARCADIA ARCADIA ROAD,1.335471541401371,103.8089308029987
LANDED HOUSING DEVELOPMENT JALAN ARNAP,,
THE ARIZON GEYLANG ROAD,1.313718622661753,103.8865888678623
VALLEY PARK RIVER VALLEY ROAD,1.292730434572041,103.8422480216284
NESS LORONG 32 GEYLANG,1.312697947140462,103.8867768441287
SALLIM LODGE SALLIM ROAD,,
GENTLE VILLAS GENTLE DRIVE,1.321674186271492,103.840395694145
MORO MANSIONS LORONG 37 GEYLANG,1.315288105260819,103.8894301016533
LANDED HOUSING DEVELOPMENT JALAN ANGGEREK,,
YONG AN PARK RIVER VALLEY ROAD,1.294479705503564,103.8345079712769
RITZ @ FARRER RACE COURSE ROAD,1.309936708259525,103.8523955295012
THE TATE RESIDENCES CLAYMORE ROAD,1.308460172967629,103.8306422637012
LANDED HOUSING DEVELOPMENT MERRYN ROAD,,
VIDA PECK HAY ROAD,1.308685514903428,103.8390813905003
THE COSMOPOLITAN KIM SENG ROAD,1.295781978322206,103.8324161925409
THE PARK VALE PARK VALE,1.329995136681724,103.8116231981975
SILAHIS VILLE LORONG MELAYU,1.323553027621699,103.9096520669183
LE REVE KAMPONG EUNOS,1.318698370063215,103.9062178489226
THE ALCOVE LORONG 27 GEYLANG,1.314006552607429,103.8840153289375
CENTRAL IMPERIAL LORONG 14 GEYLANG,1.311942667813461,103.8792139709635
CAMBRIDGE VILLAGE CAMBRIDGE ROAD,,
THE LINCOLN RESIDENCES SURREY ROAD,1.315374759029202,103.8423998742572
ROCHELLE AT NEWTON KENG LEE ROAD,1.314044256784974,103.8419229099232
QUEEN ASTRID GARDENS QUEEN ASTRID GARDENS,1.318977575468505,103.7900034159394
LANDED HOUSING DEVELOPMENT KINGSMEAD ROAD,,
SUITES 123 RANGOON ROAD,1.31514994452975,103.8534781640469
D'CAMBRIDGE CAMBRIDGE ROAD,,
ONE ST MICHAEL'S ST. MICHAEL'S ROAD,1.324703879241913,103.8646089829995
D' CASITA LORONG MARZUKI,1.321896028552655,103.9093527498963
RESIDENTIAL APARTMENTS WHAMPOA DRIVE,,
LEICESTER LODGE LEICESTER ROAD,1.329985647766802,103.8668754302457
ASTORIA PARK LORONG MYDIN,1.321777704993038,103.9122521666496
LEVENUE LENGKONG EMPAT,,
ORCHARD VIEW ANGULLIA PARK,1.302517161295541,103.8294692507915
AVON PARK YOUNGBERG TERRACE,1.339245606422129,103.8697700608449
COSMO GUILLEMARD CRESCENT,1.309576439971947,103.8810396209321
RESIDENTIAL APARTMENTS RIVER VALLEY ROAD,,
BUCKLEY 18 BUCKLEY ROAD,1.318295621437962,103.841063256174
WING FONG BUILDING LORONG 8 GEYLANG,1.309017906199708,103.8772681511813
LANDED HOUSING DEVELOPMENT HOLLAND HEIGHTS,,
KEMBANGAN COURT JALAN MASJID,1.319622124355996,103.9122887146956
BOUGAINVILLA APARTMENTS LORONG 19 GEYLANG,1.313496590081548,103.8797663301235
REGENCY PARK NATHAN ROAD,,
CASA MEYA MEYAPPA CHETTIAR ROAD,,
THE WHARF RESIDENCE TONG WATT ROAD,1.293328528228973,103.8403721392343
LANDED HOUSING DEVELOPMENT LORONG MYDIN,,
SHAN GATE APARTMENTS SHAN ROAD,1.325912758518315,103.8468645675365
ZENITH ZION ROAD,,
RIVERSIDE 48 ROBERTSON QUAY,1.29092617225009,103.839799908617
MONTCLAIR @ WHITLEY WHITLEY ROAD,1.325933577235861,103.837019609478
SKYLINE @ ORCHARD BOULEVARD ANGULLIA PARK,1.30315428073007,103.8295775484459
GRANGE HEIGHTS ST. THOMAS WALK,1.297871083504577,103.8350563332016
RESIDENTIAL APARTMENTS HORNE ROAD,,
LANDED HOUSING DEVELOPMENT LORONG 28 GEYLANG,,
D'LOTUS LORONG AMPAS,1.326118367553015,103.8534960196192
LANDED HOUSING DEVELOPMENT MOUNT SINAI CRESCENT,,
THE TESSARINA WILBY ROAD,1.33247795637597,103.7902461394123
CORONATION GROVE CORONATION ROAD,1.322807075295864,103.8022072769724
SHAW PLAZA - TWIN HEIGHTS BALESTIER ROAD,1.324973827463095,103.8514269703477
1953 TESSENSOHN ROAD,,
FIFTY-TWO STEVENS STEVENS ROAD,,
28 RC SUITES RACE COURSE LANE,1.309981792134702,103.8529520054614
GUILIN COURT LORONG 26 GEYLANG,1.312258546739767,103.8846624815234
LANDED HOUSING DEVELOPMENT MOUNT ROSIE ROAD,,
NOVENA REGENCY THOMSON ROAD,,
THE CLAYMORE CLAYMORE ROAD,1.307838642954862,103.8310554329858
111 EMERALD HILL EMERALD HILL ROAD,1.305059009213142,103.8392358068693
THE IVERIA KIM YAM ROAD,,
8 BASSEIN BASSEIN ROAD,1.323537480143905,103.8481082174648
TUDOR TEN TUDOR CLOSE,1.326491146700602,103.8196207448284
DUCHESS CREST DUCHESS AVENUE,,
THE URBANITE HERTFORD ROAD,1.313510262340715,103.8483720650783
THE COLLECTIVE AT ONE SOPHIA SOPHIA ROAD,1.301412264200912,103.849115522647
TWO8ONE STUDIO RIVER VALLEY ROAD,,
THE LEGACY BUKIT TIMAH ROAD,1.321045083452449,103.8226397195073
BELMOND GREEN BALMORAL ROAD,,
MING TECK PARK MING TECK PARK,1.320210983788951,103.7889262702471
RANGOON APARTMENTS RANGOON ROAD,,
GALLERY FIFTEEN JALAN DUSUN,1.327561401046822,103.8437055072413
KARTAR APARTMENTS THOMSON ROAD,,
PARC ASTON LEICESTER ROAD,1.330126703552729,103.867597994875
ROBERTSON BLUE ROBERTSON QUAY,1.290263074738526,103.837158903917
JERVOIS GROVE JERVOIS ROAD,1.294895800720929,103.81856774498
LANDED HOUSING DEVELOPMENT JALAN MELATI,,
KOPAR AT NEWTON MAKEWAY AVENUE,1.312731108919371,103.8408056280218
SUITES @ NEWTON SURREY ROAD,,
MOUNT SINAI RESIDENCES MOUNT SINAI LANE,,
RESIDENTIAL APARTMENTS LORONG TAHAR,,
KENTISH COURT OXFORD ROAD,1.315145345294781,103.8523657547079
LANDED HOUSING DEVELOPMENT JALAN LATEH,,
SLOANE RESIDENCES BALMORAL ROAD,1.315688872192941,103.8323179488976
THE ARMADALE GILSTEAD ROAD,1.318567653300951,103.8402688084023
ALLSWORTH PARK HOLLAND ROAD,1.319119732875242,103.7801552547851
LANDED HOUSING DEVELOPMENT JALAN GRISEK,,
BIRCHWOOD MANSIONS JALAN AMPAS,1.325946872319973,103.8508394793068
MOONSTONE RESIDENCES MOONSTONE LANE,,
D' PALMA LORONG MYDIN,1.31995634032594,103.9117429807871
WILKIE STUDIO WILKIE ROAD,1.30343844307625,103.8476115052637
LANDED HOUSING DEVELOPMENT HAPPY AVENUE CENTRAL,,
HENRY PARK GROVE AVENUE,,
DORMER PARK JERVOIS ROAD,1.294696601029312,103.8213920337675
THE WATER EDGE LORONG 38 GEYLANG,1.31372105189031,103.8887595794708
MANHATTAN MANSIONS GRANGE ROAD,,
RESIDENTIAL APARTMENTS SERANGOON ROAD,,
MORI GUILLEMARD ROAD,1.31131219787605,103.882972095616
THREE THREE ROBIN ROBIN ROAD,,
GAIA JALAN DUSUN,1.327845108510115,103.8437094357349
PARK COLONIAL WOODLEIGH LANE,1.33848269211187,103.86884654561
PATERSON LINC PATERSON ROAD,1.303194524436487,103.8299849063886
2 RVG RIVER VALLEY GROVE,,
PARC STEVENS STEVENS DRIVE,1.316717626721454,103.8275861297233
SUITES@BRADDELL BRADDELL ROAD,,
KALLANG RIVERSIDE KAMPONG BUGIS,1.30710474181655,103.8670878184767
ASCENT @ 456 BALESTIER ROAD,1.326573607909094,103.848359893837
BLOSSOM VIEW LORONG 26 GEYLANG,,
RESIDENTIAL APARTMENTS LORONG 4 GEYLANG,,
WATTEN RESIDENCES WATTEN RISE,,
HOLLAND HILL PARK HOLLAND HILL,1.309586543408335,103.8023464862535
LANDED HOUSING DEVELOPMENT JALAN LAPANG,,
GRAMERCY PARK GRANGE ROAD,1.298780892306566,103.8266774838589
LANDED HOUSING DEVELOPMENT CORNWALL GARDENS,,
BEAUFORT ON NASSIM NASSIM ROAD,1.308569354970583,103.8247384838634
ST THOMAS SUITES ST. THOMAS WALK,1.298410360874968,103.8358983419885
LANDED HOUSING DEVELOPMENT JALAN HAROM SETANGKAI,,
DENG FU VILLE KAMPONG EUNOS,1.319071030049171,103.9067276500361
PEAK RESIDENCE THOMSON ROAD,,
ONE LEICESTER LEICESTER ROAD,1.329430695624681,103.8673572518607
LANDED HOUSING DEVELOPMENT MING TECK PARK,,
BALMY COURT LORONG 27A GEYLANG,1.314158351344347,103.8849495778525
RESIDENTIAL APARTMENTS BALMORAL PARK,,
BALESTIER PLAZA BALESTIER ROAD,,
LANDED HOUSING DEVELOPMENT HAPPY AVENUE NORTH,,
FRANKEL ESTATE BOWMONT GARDENS,1.313323246106295,103.9206752019046
SUFFOLK PREMIER SUFFOLK ROAD,1.314243997927163,103.8446867300133
LANDED HOUSING DEVELOPMENT NAMLY AVENUE,,
E MAISON BRADDELL ROAD,1.343282866704713,103.8692173443389
LANDED HOUSING DEVELOPMENT PUAY HEE AVENUE,,
SCENIC HEIGHTS BALESTIER ROAD,1.321625884539614,103.8521700597685
PINEWOOD GARDENS BALMORAL PARK,1.316193045580687,103.8290036650379
THE VERVE JALAN RAJAH,1.327721882462078,103.8481373043689
LANDED HOUSING DEVELOPMENT ONE TREE HILL,,
JAYA TOWER BUKIT TIMAH ROAD,1.320107017315258,103.8239781247498
MEDALLION BRADDELL ROAD,1.344120687565764,103.8621148625084
OLEANDER TOWERS LORONG 1 TOA PAYOH,1.333350046901336,103.844102860065
LANDED HOUSING DEVELOPMENT COTSWOLD CLOSE,,
LANDED HOUSING DEVELOPMENT JALAN SENYUM,,
THE TOMLINSON CUSCADEN ROAD,1.304415667461925,103.8260799165674
KUM HING COURT TOMLINSON ROAD,1.302828397109369,103.8260460965258
LANDED HOUSING DEVELOPMENT HERTFORD ROAD,,
CENTRA HEIGHTS SIMS AVENUE,1.316293977628898,103.8865741839498
CUSCADEN RESERVE CUSCADEN ROAD,,
THE DIAMOND LORONG 9 GEYLANG,1.312984804535387,103.8761900362044
JUNIPER AT ARDMORE ARDMORE PARK,1.30875984414499,103.8296433558137
MILFORD VILLAS LORONG SELANGAT,1.345557045764849,103.8689717254974
THE LINCOLN MODERN LINCOLN ROAD,1.315323125855588,103.843055868846
TREASURES@G6 LORONG 6 GEYLANG,1.310618129129306,103.8767279654733
WAN THO LODGE WAN THO AVENUE,1.333213436917279,103.8712032247312
ELIZABETH TOWER MOUNT ELIZABETH,1.306263309550286,103.8362609730879
THE LEGEND BUKIT TIMAH ROAD,,
BLISS VILLE LORONG MELAYU,,
LAVENDER RESIDENCE LAVENDER STREET,1.314679592106461,103.8602204083012
MEDGE MINBU ROAD,,
ONE HOLLAND VILLAGE RESIDENCES HOLLAND VILLAGE WAY,1.312362172000507,103.7933012269819
RESIDENTIAL APARTMENTS KIM KEAT CLOSE,,
ONE TREE HILL COLLECTION JALAN ARNAP,1.300714671290457,103.8258781397747
YONG SENG ESTATE JALAN PARAS,1.326651475934763,103.9157222888874
CLUNY PARK RESIDENCE CLUNY PARK ROAD,1.321936081502784,103.8138708689287
SELBY GARDENS JALAN HAJI ALIAS,1.324076299279844,103.7932535771786
CASSIA EDGE GUILLEMARD ROAD,,
LANDED HOUSING DEVELOPMENT JALAN LIM TAI SEE,,
COTSWOLD VILLAS COTSWOLD CLOSE,1.347613147331453,103.8611794551206
GREEN COURT GEYLANG ROAD,1.313283975571137,103.885092599639
LANDED HOUSING DEVELOPMENT GENTLE ROAD,,
EVELYN MANSIONS EVELYN ROAD,,
THE ENCLAVE . HOLLAND HOLLAND ROAD,,
THE ORCHARD RESIDENCES ORCHARD BOULEVARD,1.303836915596882,103.8317078043604
GALLOP VILLAS GALLOP PARK ROAD,1.318723186699496,103.8110219115638
ONE TREE HILL RESIDENCE ONE TREE HILL,1.30075481851821,103.8246572205378
THE LIGHT @ CAIRNHILL CAIRNHILL CIRCLE,1.306448329335577,103.8384130785852
EURO-ASIA PARK WOODLEIGH CLOSE,1.336381475081857,103.8676872093059
ONE JERVOIS JERVOIS CLOSE,1.292910285959725,103.8250752991213
RV RESIDENCES RIVER VALLEY ROAD,1.294341050333859,103.8284402824237
MACKENZIE REGENCY MACKENZIE ROAD,,
HAUS ON HANDY HANDY ROAD,1.299879821783629,103.8464141891955
SUNFLOWER REGENCY LORONG 20 GEYLANG,1.311284403200396,103.8815160893636
PRIMEDGE LORONG 34 GEYLANG,1.312531299009634,103.8881399391242
LANDED HOUSING DEVELOPMENT GREENVIEW CRESCENT,,
THE BOUTIQ KILLINEY ROAD,1.296610702951273,103.8385837438816
LOFT 33 LORONG 32 GEYLANG,1.31278422240835,103.8872008889524
CHELSEA GROVE MARTABAN ROAD,1.324040930930576,103.8510810000906
VILLAS @ GILSTEAD GILSTEAD ROAD,,
SPANISH VILLAGE FARRER ROAD,,
GRANDLINK SQUARE GUILLEMARD ROAD,,
TOP TEN EMERALD HILL ROAD,,
LANDED HOUSING DEVELOPMENT NAMLY HILL,,
LANDED HOUSING DEVELOPMENT KHEAM HOCK ROAD,,
D'GROVE VILLAS ORANGE GROVE ROAD,1.309133475398026,103.8277260580953
ARENA RESIDENCES GUILLEMARD CRESCENT,1.309676858234857,103.8806427642351
NASSIM MANSION NASSIM HILL,1.309357108312373,103.8197469793628
THE VENUE RESIDENCES TAI THONG CRESCENT,,
LANDED HOUSING DEVELOPMENT DUKE'S ROAD,,
L'VIV NEWTON ROAD,1.31544838531984,103.8403548414677
D' ALMIRA SOMMERVILLE ROAD,,
FORTE SUITES MERGUI ROAD,1.317827995988628,103.8519704973932
KELLOCK LODGE KELLOCK ROAD,,
LUSH ON HOLLAND HILL HOLLAND HILL,1.308877689298608,103.8004687754186
VA RESIDENCES BOON TECK ROAD,1.326726664367142,103.84968009627
ASTOR LENGKONG EMPAT,1.328795932673737,103.9129636481272
HOLLAND GREEN HOLLAND GREEN,1.325607558522686,103.7844429178546
PATERSON SUITES PATERSON ROAD,1.301478331781379,103.8307785544665
SHELFORD REGENCY SHELFORD ROAD,1.326597305018122,103.8113329077821
THE BOTANIC ON LLOYD LLOYD ROAD,1.29657340471346,103.8395154324511
RESIDENCES @ KILLINEY KILLINEY ROAD,1.296718641348853,103.8381732597445
RESIDENTIAL APARTMENTS BRISTOL ROAD,,
LANDED HOUSING DEVELOPMENT JALAN SELAMAT,,
LANDED HOUSING DEVELOPMENT CAIRNHILL ROAD,,
VIVA SUFFOLK WALK,1.315655863776376,103.8444447210949
GREENWOOD MEWS GREENWOOD AVENUE,1.33693547523762,103.8054522585996
ONE DUCHESS DUCHESS ROAD,1.324833493357087,103.8083820773317
BOULEVARD VUE CUSCADEN WALK,1.303082588901108,103.8290268861851
LANDED HOUSING DEVELOPMENT SERANGOON ROAD,,
PARKSUITES HOLLAND GROVE ROAD,1.316757182244184,103.7832391252403
THREE BALMORAL BALMORAL ROAD,1.313924473464188,103.8304377097258
SKYLINE 360 @ SAINT THOMAS WALK ST. THOMAS WALK,1.296741859342416,103.8368837240034
PLATINUM EDGE LEICESTER ROAD,,
FOURTH AVENUE RESIDENCES FOURTH AVENUE,,
KLIMT CAIRNHILL CAIRNHILL ROAD,,
LANGSTON VILLE KIM YAM ROAD,,
TWENTYONE ANGULLIA PARK ANGULLIA PARK,1.303766555539059,103.8300334740961
ASPEN LINQ INSTITUTION HILL,1.295341579934305,103.8398443856827
CORONATION VILLAGE CORONATION ROAD,1.323066148240252,103.8042310781201
THE ARCADY AT BOON KENG SAINT BARNABAS LANE,1.323273896919334,103.8638463961399
SUITES AT ORCHARD HANDY ROAD,1.300420061623949,103.8459575529213
LANDED HOUSING DEVELOPMENT CORONATION ROAD WEST,,
LANDED HOUSING DEVELOPMENT JALAN NAGA SARI,,
THE CITRINE JALAN DATOH,1.327335167565172,103.8433238690872
LANDED HOUSING DEVELOPMENT STEVENS DRIVE,,
LATITUDE JALAN MUTIARA,1.296029810167182,103.82855385728
RESIDENTIAL APARTMENTS MOULMEIN ROAD,,
SUITES 28 LORONG 30 GEYLANG,1.312684591755703,103.8859411114303
ORANGE GROVE RESIDENCES ORANGE GROVE ROAD,1.312906599286708,103.8252159807725
KIARA 10 LORONG MARZUKI,1.323169120557079,103.9090474246983
WHITLEY VILLAS WHITLEY ROAD,1.326804520376154,103.8375601937949
LANDED HOUSING DEVELOPMENT CROUCHER ROAD,,
LUMA RIVER VALLEY GROVE,1.296799108407316,103.83459713454
CANBERLIN APARTMENTS LORONG 16 GEYLANG,1.310684449139915,103.8798347054715
BALMORAL CREST BALMORAL CRESCENT,,
CLIFTEN EWE BOON ROAD,1.317712058979294,103.8291548896711
THE LENOX CHANGI ROAD,,
STRATA ESSEX ROAD,,
THE MIDAS LORONG 30 GEYLANG,1.312873273225771,103.8861144626308
SHELFORD 23 SHELFORD ROAD,1.327835654885815,103.8122344959464
THE ASTON KAY POH ROAD,1.295936458118639,103.8298498151566
RESIDENTIAL APARTMENTS DUBLIN ROAD,,
JERVOIS MANSION JERVOIS CLOSE,1.29297856291536,103.8242793192437
LANDED HOUSING DEVELOPMENT JALAN AWANG,,
RHAPSODY ON MOUNT ELIZABETH MOUNT ELIZABETH,,
CITY SQUARE RESIDENCES KITCHENER LINK,1.31034077629308,103.8572324009005
MILL CREEK LORONG MARZUKI,,
KIMSIA PARK JALAN JINTAN,,
THE MORNINGSIDE JALAN KUALA,1.29538639198638,103.8358491383087
FYVE DERBYSHIRE DERBYSHIRE ROAD,1.316277367554415,103.845724040655
NASSIM PARK RESIDENCES NASSIM ROAD,1.307323094382436,103.8238101959868
KEW LODGE KHEAM HOCK ROAD,,
RIVERBAY MAR THOMA ROAD,,
GIFFARD MANSIONS BALESTIER ROAD,1.326197178073301,103.8491006564896
KERRISDALE STURDEE ROAD,1.313122700356808,103.8576562151091
THE BLISS RACE COURSE ROAD,1.309676220037804,103.8521942270999
ADAM PARK CONDOMINIUM ADAM ROAD,,
CAVENAGH COURT CAVENAGH ROAD,1.309908607337185,103.8431506526587
LANDED HOUSING DEVELOPMENT SHREWSBURY ROAD,,
CITY LOFT RACE COURSE ROAD,1.315061059737596,103.8566798636437
THE DRAYCOTT DRAYCOTT PARK,1.311668897413832,103.8312453249549
LE SOMME SOMME ROAD,1.311192190913466,103.8585039294567
LANDED HOUSING DEVELOPMENT SOMMERVILLE ROAD,,
THE SANCTUARY @ GEYLANG LORONG 30 GEYLANG,1.313457092147964,103.8864673182305
REGENCY LODGE SHANGHAI ROAD,1.295655030852637,103.8270704373484
MOOI RESIDENCES HOLLAND ROAD,1.312577305990507,103.7983562524593
NEEM TREE JALAN KEMAMAN,1.327366468935169,103.851568376064
ARDMORE II ARDMORE PARK,,
REGENT VILLAS SIXTH AVENUE,,
CRADELS LORONG LIMAU,1.324671464750066,103.8539102775159
THOMSON 800 THOMSON ROAD,1.341102833431805,103.8387410759211
BAODE BUILDING LORONG 35 GEYLANG,,
BUCKLEY CLASSIQUE BUCKLEY ROAD,1.317959989254097,103.8403281233016
8 SAINT THOMAS ST. THOMAS WALK,1.296143479772473,103.8362924540365
BEAVERTON COURT MOUNT SINAI RISE,1.316079982592646,103.7760882242737
THE LADYHILL LADY HILL ROAD,1.310437673280565,103.8250400847523
PENANG SERVICE APARTMENTS LORONG 34 GEYLANG,1.313364340166428,103.8875974074858
PARC EMILY MOUNT EMILY ROAD,1.304354948465207,103.8487578783086
SUITES @ SURREY SURREY ROAD,1.316400355746191,103.8416718339324
LANDED HOUSING DEVELOPMENT LORONG 34 GEYLANG,,
LANDED HOUSING DEVELOPMENT HOLLAND PARK,,
SOPHIA HILLS MOUNT SOPHIA,1.300504836694348,103.8476941229496
LORNIE 18 LORNIE ROAD,1.33859366426027,103.8201018153235
THE ARC AT DRAYCOTT DRAYCOTT DRIVE,1.30921416741462,103.8308962615019
DALVEY HAUS DALVEY ROAD,1.316262714158467,103.8251896181783
ROBERTSON EDGE TONG WATT ROAD,1.293092291523265,103.8405385645378
LEONIE PARC VIEW LEONIE HILL ROAD,1.298983984007246,103.8342684397545
CENTRAL GROVE GEYLANG EAST AVENUE 1,1.316234949824144,103.8844179813764
DUCHESS RESIDENCES DUCHESS AVENUE,1.324524112241207,103.8015204185125
ST FRANCIS COURT ST. FRANCIS ROAD,,
ONE BALMORAL BALMORAL ROAD,,
CLAREMONT KILLINEY ROAD,,
THE RICHMOND ST. MICHAEL'S ROAD,,
MANDALAY MANSION MINBU ROAD,,
LANDED HOUSING DEVELOPMENT JALAN SINGA,,
ROSEVALE LINCOLN ROAD,1.315968220291158,103.8433915180601
TRELLIS TOWERS LORONG 1 TOA PAYOH,,
FORTUNE VIEW SOMMERVILLE WALK,1.346047917266209,103.8702815876418
WING FONG COURT LORONG 14 GEYLANG,1.311734622549041,103.87881521885
THE ABERDEEN JALAN TAMAN,1.325534017532367,103.8654980933094
THE PEAK @ CAIRNHILL II CAIRNHILL CIRCLE,1.308120383507714,103.8379408395284
CAPITOL PARK CHEE HOON AVENUE,1.326297448290731,103.8142350957859
FOUR SEASONS PARK CUSCADEN WALK,1.303258777483059,103.8284692460444
BOON TECK TOWER BOON TECK ROAD,1.327718504930355,103.850327771845
SENNETT ESTATE UPPER ALJUNIED ROAD,1.334098387328102,103.8780584686939
LANDED HOUSING DEVELOPMENT JALAN TAMAN,,
SUNFLOWER MANSIONS LORONG 26 GEYLANG,,
STEVENS LOFT STEVENS DRIVE,1.317932612825596,103.8264905903883
LANDED HOUSING DEVELOPMENT LORONG 39 GEYLANG,,
THE MONTANA JALAN MUTIARA,1.295962200928481,103.8290515953893
CAMELLIA LODGE LORONG 31 GEYLANG,1.315355370448744,103.8865358879311
18 WOODSVILLE WOODSVILLE CLOSE,1.329580442121071,103.8681883272707
WOLSKEL LODGE WOLSKEL ROAD,,
BRISTOL LODGE BRISTOL ROAD,1.313676341019117,103.8495092707903
CALDECOTT HILL ESTATE ANDREW ROAD,1.338559952057827,103.8315014175514
CANBERLIN LODGE LORONG 6 GEYLANG,1.309446408972717,103.8769288961978
ESTILO WILKIE ROAD,1.30258539390748,103.8472293162709
GLOUCESTER MANSIONS NEWTON ROAD,1.313693155853568,103.8403874580857
MON JERVOIS JERVOIS ROAD,1.29365227055434,103.8219971812417
EDENZ LOFT LORONG 24 GEYLANG,1.312317847491516,103.8835323179583
KENT RESIDENCES KENT ROAD,,
CRYSTAL LODGE LORONG 16 GEYLANG,1.311398879945046,103.8796711157148
HAPPY MANSION HAPPY AVENUE NORTH,1.330348137174716,103.8801112820936
WATERSCAPE AT CAVENAGH CAVENAGH ROAD,1.30395577762362,103.840804014831
THE ACACIAS SOMMERVILLE ROAD,,
HILL HOUSE INSTITUTION HILL,1.295302013838047,103.8395918901949
MACKENZIE 88 MACKENZIE ROAD,1.306472445002465,103.8476828288443
CASA FORTUNA AH HOOD ROAD,1.328493588474664,103.8481694019553
GREENWOOD VILLAS GREENWOOD WALK,,
CASSIA VIEW GUILLEMARD ROAD,1.311032761122312,103.8866301408137
CAVAN SUITES CAVAN ROAD,1.310998559309964,103.8611551867033
THE FERNHILL FERNHILL ROAD,,
LANDED HOUSING DEVELOPMENT PRINCE OF WALES ROAD,,
JERVOIS JADE JERVOIS CLOSE,1.292452766161026,103.8252469184313
RACE COURSE MANSION RACE COURSE ROAD,1.309553112610151,103.8521036457486
BOTANIC GARDENS VIEW TAMAN SERASI,1.308830486435551,103.8194189766854
LANDED HOUSING DEVELOPMENT PARK VALE,,
BELLERIVE KENG CHIN ROAD,1.316986700639184,103.8305470147078
LANDED HOUSING DEVELOPMENT PATERSON HILL,,
MANDALE HEIGHTS MANDALAY ROAD,1.324334213450619,103.8497179614027
GILSTEAD COURT GILSTEAD ROAD,1.318524909420482,103.8395211247048
KENTISH LODGE OXFORD ROAD,1.315795390560595,103.8528045241143
SKY@ELEVEN THOMSON LANE,1.33127079751604,103.8410218966471
BAN GUAN PARK GREENLEAF AVENUE,1.324369328882574,103.7866738637641
CALARASI KIM KEAT LANE,,
ONE DUSUN RESIDENCES JALAN DUSUN,1.326965398644829,103.8436742309694
RANGOON 88 RANGOON ROAD,1.314381893471473,103.8542330882726
UNIVERSITY PARK UNIVERSITY WALK,,
LLOYD SIXTYFIVE LLOYD ROAD,,
PALM SPRING EWE BOON ROAD,1.316449754741349,103.8321303251377
HOLLAND HILL LODGE HOLLAND HILL,1.309830606028843,103.8029137615404
CAIRNHILL RESIDENCES CAIRNHILL CIRCLE,1.308180497023891,103.8387051360231
THE SOLITAIRE BALMORAL PARK,,
HERTFORD MANSION BRISTOL ROAD,1.312762734363971,103.8484560455461
SIMS EDGE GEYLANG EAST AVENUE 2,1.316404856698675,103.8879067636708
CHATELET MARGOLIOUTH ROAD,1.320484414854831,103.8243508743965
LANDED HOUSING DEVELOPMENT CAMBRIDGE ROAD,,
LIV ON WILKIE WILKIE TERRACE,,
LANDED HOUSING DEVELOPMENT NOVENA TERRACE,,
THE SCOTTS TOWER SCOTTS ROAD,,
LANDED HOUSING DEVELOPMENT CLUNY HILL,,
FIFTH AVENUE CONDOMINIUM FIFTH AVENUE,1.329905575151868,103.7958224618985
CENTRA STUDIOS LORONG 25 GEYLANG,1.314440001484359,103.8823240031578
SIMS DORADO LORONG 39 GEYLANG,1.315780221658173,103.8903389730571
EVERGREEN VIEW LORONG 36 GEYLANG,,
ONE TREE HILL MANSIONS ONE TREE HILL,,
THE INTERWEAVE KIM KEAT ROAD,1.325380805261773,103.8531118789469
MCMAHON PARK HOLLAND ROAD,1.316841981855273,103.7877117866236
LANDED HOUSING DEVELOPMENT LILY AVENUE,,
THE BEAUMONT DEVONSHIRE ROAD,1.299025120718171,103.8362551127264
RESIDENCES @ NOVENA JALAN NOVENA,1.322555122701092,103.842899135786
CASA AERATA LORONG 26 GEYLANG,1.312323937943784,103.8850330904986
THE PATERSON PATERSON ROAD,1.300467222140348,103.8305878895858
HOA NAM BUILDING FOCH ROAD,,
VILLE ROYALE RIVER VALLEY ROAD,1.296324255923244,103.8414516137018
THE IMPERIAL JALAN RUMBIA,,
SANT RITZ PHENG GECK AVENUE,,
GILSTEAD BROOKS GILSTEAD ROAD,1.318357195021814,103.8383751549745
LANDED HOUSING DEVELOPMENT SIME ROAD,,
SERANGOON PARK JALAN GIRANG,,
VENTURA HEIGHTS JALAN LIM TAI SEE,1.321368763682662,103.7916049764636
JERVOISVILLE JERVOIS ROAD,1.29444808873576,103.8228795069348
NOMU HANDY ROAD,1.299809173307712,103.8469628536611
RESIDENTIAL APARTMENTS JALAN ARUAN,,
LANDED HOUSING DEVELOPMENT PROME ROAD,,
CITY SUITES BALESTIER ROAD,1.321291434290099,103.8521794561175
RESIDENTIAL APARTMENTS SAM LEONG ROAD,,
DAISY LODGE DAISY ROAD,1.344438429667914,103.8675267342998
RV SUITES RIVER VALLEY ROAD,1.295605203035591,103.8294069383236
LANDED HOUSING DEVELOPMENT KING'S CLOSE,,
NOMA GUILLEMARD ROAD,1.311437342386859,103.8853102953068
MOUNT SOPHIA SUITES SOPHIA ROAD,,
SANNY PARK MERRYN AVENUE,,
28 SHELFORD SHELFORD ROAD,1.32930490165284,103.811999217829
PINNACLE 16 SHAN ROAD,1.324497216451242,103.8462225263784
RESIDENTIAL APARTMENTS CAMBRIDGE ROAD,,
PARC HAVEN LORONG LIMAU,1.324368361244383,103.8542194510617
MOONSTONE ROYALE MOONSTONE LANE,,
THE TRIZON RIDGEWOOD CLOSE,1.317407577698497,103.7777206883775
LA FLEUR LORONG 26 GEYLANG,1.312444542323244,103.8845765166527
CALIN MANSIONS LORONG 33 GEYLANG,1.315524963718822,103.8879754691338
LANDED HOUSING DEVELOPMENT LUTHERAN ROAD,,
LANDED HOUSING DEVELOPMENT SALLIM ROAD,,
GOODWOOD GARDENS BALMORAL CRESCENT,1.314662150298307,103.8341782231214
ORION ORANGE GROVE ROAD,1.308605355833597,103.8276166727926
BALMORAL HEIGHTS BALMORAL CRESCENT,1.315062622182419,103.8347412023629
NEW FUTURA LEONIE HILL ROAD,1.298124445500571,103.8340664493771
PARC SOMME SOMME ROAD,,
REGAL COURT KIM KEAT ROAD,1.324672193569563,103.8528504240735
WARNER COURT HOLLAND AVENUE,,
JADE GARDEN ROBIN ROAD,,
TIARA KIM SENG WALK,1.295238545694759,103.8310123861223
RESERVOIR VILLAS JALAN PUNAI,,
M21 MANDALAY ROAD,1.322522121873029,103.8488911073086
STARVILLE LENGKONG TIGA,1.328264836165209,103.9120675341578
CITY PLAZA GEYLANG ROAD,1.314786897197704,103.8934721151185
RESIDENTIAL APARTMENTS BUKIT TIMAH ROAD,,
SUNFLOWER COURT LORONG 6 GEYLANG,1.310649277926699,103.876402171482
CENTRA RESIDENCE LORONG 7 GEYLANG,1.312846209179009,103.8759363213321
SAGE NASSIM ROAD,1.307339650135334,103.8243564769227
IDYLLIC SUITES LORONG 30 GEYLANG,,
VICTORIA PARK VILLAS VICTORIA PARK GROVE,,
GALLOP GABLES FARRER ROAD,1.314302416967658,103.8085321772623
VOLARI BALMORAL ROAD,1.314890276445959,103.8329281417241
8 NAPIER NAPIER ROAD,1.30691037082484,103.8206826995249
CASA IRRAWADDY IRRAWADDY ROAD,1.324937124135467,103.846068919286
PETIT JERVOIS JERVOIS ROAD,1.292997128252083,103.8231176784371
TREASURES@G19 LORONG 19 GEYLANG,1.313928158371611,103.87898672052
IRIDIUM LINCOLN ROAD,1.315138127496779,103.8426402032349
32 GILSTEAD GILSTEAD ROAD,1.317637972100201,103.839239630907
ALLAMANDA GROVE ALLAMANDA GROVE,1.322802596657586,103.7938358254499
LANDED HOUSING DEVELOPMENT SIXTH AVENUE,,
ALEGRIA THOMSON ROAD,1.324303006058385,103.8410180688427
LANDED HOUSING DEVELOPMENT LORNIE ROAD,,
SWISS CLUB PARK SWISS CLUB ROAD,1.334166692704424,103.7908649453002
35 GILSTEAD GILSTEAD ROAD,,
LANDED HOUSING DEVELOPMENT HILLCREST ROAD,,
SHEARES VILLE HOLT ROAD,,
CHANCERY PARK CHANCERY LANE,1.319289078234465,103.8366532651903
MACPHERSON GARDEN ESTATE JALAN GEMBIRA,1.332410472838247,103.8792319842926
THE TENERIFFE LAUREL WOOD AVENUE,,
KIM SIA COURT JALAN JINTAN,1.306259474566813,103.8346208859519
LE CRESCENDO PAYA LEBAR ROAD,,
RESIDENTIAL APARTMENTS SING AVENUE,,
PARK NOVA TOMLINSON ROAD,,
THE MERASAGA JALAN MERAH SAGA,1.311554329518908,103.7976316969916
LITTLE INDIA CONSERVATION AREA SERANGOON ROAD,1.30696027751415,103.8523348449973
SMART SUITES SIMS AVENUE,1.315144483719481,103.8840502827314
LEEDON RESIDENCE LEEDON HEIGHTS,1.313775491878578,103.8018538692327
STEVENS SUITES STEVENS CLOSE,,
ONE CLAYMORE CLAYMORE DRIVE,,
M66 MOONSTONE LANE,1.328733672725754,103.8647623363967
LANDED HOUSING DEVELOPMENT ASTRID HILL,,
ENG AUN PARK JALAN NOVENA,1.324179076109517,103.8424147872009
PARVIS HOLLAND HILL,1.309851998624212,103.799889556558
CAVENAGH GARDENS CAVENAGH ROAD,1.304746037670801,103.8408776443239
HORIZON TOWERS LEONIE HILL,1.297599081827254,103.8326777846676
WINDY HEIGHTS JALAN DAUD,1.326642042976738,103.9106174086639
STUDIO8 JALAN AYER,1.311109374776778,103.8730259544249
LANDED HOUSING DEVELOPMENT GALLOP PARK ROAD,,
MINBU VILLA MINBU ROAD,1.32578698013766,103.8480592536683
THE PRINCETON EWE BOON ROAD,1.316650124742186,103.8327159155446
OXLEY GARDEN OXLEY GARDEN,1.297791924299731,103.8425075278714
THE SUNFLOWER LORONG 28 GEYLANG,1.313282829188021,103.8853803087348
PADDY GREEN LORONG 12 GEYLANG,,
URBANA RIVER VALLEY CLOSE,1.295106397728369,103.8379085868092
THE CHANCERY RESIDENCE CHANCERY LANE,1.324163031365802,103.8380850783235
BOULEVARD 88 ORCHARD BOULEVARD,1.304954320765624,103.8276274712634
THE VERMONT ON CAIRNHILL CAIRNHILL RISE,1.308991320139195,103.8382846681105
LUCKY PLAZA ORCHARD ROAD,1.304506046466357,103.8339623398165
VILLAGE TOWER MOUNT SINAI RISE,1.315017459940759,103.7777994377834
STEVEN'S COURT STEVENS ROAD,1.319553251183877,103.825821938683
TANGLIN HILL CONDOMINIUM TANGLIN RISE,,
THE WHITLEY RESIDENCES WHITLEY ROAD,1.326267678231947,103.8382206223568
THE MARQ ON PATERSON HILL PATERSON HILL,,
RIVERSHIRE LEONIE HILL,1.296737447608277,103.8330057154148
ESTA RUBY GUILLEMARD ROAD,1.313900065076761,103.893617178884
BASSEIN COURT BASSEIN ROAD,,
LANDED HOUSING DEVELOPMENT CARMICHAEL ROAD,,
HALLMARK RESIDENCES EWE BOON ROAD,1.315736786526946,103.8309087129183
LANDED HOUSING DEVELOPMENT JALAN MERLIMAU,,
VALLEY MANSION OXLEY ROAD,,
ELIZABETH HEIGHTS CAIRNHILL ROAD,,
LANDED HOUSING DEVELOPMENT ROBIN CLOSE,,
CRYSTAL DEW GEYLANG EAST AVENUE 1,1.316014588469002,103.8853058653507
LANDED HOUSING DEVELOPMENT LENGKONG SATU,,
AVA TOWERS AVA ROAD,1.322225301869553,103.8517748650786
CITIGATE RESIDENCE RANGOON ROAD,1.316606809405996,103.8533255778103
8 @ MOUNT SOPHIA MOUNT SOPHIA,,
SHANGHAI ONE SHANGHAI ROAD,1.294848038369409,103.8275482204123
HOLLAND RESIDENCES TAMAN WARNA,,
LEIGHWOODS MOUNT SINAI RISE,,
LANDED HOUSING DEVELOPMENT FERNHILL CLOSE,,
QUBE SUITES JALAN PUNAI,,
ASTON MANSIONS LORONG 42 GEYLANG,1.313932514701334,103.8906126440478
LANDED HOUSING DEVELOPMENT GREENDALE RISE,,
RESIDENTIAL APARTMENTS BALESTIER ROAD,,
GISBORNE LIGHT EWE BOON ROAD,,
THE SIERRA MOUNT SINAI DRIVE,,
THE AXIS MANDALAY ROAD,1.324621943198964,103.8499575882547
RESIDENTIAL APARTMENTS CHANGI ROAD,,
ARDMORE PARK ARDMORE PARK,1.309745257488216,103.8301150360156
WILKIE REGENCY WILKIE TERRACE,1.302678725822586,103.8493080903188
LANDED HOUSING DEVELOPMENT JALAN ELOK,,
PINETREE CONDOMINIUM BALMORAL PARK,1.314989877770304,103.8292938202227
BALESTIER 288 BALESTIER ROAD,1.322976981215703,103.8528113545471
LANDED HOUSING DEVELOPMENT WHITLEY ROAD,,
HELIOS RESIDENCES CAIRNHILL CIRCLE,1.306562596504951,103.8378007310456
THE OLIV BALMORAL ROAD,1.314836293255365,103.8315784868708
FARRER PARK SUITES OWEN ROAD,,
JUI RESIDENCES SERANGOON ROAD,1.326268707276453,103.8661426736134
CASA NOVACREST PECK HAY ROAD,1.309148886020496,103.8380103178528
AMARYLLIS VILLE NEWTON ROAD,,
LANDED HOUSING DEVELOPMENT STEVENS CLOSE,,
LEICESTER SUITES LEICESTER ROAD,1.330404582545127,103.8670932163818
WING ON LIFE GARDEN BUKIT TIMAH ROAD,,
MERA SPRINGS CARLISLE ROAD,1.314775857428235,103.8466804642527
JUNIPER HILL EWE BOON ROAD,1.316482033978174,103.8298971534507
THE ARCADIA ARCADIA ROAD,1.333374743995465,103.8112756315586
# 1 LOFT LORONG 24 GEYLANG,1.312763464052447,103.8835188756168
NATHAN PLACE NATHAN ROAD,1.295010813911595,103.8264367967202
RESIDENTIAL APARTMENTS KIM KEAT ROAD,,
GEMS VILLE LORONG 13 GEYLANG,1.312978386705437,103.8777576213509
APLETON VIEW SINARAN DRIVE,1.319069723903276,103.8461014710003
THE WATERINA LORONG 40 GEYLANG,,
MERA EAST CHANGI ROAD,,
THE ELYSIA MAR THOMA ROAD,,
TANGLIN HILL MEADOWS TANGLIN HILL,1.300967416779053,103.8175310281848
LANDED HOUSING DEVELOPMENT MARGOLIOUTH ROAD,,
WOODSVILLE 28 WOODSVILLE CLOSE,1.330035979468106,103.8683521361102
TRIBECA KIM SENG ROAD,,
8 RODYK RODYK STREET,1.290210504219286,103.8375618214798
THE WOODLEIGH RESIDENCES BIDADARI PARK DRIVE,,
WATTEN HILL WATTEN ESTATE ROAD,,
NADIA MANSIONS AH HOOD ROAD,1.328010295257162,103.8478410489084
CENTRAL MEADOWS LORONG 34 GEYLANG,,
TEDGE CHANGI ROAD,1.318067267758906,103.908811491066
LA SUISSE SWISS VIEW,1.346630715107964,103.7894366749316
LANDED HOUSING DEVELOPMENT JALAN ISHAK,,
LANDED HOUSING DEVELOPMENT ST. MICHAEL'S ROAD,,
THE SPINNAKER SUFFOLK ROAD,1.314083428738937,103.8439849435671
LANDED HOUSING DEVELOPMENT QUEEN'S ROAD,,
RIDGEWOOD MOUNT SINAI DRIVE,1.317747326170996,103.7795188077512
LANDED HOUSING DEVELOPMENT DUCHESS AVENUE,,
SINGA HILLS JALAN SINGA,,
LANDED HOUSING DEVELOPMENT DUNEARN ROAD,,
D'CHATEAU @ SHELFORD SHELFORD ROAD,1.328096147672027,103.8119882624595
LANDED HOUSING DEVELOPMENT LEEDON PARK,,
THE PATERSON EDGE PATERSON ROAD,1.302592848776152,103.8296758360549
CONDOMINIUM DEVELOPMENT HOLLAND ROAD,,
PARK INFINIA AT WEE NAM LINCOLN ROAD,1.314413869999005,103.8432911918748
PARC MONDRIAN WOODLEIGH CLOSE,1.336131594879963,103.8679882039223
LIV ON SOPHIA ADIS ROAD,,
HOLLAND COURT HOLLAND ROAD,1.31330761763,103.7980392712934
SKY GREEN MACPHERSON ROAD,,
LANDED HOUSING DEVELOPMENT LENGKONG TIGA,,
BOTANIKA HOLLAND ROAD,1.309843134803629,103.8081369654616
GUILLEMARD SUITES GUILLEMARD ROAD,1.310945218527262,103.8827210977205
SUTTON PLACE FARRER ROAD,1.312848927167751,103.8054159483374
MYRA MEYAPPA CHETTIAR ROAD,1.33056250388714,103.8678849804498
LANDED HOUSING DEVELOPMENT THOMSON ROAD,,
CANNE LODGE LORONG 3 GEYLANG,1.314174851250088,103.8732782396914
THE SIENA TAN KIM CHENG ROAD,1.320905125478699,103.8116285911796
RESIDENTIAL APARTMENTS NASSIM HILL,,
JERVOIS REGENCY JERVOIS ROAD,,
VOGX DORSET ROAD,1.313876658776173,103.8504506166579
3 ORCHARD BY-THE-PARK ORCHARD BOULEVARD,,
LANDED HOUSING DEVELOPMENT JALAN LADA PUTEH,,
THE HUNTINGTON MOULMEIN ROAD,1.318802242284136,103.8453187076644
SCULPTURA ARDMORE ARDMORE PARK,1.308972464468473,103.8301522879758
LANDED HOUSING DEVELOPMENT OWEN ROAD,,
RESIDENTIAL APARTMENTS JALAN KEMAMAN,,
FERNHILL COTTAGE FERNHILL ROAD,,
IKIGAI SHREWSBURY ROAD,1.317903824041238,103.8474283549149
THE COTERIE @ HOLLAND HOLLAND ROAD,1.310912097735705,103.8046422950679
CHANCERY HILL VILLAS CHANCERY HILL ROAD,1.325463917324097,103.838862816617
THE MEZZO BALESTIER ROAD,,
RESIDENTIAL APARTMENTS RACE COURSE ROAD,,
LA MAISON MOULMEIN RISE,1.31953348960236,103.8470298594525
SOHO @ FARRER RACE COURSE ROAD,1.310763560028088,103.8529527529409
ENG AUN MANSION THOMSON ROAD,1.32316071397544,103.842053022507
GUILLEMARD VIEW GUILLEMARD ROAD,1.311032761122312,103.8866301408137
HILLS APARTMENT GOLDHILL AVENUE,1.321229729021353,103.8338592463632
THE EQUATORIAL STEVENS ROAD,1.320305178608261,103.8248083842096
ST MARTIN RESIDENCE ST. MARTIN'S DRIVE,1.306377855255481,103.8240202020179
LANDED HOUSING DEVELOPMENT THIRD AVENUE,,
M5 JALAN MUTIARA,1.295666585926809,103.8288597508097
RESIDENTIAL APARTMENTS SURREY ROAD,,
MANDALAY TOWERS MANDALAY ROAD,1.323838584916855,103.8487908049632
NOVELIS SINARAN DRIVE,,
GOODWOOD RESIDENCE BUKIT TIMAH ROAD,,
NASSIM JADE NASSIM ROAD,1.306633498727834,103.8259449546303
SARINA PARK LORONG SARINA,,
HOLLLAND GROVE PARK JALAN KEBAYA,,
TOMLINSON HEIGHTS TOMLINSON ROAD,,
SUITES @ SIMS SIMS AVENUE,,
TRE RESIDENCES GEYLANG EAST AVENUE 1,1.317227826120897,103.8850159053038
LANDED HOUSING DEVELOPMENT LORONG 40 GEYLANG,,
WILKIE 80 WILKIE ROAD,1.303135865872217,103.8477356369222
THE HYDE BALMORAL ROAD,,
LANDED HOUSING DEVELOPMENT JALAN BAHASA,,
URBAN EDGE @ HOLLAND V FORD AVENUE,1.313029132437044,103.7943754716531
MIRAGE TOWER KIM SENG ROAD,1.291981118357878,103.8342619098926
RESIDENTIAL APARTMENTS ORANGE GROVE ROAD,,
THE BALMORAL BALMORAL PARK,1.314851307207944,103.8278220061623
RICHMOND PARK BIDEFORD ROAD,,
FONTANA HEIGHTS MOUNT SINAI RISE,1.315369554639197,103.7769425924472
PALM LODGE LORONG 37 GEYLANG,1.315205702346316,103.8899253138953
CHIVERTON EWE BOON ROAD,1.317366275401658,103.8291510064681
WILKIE 87 WILKIE ROAD,,
DE LENTE HOLLAND ROAD,1.311769406582469,103.8017099614828
ESTRIVILLAS JALAN LIM TAI SEE,1.321428203520236,103.7925287254377
LANDED HOUSING DEVELOPMENT JALAN SEMERBAK,,
LOFT@HOLLAND HOLLAND ROAD,1.312363681518027,103.7971687596409
INTERO LEICESTER ROAD,1.330249158635087,103.8673525171097
THE TREVOSE TREVOSE CRESCENT,,
GARDENVILLE WALSHE ROAD,1.312461730860249,103.8273029480516
NEWTON SUITES NEWTON ROAD,1.317800914165639,103.842313806169
STUDIO 3 SHANGHAI ROAD,1.295709937133355,103.8275683872831
MONTVIEW MOUNT SINAI DRIVE,1.316682765413457,103.7773288711305
SUITES @ EUNOS JALAN YASIN,1.320533404142608,103.9057724220581
PUBLIC MANSION BALESTIER ROAD,1.326402999823396,103.8486598774719
TERRA VILLAS JALAN SAYANG,1.320876872586556,103.9150974944463
MADISON RESIDENCES BUKIT TIMAH ROAD,1.318477788707698,103.829950585068
NEWTON LODGE NEWTON ROAD,,
GALLOP GREEN WOOLLERTON PARK,1.315294631225901,103.8080699407927
FAMILIE MANSIONS LORONG 8 GEYLANG,,
THE REGALIA RIVER VALLEY CLOSE,,
ILLOURA OLD HOLLAND ROAD,1.331289329275848,103.7903092329084
DERBYSHIRE HEIGHTS DERBYSHIRE ROAD,,
THE ANSLEY MANDALAY ROAD,,
THE LOFT NASSIM HILL,1.307134809710682,103.822118776986
LANDED HOUSING DEVELOPMENT MACPHERSON ROAD,,
KUIE PONG LOFT ROBIN WALK,1.319166793436302,103.8259354947709
PRISTINE HEIGHTS MERGUI ROAD,1.31693935432289,103.8518950658037
LUCIDA SUFFOLK ROAD,,
LANDED HOUSING DEVELOPMENT FIFTH AVENUE,,
ORCHARD BEL AIR ORCHARD BOULEVARD,1.302318170806861,103.8249734388708
TEN @ SUFFOLK SUFFOLK ROAD,1.314589997985499,103.8444533966723
LANDED HOUSING DEVELOPMENT STURDEE ROAD,,
EUHABITAT JALAN EUNOS,1.327954151262641,103.9070014141999
SANCTUARY@NEWTON SURREY ROAD,1.316034069066307,103.8415787273206
THE GREENWOOD GREENWOOD AVENUE,,
SIXTH AVENUE CENTRE BUKIT TIMAH ROAD,1.3314304954026,103.7950025332895
EAST 25 APARTMENTS LORONG 25A GEYLANG,1.314227061218205,103.8832675977892
THE RISE @ OXLEY - RESIDENCES OXLEY RISE,,
SHELFORD VIEW SHELFORD ROAD,1.328901528073785,103.8121003340909
PAVILION 11 AKYAB ROAD,1.324586021128423,103.8481733712617
LANDED HOUSING DEVELOPMENT JALAN KRIAN,,
RIVERIA GARDENS RIVER VALLEY GROVE,,
LEEDON GREEN LEEDON HEIGHTS,1.313033209557247,103.8035458782812
LANDED HOUSING DEVELOPMENT EWART PARK,,
THE EBONY LORONG MARICAN,1.320385158367266,103.9084872045962
GARDEN APARTMENTS ORANGE GROVE ROAD,,
OAK VILLAS OAK AVENUE,1.330050444045887,103.7915159481746
BRADDELL HEIGHTS ESTATE SERANGOON AVENUE 3,1.34878713206731,103.8666086988285
NATHAN SUITES NATHAN ROAD,1.295221233224745,103.8271496029007
ASTRID MEADOWS CORONATION ROAD WEST,1.319303048972111,103.7946181307512
ROYALGREEN ANAMALAI AVENUE,1.330820857347479,103.7941582357656
THE NASSIM NASSIM HILL,1.307134809710682,103.822118776986
EMILY RESIDENCE MOUNT EMILY ROAD,,
LE ARC LORONG 26 GEYLANG,1.312597778370196,103.8845838905039
THE METZ DEVONSHIRE ROAD,1.299388098507786,103.8369590887912
SIMS RESIDENCES LORONG 39 GEYLANG,1.316074129474185,103.8910928373541
LANDED HOUSING DEVELOPMENT JALAN SAYANG,,
ROYCE RESIDENCES LORONG 6 GEYLANG,,
THE BELLEFORTE AH HOOD ROAD,1.327234270587969,103.8451400122659
REBECCA PARK REBECCA ROAD,,
SIGNATURE AT LEWIS LEWIS ROAD,,
THE HORIZON HOLT ROAD,1.294511936377194,103.8267582355448
HOLT RESIDENCES HOLT ROAD,,
THE CAPRI STEVENS ROAD,,
ARDMORE THREE ARDMORE PARK,,
LES MAISONS NASSIM NASSIM ROAD,,
D' IXORAS MINBU ROAD,1.324113344953332,103.8490406692268
PATERSON RESIDENCE PATERSON ROAD,1.301673056613842,103.8300287213956
LANDED HOUSING DEVELOPMENT LORONG 24A GEYLANG,,
368 THOMSON THOMSON ROAD,1.327091331647113,103.8419785737449
PARC ESTA SIMS AVENUE,,
OASIS @ MULBERRY BELIMBING AVENUE,1.333218353036832,103.8779496992625
THE LUMOS LEONIE HILL,1.299066007680583,103.8320686086986
THE TRESOR DUCHESS ROAD,1.323624135031013,103.806909004363
LEONIE HILL RESIDENCES LEONIE HILL ROAD,,
BOTANIC @ CLUNY PARK CLUNY PARK ROAD,1.32238699517166,103.8153854630931
SUNNY GROVE LORONG 37 GEYLANG,,
ST FRANCIS LODGE ST. FRANCIS ROAD,1.324804139337964,103.8641790932949
D - HERITAGE APARTMENTS LENGKONG EMPAT,1.328311871010773,103.9126742376045
WHARTON VALE SOPHIA ROAD,1.301988740541134,103.8483310979498
VISTA RESIDENCES JALAN DATOH,1.32792812694096,103.8432731414284
KIMNAN PARK JALAN SELAMAT,1.326203775643836,103.9156529615048
HOLLAND GARDENS MOONBEAM DRIVE,1.317604556760797,103.7822210414665
EURO-ASIA APARTMENTS SERANGOON ROAD,,
DAISY TERRACE DAISY ROAD,1.344292856286932,103.8678983932315
TANGLIN HILL VILLAS TANGLIN HILL,1.301655507055293,103.8159237591788
KIM LIN PARK JALAN ARNAP,1.30044186646735,103.8272772805703
ST MARTIN'S ST. MARTIN'S DRIVE,1.305605037677723,103.8242810600607
THE TRUMPS JALAN KEMBANGAN,1.320026102623366,103.9134872895293
AVALON ANDERSON ROAD,1.312971205007886,103.8281022081375
CYAN KENG CHIN ROAD,1.318261579611728,103.8303529871774
TOWNHOUSE APARTMENTS CAVENAGH ROAD,,
CLYDES RESIDENCE MERGUI ROAD,1.317349412074783,103.8522129216003
VERDURE HOLLAND ROAD,1.309350464562675,103.8069527316876
LANDED HOUSING DEVELOPMENT BRADDELL ROAD,,
LANDED HOUSING DEVELOPMENT ROBIN WALK,,
TYRWHITT 139 TYRWHITT ROAD,1.311577143283884,103.8599411258505
WATTEN HOUSE SHELFORD ROAD,1.32924471287252,103.8109416570692
KINGSTON TERRACE JALAN MASJID,1.319883339460327,103.9128625864097
SOMMERVILLE GRANDEUR FARRER DRIVE,1.315963210100122,103.8067496371525
WHITE HOUSE PARK WHITE HOUSE PARK,1.316096876717951,103.8225524134189
LANDED HOUSING DEVELOPMENT WOLSKEL ROAD,,
IRWELL HILL RESIDENCES IRWELL HILL,1.296668722813346,103.831612635106
DUCHESS GARDEN CORONATION ROAD,1.322884556525101,103.8008103150483
ONE AKYAB AKYAB ROAD,1.32272793298026,103.8476587883119
LANDED HOUSING DEVELOPMENT ROBIN LANE,,
LANDED HOUSING DEVELOPMENT CHILTERN DRIVE,,
VAN HOLLAND HOLLAND ROAD,1.312897352293621,103.7948899333295
LANDED HOUSING DEVELOPMENT FERNHILL CRESCENT,,
THE SCENIC @ BRADDELL BRADDELL ROAD,1.343453615316384,103.8688577076223
STELLAR RV RIVER VALLEY ROAD,1.295104586798032,103.8285113526764
CAIRNHILL PLAZA CAIRNHILL ROAD,1.306162225016184,103.8369945378017
DUNEARN 386 DUNEARN ROAD,1.324439989976727,103.8118362915499
LUTHERAN TOWERS TAN KIM CHENG ROAD,1.321790791947791,103.8125221884666
LANDED HOUSING DEVELOPMENT CAMBORNE ROAD,,
DUNEARN SUITES DUNEARN ROAD,1.324733513410359,103.810724749056
AMPAS APARTMENTS JALAN AMPAS,1.326194872444459,103.8510667854546
RESIDENTIAL APARTMENTS LORONG 24A GEYLANG,,
VIVACE TONG WATT ROAD,1.292944883912145,103.840702054687
KASTURINA LODGE KAY POH ROAD,1.296403005229079,103.8297582924453
SUITES @ OWEN OWEN ROAD,1.313297683045402,103.8536334041041
SARINA TERRACE LORONG SARINA,,
THE CENTREPOINT ORCHARD ROAD,1.301346931218387,103.8398181242381
BALMORAL GATE BALMORAL ROAD,1.317114985577519,103.8343509715969
ATTITUDE AT KIM YAM KIM YAM ROAD,1.295513959242415,103.8389078668437
RIO GARDENS JALAN TAMAN,,
WING FONG MANSIONS LORONG 14 GEYLANG,,
QUINTERRA HOLLAND ROAD,1.318630817990858,103.7806868221156
10 SHELFORD SHELFORD ROAD,1.32580825364564,103.8125169194671
MULBERRY TREE MOULMEIN ROAD,1.318184399139074,103.8463942200285
PICCADILLY GRAND NORTHUMBERLAND ROAD,1.311696482912372,103.8525765031082
PAPILLON JALAN RAMA RAMA,,
SING LIAN BUILDING CHANGI ROAD,,
8@WOODLEIGH WOODLEIGH CLOSE,1.336408254567212,103.8697504748387
ASTRIDVILLE JALAN AMPANG,1.3213272133388,103.7941166188355
LANDED HOUSING DEVELOPMENT LORONG 12 GEYLANG,,
PARK PLACE RESIDENCES AT PLQ PAYA LEBAR ROAD,,
LANDED HOUSING DEVELOPMENT LORONG SALLEH,,
REGAL 35 LORONG 35 GEYLANG,,
THE CITRON RESIDENCES MARNE ROAD,,
LANDED HOUSING DEVELOPMENT JALAN KEMAMAN,,
POLLEN & BLEU FARRER DRIVE,,
THE OCTET LORONG 24 GEYLANG,1.312069991360361,103.8835624222937
LANDED HOUSING DEVELOPMENT LIM TAI SEE WALK,,
RESIDENTIAL APARTMENTS TRURO ROAD,,
EIGHT RIVERSUITES WHAMPOA EAST,1.321615113061661,103.8643706539716
NOVENA HILL JALAN NOVENA,,
RESIDENTIAL APARTMENTS JALAN EUNOS,,
DE PARADISO MARTABAN ROAD,1.324082891104944,103.8506292751597
THE MARBELLA MOUNT SINAI RISE,1.314442773949694,103.777857710337
LANDED HOUSING DEVELOPMENT WOODSVILLE CLOSE,,
LANDED HOUSING DEVELOPMENT GILSTEAD ROAD,,
KHEAM HOCK GARDENS KHEAM HOCK ROAD,1.328659234045927,103.8204220482408
LANDED HOUSING DEVELOPMENT LORONG SARINA,,
LANDED HOUSING DEVELOPMENT GROVE DRIVE,,
THE VIRIDIAN JALAN AMPAS,1.326010518528878,103.8516267595532
CUSCADEN RESIDENCES CUSCADEN ROAD,,
LANDED HOUSING DEVELOPMENT KENG LEE ROAD,,
PENROSE SIMS DRIVE,1.319489830258575,103.8799948910947
LANDED HOUSING DEVELOPMENT SUNDRIDGE PARK ROAD,,
RESIDENTIAL APARTMENTS LORONG 16 GEYLANG,,
RANGOON VIEW RANGOON ROAD,1.317823909415704,103.8522250927167
NEW COURT JALAN DUSUN,1.328128685837455,103.8436750634207
OUE TWIN PEAKS LEONIE HILL ROAD,1.29916779999055,103.8334275679892
DUKE'S GARDEN PRINCESS OF WALES ROAD,,
HILLCREST PARK GREENDALE AVENUE,,
GOLDHILL GARDEN GOLDHILL RISE,1.31968534886805,103.8316832727234
CITY STUDIOS RACE COURSE LANE,1.31012233674354,103.8528147792791
LANDED HOUSING DEVELOPMENT LORONG 36 GEYLANG,,
CAIRNHILL 16 CAIRNHILL RISE,1.308510308403468,103.8379724494126
PROXIMO ROBIN ROAD,1.317362238779223,103.8287532422193
CITY REGENCY ST. MICHAEL'S ROAD,1.326380914563499,103.8638406549694
KIM KEAT LODGE KIM KEAT ROAD,1.324205805189879,103.8524715007294
PARC CENTENNIAL KAMPONG JAVA ROAD,1.313175089701732,103.84379589573
THE INSPIRA ARNASALAM CHETTY ROAD,1.29188373587959,103.8389455679152
LA BRISA LORONG 28 GEYLANG,1.311904191436285,103.8853693651544
MARTIN NO 38 MARTIN ROAD,,
CHANCERY ESQUIRE CHANCERY LANE,1.317654628798308,103.8365350430049
NEU AT NOVENA MOULMEIN RISE,,
LANDED HOUSING DEVELOPMENT CORONATION DRIVE,,
LANDED HOUSING DEVELOPMENT JALAN RAYA,,
CAIRNHILL ASTORIA CAIRNHILL RISE,1.306929885605985,103.8397161505838
ENCHANT�‰ EVELYN ROAD,1.315852682647176,103.8403376008593
DUBLIN LODGE DUBLIN ROAD,1.297882576407876,103.8400041363806
SOLEIL @ SINARAN SINARAN DRIVE,1.319600200045294,103.8452717383841
OXLEY EDGE RIVER VALLEY ROAD,1.295631026575334,103.8416150899923
HOLLAND MEWS HOLLAND ROAD,,
THE FORD @ HOLLAND FORD AVENUE,1.313515061533601,103.7936897422521
HILLCREST VILLA HILLCREST ROAD,,
MELOSA LORONG 28 GEYLANG,,
BARTLEY RIDGE MOUNT VERNON ROAD,1.341091275004298,103.8814575643396
ORCHARD COURT OXLEY ROAD,1.298668176851802,103.8416873756988
LANDED HOUSING DEVELOPMENT JALAN AMPANG,,
RIVERSIDE MELODIES ST. MICHAEL'S ROAD,1.327308328408371,103.8644767860999
ZEDGE AKYAB ROAD,,
OKIO BALESTIER ROAD,1.322133428227486,103.8531996618712
LE MARICAN LORONG MARICAN,1.326047506127899,103.9074189483745
MOUNT ROSIE GARDEN GOLDHILL AVENUE,1.321519512824085,103.8339470294973
15 HOLLAND HILL HOLLAND HILL,1.309649562838779,103.8008705143678
OEI TIONG HAM PARK JALAN HARUM,,
THE TRILLIUM KIM SENG ROAD,,
LEEDON 2 LEEDON ROAD,1.312919028697562,103.7969842037081
THE SIXTH AVENUE RESIDENCES SIXTH AVENUE,1.327330894662086,103.7927368649708
THE LATTIZ LORONG SALLEH,1.324231805911142,103.9062344931863
LE WILKIE WILKIE ROAD,1.302845307203864,103.8479030608121
THE AVENIR RIVER VALLEY CLOSE,1.294740759560737,103.8365837093058
CASA JERVOIS JERVOIS ROAD,1.294735536047428,103.8189893377708
CASABELLA DUCHESS AVENUE,1.323776337325882,103.7995751991486
SIXTEEN35 RESIDENCES LORONG 35 GEYLANG,1.315474070180629,103.888827552085
SHELFORD GREEN SHELFORD ROAD,,
RIVERGATE ROBERTSON QUAY,1.29204842022798,103.8363951742219
VETRO MAR THOMA ROAD,,
OXFORD SUITES OXFORD ROAD,,
KENG LEE COURT KENG LEE ROAD,1.313053279394569,103.8475853691743
COSY LODGE LORONG 31 GEYLANG,1.315194964650526,103.8865740116098
SUITES @ SHREWSBURY SHREWSBURY ROAD,1.318198995923667,103.8489060822146
CANAAN MATTAR ROAD,,
RAJAH TOWERS JALAN RAJAH,,
ORCHID VILLAGE VANDA CRESCENT,1.332660383350809,103.7988818318586
RESIDENTIAL APARTMENTS LORONG 17 GEYLANG,,
METRO LOFT LORONG 27 GEYLANG,1.31417031455964,103.8835621759263
HILLTOPS CAIRNHILL CIRCLE,,
HOLLAND TOWER HOLLAND HEIGHTS,1.307574807960559,103.8028911935367
RESIDENTIAL APARTMENTS SOMME ROAD,,
ONE DEVONSHIRE DEVONSHIRE ROAD,1.297192855456488,103.8374709299434
FIVE CHANCERY CHANCERY LANE,1.318653340285679,103.8368636651985
LANDED HOUSING DEVELOPMENT GARLICK AVENUE,,
LEONIE SUITES LEONIE HILL,1.298767149938811,103.831774344575
LANDED HOUSING DEVELOPMENT LENGKONG EMPAT,,
KEMBANGAN ESTATE JALAN AWANG,1.323480507648296,103.9061681142659
HOLLAND GROVE PARK HOLLAND GROVE DRIVE,1.313988085724302,103.7792127312043
GROSVENOR VIEW LENGKONG EMPAT,,
BIRMINGHAM MANSIONS THOMSON ROAD,1.317732620431604,103.8449092112955
ROBERTSON 100 ROBERTSON QUAY,,
ANGULLIA PARK RESIDENCES @ ORCHARD CUSCADEN WALK,1.303613915658266,103.8292421569812
EDEN PARK CHERRY AVENUE,1.332458672696005,103.7919100454717
WANG LODGE LORONG 4 GEYLANG,1.311329693454742,103.8760283524193
MATTAR RESIDENCES MATTAR ROAD,,
MUTIARA CREST JALAN MUTIARA,1.295868405478777,103.8293761717411
LANDED HOUSING DEVELOPMENT JALAN SENANG,,
BISHOPSGATE RESIDENCES BISHOPSGATE,,
ESCADA VIEW LENGKONG EMPAT,1.328993446644895,103.91347731741
ASPEN HEIGHTS RIVER VALLEY ROAD,,
BALESTIER REGENCY JALAN AMPAS,1.325323601618509,103.8517764390376
CENTENNIA SUITES KIM SENG ROAD,,
NICOLE GREEN GUILLEMARD ROAD,1.309304585208699,103.879851001095
GUILLEMARD EDGE LORONG 30 GEYLANG,1.312004437444721,103.8859493771543
SIN CHUAN GARDEN WARINGIN PARK,1.322134019224585,103.9180720244168
JADE MANSION LEEDON ROAD,1.313328677945702,103.7974179705329
MUTIARA VIEW JALAN MUTIARA,1.296539768196321,103.8288641016308
ATRIUM RESIDENCES LORONG 28 GEYLANG,1.313061004407488,103.8859340178177
RIVIERA 38 MAR THOMA ROAD,,
THE SPRINGS MOULMEIN RISE,1.319117579624484,103.8466559800874
SKYSUITES17 JALAN RAJAH,,
CAIRNHILL CREST CAIRNHILL CIRCLE,1.305578298348788,103.8381407686255
LANDED HOUSING DEVELOPMENT JALAN PUNAI,,
LANDED HOUSING DEVELOPMENT JALAN DAUD,,
LANDED HOUSING DEVELOPMENT JERVOIS ROAD,,
LANDED HOUSING DEVELOPMENT LORONG 20 GEYLANG,,
MIRO LINCOLN ROAD,1.31393361941559,103.8423803947074
SUNVILLE ST. MICHAEL'S ROAD,,
CHELSEA GARDENS WALSHE ROAD,1.312965409222947,103.8273576278026
HOLLAND SUITES HOLLAND ROAD,,
LANDED HOUSING DEVELOPMENT KING'S ROAD,,
DUKES RESIDENCE DUKE'S ROAD,,
BALMORAL HILLS BALMORAL PARK,1.316163967189246,103.8277634256948
33 RESIDENCES LORONG 30 GEYLANG,1.311980835282835,103.8865326769039
GARLICK PARK SIXTH AVENUE,1.327784365111247,103.7929822891724
URBAN TREASURES JALAN EUNOS,,
BALESTIER POINT BALESTIER ROAD,1.322811937287382,103.8520262742004
THE LEVELZ FARRER ROAD,1.313532335275055,103.8049967350832
THE TRE VER POTONG PASIR AVENUE 1,,
WATTEN ESTATE DUNEARN ROAD,,
LANDED HOUSING DEVELOPMENT CARLISLE ROAD,,
LANDED HOUSING DEVELOPMENT BOON TECK ROAD,,
THE CENTRIO IRRAWADDY ROAD,1.325314331338871,103.8461328503769
URBAN LOFTS RANGOON ROAD,1.314163834798126,103.853905530109
GLENTREES MOUNT SINAI LANE,,
ASTON LODGE LORONG 8 GEYLANG,1.310130611068882,103.8770754119741
# 1 SUITES LORONG 20 GEYLANG,1.312390293251894,103.881504147527
NEWTON ONE NEWTON ROAD,1.31404986796426,103.8394527788341
LANDED HOUSING DEVELOPMENT JALAN BELANGKAS,,
DRAGON VIEW PARK JALAN MUTIARA,1.296539768196321,103.8288641016308
TANGLIN RESIDENCES ST. MARTIN'S DRIVE,1.306227529373902,103.823817144921
MOONSTONE VIEW MOONSTONE LANE,1.32727416560291,103.8656104651233
28 IMPERIAL RESIDENCES LORONG 26 GEYLANG,,
CITY EDGE MOULMEIN RISE,,
LANDED HOUSING DEVELOPMENT BERRIMA ROAD,,
LANDED HOUSING DEVELOPMENT LEWIS ROAD,,
THE ADDITION MEYAPPA CHETTIAR ROAD,1.330756806974378,103.8672306434791
LANDED HOUSING DEVELOPMENT NAMLY DRIVE,,
RESIDENTIAL APARTMENTS HERTFORD ROAD,,
LEONIE TOWERS LEONIE HILL,1.297599081827254,103.8326777846676
LANDED HOUSING DEVELOPMENT HOOT KIAM ROAD,,
BLISS LOFT KIM KEAT CLOSE,1.323229455106966,103.8529292613033
DYNASTY GARDEN SIXTH AVENUE,1.323046438915526,103.7924799036379
LANDED HOUSING DEVELOPMENT CHANCERY LANE,,
CASA EMERALD LORONG 32 GEYLANG,,
MARTIN PLACE RESIDENCES MARTIN PLACE,1.294161130331678,103.8380582517526
DAISY SUITES DAISY ROAD,,
LANDED HOUSING DEVELOPMENT PADANG CHANCERY,,
DE ROYALE JALAN RAMA RAMA,1.328149115917797,103.8494198689943
ELEVEN @ HOLLAND HOLLAND LINK,1.328691091427808,103.7897421659554
THE ASANA QUEEN'S ROAD,1.321886138483441,103.811066200681
RESIDENTIAL APARTMENTS SIMS AVENUE,,
LANDED HOUSING DEVELOPMENT JALAN PANDAN,,
SUMMER VIEW LORONG 12 GEYLANG,1.311709152643951,103.8784631604258
LANDED HOUSING DEVELOPMENT JALAN EUNOS,,
RESIDENTIAL APARTMENTS SHREWSBURY ROAD,,
OPAL SUITES OPAL CRESCENT,1.327519156234264,103.8672981879608
THE HERMITAGE SARKIES ROAD,1.314585889193678,103.8368773293853
LANDED HOUSING DEVELOPMENT JALAN CHENGKEK,,
THE CENTREN LORONG 27 GEYLANG,1.313939830425819,103.8835609512522
RESIDENTIAL APARTMENTS HOOT KIAM ROAD,,
ONE DRAYCOTT DRAYCOTT PARK,,
LYNWOOD EIGHT LYNWOOD GROVE,1.345156147926958,103.8629676118412
R MAISON SOMMERVILLE WALK,1.343323569038438,103.8698482049584
HOLLANDSWOOD COURT HOLLAND PARK,,
NOVENA COURT JALAN NOVENA BARAT,1.32292732467512,103.8421144839927
TORIEVILLE LORONG 6 GEYLANG,,
1 MOULMEIN RISE MOULMEIN RISE,,
STUDIOS @ MARNE MARNE ROAD,1.312915639939835,103.8569246812776
MALAYSIA PARK LORONG MELAYU,1.323405850008629,103.9100233903445
ECOVILLE MARTABAN ROAD,1.323830243622236,103.8508903393658
IRESIDENCES IRRAWADDY ROAD,1.325264346750642,103.8456220692809
SOPHIA RESIDENCE SOPHIA ROAD,1.301580834910537,103.8485079956711
D'MIRA BOON TECK ROAD,1.327518386404429,103.8498539989222
10 EVELYN EVELYN ROAD,1.316154918303991,103.8405338483133
LANDED HOUSING DEVELOPMENT JALAN MERAH SAGA,,
NOVENA SUITES MOULMEIN ROAD,,
THE LAURELS CAIRNHILL ROAD,,
SOHO 188 RACE COURSE ROAD,1.311192073255725,103.8532757428302
REGENT RESIDENCES SERANGOON ROAD,,
THOMSON EURO-ASIA THOMSON ROAD,,
SIXTH AVENUE VILLE SIXTH AVENUE,1.329533906070255,103.7952317152989
LANDED HOUSING DEVELOPMENT BENG WAN ROAD,,
RESIDENTIAL APARTMENTS ST. GEORGE'S ROAD,,
KING'S COURT NORFOLK ROAD,,
CHATEAU LE FAME EWE BOON ROAD,1.31658622093571,103.8292355577224
D' DALVEY DALVEY ESTATE,1.321204501999264,103.8215655411312
DUNEARN ESTATE BERRIMA ROAD,1.324430787511595,103.8244797612433
NAMLY COURT BUKIT TIMAH ROAD,1.329044147978814,103.8011456918867
RV POINT RIVER VALLEY ROAD,1.293800931072832,103.8421450332876
THE TIER PEGU ROAD,1.323022362653721,103.8510214558526
ST MICHAEL'S PLACE JALAN TAMAN,1.32505522536133,103.8651781868182
LANDED HOUSING DEVELOPMENT MOONBEAM TERRACE,,
BALMORAL RESIDENCES BALMORAL CRESCENT,,
ROBIN REGALIA ROBIN ROAD,1.31670861764984,103.8283576773486
RESIDENTIAL APARTMENTS HOLLAND HILL,,
THE RIVERINE BY THE PARK KALLANG ROAD,1.309638042342847,103.8692201967916
LANDED HOUSING DEVELOPMENT HOLLAND ROAD,,
RESIDENTIAL APARTMENTS MACKENZIE ROAD,,
LANDED HOUSING DEVELOPMENT LORONG MARICAN,,
RESIDENCES @ SOMME PETAIN ROAD,1.31151034798646,103.8587179944353
MELROSE PARK KELLOCK ROAD,1.293358193975709,103.830424236672
SOMMERVILLE RESIDENCES SOMMERVILLE WALK,,
THE GRANGE GRANGE GARDEN,1.301471463421237,103.8242434801859
THE CORNWALL CORNWALL GARDENS,1.312451113396363,103.8006636052007
CHIP BEE GARDENS HOLLAND ROAD,1.312647811319255,103.7976971428866
TANGLIN PARK RIDLEY PARK,,
GOLDHILL TOWERS GOLDHILL AVENUE,1.320634278889844,103.8335120835255
M SUITES LORONG MELAYU,1.323307519112127,103.9096205218838
BARKER 9 BARKER ROAD,1.319858205963049,103.8338955654294
ONE ROBIN ROBIN ROAD,1.318917756285965,103.8287018173483
THE ARTE JALAN RAJA UDANG,1.328531965089604,103.8424218648874
VICENTA LODGE LORONG MARZUKI,1.320569130443128,103.9095453344772
SIMS URBAN OASIS SIMS DRIVE,1.319189587205396,103.8813808243133
NATHAN RESIDENCES NATHAN ROAD,,
THE QUAYSIDE ROBERTSON QUAY,,
ADRIA DERBYSHIRE ROAD,,
PRIME RESIDENCE LORONG 22 GEYLANG,1.311189814284327,103.8824665359256
NEWTON EDGE MAKEWAY AVENUE,1.312853769604055,103.8421074258301
ORCHARD TOWERS CLAYMORE DRIVE,1.307580795227708,103.8294767356279
STARLIGHT SUITES RIVER VALLEY CLOSE,1.293715327642058,103.8372767105074
SHAMROCK PARK NAMLY AVENUE,1.32483711251474,103.7955803342007
LE SHANTIER SHAN ROAD,1.325862916790142,103.8465419911237
CLAYMORE PLAZA CLAYMORE HILL,,
WATERFORD RESIDENCE KIM YAM ROAD,1.294051115837794,103.8398275155761
NOVA 88 BHAMO ROAD,1.324726841993011,103.8494702254768
RV ALTITUDE RIVER VALLEY ROAD,,
RESIDENTIAL APARTMENTS LORONG 25A GEYLANG,,
MACKENZIE 138 MACKENZIE ROAD,1.306937434562423,103.8470155855079
THE HELICONIA JALAN DAUD,,
COSY 23 LORONG 30 GEYLANG,,
PALMERA EAST LORONG MELAYU,1.320882020922461,103.9100920071413
RIVER VALLEY APARTMENTS RIVER VALLEY ROAD,1.295356379515691,103.8289407856457
THE MERLOT KENG LEE ROAD,1.314238862553745,103.846333967549
LANDED HOUSING DEVELOPMENT JALAN ISMAIL,,
CHIP HOCK GARDENS FARRER ROAD,1.320203745083079,103.8122618587316
NOVENA LODGE JALAN MERLIMAU,,
THE TWINS BALMORAL CRESCENT,1.314746755233033,103.8345902489867
CENTRA LOFT LORONG 35 GEYLANG,1.314817439506251,103.8883769779863
LANDED HOUSING DEVELOPMENT HAPPY AVENUE EAST,,
BEACON HEIGHTS MAR THOMA ROAD,1.326375086466797,103.8621423702997
JIA WILKIE ROAD,1.302445907736072,103.8475324687758
RESIDENTIAL APARTMENTS LORONG 12 GEYLANG,,
LANDED HOUSING DEVELOPMENT DYSON ROAD,,
THE ABODE AT DEVONSHIRE DEVONSHIRE ROAD,,
LANDED HOUSING DEVELOPMENT LORONG MARZUKI,,
SOMMERVILLE PARK FARRER DRIVE,1.311463244841305,103.8054924396908
SIMS MEADOWS LORONG 33 GEYLANG,,
LANDED HOUSING DEVELOPMENT CHANGI ROAD,,
ROBIN RESIDENCES ROBIN DRIVE,,
TRILIGHT NEWTON ROAD,1.314478832372454,103.839899712589
ORCHARD SOPHIA SOPHIA ROAD,1.303143963992861,103.8462818308166
TROPIKA EAST FOO KIM LIN ROAD,1.328865891619976,103.9071939775593
KILLINEY 118 KILLINEY ROAD,1.297968007004116,103.8384080578819
AVANT RESIDENCES ALJUNIED ROAD,1.313535359875808,103.8823628705753
GRANGE RESIDENCES GRANGE ROAD,,
VAUGHAN GARDEN BUKIT ARANG ROAD,1.347020016866767,103.8705586715621
NOVA 48 PROME ROAD,1.32504606945318,103.8491135489424
SIMSVILLE GEYLANG EAST AVENUE 2,1.317031147376361,103.8904995828491
BARKER VILLE BARKER ROAD,,
RESIDENCES @ EVELYN EVELYN ROAD,1.316064173707877,103.8394929726735
NEWTON 18 NEWTON ROAD,1.314294263753117,103.8411506975849
EUNOS PARK KAMPONG EUNOS,1.318463906530395,103.9060767956999
VILLA DES FLORES WHITLEY ROAD,1.324778956260528,103.8371032395452
LANDED HOUSING DEVELOPMENT JALAN MELOR,,
VILLA AZURA CHERRY AVENUE,1.331725212068963,103.7929907515901
CLYDESWOOD DAISY ROAD,,
LEONIE GARDENS LEONIE HILL,1.298473628643915,103.8327038004006
RESIDENTIAL APARTMENTS LORONG 34 GEYLANG,,
CAVENAGH HOUSE CLEMENCEAU AVENUE NORTH,1.307902702423274,103.8406357501485
EN FU MANSIONS LORONG 33 GEYLANG,,
D'OASIA LORONG MELAYU,1.319669692953085,103.9102611974789
FUYUEN COURT LORONG 35 GEYLANG,1.315927106244223,103.888948723639
THE RITZ-CARLTON RESIDENCES SINGAPORE CAIRNHILL CAIRNHILL ROAD,,
LOFT @ STEVENS STEVENS ROAD,1.317839471699672,103.8262236506755
NOUVEL 18 ANDERSON ROAD,,
BLISS RESIDENCES JALAN MASJID,1.320128798568964,103.9121277292395
SUITES@CHANGI CHANGI ROAD,,
SCOTTS SQUARE SCOTTS ROAD,1.305799429935449,103.8330747062191
LE NOUVEL ARDMORE ARDMORE PARK,1.310423987155983,103.8279134032646
RACE COURSE 138 RACE COURSE ROAD,,
LANDED HOUSING DEVELOPMENT ENG NEO AVENUE,,
WATERFALL GARDENS FARRER ROAD,1.312250071039839,103.8051562699643
REIGNWOOD HAMILTON SCOTTS SCOTTS ROAD,1.311413798576152,103.8359663649218
THE VERV @ RV RIVER VALLEY ROAD,,
SIMS GREEN LORONG 27A GEYLANG,1.314410386547719,103.8846296898634
THE HOLLAND COLLECTION HOLLAND ROAD,1.30888091521005,103.8076693786586
18 SHELFORD SHELFORD ROAD,1.327319525586174,103.8128317707781
RESIDENTIAL APARTMENTS GUILLEMARD ROAD,,
CITYVISTA RESIDENCES PECK HAY ROAD,1.309143455929495,103.8375796611798
NEWTON 21 NEWTON ROAD,1.31490075979299,103.8404608629232
THE ATELIER MAKEWAY AVENUE,1.312830391449249,103.8415442877715
JOOL SUITES SING JOO WALK,1.315209057899796,103.8549193071569
PARK 1 SUITES LORONG 40 GEYLANG,1.314042687920923,103.8893470454453
SEVEN HOLT ROAD HOLT ROAD,,
DAKOTA RESIDENCES DAKOTA CRESCENT,1.30637270876179,103.8870854900598
MILL POINT ZION CLOSE,1.292907093235203,103.8304503654108
3 CUSCADEN CUSCADEN WALK,1.303933319307066,103.8293881615773
19 NASSIM NASSIM HILL,1.3065634640087,103.8213284335998
CASCATA TEO KIM ENG ROAD,1.328402035224417,103.90860634862
MARTIN EDGE MARTIN ROAD,1.292335617867361,103.8375492153446
VENTUNO BALMORAL BALMORAL ROAD,1.315958978640755,103.8329556048591
OXLEY RESIDENCE OXLEY ROAD,1.296986873535299,103.8411650471723
TREVISTA LORONG 3 TOA PAYOH,1.338095057535315,103.846775797512
SUNNY LODGE LORONG SALLEH,1.324494712401058,103.9069463255945
DUBLIN ROAD FLATS DUBLIN ROAD,1.298358704125238,103.8402678839538
WILLYN VILLE HOLLAND AVENUE,1.3118610112436,103.7964588825422
GEYLANG CONSERVATION AREA LORONG 28 GEYLANG,1.313071434552919,103.8853963714246
LANDED HOUSING DEVELOPMENT JALAN HARUM,,
ORCHID APARTMENTS ENG NEO AVENUE,1.333779417803196,103.7985708345692
LANDED HOUSING DEVELOPMENT JALAN WARINGIN,,
8 FARRER SUITES SING JOO WALK,1.314989574352803,103.8547092379092
RIDGE COURT MEYAPPA CHETTIAR ROAD,1.330673259772661,103.8674545923156
HOLLAND GROVE HOLLAND GROVE VIEW,1.312704961528359,103.7814780629798
ARIVA ON SHAN SERVICED RESIDENCE SHAN ROAD,,
PAYA LEBAR RESIDENCES PAYA LEBAR ROAD,1.315836753636183,103.8927466484271
LA CRYSTAL KILLINEY ROAD,1.296177147627771,103.8368776547267
LANDED HOUSING DEVELOPMENT LENGKONG DUA,,
HIJAUAN CAVENAGH ROAD,1.303600720084408,103.841116863266
THE SERENADE @ HOLLAND HOLLAND ROAD,1.318464639469044,103.7798585243002
THE MARQUE @ IRRAWADDY SHAN ROAD,1.32590458180222,103.8459979854563
GEM RESIDENCES LORONG 5 TOA PAYOH,1.339338209867668,103.8512247363467
MONARCHY APARTMENTS MANDALAY ROAD,1.32479229453516,103.8501269066095
R66 APARTMENTS RANGOON ROAD,,
LINK RESIDENCE @ HOLLAND GREENLEAF ROAD,,
LANDED HOUSING DEVELOPMENT JALAN HAJI ALIAS,,
LUCKY PARK LANTANA AVENUE,1.328153713877612,103.7932617184217
KINGS VILLE KING'S ROAD,1.318336781882544,103.8062133802618
CASA CAIRNHILL PECK HAY ROAD,,
RESIDENTIAL APARTMENTS FLANDERS SQUARE,,
WATERMARK ROBERTSON QUAY RODYK STREET,,
KEMBANGAN PLAZA JALAN MASJID,1.320372556098666,103.9126428496282
PALMS @ SIXTH AVENUE SIXTH AVENUE,1.324499608783658,103.7927496538919
UPTOWN @ FARRER PERUMAL ROAD,1.312944323736674,103.8556347350914
THE ESPIRA LORONG L TELOK KURAU,1.312091433073079,103.9145962798192
HILBRE28 HILLSIDE DRIVE,1.3608026678991,103.8750189552062
HOCK MANSION WILKIE TERRACE,1.302444824595145,103.8485542958617
RIVERPARC RESIDENCE PUNGGOL DRIVE,1.397589084362385,103.9177786494166
PALM VISTA LORONG G TELOK KURAU,1.317260917769369,103.9095866140016
THE MERCURY SHANGHAI ROAD,,
THOMSON RISE ESTATE JALAN BERJAYA,1.353203133642597,103.844390234118
URBAN RESORT CONDOMINIUM CAIRNHILL ROAD,1.304223349352251,103.8377138065984
LANDED HOUSING DEVELOPMENT LYNWOOD GROVE,,
IDYLLIC EAST UPPER EAST COAST ROAD,1.316087805444295,103.9461128886827
LANDED HOUSING DEVELOPMENT MARYLAND DRIVE,,
ELLIOT AT THE EAST COAST ELLIOT ROAD,1.311481721657449,103.9306064785221
STRATFORD COURT BEDOK RIA CRESCENT,1.328473243203479,103.9513562161494
CAIRNHILL NINE CAIRNHILL ROAD,,
CASA SARINA LORONG SARINA,,
RESIDENCES 88 LORONG MARICAN,,
ELITE RESIDENCES ELITE TERRACE,1.317096221792972,103.9239456540955
LE MERRITT LORONG M TELOK KURAU,1.310853268861818,103.9134848893212
RICH EAST GARDEN UPPER EAST COAST ROAD,1.314165187540698,103.9369094155366
ADANA @ THOMSON OLD UPPER THOMSON ROAD,1.369517151541987,103.8278623928932
JLB RESIDENCES JALAN LOYANG BESAR,1.379089886983162,103.9605584756783
THE RIVERINA RIVERINA VIEW,1.378215891996953,103.9441055523213
ELIAS TERRACE ELIAS TERRACE,1.372003631414886,103.9422194509672
OLLOI LORONG 101 CHANGI,1.314964838685116,103.8995307313543
PARC KOMO UPPER CHANGI ROAD NORTH,,
SHAN YAO GARDEN YUK TONG AVENUE,1.344776709734685,103.7735568706398
SIGNATURE PARK TOH TUCK ROAD,,
LANDED HOUSING DEVELOPMENT ENG KONG GARDEN,,
LANDED HOUSING DEVELOPMENT BEDOK TERRACE,,
LANDED HOUSING DEVELOPMENT JALAN KERIS,,
GOLDLEAF GARDENS LORONG M TELOK KURAU,1.311828613748272,103.9157383750431
OCEAN PARK EAST COAST ROAD,1.309091252829344,103.9186062590156
LANDED HOUSING DEVELOPMENT RECREATION LANE,,
THE INFLORA FLORA DRIVE,1.356766199676284,103.9664715716053
THE COTZ TELOK KURAU ROAD,,
SANDILANDS RESIDENCES SANDILANDS ROAD,,
SEMBAWANG HILLS ESTATE CASUARINA ROAD,,
ST NICHOLAS VIEW ST. NICHOLAS VIEW,1.371744588577266,103.8326313033466
LANDED HOUSING DEVELOPMENT GUAN SOON AVENUE,,
RINDU TERRACE JALAN RINDU,1.344790432190164,103.8772580882039
LANDED HOUSING DEVELOPMENT JALAN SAMARINDA,,
SERANGOON GARDEN VIEW JALAN HWI YOH,1.363575317049907,103.8732717774368
HOMES AT EASTWOOD PLACE EASTWOOD PLACE,1.322117294137547,103.9565012954007
PEBBLE BAY TANJONG RHU ROAD,,
CHILTERN PARK SERANGOON AVENUE 3,1.350347283643933,103.8633219892468
ARTHUR MANSIONS ARTHUR ROAD,,
HIGHLAND CONDOMINIUM HIGHLAND ROAD,1.359425381110659,103.8799864049462
LANDED HOUSING DEVELOPMENT JALAN TANI,,
LANDED HOUSING DEVELOPMENT JALAN GENENG,,
KEW PLACE SALAM WALK,1.321350904447627,103.9512426765192
THE ATRIA AT MEYER MEYER ROAD,1.296681855158373,103.8891001130732
CHARLTON PARK AROOZOO AVENUE,1.355905894443525,103.8859499455005
LANDED HOUSING DEVELOPMENT JANSEN ROAD,,
SUNNY PARC LORONG K TELOK KURAU,1.31337005210124,103.9147562181531
ESTIQUE ROSE LANE,,
JIN DING GARDEN BEDOK WALK,1.330114880014998,103.9477892662894
RESIDENTIAL APARTMENTS TANJONG KATONG ROAD,,
KOVAN PRIMERA KOVAN ROAD,1.35499609716212,103.8781120529562
KEW RESIDENCIA KEW CRESCENT,1.31795348423619,103.9485044094321
LANDED HOUSING DEVELOPMENT JOO CHIAT AVENUE,,
TREASURE GARDENS TEOW HOCK AVENUE,1.361532185980229,103.8800368916422
SENGKANG GRAND RESIDENCES COMPASSVALE BOW,1.383451462359789,103.8919783284496
RIVIERA RESIDENCES RIVIERA DRIVE,1.316062514081691,103.9426081375189
LANDED HOUSING DEVELOPMENT MUGLISTON ROAD,,
ALWYN PARK HONG LEE PLACE,,
DUNMAN VIEW HAIG ROAD,1.309953699496716,103.8970738863982
COSTA ESTE LORONG K TELOK KURAU,1.312282746728997,103.9095597568896
THE DAFFODIL UPPER EAST COAST ROAD,1.316021645562444,103.9456755893094
THE HILLFORD JALAN JURONG KECHIL,1.34472304227812,103.7696222003491
KINGS APARTMENTS LORONG K TELOK KURAU,1.311911543354885,103.9077219561978
VERTIS AMBER GARDENS,1.301307759796628,103.9001013714522
TRESALVEO MARYMOUNT TERRACE,1.351042597613426,103.8408224969254
THE SUMMIT UPPER EAST COAST ROAD,1.316345054226359,103.9406711649322
THE AMBIENCE PONGGOL SEVENTEENTH AVENUE,,
THE RED HOUSE EAST COAST ROAD,1.305392412482184,103.9034842006009
SUNSHINE LODGE UPPER SERANGOON ROAD,,
LANGE 28 LANGE ROAD,1.359028662627916,103.8770966276921
THE RAINTREE BUKIT DRIVE,1.348849832604747,103.7737338771455
SUNSHINE GRANDEUR LORONG K TELOK KURAU,1.313049050095953,103.9100540144472
KAP RESIDENCES KING ALBERT PARK,,
NATURALIS LORONG M TELOK KURAU,1.309714302745735,103.9084964243202
LANDED HOUSING DEVELOPMENT PLANTATION AVENUE,,
LANDED HOUSING DEVELOPMENT LORONG 101 CHANGI,,
LANDED HOUSING DEVELOPMENT BRIGHT HILL CRESCENT,,
TANGERINE GROVE PAYA LEBAR CRESCENT,1.350256623939263,103.8805794271109
RIDGEVALE GARDENS UPPER BUKIT TIMAH VIEW,,
SANDY EIGHT SANDY LANE,1.312051624804661,103.8932236332215
D'SUNRISE JOO CHIAT LANE,,
EAST BAY GARDENS LORONG G TELOK KURAU,1.318425774051961,103.9122356008789
SUNSET LODGE SUNSET CLOSE,1.324312397918162,103.7657062428359
ISLAND COUNTRY VILLAS OLD UPPER THOMSON ROAD,1.37540761139807,103.826629836048
ASTON RESIDENCE JALAN LOYANG BESAR,1.380224536734087,103.9644461429051
PASIR RIS BEACH PARK ELIAS ROAD,1.380776813736219,103.9462895509018
GRANDIOSO 8 BRIGHT HILL CRESCENT,,
THE EDGEWATER JALAN LOYANG BESAR,1.380290809095873,103.9646745963418
LANDED HOUSING DEVELOPMENT ENG KONG PLACE,,
MACHUAN TERRACE LORONG CHUAN,1.358561375722444,103.8679858266595
SEAVIEW PARK JALAN SEAVIEW,,
LANDED HOUSING DEVELOPMENT CHIN TERRACE,,
CLEMENTI GREEN CLEMENTI CRESCENT,1.324360002964335,103.7732523727956
EASTWIND MANSIONS JOO CHIAT TERRACE,1.314272996399436,103.9023720140996
TANAH MERAH PARK TANAH MERAH BESAR LANE,1.359759372018621,103.9758521145464
VILLAS LA VUE SIGLAP VIEW,1.319514838438983,103.917626200076
FIORENZA FLORENCE ROAD,,
THE JARDINE RESIDENCES LORONG CHUAN,,
ARDOR RESIDENCE HAIG ROAD,1.306464119252234,103.8994417413862
HOW SUN GARDEN HOW SUN AVENUE,,
BALCON EAST UPPER EAST COAST ROAD,1.314743267658847,103.942302354429
PARK RESIDENCES KOVAN UPPER SERANGOON ROAD,1.357933727784313,103.8819320392581
SEA PAVILION RESIDENCES UPPER EAST COAST ROAD,1.315075780939337,103.9431389872439
IMPERIAL HEIGHTS IPOH LANE,1.31145537479689,103.8951696499839
SYCAMORE TREE FOWLIE ROAD,,
LIVIA PASIR RIS GROVE,,
LANDED HOUSING DEVELOPMENT ROSE LANE,,
SUNSHINE REGENCY RAMBAI ROAD,1.311416310823838,103.9053380167288
SIN MING CENTRE SIN MING ROAD,,
VERDOR RESIDENCES JOO CHIAT TERRACE,,
LANDED HOUSING DEVELOPMENT EASTWOOD GREEN,,
LANDED HOUSING DEVELOPMENT JALAN LEPAS,,
PALM ISLES FLORA DRIVE,,
TRANQUILIA @ KISMIS ENG KONG ROAD,,
CHUAN VISTA II CHUAN DRIVE,,
THE CASCADIA BUKIT TIMAH ROAD,1.333808226154373,103.7877781467707
MONDO MANSION BUILDING UPPER SERANGOON ROAD,,
SUNGLADE SERANGOON AVENUE 2,1.34838632860249,103.8708737487257
BREEZY MANSIONS SANDILANDS ROAD,1.362241503379965,103.878014692236
LANDED HOUSING DEVELOPMENT JALAN CHEMPAKA KUNING,,
JOO CHIAT APARTMENT ONAN ROAD,,
RIVERSOUND RESIDENCE SENGKANG EAST AVENUE,1.381184866647517,103.9025753983653
SHIRO LORONG H TELOK KURAU,1.315413135429954,103.9079864394279
TREASURE AT TAMPINES TAMPINES LANE,1.345085614536491,103.9479509543739
FLORENCE GROVE FLORENCE CLOSE,,
STRAITS RESIDENCES JOO CHIAT PLACE,1.313555786390687,103.9045170132703
PARC ELEGANCE TELOK KURAU ROAD,,
LANDED HOUSING DEVELOPMENT ST. PATRICK'S ROAD,,
LANDED HOUSING DEVELOPMENT JALAN TUA KONG,,
LIMAU VILLAS LIMAU RISE,,
JEWEL @ BUANGKOK COMPASSVALE BOW,1.380507754213892,103.8920535958496
PARC CENTROS PUNGGOL CENTRAL,1.403161742660356,103.9035079486341
LIRIA TERRACE MARIAM WALK,,
BAYWIND RESIDENCES LORONG N TELOK KURAU,1.310946853884022,103.9157333079183
LANDED HOUSING DEVELOPMENT JALAN SEGAM,,
LANDED HOUSING DEVELOPMENT JALAN TELITI,,
LANDED HOUSING DEVELOPMENT JALAN CHORAK,,
HOMEY GARDENS LORONG M TELOK KURAU,1.309656187565478,103.9087977610527
THE SERENNIA PULASAN ROAD,1.311246574076927,103.90601562226
ROSE MAISON HAIG AVENUE,1.307619269296358,103.8997154318166
THE CREEK @ BUKIT TOH TUCK ROAD,1.340046589504771,103.7701214965061
BEDOK PESARI JALAN GREJA,1.324425102462833,103.9554345408059
TERRASSE TERRASSE LANE,1.367961095376115,103.8766029750334
EASTWOOD GREEN EASTWOOD ROAD,1.322359267119294,103.9547414997991
KOON SENG HOUSE KOON SENG ROAD,,
KOVAN REGENCY KOVAN RISE,,
LANDED HOUSING DEVELOPMENT LORONG L TELOK KURAU,,
THE SPRINGBLOOM SERANGOON AVENUE 3,1.351084262267681,103.8642740387871
16 @ AMBER AMBER ROAD,,
SAVANNAH CONDOPARK SIMEI RISE,1.349015718297354,103.9626890643747
LANDED HOUSING DEVELOPMENT LORONG H TELOK KURAU,,
VERSAILLES HEMMANT ROAD,,
SEVEN CRESCENT CRESCENT ROAD,1.30005968592368,103.8938801959733
STRAITS AT JOO CHIAT JOO CHIAT PLACE,1.31497311045681,103.9084272638598
CLOVER BY THE PARK BISHAN STREET 25,,
ESPIRA SUITES LORONG G TELOK KURAU,1.317389689227167,103.9125876382302
MODA EAST COAST ROAD,1.304143921478777,103.9030409228612
SEASIDE RESIDENCES SIGLAP LINK,1.307412897296142,103.9266764126635
MY MANHATTAN SIMEI STREET 3,1.341303420769851,103.9533477302051
LANDED HOUSING DEVELOPMENT SEA AVENUE,,
VIBES @ KOVAN KOVAN ROAD,1.354825114734672,103.8776031758135
AQUARIUS BY THE PARK BEDOK RESERVOIR VIEW,1.338040636196544,103.9353532822675
WATER VILLAS KOVAN ROAD,1.357192221789464,103.8794059110115
EURO-ASIA LODGE JOO CHIAT TERRACE,1.31431777216437,103.9020095286197
LE LOYANG JALAN LOYANG BESAR,,
JADE RESIDENCES LEW LIAN VALE,1.349057044866486,103.8781131995846
TREESCAPE LORONG N TELOK KURAU,1.31112539571833,103.9165567106441
SHERWOOD TOWER JALAN ANAK BUKIT,1.339500147435236,103.7788151242222
SYMPHONY HEIGHTS HUME AVENUE,,
RESIDENTIAL APARTMENTS EAST COAST ROAD,,
HORIZON GREEN THOMSON WALK,,
CHUAN GREEN CHUAN DRIVE,,
ZEPHYR PARK SEA BREEZE ROAD,1.337154249449153,103.9521636162188
WATERCREST LOYANG BESAR CLOSE,1.377674656446125,103.9575804370951
BEDOK PARK LIMAU GARDEN,1.321777907532555,103.9500730556339
LANDED HOUSING DEVELOPMENT BROADRICK CLOSE,,
LANDED HOUSING DEVELOPMENT LORONG BANDANG,,
CASUARINA COVE TANJONG RHU ROAD,,
FRAGRANT GARDENS UPPER PAYA LEBAR ROAD,,
RESIDENTIAL APARTMENTS UPPER SERANGOON ROAD,,
SOLARIS RESIDENCES PAYA LEBAR CRESCENT,1.350130456509391,103.8818170647611
STILL MANSIONS STILL ROAD,1.308544027178243,103.908875714181
LANDED HOUSING DEVELOPMENT DUKU ROAD,,
CHOON KIM HOUSE UPPER SERANGOON ROAD,,
ONE EIGHTIES RESIDENCES JOO CHIAT TERRACE,1.314796735119026,103.9053352259202
THE TROPICA TAMPINES AVENUE 1,1.348252184730149,103.9270520779333
THE PROMENADE@PELIKAT JALAN PELIKAT,1.355309041782432,103.8878571832613
SERAYA COURT SERAYA LANE,1.306508093469192,103.8997870998908
THE EDEN AT TAMPINES TAMPINES STREET 34,1.355335532328507,103.9592352692777
THE SANTORINI TAMPINES STREET 86,,
OLA ANCHORVALE CRESCENT,,
EASTERN GARDEN EVERGREEN AVENUE,1.31501490880037,103.9357561710013
LANDED HOUSING DEVELOPMENT JALAN TANJONG,,
LANDED HOUSING DEVELOPMENT PARKSTONE ROAD,,
RYMDEN 77 LORONG H TELOK KURAU,1.316710127989572,103.9114279206275
LANDED HOUSING DEVELOPMENT KISMIS PLACE,,
KATONG APARTMENTS MANGIS ROAD,1.313016882406437,103.9038073631801
AMBER PARK AMBER GARDENS,,
LANDED HOUSING DEVELOPMENT EAST COAST ROAD,,
LANDED HOUSING DEVELOPMENT GREENBANK PARK,,
HERITAGE RESIDENCES LORONG L TELOK KURAU,1.312557609973246,103.912955503031
RESIDENCES @ JANSEN JANSEN ROAD,1.359867357185646,103.8774230984478
THE ESPARIS PASIR RIS DRIVE 4,1.36952303141664,103.9597099330983
GLASGOW RESIDENCE GLASGOW ROAD,1.361899214229631,103.8786128077793
URBAN VISTA TANAH MERAH KECHIL LINK,,
TOH ESTATE CHIN TERRACE,1.3643653206133,103.9742992783571
UBER 388 UPPER EAST COAST ROAD,1.313655691164048,103.9390907154866
RESIDENTIAL APARTMENTS YIO CHU KANG ROAD,,
TANAH MERAH MANSION TANAH MERAH KECHIL ROAD SOUTH,,
THE LUSH DUKU ROAD,1.308945445504489,103.9051176764418
LANDED HOUSING DEVELOPMENT TENG TONG ROAD,,
A TREASURE TROVE PUNGGOL WALK,1.405491330246649,103.8998306639428
LANDED HOUSING DEVELOPMENT HOW SUN ROAD,,
PASIR RIS 8 PASIR RIS DRIVE 8,1.371408144607243,103.9471470667985
D'PAVILION UPPER SERANGOON ROAD,1.356323100110793,103.8804022964726
BALLOTA PARK CONDOMINIUM MARIAM WAY,1.358877991203415,103.9685244387701
THE TROPIC GARDENS UPPER EAST COAST ROAD,1.313849570328185,103.9380984377328
HAIG ELEVEN HAIG AVENUE,1.308470148669483,103.8995241059696
KNOX VIEW LORONG M TELOK KURAU,1.310740291072896,103.9096923726337
HIGHLAND CENTRE YIO CHU KANG ROAD,1.355387751949749,103.877259450345
LANDED HOUSING DEVELOPMENT HOW SUN AVENUE,,
LANDED HOUSING DEVELOPMENT JALAN BERJAYA,,
ASTON GREEN PAYA LEBAR CRESCENT,1.348697082562595,103.8832242333145
BRADDELL VIEW BRADDELL HILL,1.342068677218398,103.8410772281251
3@PHILLIPS PHILLIPS AVENUE,1.363375393299385,103.8745311233204
THE HACIENDA HACIENDA GROVE,,
CANNAVILLE DUKU ROAD,1.309112821414018,103.9054365520407
LANDED HOUSING DEVELOPMENT MEYER ROAD,,
UNI BUILDING TELOK KURAU ROAD,1.31146361071393,103.9107874513426
YIO CHU KANG TERRACE YIO CHU KANG TERRACE,1.358670710798718,103.8749969456309
LANDED HOUSING DEVELOPMENT HILLSIDE DRIVE,,
NAUNG RESIDENCE JALAN NAUNG,,
PALM HAVEN PALM GROVE AVENUE,1.360563296636713,103.8777118548994
HAIG TEN HAIGSVILLE DRIVE,1.310096715179829,103.8977699459117
EAST COAST PARK FIRST STREET,,
EAST VIEW BROOKE ROAD,1.303812336218331,103.9036041618862
TEMBELING RESIDENCE TEMBELING ROAD,1.307339577795981,103.9048022838577
FULCRUM FORT ROAD,,
HILLSGROVE HILLSIDE DRIVE,1.355859134898731,103.8791939797144
LANDED HOUSING DEVELOPMENT JALAN BATALONG EAST,,
CAMELODGE UPPER EAST COAST ROAD,,
CHELSEA LODGE TANJONG KATONG ROAD,1.305314494789086,103.8959380581262
GUAN SOON VILLAS GUAN SOON AVENUE,1.338565830197379,103.9531726794866
VIBES@UPPER SERANGOON UPPER SERANGOON ROAD,1.344818258477222,103.8712387396101
PALM GROVE CONDOMINIUM PALM GROVE AVENUE,1.359565494485053,103.8786162148474
EASTPOINT GREEN SIMEI STREET 3,1.338974809491333,103.9515147665966
DUNMAN PLACE DUNMAN ROAD,1.309995999283283,103.8957613406682
GABRIEL VILLAS SERANGOON AVENUE 1,1.347306369595948,103.8767704730434
LIMAU PARK JALAN LIMAU BALI,1.322342816633979,103.947973064568
LANDED HOUSING DEVELOPMENT LIM AH PIN ROAD,,
SPRINGVALE EAST COAST ROAD,1.312914966832455,103.9247216777546
TOH TUCK LODGE TOH TUCK ROAD,1.340763152781326,103.7699305435602
ISLAND PARK JALAN TAMBUR,,
MEYER BLUE MEYER ROAD,1.296583071809255,103.891682981836
INFINIUM RICHARDS AVENUE,1.362136009998518,103.8814235382842
LANDED HOUSING DEVELOPMENT BILAL LANE,,
BEAUTY GARDEN JALAN MERDU,1.392353765690573,103.9004075500783
LANDED HOUSING DEVELOPMENT SUNSET SQUARE,,
PEAKVILLE PARK PEAKVILLE GROVE,1.333264093982804,103.9448204094687
FLAME TREE PARK SIN MING AVENUE,1.360990604832917,103.8289743558856
COSTA DEL SOL BAYSHORE ROAD,,
THE LINE @ TANJONG RHU TANJONG RHU ROAD,,
ST PATRICK'S GREEN ST. PATRICK'S ROAD,1.308523602226322,103.9138804784252
RAFFLESIA CONDOMINIUM BISHAN STREET 21,1.347992607604343,103.8433152472047
SANCTUARY @ 813 UPPER SERANGOON ROAD,1.357205875770315,103.8808997483635
D'ZIRE ROBEY CRESCENT,1.368323640198184,103.8821662554546
RESIDENTIAL APARTMENTS BOUNDARY ROAD,,
TROPICAL SPRING SIMEI STREET 4,1.34145315588588,103.9556769365981
LOYANG VILLAS LOYANG RISE,1.362566211970676,103.9650422348355
LANDED HOUSING DEVELOPMENT ENG KONG TERRACE,,
LA SALLE VILLAS LA SALLE STREET,,
KI RESIDENCES AT BROOKVALE BROOKVALE DRIVE,1.329391855965019,103.7698437067513
CASCADALE UPPER CHANGI ROAD EAST,,
PROSPERO VILLE LORONG K TELOK KURAU,1.313983863739906,103.9144456365102
TAI YUAN GARDEN TAI YUAN HEIGHTS,1.359597971244468,103.8685663663601
FERNWOOD TERRACES EAST COAST AVENUE,,
PINE COURT LORONG L TELOK KURAU,1.311049779777377,103.909507506592
LANDED HOUSING DEVELOPMENT EASTWOOD WAY,,
FAIRMOUNT CONDOMINIUM EASTWOOD ROAD,1.320988419236671,103.9558821199697
BAYSHORE PARK BAYSHORE ROAD,1.31134348854578,103.9352439805068
PEOPLE'S GARDEN LORONG 1 REALTY PARK,1.367056479274205,103.8912719219485
LANDED HOUSING DEVELOPMENT PARRY AVENUE,,
LANDED HOUSING DEVELOPMENT RINGWOOD ROAD,,
HOOVER PARK CHUN TIN ROAD,1.342084218380789,103.7737035539245
SUNSHINE RESIDENCE LORONG K TELOK KURAU,1.313012058922287,103.9098685984383
EAST ELEGANCE JOO CHIAT TERRACE,1.314928274625242,103.9055808878042
LA FIESTA SENGKANG SQUARE,1.389578955141272,103.8954809005575
LANDED HOUSING DEVELOPMENT DIX ROAD,,
JC VILLE JOO CHIAT PLACE,1.314359042923973,103.9049606432113
VENEZIO UPPER EAST COAST ROAD,,
SERAYA 9 SERAYA LANE,,
THE COURTYARD LIM AH PIN ROAD,1.363573803107235,103.8866273579182
THE SOUND EAST COAST ROAD,1.310206047724338,103.9147633653008
MELINIA COURT LORONG M TELOK KURAU,,
LANDED HOUSING DEVELOPMENT STILL ROAD,,
SUITES @ GUILLEMARD LIM AH WOO ROAD,1.312519698680811,103.8917601888514
LANDED HOUSING DEVELOPMENT RECREATION ROAD,,
LANDED HOUSING DEVELOPMENT LUCKY HEIGHTS,,
HIGHGATE TOH TUCK ROAD,1.341838594057799,103.7662926417019
THE MINTON HOUGANG STREET 11,,
CRYSTAL RHU TANJONG RHU ROAD,,
TAI HWAN GARDEN TAI HWAN AVENUE,1.357128642700917,103.8614340585145
THE JOVELL FLORA DRIVE,1.358007362264855,103.9668345156371
LANDED HOUSING DEVELOPMENT KEW DRIVE,,
LANDED HOUSING DEVELOPMENT LEITH ROAD,,
SIGNATURE RESIDENCE GREEN LANE,1.311070927886742,103.8924152698326
LANDED HOUSING DEVELOPMENT JALAN SAHABAT,,
BISHAN PARK CONDOMINIUM SIN MING WALK,1.365974598738553,103.8320004901462
PARRY PARK PARRY TERRACE,1.366501809905126,103.8771359484466
THE CARRARA MOUNTBATTEN ROAD,1.302145068889884,103.8965397932585
DE CENTURION TANJONG RHU ROAD,,
CHARLTON RESIDENCES CHARLTON ROAD,,
ODEON SEASIDE PARK EAST COAST ROAD,,
EASTBAY TAY LIAN TECK ROAD,1.312878568921875,103.9292591912749
THE SCALA SERANGOON AVENUE 3,1.351406554233017,103.8654051700237
LANDED HOUSING DEVELOPMENT ENG KONG ROAD,,
KATONG GARDENS TEMBELING ROAD,1.308755058122272,103.9056369592104
LANDED HOUSING DEVELOPMENT JALAN SOTONG,,
CANARY VILLE LORONG J TELOK KURAU,,
VERDURE VILLAS PONGGOL TWENTY-FOURTH AVENUE,1.418832137486872,103.9096419101102
MARINE GARDEN SIGLAP ROAD,1.311210538081138,103.925369074824
CAMELOT BY-THE-WATER TANJONG RHU ROAD,1.297407538078527,103.8754381466352
PARK GREEN RIVERVALE LINK,1.380302221691597,103.900408110642
LANDED HOUSING DEVELOPMENT CHAPEL CLOSE,,
LANDED HOUSING DEVELOPMENT PENNEFATHER ROAD,,
THOMSON VIEW CONDOMINIUM BRIGHT HILL DRIVE,,
CAVENDISH PARK PINE GROVE,1.316550920104498,103.7754011586186
LANDED HOUSING DEVELOPMENT LORONG 108 CHANGI,,
PONGGOL PARK PONGGOL SEVENTEENTH AVENUE,1.415802633057157,103.9058893576748
FLORA EAST JOO CHIAT PLACE,1.314497026985193,103.9057328100209
EMPRADO SUITES LORONG N TELOK KURAU,1.310876317347,103.9154850737334
SEASONS VIEW PEMIMPIN DRIVE,1.352224424905069,103.8415443243825
ROSYTH VILLE ROSYTH ROAD,1.363165526712811,103.8741663992856
GLAMOUR VILLE LORONG N TELOK KURAU,1.30938443720972,103.9084807048342
SUITES TWENTY-TWO LORONG G TELOK KURAU,,
HERITAGE 9 KOON SENG ROAD,1.311435241616365,103.9038673832214
THE TREELINE LORONG G TELOK KURAU,1.317608617042122,103.9137767982557
LANDED HOUSING DEVELOPMENT LORONG STANGEE,,
LANDED HOUSING DEVELOPMENT LORONG CHUAN,,
PINEVALE TAMPINES STREET 73,1.358770688056069,103.9326599283553
CELADON VIEW JALAN LOYANG BESAR,1.378349857063732,103.9565913518801
ESTERINA HAIG AVENUE,1.307767319566888,103.8998807297463
VERSILIA ON HAIG IPOH LANE,1.312245510801034,103.8960234088209
TRUSSVILLE PAYA LEBAR CRESCENT,,
CANTIZ @ RAMBAI RAMBAI ROAD,,
RESIDENTIAL APARTMENTS PILLAI ROAD,,
AQUENE LORONG BANDANG,1.314429521295677,103.9091131286856
LANDED HOUSING DEVELOPMENT LORONG J TELOK KURAU,,
SERAYA BREEZE SERAYA ROAD,1.305926503963088,103.8998018004689
HOCK SENG PARK JALAN JAMBU AYER,,
LANDED HOUSING DEVELOPMENT ST. HELIER'S AVENUE,,
ROSYTH LODGE ROSYTH ROAD,1.363153425711957,103.8744119098227
THE VERTE LORONG H TELOK KURAU,1.316693043808283,103.9141414280999
LANDED HOUSING DEVELOPMENT ROBEY CRESCENT,,
BINJAI PARK BINJAI PARK,1.337217891514773,103.788472856606
THE GALE FLORA ROAD,1.358846505728282,103.9675583636054
LANDED HOUSING DEVELOPMENT GRAY LANE,,
LANDED HOUSING DEVELOPMENT HAIG LANE,,
LANDED HOUSING DEVELOPMENT GLASGOW ROAD,,
SUITES @ EASTCOAST UPPER EAST COAST ROAD,1.314619651220602,103.9322374915814
RESIDENCE TWENTY-TWO TELOK KURAU ROAD,1.311012250371444,103.911042197816
THOMSON V ONE SIN MING ROAD,,
SEA ESTA PASIR RIS LINK,1.377525389722515,103.9602392923604
CHANGI GROVE JALAN MARIAM,1.362424956723091,103.9696039673641
THE HILLSIDE UPPER BUKIT TIMAH ROAD,,
EASTWOOD REGENCY EASTWOOD ROAD,1.321521052358529,103.9579028298347
LANDED HOUSING DEVELOPMENT TOH YI ROAD,,
SPRING @ LANGSAT LANGSAT ROAD,,
PRINCETON VALE POH HUAT TERRACE,1.367511277657135,103.8785637022485
LANDED HOUSING DEVELOPMENT CHEOW KENG ROAD,,
STADIA YIO CHU KANG ROAD,1.355652103576235,103.8760157636391
NOUVELLE PARK POH HUAT ROAD WEST,1.367239345169861,103.8778691080223
BELLEWATERS ANCHORVALE CRESCENT,1.399451760364971,103.8910156816303
GOLDEN HEIGHTS SERANGOON AVENUE 3,,
CASA ROSA LORONG ONG LYE,,
GREENRIDGE GREENRIDGE CRESCENT,1.334275498024856,103.7663161988248
CHUAN VILLAS CHUAN CLOSE,1.349032993807566,103.861399193672
THE MAKENA MEYER ROAD,,
ROYAL COURT JALAN RAJAWALI,1.343676777308983,103.7690643632681
EASTWOOD PARK EASTWOOD PLACE,,
EQUATORIAL APARTMENTS MEYER ROAD,,
SEASTRAND PASIR RIS LINK,1.376081463429707,103.9610378558924
WEMBLY RESIDENCES YIO CHU KANG ROAD,1.356563757143255,103.8764497339577
NUOVO ANG MO KIO AVENUE 9,1.384367490120189,103.8424103127599
D' FRESCO JOO CHIAT LANE,1.312328040359889,103.9038122105724
CASA AL MARE JALAN LOYANG BESAR,1.37785629605718,103.9570896199723
VUE 8 RESIDENCE PASIR RIS HEIGHTS,1.381738823132056,103.9402275110648
PINETREE HILL PINE GROVE,,
SKY EDEN@BEDOK BEDOK CENTRAL,1.324967912473074,103.9323662200381
LANDED HOUSING DEVELOPMENT LORONG KISMIS,,
LANDED HOUSING DEVELOPMENT GRACE WALK,,
HIGH OAK CONDOMINIUM TOH TUCK ROAD,1.339046548116431,103.7715877534012
LANDED HOUSING DEVELOPMENT JALAN PACHELI,,
RESIDENCE 66 TELOK KURAU ROAD,1.316425631177999,103.9086643314808
CHENG SOON GARDEN CHENG SOON CRESCENT,1.335848443900869,103.7722983236364
THE CONTINUUM THIAM SIEW AVENUE,1.310997106057535,103.8957201937168
RESIDENTIAL APARTMENTS TAMPINES AVENUE,,
TAI PENG GARDENS JALAN RENGKAM,,
COLCHESTER PARK COLCHESTER GROVE,1.357605631485435,103.8671671234234
CENTRAL VIEW HOUGANG STREET 11,1.353044210942993,103.8782346233593
THE CARPMAELINA CARPMAEL ROAD,,
PARADISE PALMS DUNMAN ROAD,1.309955390266097,103.8953204107194
WATERCOLOURS PASIR RIS LINK,1.375707499393845,103.959759853434
MARTIA RESIDENCE MARTIA ROAD,,
LANDED HOUSING DEVELOPMENT RAMBAI ROAD,,
JADE VINE GARDENS KANG CHOO BIN ROAD,1.365726882510249,103.8820442589533
THE WATERSIDE TANJONG RHU ROAD,,
LANDED HOUSING DEVELOPMENT CHUAN PLACE,,
MEYER MANSION MEYER ROAD,1.296472195117778,103.8910346492566
LANDED HOUSING DEVELOPMENT GREEN LANE,,
VERANDA LORONG K TELOK KURAU,1.312335874460472,103.9099501111674
THE TAPESTRY TAMPINES STREET 86,1.353055962832459,103.9282134713296
LANDED HOUSING DEVELOPMENT FORT ROAD,,
CHUAN PARK LORONG CHUAN,1.352513200915135,103.8644547429907
THE LUXURIE COMPASSVALE ROAD,1.389264439432377,103.8965752602688
KOVAN GARDENS KOVAN ROAD,,
HILLSIDE MANSIONS HILLSIDE DRIVE,1.358275404892932,103.8771195190161
LANDED HOUSING DEVELOPMENT JALAN TAMBAN,,
MARLENE VILLE MARLENE AVENUE,1.360161189771306,103.8715771760263
RIPPLE BAY PASIR RIS LINK,1.378617446019698,103.9616653767471
RITZ REGENCY IPOH LANE,1.311368070310352,103.8947667673295
TIARA VISTA LORONG M TELOK KURAU,1.310866157144144,103.9103518286942
FLAMINGO VALLEY SIGLAP ROAD,,
RESIDENTIAL APARTMENTS STANGEE PLACE,,
WATERBAY EDGEFIELD PLAINS,1.40113341483109,103.9080725917183
HAIG RESIDENCES HAIG ROAD,1.306952237565326,103.8991031544175
LUSHAN GARDEN HOW SUN DRIVE,1.344232468325249,103.8788933894596
BEDOK COURT BEDOK SOUTH AVENUE 3,,
BREEZE BY THE EAST UPPER EAST COAST ROAD,1.313857585907834,103.9375030043331
HAI SING PARK HAI SING CRESCENT,1.365239902735206,103.8936540146341
SHERWOOD CONDOMINIUM JALAN JURONG KECHIL,1.345029320556309,103.7680004552495
SEASIDE PARK EAST COAST ROAD,,
LANDED HOUSING DEVELOPMENT YUK TONG AVENUE,,
PALACIO LORONG M TELOK KURAU,1.311491637256555,103.914071044194
PEIRCE VIEW UPPER THOMSON ROAD,,
BOTANIQUE AT BARTLEY UPPER PAYA LEBAR ROAD,1.341972938734281,103.882635407026
COUNTRY PARK CONDOMINIUM BEDOK ROAD,1.321174644423093,103.9547874631134
LE WOOD HINDHEDE DRIVE,1.347094743444869,103.7757826468546
D' CASTILIA JOO CHIAT LANE,1.312974209167565,103.9032531945966
LANDED HOUSING DEVELOPMENT TELOK KURAU ROAD,,
BLISS@KOVAN SIMON LANE,1.363281018203194,103.8835569657998
ISUITES @ PALM GLASGOW ROAD,,
BISHAN POINT BRIGHT HILL DRIVE,1.359659384785255,103.8326919669199
THE ARISTO @ AMBER AMBER ROAD,1.300251659889091,103.9008233872373
CAIFU VIEW PAYA LEBAR PLACE,,
CARDIFF RESIDENCE CARDIFF GROVE,1.354962465989759,103.865797958378
NATURE MANSIONS LORONG K TELOK KURAU,1.312326277405894,103.9103923939759
SUMMER PLACE SUMMER PLACE,,
TESSA LODGE MOUNTBATTEN ROAD,1.302826822678374,103.8983557803243
PALMERA RESIDENCE LORONG N TELOK KURAU,1.309505445059032,103.9112892794937
STUDIOS@TEMBELING TEMBELING ROAD,1.30816131286707,103.9049834919359
PALAZZETTO TANJONG RHU ROAD,1.299181117385791,103.8838286093979
WATER TERRACE LORONG AH SOO,1.350582244858588,103.8814994623773
SUMMER SCENT KANG CHOO BIN ROAD,1.365820155809865,103.8822470382695
LANDED HOUSING DEVELOPMENT LENGKOK MARIAM,,
TWIN WATERFALLS PUNGGOL WALK,1.402186278027678,103.8972807400701
LANDED HOUSING DEVELOPMENT CARPMAEL ROAD,,
KILAT 19 LORONG KILAT,1.340842427603036,103.7736379994818
LANDED HOUSING DEVELOPMENT JOO CHIAT TERRACE,,
H RESIDENCES LORONG H TELOK KURAU,,
CASAFINA BEDOK SOUTH AVENUE 1,1.315229652743496,103.9339650300448
LANDED HOUSING DEVELOPMENT BRIGHTON CRESCENT,,
COUNTRY ESQUIRE LORONG PUNTONG,1.360026169721578,103.8311116819994
HEDGES PARK CONDOMINIUM FLORA DRIVE,,
THE BEACON EDGE TEMBELING ROAD,,
EAST VIEW 18 RAMBUTAN ROAD,1.313281747284728,103.9048522553538
TREASURE CREST ANCHORVALE CRESCENT,,
WATERVIEW TAMPINES AVENUE 1,1.34859310445471,103.9255895022794
THE SEAWIND LORONG M TELOK KURAU,1.310904305974534,103.9143157346819
ENVIO JOO CHIAT PLACE,,
WATERTOWN PUNGGOL CENTRAL,1.405923084898219,103.9019239440376
LOYANG TOWNHOUSES JALAN LOYANG BESAR,,
LANDED HOUSING DEVELOPMENT JALAN JAMAL,,
COMPASS HEIGHTS SENGKANG SQUARE,1.391351118982306,103.8959975345311
CHUAN PARK (DEMOLISHED) LORONG CHUAN,,
EASTWOOD TERRACE EASTWOOD WALK,1.322549504371369,103.9571233834565
FIVENINE LORONG K TELOK KURAU,1.312873467210384,103.9097446059953
PARK VILLAS PARK VILLAS GREEN,1.367933717532777,103.8794627400469
TANJONG RIA CONDOMINIUM TANJONG RHU ROAD,1.296624037088693,103.874304548932
HILLVIEW GREEN HUME AVENUE,1.358061337651229,103.7645964846515
EDEN VIEW EDEN GROVE,,
GRAND REGENCY JALAN RAJAWALI,1.343306427867199,103.7688468348485
MAYFLOWER RESIDENCES MAYFLOWER AVENUE,1.370047820347878,103.8407510220223
RAYA GARDEN JALAN KELICHAP,1.347099547572113,103.8813745020239
HERITAGE EAST EAST COAST ROAD,1.30941222815182,103.912606742916
THE VALES ANCHORVALE CRESCENT,1.396756898094273,103.8934620370307
KOVAN APARTMENTS KOVAN ROAD,1.357382090383251,103.8795264140285
KILAT COURT LORONG KILAT,1.340827703116531,103.7742156779603
THE BAYSHORE BAYSHORE ROAD,1.312420022909939,103.9386285393263
THE TANAMERA TANAH MERAH KECHIL ROAD,1.326453606664493,103.942524576662
PLACE-8 PAYA LEBAR CRESCENT,,
TENET TAMPINES STREET 62,1.368015168556946,103.9432024448624
LANDED HOUSING DEVELOPMENT LORONG 105 CHANGI,,
THE TERRACE EDGEDALE PLAINS,1.401269051299778,103.915973926594
BARTLEY RISE ESTATE EDEN GROVE,1.344819657044293,103.8718600215663
THE BAYCOURT UPPER EAST COAST ROAD,,
LANDED HOUSING DEVELOPMENT TEOW HOCK AVENUE,,
LANDED HOUSING DEVELOPMENT ELLIOT WALK,,
LANDED HOUSING DEVELOPMENT SEA BREEZE ROAD,,
SOUTHAVEN I HINDHEDE WALK,1.347260291443142,103.773320827343
THE GERANIUM MANGIS ROAD,,
WATERFRONT GOLD BEDOK RESERVOIR ROAD,1.33787070972748,103.9285147069635
FENGLI GARDENS LORONG ONG LYE,1.347751119999516,103.8794622401863
AMBER POINT AMBER ROAD,1.29886131925695,103.898522862752
GARDEN VIEW ESTATE CONWAY CIRCLE,1.359436339757395,103.8652347552972
BEAUTY WORLD CENTRE UPPER BUKIT TIMAH ROAD,,
183 LONGHAUS UPPER THOMSON ROAD,1.350960635931634,103.8355035425116
D'ECOSIA STILL ROAD SOUTH,1.306440822728206,103.9100624184113
BELLEZZA @ KATONG CEYLON ROAD,1.306905980085311,103.9020767056161
ARCHIPELAGO BEDOK RESERVOIR ROAD,1.337941175410075,103.9200748169661
AIRVIEW PARK YUK TONG AVENUE,1.343882744322407,103.7743293931296
TANAH MERAH GREEN TANAH MERAH KECHIL ROAD,,
57 @ KOVAN KOVAN ROAD,,
LANDED HOUSING DEVELOPMENT CHUN TIN ROAD,,
LANDED HOUSING DEVELOPMENT YARWOOD AVENUE,,
LANDED HOUSING DEVELOPMENT JOON HIANG ROAD,,
DAINTREE RESIDENCE TOH TUCK ROAD,,
WORTHINGTON BUTTERWORTH LANE,1.312829782341399,103.8959106988557
MALVERN SPRINGS ONAN ROAD,1.30587476907111,103.9039011561135
NAVA GROVE PINE GROVE,1.319711034118939,103.7751027712464
LANDED HOUSING DEVELOPMENT EAST COAST AVENUE,,
SEA BREEZE TERRACE SEA BREEZE AVENUE,,
LANDED HOUSING DEVELOPMENT JALAN JURONG KECHIL,,
SURIN VILLAS SURIN AVENUE,1.35457948759784,103.8799601274845
CHOON SING GARDEN JALAN BINCHANG,1.353233163500459,103.8477120293868
THOMSON GARDEN ESTATE JALAN CHEGAR,1.353964521538978,103.8388360597382
ISUITES @ TANI JALAN TANI,1.365848499074957,103.8848563278824
THE MEYERISE MEYER ROAD,,
INFINI AT EAST COAST EAST COAST ROAD,,
CHERRY GARDENS LORONG LEW LIAN,,
EASTWOOD CENTRE EASTWOOD ROAD,1.321542498815489,103.9555356179602
THE MEYER PLACE MEYER PLACE,1.298411081760036,103.886771477806
CASA CAMBIO LIM TUA TOW ROAD,1.35411619554543,103.8761797135006
AURALIS EAST COAST ROAD,1.310025521471633,103.9160285909917
THE WINDSOR ONTARIO AVENUE,1.357111540395312,103.8281822223414
LANDED HOUSING DEVELOPMENT LANGE ROAD,,
PINE GROVE PINE GROVE,1.318373471703082,103.7743442767048
COASTLINE RESIDENCES AMBER ROAD,,
LANDED HOUSING DEVELOPMENT VALLEY ROAD,,
MIDTOWN RESIDENCES UPPER SERANGOON ROAD,1.370735882857099,103.8951208050464
MEYER RESIDENCE MEYER PLACE,1.298587910348034,103.8861945966295
KEW VALE KEW DRIVE,,
LAGUNA PARK MARINE PARADE ROAD,,
PARKWOOD COLLECTION LORONG 1 REALTY PARK,1.36643448230239,103.8907125422338
ARDISIA GARDENS SERANGOON TERRACE,1.347757894593887,103.8769837218342
LANDED HOUSING DEVELOPMENT BOURNEMOUTH ROAD,,
FRUITION MANGIS ROAD,,
THE ELEGANCE @ CHANGI LORONG 107 CHANGI,,
FORTUNE JADE DUNMAN ROAD,1.309917518417007,103.8948384521846
LANDED HOUSING DEVELOPMENT JOO CHIAT WALK,,
LANDED HOUSING DEVELOPMENT MANGIS ROAD,,
BOWMONT CENTRE SIGLAP DRIVE,1.315656253916772,103.9192457361072
LOYANG COURT JALAN LOYANG BESAR,1.378371650562122,103.9595817180835
KOVAN JEWEL KOVAN ROAD,1.35780270612078,103.881045556929
RICH.RESIDENCE RICHARDS AVENUE,1.362406276714596,103.8812341203453
HIGHGATE PARK HIGHGATE CRESCENT,1.339956004159612,103.7663120918507
LANDED HOUSING DEVELOPMENT JALAN KURNIA,,
THE GARDEN RESIDENCES SERANGOON NORTH VIEW,1.366206959870255,103.8704053077349
MANDARIN GARDENS SIGLAP ROAD,1.307406404401198,103.9234817524017
PROSPER GARDENS BEDOK GARDEN,,
JOO CHIAT VERBENA JOO CHIAT PLACE,1.314731431314452,103.9069097587604
SUNSHINE LOFT LORONG L TELOK KURAU,1.310998319062993,103.9080468908447
WATERFRONT KEY BEDOK RESERVOIR ROAD,1.337509316769132,103.9313904042401
RESIDENTIAL APARTMENTS CHAPEL CLOSE,,
THE BLOSSOMVALE DUNEARN ROAD,1.336739350832533,103.7828207358459
AUSTVILLE RESIDENCES SENGKANG EAST AVENUE,1.38096575616661,103.9008202986453
VERDANA VILLAS GRACE WALK,1.35856417900748,103.8687372483663
THE YARDLEY UPPER SERANGOON ROAD,1.347708659606687,103.8717373921431
LANDED HOUSING DEVELOPMENT JALAN SELANTING,,
SPRING @ KATONG CEYLON ROAD,,
THE EASTSIDE JOO CHIAT ROAD,1.305678730882563,103.9056463516108
KUAN MING GARDENS JALAN TELITI,,
EASTCOVE RESIDENCES JOO CHIAT PLACE,1.314439854257815,103.9088494492173
ONE AMBER AMBER GARDENS,1.301376380102639,103.8981667521173
EASTSIDE LOFT TANJONG KATONG ROAD,1.310695209291133,103.8938299135307
TENGGIRIA JALAN TENGGIRI,1.308277869932908,103.9143025541144
BLUWATERS JALAN LOYANG BESAR,1.37995108105275,103.9629881357621
JARDIN DUNEARN ROAD,1.337684398384014,103.7801479546166
TIVOLI GRANDE KOON SENG ROAD,1.312652227136641,103.9061894862228
KEW GROVE KEW DRIVE,1.320165464178841,103.9523015879668
LANDED HOUSING DEVELOPMENT TAVISTOCK AVENUE,,
RIZ HAVEN JALAN LOYANG BESAR,,
PIERMONT GRAND SUMANG WALK,,
PANDAN VALLEY PANDAN VALLEY,,
LA DOLCE VITA UPPER PAYA LEBAR ROAD,,
STRAITS MANSIONS SEA AVENUE,1.30531788177769,103.9068217670078
FLORAVIEW ANG MO KIO STREET 66,1.391492267613892,103.8504549750849
WINDSOR PARK JUPITER ROAD,,
LANDED HOUSING DEVELOPMENT SENNETT AVENUE,,
WELLINGTON PARK ELLINGTON SQUARE,1.371466432831122,103.8350100949013
RESIDENTIAL APARTMENTS EVERITT ROAD,,
LANDED HOUSING DEVELOPMENT JALAN PARI UNAK,,
SANDY PALM JALAN LOYANG BESAR,1.378794488082192,103.9599470085239
WINDSOR PARK ESTATE LEO DRIVE,,
LEGEND @ JANSEN JANSEN ROAD,1.361143363842561,103.8754935312585
CHEPSTOW VILLE CHEPSTOW CLOSE,1.364330141113704,103.8722488895473
LANDED HOUSING DEVELOPMENT DUKU LANE,,
MOUNTBATTEN LODGE MOUNTBATTEN ROAD,1.300994030836719,103.8888526162246
DE CASALLE LORONG N TELOK KURAU,,
SIN MING PLAZA SIN MING ROAD,1.352482302799053,103.8357469735082
GARDENVISTA DUNEARN ROAD,,
ROXY SQUARE EAST COAST ROAD,1.304325999048991,103.9040511203053
DUKU APARTMENTS DUKU ROAD,,
THOMSON HILLS ESTATE SEMBAWANG HILLS DRIVE,1.375554112863801,103.8314087234883
PARQ BELLA TEMBELING ROAD,1.307816169037856,103.9044266437804
MADEIRA COURT LORONG M TELOK KURAU,,
COTE D'AZUR MARINE PARADE ROAD,1.300200542634555,103.9039698727617
LANDED HOUSING DEVELOPMENT AVON ROAD,,
PARBURY HILL CONDOMINIUM PARBURY AVENUE,1.317862604171142,103.9437304228
MARTIA 8 MARTIA ROAD,1.307242096561445,103.9104675031204
EAST COURT KOON SENG ROAD,,
RIO VISTA UPPER SERANGOON VIEW,1.372614313203488,103.9010444072539
FLO RESIDENCE PUNGGOL FIELD WALK,1.392562130431035,103.9133614933397
JANSEN 28 JANSEN ROAD,1.360310269813775,103.8769067391536
COSTA RHU RHU CROSS,1.297086285760129,103.8668987640314
JANSEN 8 JANSEN ROAD,1.35892168790913,103.8782204838282
LANDED HOUSING DEVELOPMENT TANJONG KATONG ROAD,,
VINA LODGE SIRAT ROAD,1.356938330117638,103.8765694591479
LANDED HOUSING DEVELOPMENT CEYLON ROAD,,
GLASGOW GREEN GLASGOW ROAD,,
LANDED HOUSING DEVELOPMENT EASTWOOD DRIVE,,
WESTLAKE GARDENS WESTLAKE AVENUE,,
THOMSON GRAND SIN MING WALK,,
HERON BAY UPPER SERANGOON VIEW,,
SIGLAP PARK WOO MON CHEW ROAD,1.31653891374615,103.9307263925106
LANDED HOUSING DEVELOPMENT HOW SUN CLOSE,,
LANDED HOUSING DEVELOPMENT LIMAU GROVE,,
EAST VILLAGE UPPER CHANGI ROAD,1.331775815030507,103.9462012415909
THE SPRINGFIELD CHEMPAKA KUNING LINK,1.332915412889423,103.9489488860052
THE AZZURO LORONG H TELOK KURAU,1.317219315295549,103.9137920415539
SUN COURT LORONG KILAT,1.340855783603014,103.7731393669794
SEAVIEW POINT AMBER ROAD,1.299530883669345,103.8998174689405
KENSINGTON PARK CONDOMINIUM KENSINGTON PARK DRIVE,,
RIS GRANDEUR ELIAS ROAD,,
THE MONTAGE LORONG M TELOK KURAU,1.310645000700048,103.9122689017174
THOMSON IMPERIAL COURT UPPER THOMSON ROAD,1.351844991570629,103.8360536482915
LANDED HOUSING DEVELOPMENT TOH CRESCENT,,
EVERGREEN GARDEN EVERGREEN AVENUE,1.316216771712572,103.934876727792
LANDED HOUSING DEVELOPMENT JALAN ULU SIGLAP,,
VERDALE DE SOUZA AVENUE,1.344876216174883,103.7690998133746
ESTELLA GARDENS FLORA ROAD,1.360408373168166,103.9670887678741
LANDED HOUSING DEVELOPMENT KARIKAL LANE,,
THE AMERY LORONG K TELOK KURAU,1.312083721705063,103.9086431156316
SERAYA VILLE SERAYA LANE,1.307511398704513,103.8999987474663
ARC AT TAMPINES TAMPINES AVENUE 8,1.350043857756063,103.9278575033176
LANDED HOUSING DEVELOPMENT GOODMAN ROAD,,
BARTLEY VILLAS HOW SUN WALK,1.344424403528014,103.8780220323776
AMBER 45 AMBER ROAD,1.302349978931127,103.9012679007679
THE GLACIER JOO CHIAT PLACE,1.314250129589063,103.9073216188681
THE CAPE AMBER ROAD,1.300460792871474,103.9011977022917
PRESTIGE RESIDENCE LORONG G TELOK KURAU,1.31683501739238,103.9100806185759
LANDED HOUSING DEVELOPMENT JALAN CHERMAT,,
THE VANDERLINT CEYLON ROAD,,
LIVINGSTON MANSIONS LORONG L TELOK KURAU,1.312956134472888,103.9150023467389
MEADOWLODGE CHUN TIN ROAD,1.341482011486858,103.7733788723507
SUNBIRD PARK SUNBIRD ROAD,1.338657140186831,103.9565696940638
LANDED HOUSING DEVELOPMENT CHAPEL ROAD,,
VILLAS LAGUNA UPPER EAST COAST ROAD,1.314209973742511,103.9386139206477
ST PATRICK'S LOFT ST. PATRICK'S ROAD,1.308564715095211,103.9132725780122
PARC OLYMPIA FLORA DRIVE,,
THE VESTA LORONG K TELOK KURAU,,
D'NEST PASIR RIS GROVE,1.368573699078689,103.9455711419692
BAYOU RESIDENCE UPPER PAYA LEBAR ROAD,,
LANDED HOUSING DEVELOPMENT MARLENE AVENUE,,
HAPPY PARK THOMSON WALK,1.375678936469988,103.8318945426677
CORALIS JOO CHIAT ROAD,1.304508831448443,103.9054509231037
HORIZON GARDENS ANG MO KIO AVENUE 2,1.377775133737253,103.8357136896073
RICHMOND VILLE LIMAU GARDEN,1.321578023534619,103.9500897038442
LANDED HOUSING DEVELOPMENT LIM TUA TOW ROAD,,
THE SEAFRONT ON MEYER MEYER ROAD,1.296884460895833,103.888584074842
AQUARINE GARDENS UPPER EAST COAST ROAD,1.313507900033361,103.9281489233037
LANDED HOUSING DEVELOPMENT CRESCENT ROAD,,
FORTUNA GARDENS DA SILVA LANE,,
CLYDESCOVE LOYANG PLACE,1.37901413540148,103.961386227639
RIVERSAILS UPPER SERANGOON CRESCENT,,
PARRY GREEN LIMBOK TERRACE,1.366419920756545,103.8767806266883
THE VUE UPPER PAYA LEBAR ROAD,,
GRAND CHATEAU JALAN RAJAWALI,1.343860883623788,103.768589874738
GILLENIA ROSYTH ROAD,1.362904019611558,103.8788864217152
SANFORD PARK LANGE ROAD,1.357993635373838,103.8761905030426
SPRING PARK ESTATE JALAN KUPANG,1.315332565363585,103.9362759386805
LANDED HOUSING DEVELOPMENT DUNMAN LANE,,
CHARLTON 18 CHARLTON LANE,,
LANDED HOUSING DEVELOPMENT KEE SUN AVENUE,,
SILVER HILL JALAN NAUNG,1.36913818089672,103.8932297704452
FORTUNA SEAVIEW VILLAS TANAH MERAH KECHIL ROAD SOUTH,1.321422628201802,103.9471101519508
LIV @ MB ARTHUR ROAD,1.299589353059589,103.8880334243352
SUNSHINE GROVE JALAN LABU MERAH,1.346263203920979,103.8739321513236
BLU CORAL LORONG L TELOK KURAU,1.31269286351102,103.9144193041195
LA MEYER MEYER ROAD,1.297681105963172,103.889729287279
GOLD LEAF MANSIONS LORONG M TELOK KURAU,1.311460723281935,103.9160693727376
GRAND DUNMAN DUNMAN ROAD,1.307930119572467,103.890384748086
MANILA GARDENS TUA KONG PLACE,1.318052534656117,103.9251984555649
KEW GATE LIMAU GARDEN,1.32165433449683,103.9492682805294
BISHAN LOFT BISHAN STREET 11,1.347521836844581,103.8520478175324
CHARLTON 27 SURIN AVENUE,1.355052168106976,103.8811266842248
REGENTVILLE HOUGANG STREET 92,,
G RESIDENCES LORONG G TELOK KURAU,1.316798230337613,103.9099163209956
LANDED HOUSING DEVELOPMENT CHARLTON ROAD,,
LANDED HOUSING DEVELOPMENT RICHARDS AVENUE,,
TAI HWAN PARK TAI HWAN CRESCENT,1.355289618488007,103.8595408608858
THE RAMFORD RAMBAI ROAD,1.31108630209183,103.9048665969336
KATONG REGENCY TANJONG KATONG ROAD,1.314370479690298,103.8945290142291
CARISSA PARK CONDOMINIUM FLORA DRIVE,1.35917121402077,103.9636315161682
LANDED HOUSING DEVELOPMENT LORONG N TELOK KURAU,,
SURIN GARDENS SURIN AVENUE,1.354013766291758,103.8799156402308
RIVERFRONT RESIDENCES HOUGANG AVENUE 7,1.370170752522364,103.899998611766
ROYAL HALLMARK HAIG LANE,1.309074211454459,103.8983199195063
LANDED HOUSING DEVELOPMENT SENNETT TERRACE,,
LAUW & SONS GARDEN BINCHANG RISE,,
LANDED HOUSING DEVELOPMENT KEW CRESCENT,,
CITYLIFE@TAMPINES TAMPINES CENTRAL 7,1.359483378939248,103.9417650903046
PINEHURST CONDOMINIUM LORONG L TELOK KURAU,1.31223185388566,103.9151871258325
K SUITES LORONG K TELOK KURAU,1.312585161793517,103.9079059878501
LANDED HOUSING DEVELOPMENT KEW TERRACE,,
MELVILLE PARK SIMEI STREET 1,1.346731180355844,103.9586074576536
THE PANORAMA ANG MO KIO AVENUE 2,1.375496412339768,103.8339033247157
MIRAMAR GARDENS JALAN NAUNG,1.368465211456379,103.8930042563729
PRESTO@UPPER SERANGOON UPPER SERANGOON ROAD,,
BELYSA PASIR RIS DRIVE 1,,
91 MARSHALL MARSHALL ROAD,,
JI XIANG COURT TELOK KURAU ROAD,,
SEA AVENUE RESIDENCES SEA AVENUE,1.306164045599196,103.9069690047989
NEW SOO CHOW GARDENS JALAN LEMBAH THOMSON,1.352890220946301,103.8327804118904
SELANTING GREEN JALAN SELANTING,1.342965563863979,103.7685289631797
AALTO MEYER ROAD,1.29872414233918,103.897227038286
GALAXY TOWERS ONAN ROAD,1.314871321021315,103.8972077992543
VILLA MARINA JALAN SEMPADAN,1.31106055330141,103.9279625451002
HAUS@SERANGOON GARDEN SERANGOON GARDEN TERRACE,1.365695971475264,103.8610539239615
SAVOY PARK ENG KONG DRIVE,1.333393638254482,103.7686819068108
CALLIDORA VILLE LORONG N TELOK KURAU,1.309723215851226,103.9097080403497
TAIPAN REGENCY HAIG ROAD,,
PROSPECT GARDEN LORONG J TELOK KURAU,1.313495318168673,103.9092170506651
FINLAND GARDENS EAST COAST AVENUE,,
OPERA ESTATE AIDA STREET,1.319691836633627,103.9273139595629
KOVAN 81 KOVAN ROAD,,
PALM OASIS LORONG H TELOK KURAU,1.316085053163027,103.9088006637502
SIEW LIM PARK BEDOK LANE,1.328624387576444,103.9479697579371
LANDED HOUSING DEVELOPMENT JALAN MAHIR,,
DAWN VILLE BUTTERWORTH LANE,1.312531316946605,103.8945817906599
THOMSON V TWO SIN MING ROAD,,
LATTICE ONE SERAYA CRESCENT,,
LANDED HOUSING DEVELOPMENT JALAN BINCHANG,,
THE ESTA AMBER GARDENS,1.301900804570553,103.9000939663077
DAHLIA PARK CONDOMINIUM FLORA DRIVE,,
LANDED HOUSING DEVELOPMENT SURIN LANE,,
THE BECCAGAYLE LORONG N TELOK KURAU,1.30963955864525,103.9094432059253
LOYANG VALLEY LOYANG AVENUE,1.368417441912122,103.9706772636695
BARTLEY RISE JALAN LABU AYER,1.344145244239366,103.8741368298068
CATHAY GARDEN JALAN KERIS,1.309897790174394,103.919443775482
HAIG COURT HAIG ROAD,1.306349113174424,103.897807932637
PARC PALAIS HUME AVENUE,1.357285758164887,103.7651105111742
BLEU @ EAST COAST UPPER EAST COAST ROAD,,
KENSINGTON SQUARE JALAN LOKAM,,
NORTHSHORE BUNGALOWS PONGGOL SEVENTEENTH AVENUE,1.415724377822887,103.9046100627063
LANDED HOUSING DEVELOPMENT BUNGA RAMPAI PLACE,,
ARTHUR 118 ARTHUR ROAD,1.29881700010487,103.8878728440824
CHAPEL LODGE LORONG STANGEE,1.309070544106087,103.9058646214999
HAPPY ESTATE THOMSON HEIGHTS,1.376844753058821,103.8311778166661
GOLDENHILL VILLAS GOLDEN WALK,,
LI TONG GARDENS LORONG G TELOK KURAU,1.318255668106636,103.9129183498833
TAI KENG GARDENS JALAN LOKAM,,
PEAKVIEW ESTATE JALAN PARI DEDAP,,
VIBES @ EAST COAST TELOK KURAU ROAD,1.309482763185296,103.9117201159735
PARC SEABREEZE JOO CHIAT ROAD,,
COASTAL VIEW RESIDENCES JALAN LOYANG BESAR,1.379437086150311,103.9609788855506
HUME PARK I HUME AVENUE,1.353412635617957,103.7687015653965
GAO MING HUA YUAN SHAMAH TERRACE,,
LA VIDA @ 130 LORONG K TELOK KURAU,,
THE NCLAVE LORONG N TELOK KURAU,,
QUESTA @ DUNMAN DUNMAN ROAD,,
GOLDEN HILL ESTATE MEI HWAN CRESCENT,,
LANDED HOUSING DEVELOPMENT LORONG M TELOK KURAU,,
ENG KONG GREEN ENG KONG CRESCENT,1.335955706230667,103.7692903201986
HAIG 162 HAIG ROAD,1.306337840116539,103.8987729345636
LANDED HOUSING DEVELOPMENT EASTWOOD PLACE,,
LANDED HOUSING DEVELOPMENT LORONG K TELOK KURAU,,
ETON COURT LORONG N TELOK KURAU,1.310054930829791,103.9113355546071
ESPIRA SPRING LORONG G TELOK KURAU,1.317777683806093,103.9104256646396
THE AMORE EDGEDALE PLAINS,1.399507813168712,103.9125637972682
SIMON PLAZA KOVAN ROAD,,
LANDED HOUSING DEVELOPMENT MERAGI TERRACE,,
LANDED HOUSING DEVELOPMENT LORONG G TELOK KURAU,,
SPRINGDALE CONDOMINIUM HINDHEDE WALK,1.348454927077834,103.7714632665611
SIGLAP LODGE UPPER EAST COAST ROAD,1.313662644292771,103.928629464655
LANDED HOUSING DEVELOPMENT EVERITT ROAD NORTH,,
THE TOP RESIDENCE SIMON PLACE,1.365866996022489,103.8831399049247
THE PALLADIUM BROOKE ROAD,1.303359623009025,103.9038857302487
EVANIA UPPER PAYA LEBAR ROAD,,
LANDED HOUSING DEVELOPMENT MARSHALL ROAD,,
LANDED HOUSING DEVELOPMENT ARTHUR ROAD,,
LANDED HOUSING DEVELOPMENT MERAGI ROAD,,
SEA VIEW PARK JALAN SEAVIEW,1.299117101829161,103.8953986548674
BUTTERWORTH VIEW BUTTERWORTH LANE,1.31271777977328,103.8952716761703
BENA PARK JALAN BENA,1.353841543539766,103.9694600654768
HAWAII TOWER MEYER ROAD,1.296803808521273,103.8899259447603
EAST SIGNATURE ELLIOT WALK,1.312255052661998,103.9317723266841
THOMSON IMPRESSIONS LORONG PUNTONG,1.359825074274383,103.8297088631412
833 M B RESIDENCES MOUNTBATTEN ROAD,1.302632811812162,103.8983979804421
KILAT CENTRE LORONG KILAT,1.341333342026951,103.7723439607299
LANDED HOUSING DEVELOPMENT SIMON PLACE,,
THE MORNING GLORY SIRAT ROAD,1.356768004023025,103.8766896343164
THE SERENNO HAIG ROAD,,
LANDED HOUSING DEVELOPMENT JALAN LOKAM,,
THE TEMBUSU TAMPINES ROAD,,
LANDED HOUSING DEVELOPMENT JALAN KESOMA,,
THOMSON RIDGE JALAN LEMBAH THOMSON,1.352671560451673,103.8332673104341
SUITES AT BUKIT TIMAH JALAN JURONG KECHIL,,
SEA HORIZON PASIR RIS RISE,1.376937301219188,103.9588295083785
BEDOK RIA BEDOK RIA CRESCENT,1.326823571765147,103.9532248739159
BARTLEY VUE JALAN BUNGA RAMPAI,1.340361858967607,103.8838464441384
PICARDY GARDENS JALAN PARI BURONG,,
MODENA SIMEI STREET 4,1.342742266498063,103.9548924422147
CUBIK LORONG K TELOK KURAU,,
SPRING GARDENS HAIG ROAD,1.308104250080207,103.8987553654728
STRATUM ELIAS ROAD,1.378775930120852,103.9433802854853
LANDED HOUSING DEVELOPMENT EVERITT ROAD,,
FREESIA WOODS SUNSET WAY,1.324029572349725,103.766298375408
SERAYA RESIDENCES SERAYA LANE,1.306558384532803,103.8999801888055
LANDED HOUSING DEVELOPMENT MAYFIELD AVENUE,,
GOLDENHILL PARK CONDOMINIUM MEI HWAN DRIVE,1.352534705344612,103.8622803590671
LANDED HOUSING DEVELOPMENT JALAN BULOH PERINDU,,
SUITES @ AMBER AMBER ROAD,1.300291914499312,103.9000760383657
THE BEVERLY TOH TUCK ROAD,1.339333940419632,103.7673300218403
LANDED HOUSING DEVELOPMENT DUKU PLACE,,
FORETT@BUKIT TIMAH TOH TUCK ROAD,1.339908538823957,103.7675231507624
LUCKY HILL BEDOK RISE,1.326962027708162,103.949725321851
NEPTUNE COURT MARINE VISTA,1.305833660778204,103.9214381038494
ATLASSIA JOO CHIAT PLACE,1.313276577314713,103.900982170938
PARKSHORE TANJONG RHU ROAD,1.296732087306214,103.8706341975197
TROPICANA CONDOMINIUM JALAN TIGA RATUS,1.34164555266097,103.9608404386985
PARRY COURT PARRY AVENUE,1.36396358971436,103.8805871336005
THE SILVER FIR BUTTERWORTH LANE,1.312633983812885,103.8949103486414
THE SEA VIEW AMBER ROAD,,
LANDED HOUSING DEVELOPMENT JALAN PARI DEDAP,,
ST ANNE'S WOOD ST. ANNE'S WOOD,1.391600000378555,103.9035727366306
THE WATERLINE POH HUAT ROAD WEST,1.366806890912352,103.8762568700917
LEGENDA AT JOO CHIAT JOO CHIAT LANE,1.312560406653732,103.901793805821
OLA RESIDENCES MOUNTBATTEN ROAD,1.303036350486209,103.8988130540057
LOYANG GROVE LOYANG BESAR CLOSE,,
LANDED HOUSING DEVELOPMENT UPPER CHANGI ROAD,,
RESIDENTIAL APARTMENTS GRAY LANE,,
SIGNATURE CREST GRAY LANE,,
LANDED HOUSING DEVELOPMENT AH SOO WALK,,
THE LINQ @ BEAUTY WORLD UPPER BUKIT TIMAH ROAD,1.340745850016246,103.776284203427
MELROSE VILLE ROSE LANE,1.310602376101274,103.8932637908649
LANDED HOUSING DEVELOPMENT JAGO CLOSE,,
FERRARIA PARK CONDOMINIUM FLORA DRIVE,1.358342341091827,103.9644000165714
CANARY PARK JALAN SIMPANG BEDOK,1.333751188771573,103.9459072785777
THE NEXUS BUKIT TIMAH ROAD,1.333589818739435,103.7865977648275
PALMWOODS UPPER CHANGI ROAD,,
LANDED HOUSING DEVELOPMENT JALAN KUANG,,
TOH TUCK GARDEN TOH TUCK PLACE,,
EASTVILLE APARTMENTS JOO CHIAT LANE,,
KOVANA KOVAN ROAD,1.357555307014278,103.8807818248624
HONG KONG PARK HUA GUAN AVENUE,1.342671243338576,103.7856735707868
REGIS MANSIONS JALAN RAJAWALI,1.342950265298624,103.7682453984609
EASTWOOD GARDENS TUA KONG TERRACE,1.317479335447825,103.9253863692606
FOREST WOODS LORONG LEW LIAN,1.35166212277349,103.8766671253411
TG MANSION LORONG H TELOK KURAU,1.3168429678304,103.9118404460903
THE SILVERTON HAIG LANE,1.308831402842462,103.8992977738988
LANDED HOUSING DEVELOPMENT LORONG AH SOO,,
FORTUNA GARDEN DA SILVA LANE,,
LANDED HOUSING DEVELOPMENT JALAN SEMPADAN,,
THE CLEARWATER BEDOK RESERVOIR VIEW,,
THE AMARELLE LIM AH WOO ROAD,1.313133115946982,103.8922434763255
CHISELHURST GREEN CHUAN LINK,,
BRIGHTHILL RESIDENCES BRIGHT HILL CRESCENT,1.356280462276394,103.833245546416
SERANGOON GARDEN PARK JALAN PACHELI,1.355872525194365,103.8625120245207
LANDBAY CONDOMINIUM JALAN HAJIJAH,1.313288424540564,103.9359852347435
VIEW AT KISMIS LORONG KISMIS,1.338047833762193,103.7698130168841
LANDED HOUSING DEVELOPMENT LORONG SIGLAP,,
AFFINITY AT SERANGOON SERANGOON NORTH AVENUE 1,,
EASTWOOD WALK GARDENS EASTWOOD WALK,,
EMERALD OF KATONG JALAN TEMBUSU,1.304746729809507,103.8980400997034
LEVILLE ISUITES CEYLON ROAD,1.306116411869743,103.9030632018979
LANDED HOUSING DEVELOPMENT JALAN WAJEK,,
MERA TERRACE SEAGULL WALK,1.34726746968837,103.9636333176013
BOONVIEW MARYMOUNT TERRACE,1.351665191623433,103.8415539940092
LANDED HOUSING DEVELOPMENT SUNSET WALK,,
MAYFAIR MODERN RIFLE RANGE ROAD,1.337543818020219,103.7814586838829
SANTA FE MANSIONS MARGATE ROAD,1.300132913740936,103.88876823652
JEWEL @ CHUAN HOE CHUAN HOE AVENUE,1.365134335749625,103.8779045377081
GRANDEUR PARK RESIDENCES BEDOK SOUTH AVENUE 3,,
THE STRADIA YIO CHU KANG ROAD,,
THE GAZANIA HOW SUN DRIVE,,
LANDED HOUSING DEVELOPMENT AH SOO GARDEN,,
PALM GALLERIA LORONG K TELOK KURAU,1.312712587758796,103.9121252393368
THE VIEW @ MEYER MEYER ROAD,1.298252026632823,103.8870493351536
LAGUNA GREEN JALAN HAJIJAH,1.312875396561741,103.9347812675692
ASTOR GREEN PINE GROVE,1.317840802976705,103.7764844140333
APOLLO GARDENS SUNBIRD CIRCLE,1.33814330365331,103.9578464246772
AVILA GARDENS FLORA ROAD,1.36135616719598,103.9660024562484
FLORENCE GARDENS FLORENCE ROAD,1.365869083357103,103.8859055427785
CASA FLORA SALAM WALK,,
THOMSON THREE BRIGHT HILL DRIVE,,
D'ELIAS ELIAS TERRACE,,
THE BELVEDERE MEYER ROAD,1.297410523275577,103.8875108773105
RESIDENTIAL APARTMENTS FLOWER ROAD,,
Q BAY RESIDENCES TAMPINES STREET 86,1.350210130287625,103.9272745736649
LANDED HOUSING DEVELOPMENT JEDBURGH GARDENS,,
HAIG LODGE HAIG ROAD,1.308209705885929,103.8986728752399
MARYMOUNT VIEW PEMIMPIN DRIVE,1.352821527316915,103.8409167908959
EBONY MANSIONS LORONG M TELOK KURAU,1.310127005270517,103.9104015650805
EAST GALLERIA SEA AVENUE,,
LANDED HOUSING DEVELOPMENT WILKINSON ROAD,,
BUTTERWORTH 8 BUTTERWORTH LANE,1.312176275260732,103.8951170891207
CARPMAEL THIRTY-EIGHT CARPMAEL ROAD,,
RISING COURT JOO CHIAT ROAD,1.307239013503896,103.9043543607695
LANDED HOUSING DEVELOPMENT EASTWOOD TERRACE,,
SKY VUE BISHAN STREET 15,1.352760699254827,103.8509631075173
LANDED HOUSING DEVELOPMENT WOO MON CHEW ROAD,,
CORAL PARK PEMIMPIN PLACE,,
BEDOKVILLE JALAN LIMAU MANIS,1.324318083498305,103.9480733269166
MAPLE WOODS BUKIT TIMAH ROAD,1.334057387671586,103.7835671907513
EASTWOOD LODGE EASTWOOD ROAD,,
BUKIT REGENCY UPPER BUKIT TIMAH VIEW,1.346408058887685,103.7708772320103
THE BALE LORONG H TELOK KURAU,,
ONE FORT FORT ROAD,,
J@63 LORONG J TELOK KURAU,1.314132665374599,103.909109988244
SPACE @ KOVAN YIO CHU KANG ROAD,1.35466521890966,103.876883622562
EASTVALE PASIR RIS DRIVE 3,1.37425837877517,103.9539225457718
LANDED HOUSING DEVELOPMENT SWANAGE ROAD,,
FORTUNE PARK TAMPINES ROAD,,
LANDED HOUSING DEVELOPMENT SANDY LANE,,
FULTON HILL FULTON AVENUE,,
EIS RESIDENCES HAIG AVENUE,1.307653070609315,103.8994899931298
KASSIA FLORA DRIVE,1.357096306242575,103.9655019003751
LANDED HOUSING DEVELOPMENT RICHARDS PLACE,,
LANDED HOUSING DEVELOPMENT SUNSET WAY,,
MEIER SUITES MARGATE ROAD,1.298775260097983,103.888517626802
EASTERN GROVE JALAN LIMAU KASTURI,1.324071497741389,103.945588802921
CHAPEL COURT SEA AVENUE,1.305375967871551,103.9077190322426
BAYWATER BEDOK RESERVOIR ROAD,1.337153399034652,103.9322258554253
SUNHAVEN UPPER CHANGI ROAD EAST,1.348139387085114,103.962084910434
YEW LIAN PARK JALAN PELATINA,1.350678644726552,103.8343952412084
THE CALYPSO UPPER EAST COAST ROAD,,
SEA AVENUE MANSIONS SEA AVENUE,,
THE SILVER SPURZ BRIGHTON AVENUE,1.359999081990767,103.8730387164143
LAGOON VIEW MARINE PARADE ROAD,1.310715490023979,103.933972129966
EDELWEISS PARK CONDOMINIUM FLORA ROAD,1.356595751043729,103.9681814051647
TOH YI COURT TOH YI DRIVE,1.336561522373074,103.7719487218081
BINJAI CREST JALAN KAMPONG CHANTEK,1.344331025645513,103.7877930322273
RESIDENTIAL APARTMENTS JALAN ULU SIGLAP,,
GRAND DUCHESS AT ST PATRICK'S ST. PATRICK'S ROAD,1.308510129599467,103.915939807997
THE ARIEL LORONG 105 CHANGI,1.315925320717172,103.9029874603604
CRANE COURT CRANE ROAD,1.312162505822702,103.8981641715986
SIMEI GREEN CONDOMINIUM SIMEI STREET 4,1.341113226193727,103.9577958068767
THE CHUAN LORONG CHUAN,,
LANDED HOUSING DEVELOPMENT ST. XAVIER'S LANE,,
MEYERHOUSE MEYER ROAD,1.298327163705296,103.8934475987931
THE SUNSHINE SUNSHINE TERRACE,1.3462198480104,103.8719510117612
FONTAINE PARRY POH HUAT ROAD,1.366251984636877,103.8799854481161
LAKEVIEW ESTATE UPPER THOMSON ROAD,,
SCENECA RESIDENCE TANAH MERAH KECHIL LINK,1.3278651540266,103.9454756341077
SUITES@ KATONG TANJONG KATONG ROAD,1.308578238404383,103.8950849857549
BUKIT LOYANG ESTATE JALAN BATALONG EAST,,
SUMMERHILL HUME AVENUE,,
LLYN GARDENS PAYA LEBAR WALK,1.34871686428942,103.8805578511364
MAYFAIR RESIDENCES EAST COAST ROAD,1.30981699540349,103.9143147263752
LANDED HOUSING DEVELOPMENT HENDRY CLOSE,,
LA BELLE RECREATION LANE,,
IVORY CEYLON LANE,1.311401975504899,103.9004107721787
CASA ESPERANZA BUKIT TIMAH ROAD,1.334379834704078,103.7832009774395
THE ODEON KATONG EAST COAST ROAD,1.304684709707137,103.9018885716314
PAYA LEBAR GARDENS JALAN USAHA,1.345296568501797,103.8832573281274
LANDED HOUSING DEVELOPMENT JALAN KATHI,,
ECOPOLITAN PUNGGOL WALK,1.400455519656149,103.8976596332266
LANDED HOUSING DEVELOPMENT KOVAN CLOSE,,
CHARLTON VILLAS CHARLTON LANE,1.356124651797581,103.8821461166178
COASTAL BREEZE RESIDENCES LOYANG BESAR CLOSE,,
38 I SUITES IPOH LANE,1.311693081563968,103.896306665361
HUA GUAN GARDENS HUA GUAN AVENUE,1.337159211299804,103.7852345273453
ASPEN LOFT JOO CHIAT TERRACE,1.314902235561334,103.904709645973
MAYFLOWER GARDENS MAYFLOWER CRESCENT,,
FLORIDIAN BUKIT TIMAH ROAD,1.333028909344619,103.7860046880733
LANDED HOUSING DEVELOPMENT HEMMANT ROAD,,
THE SUNNYDALE SERANGOON AVENUE 3,1.348587416680211,103.8675247166571
LOWLAND TERRACE LOWLAND ROAD,,
CHIP THYE GARDEN YIO CHU KANG GARDENS,1.381547410298452,103.8385972013337
CHANGI COURT UPPER CHANGI ROAD EAST,1.343761415387641,103.9629231778397
LANDED HOUSING DEVELOPMENT SUNSET DRIVE,,
LANDED HOUSING DEVELOPMENT MARIAM CLOSE,,
BARTLEY RESIDENCES LORONG HOW SUN,1.343132920406186,103.8817743255282
SANDERIANA EAST COAST AVENUE,1.31061959753046,103.9247530934897
CAMBIO SUITES LIM TUA TOW ROAD,1.355210151623143,103.8764588299559
THE LUCENT LORONG N TELOK KURAU,1.311144995486104,103.9161230586923
THE SHOREFRONT JALAN LOYANG BESAR,1.379174573217509,103.9600776921926
ENG KONG PARK ENG KONG CRESCENT,,
WHITEWATER PASIR RIS STREET 72,1.380505619570009,103.9356390851591
LANDED HOUSING DEVELOPMENT EAST COAST TERRACE,,
RESIDENTIAL APARTMENTS UPPER EAST COAST ROAD,,
AVILA TERRACE MARIAM WAY,1.362379304825724,103.9664500281462
SERANGOON GARDEN ESTATE ALNWICK ROAD,1.364586978093694,103.8684427234197
GUAN SOON TERRACE GUAN SOON AVENUE,1.338389396359174,103.9537549044496
ONE MEYER MEYER PLACE,,
UNIQUE GARDEN TOH YI DRIVE,1.338364531101478,103.7714216350655
8 EDEN GROVE EDEN GROVE,1.344773006460214,103.8723188679188
PARKWOOD RESIDENCES YIO CHU KANG ROAD,,
EASTERN LAGOON UPPER EAST COAST ROAD,,
GOLDEN RISE ESTATE KISMIS PLACE,1.335957983594815,103.7660202184109
LANDED HOUSING DEVELOPMENT LORONG KILAT,,
LIGHTHOUSE JALAN LOYANG BESAR,1.378468437404248,103.958952633903
KOVAN CREST KOVAN ROAD,1.35823629675026,103.8814786342167
LANDED HOUSING DEVELOPMENT BRIGHTON AVENUE,,
TRILIVE TAMPINES ROAD,1.362276889958841,103.8913290742097
EASTERN RESIDENCE JOO CHIAT PLACE,1.314947209448709,103.9076320645607
LANDED HOUSING DEVELOPMENT JALAN HAJI SALAM,,
SUITES @ KOVAN UPPER SERANGOON ROAD,1.362099467403106,103.8868354304033
MAYFAIR GARDENS RIFLE RANGE ROAD,1.338222485535084,103.7813759651438
LANDED HOUSING DEVELOPMENT HAIG ROAD,,
THE ARECA BUNGA RAMPAI PLACE,,
PARK EAST JALAN TUA KONG,1.318379925399683,103.9246070879172
LANDED HOUSING DEVELOPMENT BEDOK ROAD,,
PRESIDIO CEYLON LANE,1.310774755754522,103.8996431864601
ECO BEDOK SOUTH AVENUE 3,1.322931185966596,103.9451256021451
EVERITT EDGE JOO CHIAT PLACE,1.313760622487862,103.901762873018
LAVERNE'S LOFT LORONG L TELOK KURAU,1.311269132317298,103.9102778547187
JOO CHIAT MANSIONS JOO CHIAT PLACE,1.314143580918388,103.9043646541713
SIMEI GARDEN SEA BREEZE WALK,1.337667259121545,103.9512331054803
SKY HABITAT BISHAN STREET 15,1.3519880092246,103.8520427847406
HUNDRED PALMS RESIDENCES YIO CHU KANG ROAD,,
LANDED HOUSING DEVELOPMENT BROADRICK ROAD,,
STARS OF KOVAN UPPER SERANGOON ROAD,1.361252263393264,103.8872309510295
THE FLORENCE RESIDENCES HOUGANG AVENUE 2,1.367529036699641,103.885891297269
AMARANDA GARDENS SERANGOON AVENUE 3,1.349555515501913,103.8667054008339
LA QUINTA PARK CHUAN WALK,1.356367810566073,103.8675944912375
LOYANG GARDENS JALAN LOYANG BESAR,,
SUMMER GARDENS UPPER CHANGI ROAD EAST,1.331131378581195,103.9504320476946
LANDED HOUSING DEVELOPMENT JOO CHIAT ROAD,,
LANDED HOUSING DEVELOPMENT JALAN ANGIN LAUT,,
JC RESIDENCE JOO CHIAT LANE,1.31264875307626,103.9005810344145
LANDED HOUSING DEVELOPMENT MOUNTBATTEN ROAD,,
SUITES @ PAYA LEBAR UPPER PAYA LEBAR ROAD,1.350396576077098,103.8802305446925
LANDED HOUSING DEVELOPMENT JALAN ANAK PATONG,,
LANDED HOUSING DEVELOPMENT FLORENCE ROAD,,
LANDED HOUSING DEVELOPMENT PALM ROAD,,
RESIDENCES BOTANIQUE YIO CHU KANG ROAD,1.357182627007734,103.8760358294958
MARINE MEADOWS MARINE PARADE,1.304587636535484,103.9068272910461
SAPPHIRE COURT LORONG K TELOK KURAU,,
THE RESERVE RESIDENCES JALAN ANAK BUKIT,,
ONE K GREENLANE GREEN LANE,1.310994791602906,103.8934423150491
LANDED HOUSING DEVELOPMENT HIGHLAND ROAD,,
THE AMBRA LORONG H TELOK KURAU,1.316909265421497,103.912654196336
RIVAGE MARGATE ROAD,,
EAST PALM PALM ROAD,1.313465649944766,103.9314265509297
FABER GARDEN JALAN SERULING,1.36428257323458,103.8287881820406
GALLERY 8 PULASAN ROAD,1.311784985840827,103.9060348542815
ISUITES @ MARSHALL MARSHALL ROAD,1.307064562164647,103.9007449559444
PALM TREE NINES JALAN HAJI SALAM,1.320410988385454,103.9527107213806
FABER GARDEN CONDOMINIUM ANGKLONG LANE,1.361943047326528,103.8301834111551
LANDED HOUSING DEVELOPMENT EE TEOW LENG ROAD,,
BETA GROVE LORONG J TELOK KURAU,1.313404658340976,103.9111924174085
TAIPAN GRAND MARINE PARADE ROAD,1.311529612874629,103.933508200344
YUGI GARDEN JALAN CHEMPAKA KUNING,1.33228901435956,103.9479198438153
RIVERCOVE RESIDENCES ANCHORVALE LANE,1.39242552367957,103.8838974076527
FORTUNA HILL HILLSIDE DRIVE,1.358960480295976,103.8764697676068
MAYFLOWER VILLE MAYFLOWER WAY,,
GREEN PARK JALAN LIMAU KASTURI,,
KINGSFORD WATERBAY UPPER SERANGOON VIEW,,
CRESCENDO PARK JALAN TUA KONG,,
THE INGLEWOOD THE INGLEWOOD,,
LE CONNEY PARK LORONG L TELOK KURAU,1.312366204300955,103.9122257982257
LANDED HOUSING DEVELOPMENT TAY LIAN TECK ROAD,,
LANDED HOUSING DEVELOPMENT JOO CHIAT PLACE,,
D'SAVILLE JALAN TENGGIRI,,
TAIPAN JADE ROSE LANE,1.31001676170031,103.8940206227825
JURONG PARK JALAN SELANTING,1.344617530837866,103.767507540187
RIVER ISLES EDGEDALE PLAINS,1.397544939786137,103.912949838487
ST PATRICK'S ROW TELOK KURAU ROAD,1.307991592005487,103.9129783046078
DOUBLE BAY RESIDENCES SIMEI STREET 4,1.340706375203374,103.9562397716195
LANDED HOUSING DEVELOPMENT POH HUAT ROAD,,
HOUGANG GREEN BUANGKOK GREEN,1.379923769086749,103.8874913618982
STILL 123 LANGSAT ROAD,1.316060276144358,103.9052219258326
NV RESIDENCES PASIR RIS GROVE,1.371416345076129,103.9436214585479
THE GLADES BEDOK RISE,1.32767658775033,103.9498051730676
BEDOK RESIDENCES BEDOK NORTH DRIVE,1.325336244389943,103.9297560648678
BOON COURT STILL ROAD,,
LANDED HOUSING DEVELOPMENT THRIFT DRIVE,,
PARC CENTRAL RESIDENCES TAMPINES STREET 86,1.357330171073127,103.9304693334317
STILLZ RESIDENCE LORONG 108 CHANGI,1.316277265152948,103.9049487425143
GEMINI APARTMENTS JALAN TUA KONG,1.317251977817345,103.9248913437381
LANDED HOUSING DEVELOPMENT TAMPINES ROAD,,
SUNSHINE MANSIONS JOO CHIAT PLACE,1.314890958596119,103.9077921379464
ADELPHI PARK ESTATE DAFFODIL DRIVE,1.353900431432847,103.8286376900031
LANDED HOUSING DEVELOPMENT KEW WALK,,
ROYALE MANSIONS PULASAN ROAD,1.312230392092244,103.9063768688153
AXIS @ SIGLAP EAST COAST TERRACE,1.311864084505838,103.9238263244561
LANDED HOUSING DEVELOPMENT CHIAP GUAN AVENUE,,
LANDED HOUSING DEVELOPMENT JALAN ARIF,,
THE STERLING BUKIT TIMAH ROAD,1.335755965170897,103.7821103870962
OPTIMA @ TANAH MERAH TANAH MERAH KECHIL AVENUE,1.328441557990598,103.946349580295
SUNBIRD VIEW SUNBIRD ROAD,1.339368019968415,103.9562374390863
THE TAMPINES TRILLIANT TAMPINES CENTRAL 7,1.359616059470994,103.9401912154616
KALEIDO LORONG K TELOK KURAU,,
LANDED HOUSING DEVELOPMENT ROSYTH ROAD,,
LANDED HOUSING DEVELOPMENT HIGHLAND TERRACE,,
KOVAN GRANDEUR TAMPINES ROAD,1.360745318097697,103.8919858755548
BISHAN 8 BISHAN STREET 21,1.349180338466708,103.8467025723217
CHANGI GREEN UPPER CHANGI ROAD EAST,,
PEACH GARDEN MEYER ROAD,,
LANDED HOUSING DEVELOPMENT TANAH MERAH BESAR ROAD,,
PARC BLEU JOO CHIAT PLACE,1.314173043367881,103.9076081975545
BENG TONG MANSION TANJONG KATONG ROAD,,
BOATHOUSE RESIDENCES UPPER SERANGOON VIEW,1.375507391119563,103.9027799874009
BEAUTY WORLD PLAZA UPPER BUKIT TIMAH ROAD,1.34180018619223,103.7762593598538
URBAN RESIDENCES LORONG AH SOO,1.350773957399525,103.8800809366144
CHANGI RISE CONDOMINIUM SIMEI RISE,1.348587662254457,103.9594379798418
CELESTIA JOO CHIAT TERRACE,1.314673160918132,103.9044149803
LANDED HOUSING DEVELOPMENT JALAN BUNGA RAMPAI,,
HARVEY VIEW HARVEY CRESCENT,1.340633062114004,103.9548923476276
LANDED HOUSING DEVELOPMENT BEDOK AVENUE,,
LA MARIPOSA MANGIS ROAD,1.312707634182185,103.9046711980214
THE FLORIDA HOUGANG AVENUE 7,1.373932574810752,103.9011402969641
RESIDENTIAL APARTMENTS JOO CHIAT ROAD,,
AMO RESIDENCE ANG MO KIO RISE,1.368897300447882,103.8328747262197
SOUTH UNION PARK ELITE PARK AVENUE,1.314888505235273,103.9247982847675
LANDED HOUSING DEVELOPMENT JALAN PELIKAT,,
LANDED HOUSING DEVELOPMENT PHILLIPS AVENUE,,
LANDED HOUSING DEVELOPMENT HILLSIDE TERRACE,,
LAGUNA 88 EASTWOOD ROAD,,
LANDED HOUSING DEVELOPMENT PULASAN ROAD,,
EAST VIEW GARDEN JALAN KUANG,1.347056502607523,103.9612779244724
ONAN SUITES ONAN ROAD,1.311827113539613,103.9000611453877
EAST COAST HILL SENNETT AVENUE,,
THE RIVERVALE RIVERVALE LINK,1.381003880100756,103.8978884949827
THE MEDLEY LORONG G TELOK KURAU,,
LANDED HOUSING DEVELOPMENT LUCKY GARDENS,,
THE TAIPAN JALAN HAJIJAH,1.312307520391956,103.9349278679715
THE ADARA CHAPEL ROAD,,
448@EAST COAST EAST COAST ROAD,1.308824336109033,103.9134499914823
LANDED HOUSING DEVELOPMENT POOLE ROAD,,
LANDED HOUSING DEVELOPMENT JALAN PELATOK,,
ESPARINA RESIDENCES COMPASSVALE BOW,1.381892863220287,103.8913744130347
TIERRA VUE ST. PATRICK'S ROAD,1.307738443617444,103.9137918895084
POH HENG COURT WOO MON CHEW ROAD,1.313751965104514,103.9291214946805
LANDED HOUSING DEVELOPMENT SUNSET PLACE,,
LANDED HOUSING DEVELOPMENT SIRAT ROAD,,
ROSE VILLE ROSE LANE,1.310602376101274,103.8932637908649
LANDED HOUSING DEVELOPMENT JALAN SONGKET,,
FORT GARDENS FORT ROAD,,
NYON AMBER ROAD,,
THE BENTLY RESIDENCES@KOVAN KOVAN ROAD,,
PARC VERA HOUGANG STREET 32,1.364217568505653,103.8950524058026
MOUNTBATTEN SUITES MOUNTBATTEN ROAD,1.303260899326113,103.8999513728396
SPAZIO @ KOVAN UPPER SERANGOON ROAD,1.354698954247955,103.8783298257485
CASTLE LOFT LORONG K TELOK KURAU,1.314046663791641,103.9146707351047
VITRA TEMBELING ROAD,1.309554934604195,103.9031680969635
CADENCE LIGHT TELOK KURAU ROAD,1.312451777061744,103.9110151325435
TERRENE AT BUKIT TIMAH JALAN JURONG KECHIL,1.341015289329463,103.7709773399197
GREENBANK PARK GREENBANK PARK,1.346684689442994,103.7881109121975
CLOVER PARK CLOVER AVENUE,1.349162352966903,103.842722269897
LANDED HOUSING DEVELOPMENT FLORENCE CLOSE,,
LANDED HOUSING DEVELOPMENT LUCKY RISE,,
EAST COAST RESIDENCES UPPER EAST COAST ROAD,1.314167947264937,103.9397321937213
PRESTIGE LOFT TELOK KURAU ROAD,1.310379828935139,103.9113936881323
UNITED MANSION EAST COAST ROAD,1.311252069928519,103.9217374758025
THE PALETTE PASIR RIS GROVE,,
GARDEN PARK RESIDENCES LORONG M TELOK KURAU,1.31079169432659,103.9100635280899
THE OLD HOUSE UPPER SERANGOON ROAD,,
LANDED HOUSING DEVELOPMENT LUCKY VIEW,,
LANDED HOUSING DEVELOPMENT JALAN KAMPONG CHANTEK,,
LANDED HOUSING DEVELOPMENT HARVEY AVENUE,,
EVERGREEN PARK HOUGANG AVENUE 7,1.369533765865923,103.8995805756261
CASA AROMA CHIKU ROAD,1.313682354795638,103.9061550728808
CENTRO RESIDENCES ANG MO KIO AVENUE 8,1.37030430318139,103.8483863138866
THE PROMINENCE HAIG ROAD,1.310496472457886,103.8975013820077
HUME PARK II HUME AVENUE,,
CASA MERAH TANAH MERAH KECHIL AVENUE,1.328797809414157,103.9458264976535
GRACE PARK GRACE PARK,,
SEVENTY SAINT PATRICK'S ST. PATRICK'S ROAD,1.3083858414971,103.915269409353
BERKELEY RESIDENCES LORONG N TELOK KURAU,,
COCO PALMS PASIR RIS GROVE,1.372347304485927,103.9456058907747
8@BT BUKIT TIMAH LINK,1.341371401642385,103.776905804914
LANDED HOUSING DEVELOPMENT TOH TUCK ROAD,,
THE GARDENS AT BISHAN SIN MING WALK,1.364973338739344,103.8306871583344
THE ALPS RESIDENCES TAMPINES STREET 86,1.3548785782331,103.9292318716835
JERSEY LODGE LORONG J TELOK KURAU,1.314419558225848,103.9149573270128
21 RICHARDS RICHARDS AVENUE,1.361880873782779,103.8813983488668
GOODMAN CREST GOODMAN ROAD,1.304439036249523,103.8932544305735
WATERFRONT WAVES BEDOK RESERVOIR ROAD,,
EASTWOOD VILLE EASTWOOD TERRACE,1.321293071957679,103.9565609879794
GAMBIR RIDGE GAMBIR WALK,1.344394279981953,103.8754237636665
LANDED HOUSING DEVELOPMENT THIAM SIEW AVENUE,,
LANDED HOUSING DEVELOPMENT JALAN LOYANG BESAR,,
PARRYVILLE POH HUAT DRIVE,,
LOTUS VILLE LORONG L TELOK KURAU,1.312590221869025,103.9156462121578
RIVEREDGE SAMPAN PLACE,1.300905149492439,103.8819312135928
FAR HORIZON GARDENS ANG MO KIO AVENUE 9,1.383208774450535,103.8385515456974
AZALEA PARK CONDOMINIUM FLORA ROAD,,
GREENLANE APARTMENT GREEN LANE,,
MABELLE LORONG M TELOK KURAU,,
LANDED HOUSING DEVELOPMENT RIVIERA DRIVE,,
11 AMBER ROAD AMBER ROAD,1.299053945483162,103.8994169435621
LANDED HOUSING DEVELOPMENT WIMBORNE ROAD,,
THE QUINN BARTLEY ROAD,1.344031909771879,103.8728828148307
MARSHALL LODGE MARSHALL ROAD,1.306344968102532,103.9011434074868
POSHGROVE EAST EAST COAST ROAD,1.309137082580948,103.9094326415133
LANDED HOUSING DEVELOPMENT HAI SING CRESCENT,,
GOODWILL COURT UPPER EAST COAST ROAD,1.313374284403817,103.9276289152326
ONEROBEY ROBEY CRESCENT,1.366915716717861,103.8818947468313
KINGSGROVE ANG MO KIO AVENUE 1,,
LANDED HOUSING DEVELOPMENT SUNSET VALE,,
LANDED HOUSING DEVELOPMENT SIMON LANE,,
HAIG APARTMENTS HAIG ROAD,1.308484245371699,103.8984950410862
MAYFAIR PARK JALAN BANGKET,1.340138369097823,103.7799764240437
LANDED HOUSING DEVELOPMENT HAI SING ROAD,,
ROSALIA PARK LORONG ONG LYE,,
EXCELSIOR GARDENS MINARET WALK,,
LANDED HOUSING DEVELOPMENT KOON SENG ROAD,,
LANDED HOUSING DEVELOPMENT JALAN HOCK CHYE,,
LANDED HOUSING DEVELOPMENT PAYA LEBAR CRESCENT,,
DUNMAN GROVE DUNMAN ROAD,1.310215041839003,103.8959606251576
LANDED HOUSING DEVELOPMENT TOH YI DRIVE,,
CHARISMA VIEW JALAN JURONG KECHIL,1.344403193298167,103.7683950455958
SILAHIS APARTMENTS LORONG K TELOK KURAU,1.313892507928324,103.9142608433585
LANDED HOUSING DEVELOPMENT THAM SOONG AVENUE,,
LANDED HOUSING DEVELOPMENT THIRD STREET,,
MARINE BLUE MARINE PARADE ROAD,,
LANDED HOUSING DEVELOPMENT BRANKSOME ROAD,,
MARINE VIEW MANSIONS MARINE PARADE,1.303780973678323,103.9054659829425
TAI KENG VILLAS JALAN KELICHAP,1.347429630098839,103.8819404573767
HENLEY GARDENS JALAN ARIF,1.367936161308936,103.8836443847583
LANDED HOUSING DEVELOPMENT SENNETT LANE,,
CLAYDENCE STILL ROAD,,
LANDED HOUSING DEVELOPMENT SEA BREEZE GROVE,,
THE MORRIS RESIDENCES PAYA LEBAR CRESCENT,,
LANDED HOUSING DEVELOPMENT JALAN LYE KWEE,,
RIVERVALE CREST RIVERVALE CRESCENT,1.391751814918896,103.9042548759502
ONE @ PULASAN PULASAN ROAD,1.312429602154977,103.9060887191089
PRIMO RESIDENCES JALAN PELIKAT,,
SANCTUARY GREEN TANJONG RHU ROAD,1.295991488227823,103.870659351612
PARK COURT LORONG 101 CHANGI,1.315596134065022,103.9001941838513
LANDED HOUSING DEVELOPMENT TEMBELING ROAD,,
THE AMBROSIA LORONG N TELOK KURAU,,
LANDED HOUSING DEVELOPMENT SIMON WALK,,
ONE SURIN SURIN AVENUE,1.35432749777795,103.8797428234105
LANDED HOUSING DEVELOPMENT LANGSAT ROAD,,
LANDED HOUSING DEVELOPMENT JALAN RINDU,,
BAGNALL COURT UPPER EAST COAST ROAD,,
LANDED HOUSING DEVELOPMENT RAMSGATE ROAD,,
BELLA CASITA IPOH LANE,1.311842214779582,103.8947847704213
BURGHLEY DRIVE BURGHLEY DRIVE,1.358255129571423,103.8627233089905
SIGLAP V FIRST STREET,1.312847064101501,103.9237885809008
LANDED HOUSING DEVELOPMENT TOH TUCK CLOSE,,
THE SUNNIFLORA LORONG G TELOK KURAU,1.316762822164639,103.9097664845389
ISLAND GARDENS ISLAND GARDENS WALK,1.361912430870455,103.8289989019983
GRACE COURT WOO MON CHEW ROAD,1.314315022582998,103.9289731681207
CLEMENTI PARK SUNSET CRESCENT,,
CHATEAU LA SALLE LA SALLE STREET,1.319726343218701,103.9199760011315
CHANGI HEIGHTS JALAN SINAR BINTANG,1.363279372864578,103.9716067097288
EAST GROVE EAST COAST ROAD,,
LANDED HOUSING DEVELOPMENT STILL LANE,,
WATERFRONT ISLE BEDOK RESERVOIR ROAD,,
LANDED HOUSING DEVELOPMENT JALAN KORBAN,,
MARGATE POINT MARGATE ROAD,1.299837202916631,103.8887411991141
LANDED HOUSING DEVELOPMENT KEW HEIGHTS,,
LANDED HOUSING DEVELOPMENT TAI KENG TERRACE,,
LANDED HOUSING DEVELOPMENT LORONG PAYA LEBAR,,
D'MANOR TANAH MERAH KECHIL AVENUE,,
COUNTRY GRANDEUR LORONG PUNTONG,1.360561293828053,103.8313226478424
TEMBELING CENTRE TEMBELING ROAD,1.31170285089799,103.9016541333216
LANDED HOUSING DEVELOPMENT SIGLAP ROAD,,
JC COURT JOO CHIAT PLACE,1.31374267236128,103.9043592838971
FAME COURT JALAN TUA KONG,1.314436081575886,103.925811439348
TANAMERA CREST PARI DEDAP WALK,,
MISTRAL PARK JALAN ANGIN LAUT,1.339728771652553,103.9551057597546
LANDED HOUSING DEVELOPMENT EASTWOOD ROAD,,
THE CRISTALLO LORONG K TELOK KURAU,1.312662908037936,103.9115090042517
GRAND REGALIA UPPER SERANGOON ROAD,1.357072807480994,103.8810903416856
CHUAN TERRACE CHUAN TERRACE,,
SOO CHOW GARDEN SOO CHOW DRIVE,1.354073801924685,103.8307091631068
BRIGHTON CREST BRIGHTON CRESCENT,1.360741321371437,103.8692337727617
MERLOT VILLE TELOK KURAU ROAD,1.310508486396974,103.9119652599204
LANDED HOUSING DEVELOPMENT JALAN POKOK SERUNAI,,
LANDED HOUSING DEVELOPMENT HUA GUAN AVENUE,,
THREE 11 UPPER THOMSON ROAD,1.356654470595533,103.828736711218
LANDED HOUSING DEVELOPMENT SIMON ROAD,,
1 KING ALBERT PARK KING ALBERT PARK,1.336573517596939,103.7802972559812
LANDED HOUSING DEVELOPMENT LORONG 110 CHANGI,,
THE MINT RESIDENCES JOO CHIAT TERRACE,1.314974530243167,103.9049583772671
CERELIA VISTA LORONG AH SOO,1.350577086567199,103.882427469954
ONE ROSYTH ROSYTH ROAD,,
RESIDENTIAL APARTMENTS JOO CHIAT PLACE,,
RESIDENTIAL APARTMENTS JANSEN ROAD,,
LANDED HOUSING DEVELOPMENT KANG CHOO BIN ROAD,,
LANDED HOUSING DEVELOPMENT KING ALBERT PARK,,
LANDED HOUSING DEVELOPMENT STILL ROAD SOUTH,,
TEMBUSU GRAND JALAN TEMBUSU,1.305828576421015,103.8965935933346
LANDED HOUSING DEVELOPMENT FOWLIE ROAD,,
SILVERSEA MARINE PARADE ROAD,1.299995919399485,103.9031006164906
LANDED HOUSING DEVELOPMENT BEDOK WALK,,
OASIS GARDEN JALAN BUNGA RAMPAI,1.338810196359583,103.8830363301405
REGINA HILL JALAN SELANTING,1.345595417382498,103.7665559887907
MINT RESIDENCES @ JANSEN JANSEN ROAD,1.359867357185646,103.8774230984478
POH HUAT GARDENS POH HUAT CRESCENT,1.367295406253074,103.8812151731277
EAST MEADOWS TANAH MERAH KECHIL ROAD,1.328267015158239,103.9444201643824
VILLA MARTIA MARTIA ROAD,1.306666654332061,103.9113984642219
CASA RIVIERA LIM TUA TOW ROAD,1.354691171471601,103.8753924087088
LANDED HOUSING DEVELOPMENT TOH AVENUE,,
PALM LOFT JOO CHIAT TERRACE,,
TIVOLI GARDENS TAI KENG GARDENS,1.345918181847604,103.8857152878584
EMERY POINT IPOH LANE,,
ST PATRICK'S RESIDENCES ST. PATRICK'S ROAD,,
JANSEN HOUSE JANSEN ROAD,,
LANDED HOUSING DEVELOPMENT LOWLAND ROAD,,
LANDED HOUSING DEVELOPMENT SENNETT ROAD,,
OCEAN FRONT SUITES JALAN LOYANG BESAR,,
LANDED HOUSING DEVELOPMENT HIGHLAND CLOSE,,
OASIS @ ELIAS ELIAS ROAD,1.377124934262843,103.9423673691037
GIDEON'S LODGE JOO CHIAT LANE,1.312898122902985,103.9035560160681
77 @ EAST COAST UPPER EAST COAST ROAD,1.313363564897976,103.9273943213927
JANSEN MANSIONS JANSEN ROAD,,
MARINE VILLE MARINE PARADE,1.304604427306967,103.9066032980662
VALVISTA CHUAN TERRACE,,
GRACE GARDEN JALAN BAIDURI,1.311651273963587,103.9125073516283
LANDED HOUSING DEVELOPMENT UPPER EAST COAST ROAD,,
LANDED HOUSING DEVELOPMENT SUNSET VIEW,,
NOTTINGHILL SUITES TOH TUCK ROAD,,
AURA 83 DUKU ROAD,1.310967647021881,103.906266733963
SOUTHAVEN II HINDHEDE WALK,1.346946582172207,103.7721587760574
COASTARINA EAST COAST ROAD,1.309559059539097,103.9183486214308
WATER PLACE TANJONG RHU ROAD,1.295990386013247,103.8723665653166
THOMSON PARK JALAN BELIBAS,,
LANDED HOUSING DEVELOPMENT LORONG GAMBIR,,
LANDED HOUSING DEVELOPMENT ONAN ROAD,,
D'HIRO@HILLSIDE HILLSIDE DRIVE,1.360016032055495,103.8747712883697
LANDED HOUSING DEVELOPMENT JALAN GREJA,,
SANDALWOOD TEMBELING ROAD,1.309452187929628,103.9028838477403
NANYANG PARK CHUAN HOE AVENUE,1.364283037567812,103.8751444707956
LANDED HOUSING DEVELOPMENT SANDILANDS ROAD,,
SIGLAP GARDEN SIGLAP GARDENS,1.311487990392967,103.9251779433407
DUNMAN REGENCY DUNMAN ROAD,,
AMBER RESIDENCES AMBER ROAD,1.301256235372565,103.9008260879491
PALM GROVE TERRACE PALM GROVE AVENUE,,
LANDED HOUSING DEVELOPMENT BOUNDARY ROAD,,
CASA PASIR RIS JALAN LOYANG BESAR,1.379391951879978,103.9636877453096
LANDED HOUSING DEVELOPMENT PALM DRIVE,,
SUMMERLEA GREEN KISMIS ROAD,1.335199143854476,103.7709145114924
CHUAN GARDEN CHUAN GARDEN,1.362650431607274,103.8688815100245
LEITH GROVE LEITH PARK,1.362309529656484,103.8738534334077
LANDED HOUSING DEVELOPMENT UPPER THOMSON ROAD,,
THE FLORENTINE FLORENCE ROAD,1.366358543005546,103.8858150916945
KOVAN ESQUIRE KOVAN ROAD,1.358166242684053,103.8811824553427
GRANDEUR 8 ANG MO KIO CENTRAL 3,1.375470541129482,103.8470488781143
RESIDENTIAL APARTMENTS LORONG K TELOK KURAU,,
BLUWATERS 2 JALAN LOYANG BESAR,1.380050795803156,103.9639001447296
JK BUILDING JALAN JURONG KECHIL,1.34055901154966,103.7742321125547
CLASSICAL TERRACE JALAN RINDU,1.344790432190164,103.8772580882039
LANDED HOUSING DEVELOPMENT TANAH MERAH BESAR LANE,,
CRESCENDO BUILDING UPPER EAST COAST ROAD,1.31312519718196,103.9263257346837
JADESCAPE SHUNFU ROAD,1.352649724613711,103.8391483662954
8M RESIDENCES MARGATE ROAD,1.299289488871622,103.8886934850525
KOVAN MELODY KOVAN ROAD,1.360098786439454,103.8836425770656
MANDARIN PARK CHUN TIN ROAD,1.344931361187359,103.7717993115513
ESPIRA RESIDENCE LORONG K TELOK KURAU,,
THE LILIUM HOW SUN ROAD,,
RADIX JALAN WAKAFF,1.317935198322757,103.9114050175623
MEYER PARK MEYER ROAD,,
CHERRYHILL LORONG LEW LIAN,1.35048475874828,103.8777433363244
LANDED HOUSING DEVELOPMENT PAYA LEBAR STREET,,
KOVAN RESIDENCES KOVAN ROAD,1.361567291116481,103.8853637520436
ELIAS GREEN ELIAS GREEN,1.369733390585401,103.9432956316843
IDYLLIC RESIDENCES LORONG M TELOK KURAU,1.310675893875752,103.9127600681479
YIKAI COURT UPPER PAYA LEBAR ROAD,1.348101235171933,103.8799774760025
THE QUARTZ COMPASSVALE BOW,1.38081895046324,103.8932102287808
RICCHEZZA LORONG M TELOK KURAU,1.311281861149724,103.9153086429605
GAMBIR TERRACE LORONG GAMBIR,1.34526144209687,103.8749746656681
EMERALD EAST TANJONG RHU ROAD,,
AMBER SKYE AMBER ROAD,1.299629789819179,103.8981143443826
LANDED HOUSING DEVELOPMENT KOVAN ROAD,,
WATERWOODS PUNGGOL FIELD WALK,1.391234130314387,103.9124081426927
THE SOVEREIGN MEYER ROAD,1.296531266969444,103.8934190274684
CARMINE COLLECTION ENG KONG ROAD,1.335801426069383,103.7679165050055
LANDED HOUSING DEVELOPMENT LORONG 107 CHANGI,,
SUNNYVALE RESIDENCES LORONG K TELOK KURAU,,
LANDED HOUSING DEVELOPMENT SIAN TUAN AVENUE,,
JUPITER 18 LORONG 102 CHANGI,,
LANDED HOUSING DEVELOPMENT ROSYTH AVENUE,,
MAYA STILL ROAD,1.309248826986511,103.9078157692461
3BHC BRIGHT HILL CRESCENT,1.3562502001707,103.8325807648781
LANDED HOUSING DEVELOPMENT CRANE ROAD,,
PRESTIGE POINT UPPER PAYA LEBAR ROAD,1.349639828059122,103.8801901963084
3@SANDILANDS SANDILANDS ROAD,1.361599130098456,103.8779672931136
FERNWOOD TOWERS FERNWOOD TERRACE,1.309426543601041,103.9252485252506
SUITES DE LAUREL JALAN ANAK BUKIT,1.339171697391516,103.7801274433574
SHEBA LODGE CARPMAEL ROAD,1.313335098625894,103.8976759316256
THE MONDRIAN HINDHEDE PLACE,1.345695115557455,103.7761047735885
EDEN CREST EDEN GROVE,1.345106400096657,103.8720677863156
LOWLAND VIEW RICHARDS AVENUE,1.361485309067356,103.8821200071659
SIGLAP HILL 33 SIGLAP HILL,1.32046867288932,103.9190531926713
LANDED HOUSING DEVELOPMENT PARBURY AVENUE,,
KING'S MANSION AMBER GARDENS,1.300613409315252,103.8984087517851
VENTURA VIEW RAMBUTAN ROAD,1.313463342515316,103.9048581256071
LANDED HOUSING DEVELOPMENT LUCKY CRESCENT,,
CEYLON COURT CEYLON ROAD,1.308872153386137,103.8999072717978
LANDED HOUSING DEVELOPMENT BOSCOMBE ROAD,,
THE SHORE RESIDENCES AMBER ROAD,1.302807688244061,103.900988897666
LANDED HOUSING DEVELOPMENT WAREHAM ROAD,,
KISMIS RESIDENCES ENG KONG ROAD,1.336980921644372,103.7683307571751
LANDED HOUSING DEVELOPMENT JALAN TANAH PUTEH,,
LANDED HOUSING DEVELOPMENT JALAN BAIDURI,,
LANDED HOUSING DEVELOPMENT YIO CHU KANG ROAD,,
SUNNY PALMS LORONG G TELOK KURAU,1.317435353131899,103.9108380164479
RESIDENCE 118 LORONG L TELOK KURAU,1.312078383591649,103.9140868015042
THE JADE BUKIT BATOK CENTRAL LINK,1.349000733274197,103.7489078847786
LANDED HOUSING DEVELOPMENT JALAN LABU MANIS,,
LANDED HOUSING DEVELOPMENT CHU YEN STREET,,
SUNRISE GARDENS SUNRISE AVENUE,1.389690730935662,103.8571700178268
THE BROOKS II SPRINGSIDE GREEN,1.403938591072317,103.8188499579343
THE QUINTET CHOA CHU KANG STREET 64,1.398579708321318,103.7509577567406
MONT TIMAH BUKIT WAY,,
PROVENCE RESIDENCE CANBERRA CRESCENT,1.448695517002087,103.8271712007238
KEW GREEN KEW CRESCENT,,
LENTOR HILLS RESIDENCES LENTOR HILLS ROAD,1.384247807960945,103.8340848492093
PRIVE PUNGGOL FIELD,,
MIMOSA PARK MIMOSA CRESCENT,1.383106179715604,103.8640753102283
GRANDE VISTA CACTUS DRIVE,1.388271460348998,103.8513083451604
MERAWOODS HILLVIEW AVENUE,1.355739382336612,103.7591436466334
SEMBAWANG SPRINGS ESTATE JALAN CHERPEN,1.43709403064963,103.8273565491285
THE WISTERIA YISHUN RING ROAD,1.418447035793593,103.8411124124469
BULLION PARK LENTOR LOOP,1.391947061774076,103.8357079268556
SEMBAWANG STRAITS ESTATE ANDREWS AVENUE,1.458284543642509,103.8373505933404
NINE RESIDENCES YISHUN AVENUE 9,1.433393697416286,103.8417583578492
LAKE GRANDE JURONG LAKE LINK,1.34611746551281,103.7240230372005
HILLVIEW 128 HILLVIEW AVENUE,1.357079688952764,103.7611651330799
ALTURA BUKIT BATOK WEST AVENUE 8,1.360123321248852,103.7421080013752
MIMOSA TERRACE MIMOSA ROAD,1.384237754880962,103.8611170924058
WESTWOOD RESIDENCES WESTWOOD AVENUE,,
THE DAIRY FARM DAIRY FARM ROAD,,
THE LANAI HILLVIEW AVENUE,1.355997560988811,103.7612522683391
LANDED HOUSING DEVELOPMENT KERONG LANE,,
SEMBAWANG GARDEN ARCADE JALAN DERUM,1.441780321025794,103.8231880506783
TUAN SING PARK DEDAP ROAD,1.388441865528664,103.8653182857927
WOODLANDS PARK JALAN BUMBONG,1.416863548869363,103.7607185240751
LENTOR MANSION LENTOR GARDENS,1.383275142628676,103.8331481018366
SEMBAWANG SQUARE ESTATE SEMBAWANG ROAD,1.450248113845036,103.8290899609024
NORTH GAIA YISHUN CLOSE,,
WOODSVALE WOODLANDS DRIVE 72,,
THOMSON GROVE YIO CHU KANG ROAD,,
THE LINEAR UPPER BUKIT TIMAH ROAD,1.375394616809071,103.7628464235044
NATURA@HILLVIEW HILLVIEW TERRACE,1.353008424053688,103.7591346785561
THE GARDENS AT GERALD GERALD DRIVE,1.385549998843094,103.8774630977405
PARC GREENWICH FERNVALE LANE,1.389150743490752,103.8703360914674
MI CASA CHOA CHU KANG AVENUE 3,1.383560171064605,103.7479505753525
STRATTON GREEN NIM GREEN,1.382620386384874,103.8653561626004
HILLVIEW HEIGHTS HILLVIEW AVENUE,,
BUKIT 828 UPPER BUKIT TIMAH ROAD,1.373835917358969,103.7631247647649
BELGRAVIA GREEN BELGRAVIA DRIVE,1.380580190327378,103.8646666869657
SERENE PARK TAMARIND ROAD,,
HEETON CLASSIC THONG SOON GREEN,,
LANDED HOUSING DEVELOPMENT KERONG WALK,,
THE FLORAVALE WESTWOOD AVENUE,1.350961440441706,103.6976948450149
THE MADEIRA BUKIT BATOK STREET 31,,
GERALD MUGLISTON JALAN KECHUBONG,,
TWIN FOUNTAINS WOODLANDS AVENUE 6,,
SYMPHONY SUITES YISHUN CLOSE,1.435377261525585,103.8441655526108
LAKESIDE APARTMENTS YUAN CHING ROAD,,
BELGRAVIA ACE BELGRAVIA DRIVE,1.381122427716011,103.8643235682559
FLORISSA PARK FLORISSA PARK,1.38722949607686,103.8357659580167
COPEN GRAND TENGAH GARDEN WALK,,
REGENT GROVE CHOA CHU KANG NORTH 7,1.39931151971398,103.7488066664211
LANDED HOUSING DEVELOPMENT ANDREWS TERRACE,,
WINDERMERE CHOA CHU KANG STREET 64,1.398082900736861,103.7513124574431
WATERCOVE WAK HASSAN DRIVE,1.461673233025294,103.8394171479154
BEECHWOOD TERRACE BEECHWOOD GROVE,1.426895901751482,103.778246340279
THE MORNING DEW JALAN TARI PAYONG,1.398178990874361,103.8715965317205
THE BROWNSTONE CANBERRA DRIVE,1.446050905055238,103.8270514270833
HILLVIEW VILLAS HILLVIEW CRESCENT,1.354417317898594,103.7590508406495
AVANT PARC WAK HASSAN PLACE,1.461188885707309,103.8380124970359
SPRING WATERS VILLAS JALAN MATA AYER,,
EUPHONY GARDENS JALAN MATA AYER,1.424290946250073,103.8245208652896
LANDED HOUSING DEVELOPMENT PINEWOOD GROVE,,
FORESTVILLE WOODLANDS DRIVE 16,,
TEACHERS' HOUSING ESTATE IQBAL AVENUE,,
SARACA GARDENS SARACA ROAD,1.386021106679748,103.8605257360518
VILLA BEGONIA BEGONIA LANE,,
THE BROOKS I SPRINGSIDE WALK,1.404809115055941,103.8194655001422
SPRINGLEAF GARDEN SPRINGLEAF AVENUE,,
CENTURY MANSIONS JALAN REMAJA,1.357389514234169,103.7620880630209
KELULUT HILL KELULUT HILL,1.383946644728475,103.8732682303884
THE RAINFOREST CHOA CHU KANG AVENUE 3,,
HIGH PARK RESIDENCES FERNVALE ROAD,1.395337069221494,103.8744603405581
THE SKYWOODS DAIRY FARM HEIGHTS,1.36555402037807,103.7710631697672
BURGUNDY HILL BURGUNDY RISE,,
PHOENIX RESIDENCES PHOENIX AVENUE,,
VILLA VERDE VERDE VIEW,1.392684990885865,103.7520963780041
HONG HENG GARDEN SEMBAWANG ROAD,1.404010197662978,103.8175099683966
SEASONS PARK YIO CHU KANG ROAD,1.385127850204353,103.839262186934
SUNCOTTAGES CASHEW CRESCENT,1.371811999844194,103.7690551051367
PARK NATURA BUKIT BATOK EAST AVENUE 6,1.346590730273919,103.7655892087434
LANDED HOUSING DEVELOPMENT JALAN TARI PAYONG,,
LANDED HOUSING DEVELOPMENT LORONG TANGGAM,,
IVORY HEIGHTS JURONG EAST STREET 13,,
REGENT HEIGHTS BUKIT BATOK EAST AVENUE 5,1.352401174399456,103.7559870377143
GREEN SPRINGS GERALD CRESCENT,,
CANBERRA RESIDENCES CANBERRA DRIVE,1.444213605454494,103.8247283491834
SUNRISE VILLA SUNRISE AVENUE,1.389413814522641,103.8566932456475
THE MYST UPPER BUKIT TIMAH ROAD,1.373498638008414,103.7641422438911
THE CALROSE YIO CHU KANG ROAD,,
SOL ACRES CHOA CHU KANG GROVE,1.376010453671263,103.7504747175128
SELETAR HILLS ESTATE JALAN ANTOI,1.384790925342851,103.8748007897839
THE LAKESHORE JURONG WEST STREET 41,1.345558103026331,103.7226130823933
FLORIDA PARK SUNRISE AVENUE,1.390804852852813,103.8558966415744
WANDERVALE CHOA CHU KANG AVENUE 3,1.382797866664282,103.7496028407776
THE CENTRIS JURONG WEST CENTRAL 3,1.339971685052035,103.7054971272601
LILAC PARK LILAC DRIVE,,
MICHAELS' RESIDENCES ALMOND AVENUE,,
LANDED HOUSING DEVELOPMENT JALAN ASAS,,
SELETAR SPRINGS CONDOMINIUM GERALD DRIVE,1.387581220744192,103.8784834551759
THE HILLOFT JALAN DERMAWAN,1.359216743257162,103.7575598821954
WOODGROVE ESTATE ASHWOOD GROVE,1.428471346314716,103.7759021938425
LANDED HOUSING DEVELOPMENT MENG SUAN ROAD,,
POPULAR ESTATE JALAN REMAJA,,
BLOSSOM RESIDENCES SEGAR ROAD,1.389600483740964,103.7694449114093
YEW MEI GREEN CHOA CHU KANG NORTH 6,1.394453291853025,103.7513415147467
D'BANYAN JALAN SENDUDOK,,
D' KENARIS JALAN BANGAU,,
HONG HENG MANSIONS SEMBAWANG ROAD,1.402637784582363,103.8182050330936
THE COMMODORE CANBERRA DRIVE,1.441933607773796,103.8274399722203
LANDED HOUSING DEVELOPMENT SEMBAWANG ROAD,,
ORCHID PARK CONDOMINIUM YISHUN STREET 81,1.412330107641705,103.8348930819789
YEWTEE RESIDENCES CHOA CHU KANG NORTH 6,1.396842721195588,103.7467399267104
HILLVIEW REGENCY BUKIT BATOK EAST AVENUE 2,1.352026273964812,103.7573721661523
HAZEL PARK TERRACE HAZEL PARK TERRACE,1.371944674994543,103.7649518647079
SEMBAWANG PARK JALAN LENGKOK SEMBAWANG,1.428242294422996,103.8259768669686
SELETAR PARK SELETAR CRESCENT,,
SUN PLAZA SEMBAWANG DRIVE,1.44819535371132,103.8195021271551
THE WATERGARDENS AT CANBERRA CANBERRA DRIVE,,
YISHUN EMERALD CANBERRA DRIVE,1.439116562576181,103.8302536769031
HAZEL PARK CONDOMINIUM HAZEL PARK TERRACE,,
LANDED HOUSING DEVELOPMENT WOODGROVE AVENUE,,
LAUREL TREE HILLVIEW TERRACE,1.352978977686323,103.7582728123174
FLORAVILLE CACTUS ROAD,1.391852356847093,103.8511798777857
FOREST HILLS CONDOMINIUM TRANSIT ROAD,1.405114328765471,103.8174252860878
H2O RESIDENCES FERNVALE LINK,1.392534673481001,103.8805669314886
J'DEN JURONG EAST CENTRAL 1,1.333355488712566,103.7401820407749
HILLTOP GROVE HILLVIEW AVENUE,,
CABANA SUNRISE TERRACE,1.387977100079046,103.85571760082
MIDWOOD HILLVIEW RISE,,
THE SENSORIA JALAN ULU SEMBAWANG,1.437089818665195,103.8248461062552
LAKE LIFE TAO CHING ROAD,,
GOLDWOOD GARDENS SEMBAWANG PLACE,1.439426816698311,103.8245975513896
INZ RESIDENCE CHOA CHU KANG AVENUE 5,1.374021337811921,103.7391936271729
LENTORIA LENTOR HILLS ROAD,,
HILLVISTA ELIZABETH DRIVE,1.359921524042724,103.7633922992326
THE NAUTICAL JALAN SENDUDOK,1.442817007779111,103.8247376547768
SORA YUAN CHING ROAD,1.334308217234073,103.7254406272162
CHANTILLY RISE HILLVIEW AVENUE,1.359437868796433,103.7629325287678
NORTHWOOD JALAN MATA AYER,1.426927064769037,103.8240530393193
LANDED HOUSING DEVELOPMENT CHESTNUT TERRACE,,
LANDED HOUSING DEVELOPMENT GERALD CRESCENT,,
TREE HOUSE CHESTNUT AVENUE,,
LANDED HOUSING DEVELOPMENT SUNRISE PLACE,,
CHESTNUT RESIDENCES JALAN EMAS URAI,1.367614461711052,103.7704327418368
LUSH ACRES FERNVALE CLOSE,,
LAKEVILLE JURONG LAKE LINK,,
SPRINGLEAF GREEN SPRINGLEAF CRESCENT,1.400470125426394,103.8251884302893
THE CRITERION YISHUN STREET 51,1.418434813878389,103.8455813917237
PLATINA GARDENS PLATINA ROAD,1.42775467227939,103.8255873685371
NORTHOAKS WOODLANDS CRESCENT,1.445454980671562,103.8062512453242
LAKEHOLMZ CORPORATION ROAD,1.342164104364105,103.7170866907556
HILLSTA PHOENIX ROAD,1.376525350378957,103.7565388653753
NORTHWAVE WOODLANDS VIEW,1.443874021093755,103.8106693301888
LANDED HOUSING DEVELOPMENT CHESTNUT DRIVE,,
HILLVIEW PARK HILLVIEW AVENUE,1.363544703447948,103.7660117150235
COMFORT GARDEN HONG SAN WALK,1.377684826929305,103.747359938132
THE ESTUARY YISHUN AVENUE 1,1.410899901664298,103.8321474317205
LANDED HOUSING DEVELOPMENT SARACA DRIVE,,
WOODHAVEN WOODGROVE AVENUE,1.430049990837575,103.7846775959004
MERA GARDENS ALMOND STREET,1.373136925811664,103.7725586847927
SUMMER VILLAS GERALD DRIVE,1.387243450719244,103.8778523850755
NORTH PARK RESIDENCES YISHUN CENTRAL 1,1.427400153262759,103.8356929554138
STRATTON PARK STRATTON DRIVE,,
WESTMERE JURONG EAST STREET 13,1.337585055571059,103.7366826841788
MIMOSA VALE MIMOSA VALE,,
SUMMERDALE BOON LAY DRIVE,1.342675913907938,103.7122314413203
HILLBROOKS HILLVIEW AVENUE,1.358885770099242,103.762618572073
LANDED HOUSING DEVELOPMENT JALAN TARI SERIMPI,,
THE SHORELINE RESIDENCES II WAK HASSAN DRIVE,1.460550622757122,103.8400696402914
SPRINGLEAF VILLAS SPRINGLEAF CRESCENT,1.40017466178964,103.8240064406784
HILLS TWOONE HILLVIEW TERRACE,1.352449245860916,103.7584210560326
LANDED HOUSING DEVELOPMENT CHU LIN ROAD,,
1 CANBERRA CANBERRA DRIVE,,
THE WOODS WESTWOOD AVENUE,,
PARC OASIS JURONG EAST AVENUE 1,1.343539036180663,103.734651750221
LUMINA GRAND BUKIT BATOK WEST AVENUE 5,1.360331380485616,103.7412365364424
HILLOCK GREEN LENTOR CENTRAL,1.385096319486065,103.833849401084
THE DEW BUKIT BATOK STREET 21,,
PARKVIEW APARTMENTS BUKIT BATOK STREET 25,,
POLLEN COLLECTION POLLEN WALK,1.382053060515928,103.8588112664837
DALLA VALE SPRINGLEAF AVENUE,1.40050568556264,103.82330901962
PAVILION PARK PAVILION STREET,1.37144336232285,103.7524311449621
CASHEW PARK CONDOMINIUM CASHEW ROAD,1.371011064206374,103.7674376317839
SERENITY PARK TAMARIND ROAD,,
WOODGROVE CONDOMINIUM WOODGROVE DRIVE,1.429004646022295,103.7823694181999
LAKESIDE TOWER YUAN CHING ROAD,,
HILLINGTON GREEN HILLVIEW AVENUE,1.359299672950103,103.7650546062394
LUXUS HILLS SELETAR GREEN WALK,,
ESTE VILLA NIM ROAD,,
MONT BOTANIK RESIDENCE JALAN REMAJA,1.357731075432671,103.7617218189195
POETS VILLAS TAGORE AVENUE,1.382037290054481,103.8282559307823
PEIRCE VALE OMAR KHAYYAM AVENUE,1.381073473260915,103.8297348844743
BELGRAVIA PARK SELETAR TERRACE,1.380835586519203,103.8682610224413
NORWOOD GRAND CHAMPIONS WAY,1.42853654796475,103.7908366981801
NIM GARDENS NIM ROAD,1.381432381111239,103.8630431301311
CHESTNUT VILLE JALAN PAKIS,1.367688035745364,103.7694298376936
ALANA SUNRISE TERRACE,,
PARC ROSEWOOD ROSEWOOD DRIVE,,
RESIDENTIAL APARTMENTS JALAN TARI SERIMPI,,
BELGRAVIA VILLAS BELGRAVIA DRIVE,1.379559086219405,103.8652692370108
THE GREENWICH SELETAR ROAD,,
LANDED HOUSING DEVELOPMENT JALAN TARI PIRING,,
KINGSFORD . HILLVIEW PEAK HILLVIEW RISE,1.364786511465865,103.7647636180008
THE COUNTRYSIDE COUNTRYSIDE GROVE,,
EIGHT COURTYARDS CANBERRA DRIVE,1.438433796103263,103.8306920809769
THE ESSENCE CHONG KUO ROAD,1.403455270313303,103.8171660638193
PARC VISTA CORPORATION ROAD,1.344627555548024,103.71838138374
LANDED HOUSING DEVELOPMENT WAK HASSAN DRIVE,,
THE CANOPY YISHUN AVENUE 11,1.423855115453508,103.8484204850702
HONG HENG TERRACE THONG BEE ROAD,1.403188619148797,103.8171827311321
THE TOPIARY FERNVALE LANE,1.388871431277046,103.8720171563446
EATON PARK GERALD CRESCENT,1.387363210662071,103.8770665837745
LANDED HOUSING DEVELOPMENT OAKWOOD GROVE,,
LAKEPOINT CONDOMINIUM LAKEPOINT DRIVE,1.340475094353081,103.7167560169522
NIM COLLECTION NIM RISE,1.380450735786424,103.8625751437479
RIVERTREES RESIDENCES FERNVALE CLOSE,1.394108955178435,103.8808314409373
HOCK SWEE HILL BEGONIA CRESCENT,,
LANDED HOUSING DEVELOPMENT PENAGA PLACE,,
PALM GARDENS HONG SAN WALK,,
LAKESIDE GROVE CORPORATION WALK,1.339591347431808,103.7182313090617
FUYONG ESTATE JALAN ASAS,1.357701910828012,103.7685178920854
LANDED HOUSING DEVELOPMENT JALAN BANGAU,,
LANDED HOUSING DEVELOPMENT JALAN KAYU,,
THE MAYFAIR JURONG EAST STREET 32,,
THE MILTONIA RESIDENCES MILTONIA CLOSE,1.416820404364625,103.8489591926222
RIVERBANK @ FERNVALE FERNVALE CLOSE,1.395000848571069,103.8815647897417
PARK VIEW MANSION YUAN CHING ROAD,,
KANDIS RESIDENCE KANDIS LINK,,
THE WOODGROVE WOODGROVE DRIVE,,
MEADOWS @ PEIRCE UPPER THOMSON ROAD,,
SARACA VILLAS SARACA TERRACE,1.38301413395787,103.8590775759236
LANDED HOUSING DEVELOPMENT YUNNAN ROAD,,
WESTWOOD PARK WESTWOOD DRIVE,1.350743064446515,103.7005483255286
DAIRY FARM RESIDENCES DAIRY FARM LANE,1.366812141109442,103.7745005736654
SEMBAWANG COTTAGE SEMBAWANG ROAD,1.426907812997703,103.8260518960171
LILYDALE YISHUN AVENUE 6,1.424231656004487,103.8489299270091
HILLVIEW ESTATE JALAN DERMAWAN,1.359796336368147,103.7589466167593
KECHUBONG TERRACE JALAN KECHUBONG,1.387082091586931,103.8751221278802
STRAITS GARDENS ANDREWS AVENUE,1.457844486940723,103.8380644422696
CASHEW ESTATE CASHEW TERRACE,1.370416699941283,103.7653135893284
THE PETALS HILLVIEW AVENUE,,
HILLHAVEN HILLVIEW RISE,1.362086638096114,103.7635210758574
LANDED HOUSING DEVELOPMENT BEECHWOOD GROVE,,
CASHEW VILLAS CASHEW CRESCENT,,
THE LAKEGARDEN RESIDENCES YUAN CHING ROAD,1.336552291043583,103.7255969021722
THE LAKEFRONT RESIDENCES LAKESIDE DRIVE,1.343003967555101,103.7190096519935
ROSEWOOD ROSEWOOD DRIVE,1.42949746630198,103.7853347858814
THE TENNERY WOODLANDS ROAD,1.379727091580176,103.7601910173806
LENTOR MODERN LENTOR CENTRAL,,
PARC CANBERRA CANBERRA WALK,1.447806159899115,103.8287827659571
FANTA GARDEN BEGONIA DRIVE,1.387559933973562,103.863873190206
THE BOTANY AT DAIRY FARM DAIRY FARM WALK,1.366401289445761,103.772610828237
GREEN HILL ESTATE CHESTNUT CLOSE,,
CASTLE GREEN YIO CHU KANG ROAD,1.385835340984651,103.841570752067
LANDED HOUSING DEVELOPMENT NEE SOON ROAD,,
RAINTREE VALLEY MUNSHI ABDULLAH WALK,1.383286104437754,103.8309572780725
CHESTNUT GARDENS CHESTNUT GARDENS,1.369163012064637,103.7689977650962
NORTHILL JALAN KASAU,,
MIMOSA VILLAS MIMOSA WALK,1.382443291056662,103.861222932882
MERALODGE HILLVIEW AVENUE,1.354164387124368,103.7614542321153
HEETON PARK THONG SOON GREEN,1.398580223211054,103.8186843342546
THE SPRINGSIDE SPRINGSIDE AVENUE,1.40357809916405,103.8210139853542
WESTVILLE WESTWOOD WALK,1.353064110519459,103.6979614311822
NOVO PLACE PLANTATION CLOSE,,
MANDAI GARDEN MENG SUAN ROAD,,
GERALD GARDENS GERALD CRESCENT,1.387141845732131,103.8761453903398
8 @ STRATTON STRATTON GREEN,1.382741699840269,103.8650505758539
MUGLISTON HILL MUGLISTON PARK,1.384954336455552,103.8780730849048
YUNNAN GARDENS YUNNAN CRESCENT,,
SKYPARK RESIDENCES SEMBAWANG CRESCENT,,
CASHEW GREEN CASHEW ROAD,1.372906601389862,103.7700936487604
ESPA CASHEW ROAD,1.369149082744836,103.7653831689789
LE QUEST BUKIT BATOK STREET 41,1.355941711761134,103.7411270057638
PRESIDENT GARDENS LENTOR GREEN,1.385879828328816,103.837957864992
HILLVIEW APARTMENTS HILLVIEW AVENUE,1.356015377927507,103.7625877631816
LANDED HOUSING DEVELOPMENT CHESTNUT LANE,,
CASPIAN LAKESIDE DRIVE,,
CHESTERVALE BANGKIT ROAD,1.378150590066934,103.7744977307283
FUDU PARK FUDU PARK,,
CASABLANCA ROSEWOOD DRIVE,1.430603128644972,103.7865242307526
THE VISIONAIRE CANBERRA DRIVE,1.446503122871797,103.8267551335182
THE WARREN CHOA CHU KANG LOOP,1.385846049539583,103.7424242465566
NORTHVALE CHOA CHU KANG LOOP,1.387590576078794,103.7454422496385
HILLION RESIDENCES JELEBU ROAD,,
THE SHAUGHNESSY MILTONIA CLOSE,,
MAYSPRINGS PETIR ROAD,1.37728755480686,103.7634305774793
MONTROSA HILLVIEW AVENUE,1.357185485192257,103.7598263125858
GREEN  HILL ESTATE CHESTNUT CRESCENT,,
LANDED HOUSING DEVELOPMENT JALAN DERMAWAN,,
J GATEWAY GATEWAY DRIVE,1.33555731797921,103.7424168153723
HILLVIEW GARDEN ESTATE CHU LIN ROAD,,
ATELIER VILLAS YIO CHU KANG DRIVE,1.381341870152444,103.8328593645654
ROSEWOOD SUITES ROSEWOOD DRIVE,1.429446075858504,103.7863047857719
SELETAR GARDEN CACTUS ROAD,1.390008303636975,103.851084946228
SKIES MILTONIA MILTONIA CLOSE,,
LENTOR VIEW LENTOR LANE,1.388567983594048,103.8361421527091
THE AMSTON HILLVIEW AVENUE,1.356821790026348,103.7604639940025
RESIDENTIAL APARTMENTS UPPER THOMSON ROAD,,
PHOENIX HEIGHTS PHOENIX GARDEN,1.376574108853044,103.7583984569735
COUNTRYVIEW SEMBAWANG PLACE,1.438014052622712,103.8251299218288
LANDED HOUSING DEVELOPMENT SUNRISE AVENUE,,
YISHUN SAPPHIRE CANBERRA DRIVE,1.440184140658597,103.8305722682999
CASHEW HEIGHTS CONDOMINIUM CASHEW ROAD,,
SPRINGHILL SEMBAWANG WALK,1.440784650013101,103.8229615872784
CACTUS GREEN CACTUS CRESCENT,,
JALAN KAYU ESTATE JALAN TARI DULANG,1.40051521519517,103.8703435556662
FORESQUE RESIDENCES PETIR ROAD,1.368762448772564,103.7763590502672
LANDED HOUSING DEVELOPMENT GALISTAN AVENUE,,
THE ARDEN PHOENIX ROAD,,
ECO SANCTUARY CHESTNUT AVENUE,1.371209107267758,103.7768547128267
SELETAR PARK RESIDENCE SELETAR ROAD,1.385679523683417,103.8697511266227
BELLEWOODS WOODLANDS AVENUE 5,,
LANDED HOUSING DEVELOPMENT INGGU ROAD,,
CENTURY WOODS WOODGROVE WALK,1.427205164106497,103.7772938798508
HILLVIEW RESIDENCE HILLVIEW AVENUE,1.355909051785293,103.76073531599
SELETARIS SEMBAWANG ROAD,,
DEDAP GARDENS DEDAP LINK,1.387877080356377,103.8671980779877
NICON GARDENS CHOA CHU KANG ROAD,1.377868520103907,103.7581204061319
LANDED HOUSING DEVELOPMENT SELETAR HILLS DRIVE,,
BANYAN VILLAS LENTOR PLAIN,1.388317041858069,103.8388781519356
LANDED HOUSING DEVELOPMENT GOODLINK PARK,,
CAMELIA PARK TAMARIND ROAD,1.388393675418957,103.8608200016543
SIGNATURE AT YISHUN YISHUN STREET 51,1.416680941839323,103.8446729404128
LENTOR VILLAS LENTOR STREET,1.391482032139336,103.8351678903498
MUN WAH GARDEN TUNG PO AVENUE,,
LA CASA WOODLANDS DRIVE 16,,
GOODLINK PARK GOODLINK PARK,1.427293015568142,103.8248320893354
PARC BOTANNIA FERNVALE STREET,1.398587819664742,103.8746323391462
GUILIN VIEW BUKIT BATOK STREET 52,,
GERALD MUGLISTON ESTATE GERALD CRESCENT,1.385822873780644,103.8771647920028
THE HILLIER HILLVIEW RISE,,
PARC LIFE SEMBAWANG CRESCENT,1.443774519494968,103.8188551906778
GLENDALE PARK HILLVIEW AVENUE,1.362493664635445,103.7658912111249
