OBJECTID,X,Y,ECSI,SEVI,ECSI_pred,SEVI_pred
1,26167.538000000175,30448.7210000027,0.41407,0.603832,0.42324105,0.53642875
2,21967.538000000175,35848.721000000834,0.3657,0.483044,0.38053262,0.5161818
3,15767.538000001108,35248.7210000027,0.366137,0.564615,0.29625586,0.5380609
4,35767.537999999244,32648.721000003625,0.339442,0.592358,0.33106455,0.58069724
6,29367.53799999971,31648.7210000027,0.341493,0.787281,0.3295013,0.5870845
7,27167.538000001103,31248.721000000834,0.398925,0.827391,0.37586516,0.61760104
8,16567.538000000175,47048.72100000177,0.088731,0.246352,0.08377297,0.11625237
9,12167.538000000173,33448.721000000834,0.396463,0.118064,0.39001077,0.15849952
10,16567.538000000175,38248.721000001766,0.241177,0.273135,0.25184435,0.23642394
11,17967.53799999971,43648.721000000834,0.181018,0.196436,0.1859675,0.1719793
12,33367.538000000175,31048.720999999903,0.242985,0.128279,0.27737746,0.4807055
13,25767.538000000175,31248.72100000083,0.403556,0.474045,0.42547202,0.40597087
14,30967.538000001106,31248.721000000834,0.308723,0.585725,0.3300571,0.71227455
15,9167.537999999244,32648.721000003625,0.411922,0.114417,0.37744212,0.106749766
16,24167.538000000175,28048.721000001766,0.367627,0.437932,0.34921634,0.41023046
17,29167.538000000175,38848.721000000834,0.376594,0.432407,0.3861888,0.47096187
18,25367.53800000017,34648.721000000834,0.430484,0.338756,0.42639974,0.42025006
19,18167.538000000175,36848.72100000177,0.325945,0.500382,0.3035789,0.45989326
20,29567.538000000175,37848.72100000269,0.398099,0.434581,0.38135803,0.40971085
21,33767.538000000175,30248.7210000027,0.188707,0.089392,0.24150173,0.071756564
23,27367.538000000175,26048.721000002697,0.200928,0.108999,0.20050147,0.31421244
24,28967.53800000018,49048.72100000363,0.102854,0.07206,0.12617847,0.15854383
25,37767.538000000175,33048.721000001766,0.357251,0.380753,0.34850848,0.43827412
27,19167.538000000175,42648.72100000084,0.193976,0.27096,0.21017687,0.3567767
28,14567.538000000639,40248.72100000363,0.17134,0.09556,0.20536384,0.06923609
30,27567.538000000637,31448.721000002697,0.398209,0.768991,0.40053213,0.62249553
31,14767.538000000173,35048.721000000834,0.335851,0.366805,0.36626327,0.36449188
32,29167.538000000175,32648.721000003625,0.347931,0.347117,0.37034482,0.42390352
34,27967.53800000017,40648.72100000177,0.268596,0.664104,0.29268342,0.4187848
35,9367.537999999711,35048.721000000834,0.315186,0.063525,0.31627727,0.06978505
36,24967.53799999971,34048.7210000027,0.43645,0.669589,0.42584005,0.45878264
37,12567.538000001106,34048.7210000027,0.340682,0.284076,0.3588194,0.20322767
38,38767.538000000175,36848.721000001766,0.47912,0.437641,0.46237123,0.40616274
39,28167.537999999244,28648.72100000269,0.27991,0.727356,0.27628165,0.45041442
40,31967.537999999244,38248.721000001766,0.400529,0.497222,0.39951366,0.4549123
41,28767.53799999971,46848.7210000027,0.175995,0.425462,0.19551797,0.4314049
42,6967.538000000641,29248.721000001766,0.311628,0.146365,0.32168648,0.12964047
43,18767.538000000175,42848.7210000027,0.169783,0.435423,0.19069144,0.39559522
44,15967.538000000175,34448.721000001766,0.318412,0.508273,0.33418077,0.53611535
45,13767.538000000173,45048.7210000027,0.090104,0.039111,0.06267604,0.03589468
46,37167.538000000175,34248.7210000027,0.400447,0.652299,0.40235314,0.50993884
48,23167.53800000064,34448.721000001766,0.424562,0.516753,0.43280682,0.3929822
51,5767.538000000174,29048.721000002697,0.321187,0.156069,0.34134713,0.21092308
52,13167.53799999971,40048.7210000027,0.20345,0.079628,0.19663012,0.06571891
53,10167.538000000175,34648.721000000834,0.353114,0.102738,0.36200246,0.2203561
55,21167.537999999713,35648.721000001766,0.387944,0.523507,0.37456098,0.52423275
56,25167.538000000175,28848.721000003632,0.345321,0.504839,0.33807632,0.43516764
57,17967.53799999971,38448.721000000834,0.261581,0.312274,0.26330066,0.35298255
59,22167.53800000064,31448.7210000027,0.488254,0.486993,0.48169163,0.48417276
61,11167.538000000175,26448.721000002697,0.258018,0.110139,0.27261484,0.12546244
62,34167.53800000064,36648.7210000027,0.40648,0.445463,0.4268276,0.39184824
63,15367.538000000175,33248.721000000834,0.372303,0.139683,0.4201947,0.19337045
64,5767.538000000174,30248.7210000027,0.328662,0.129327,0.3309393,0.16121754
65,9767.537999999708,30648.72100000177,0.370414,0.140315,0.37235093,0.12743358
68,39567.537999999244,36048.72100000083,0.460839,0.410503,0.45620832,0.395803
69,39767.53799999971,36048.72100000084,0.468286,0.387003,0.45603666,0.42830586
70,25567.537999999706,32448.721000002697,0.402429,0.413715,0.41655663,0.37673315
71,28367.537999999713,37848.7210000027,0.422196,0.419518,0.3833721,0.47586125
72,21567.538000000175,46448.721000000834,0.110261,0.55604,0.10424253,0.5118363
73,4967.5380000011055,31648.721000002697,0.397257,0.299545,0.3676029,0.25454864
74,42167.53800000064,33048.721000001766,0.32662,0.083409,0.30326885,0.09096261
75,18167.538000000175,38648.7209999999,0.267758,0.359619,0.28895518,0.39247346
76,33567.53800000064,33848.72100000363,0.351738,0.479705,0.3736221,0.4958513
77,20367.53800000018,40648.72100000177,0.226379,0.473761,0.2398267,0.4942789
78,25567.53799999971,47248.721000000834,0.134402,0.450694,0.1423345,0.37613586
79,19567.538000001106,33448.721000000834,0.404803,0.374876,0.39909792,0.5255502
80,28167.53799999924,38248.721000001766,0.385624,0.55412,0.35176066,0.5207798
82,36167.53800000017,42448.7209999999,0.181039,0.454133,0.20943795,0.49493802
84,18367.53800000064,42848.7210000027,0.160455,0.340989,0.16878827,0.3992791
85,19167.538000000175,31848.721000001766,0.400642,0.121036,0.41087443,0.14700463
86,10567.538000000175,34048.7210000027,0.345737,0.299092,0.33491364,0.32407948
87,10167.538000000173,32448.721000002697,0.383303,0.10977,0.3704741,0.0987209
88,11367.53800000064,36848.721000001766,0.227177,0.405492,0.28792873,0.42455745
89,5967.537999999709,28648.721000002697,0.315039,0.290686,0.31087393,0.2580129
90,30167.538000000175,36048.72100000084,0.416028,0.37397,0.41883877,0.48478386
91,31167.538000000175,37048.72100000083,0.424475,0.163732,0.42140278,0.37766075
93,20367.538000000175,32048.721000000834,0.461917,0.459692,0.45996055,0.46803635
94,22967.538000000175,34048.7210000027,0.387094,0.088701,0.4360346,0.3143931
95,19367.53800000064,40248.72100000363,0.222703,0.518374,0.22416106,0.5273373
96,16567.538000000175,40848.721000000834,0.20772,0.281854,0.14945081,0.13960065
97,32567.53799999971,39648.721000000834,0.360808,0.39007,0.35323662,0.40922278
98,20567.537999999244,39848.721000000834,0.270974,0.522027,0.27952638,0.510098
99,40167.53799999971,34848.7209999999,0.481885,0.43553,0.4582752,0.45273507
100,27367.538000000175,33848.72100000363,0.374855,0.403791,0.35584283,0.45294836
102,27767.538000001106,43448.72100000083,0.182491,0.12203,0.17683841,0.24141619
104,43567.53799999971,35848.72100000083,0.401017,0.167363,0.37053937,0.108016364
105,28367.537999999713,46848.72100000269,0.142715,0.427429,0.15131848,0.36753592
106,15967.538000000173,35248.7210000027,0.279282,0.671356,0.3047316,0.5570843
107,27367.53800000018,47448.721000000834,0.124725,0.52928,0.13644803,0.4010341
108,32567.537999999713,31848.72100000177,0.340986,0.434417,0.33521235,0.39962536
109,28167.537999999244,34648.721000000834,0.338876,0.10561,0.33997598,0.13441394
111,25767.538000000175,28848.721000003632,0.30122,0.38459,0.3481741,0.4459341
112,31967.537999999247,34048.7210000027,0.362624,0.500857,0.3553024,0.5168116
113,15967.538000000175,45848.72100000176,0.036142,0.030278,0.066982895,0.039657433
114,27767.538000001106,30248.7210000027,0.327716,0.64547,0.36480355,0.5516575
115,24767.53800000017,35648.721000001766,0.355403,0.079166,0.3697182,0.3252717
118,14367.538000000173,33848.72100000363,0.337211,0.302488,0.33271703,0.286085
119,34967.538000000175,42648.72100000084,0.167147,0.470865,0.21685301,0.5375289
120,45767.53800000017,37648.721000003636,0.403971,0.384056,0.40824476,0.39138094
121,14167.537999999708,35048.721000000834,0.330912,0.335425,0.34770066,0.25917253
122,9967.538000000177,34648.721000000834,0.350507,0.096101,0.33947888,0.18622398
124,10967.538000000173,26848.721000001762,0.300444,0.126488,0.2983629,0.13129528
125,10767.538000000639,36648.7210000027,0.312558,0.351852,0.2645312,0.33334175
126,27367.538000000175,39448.72100000176,0.312749,0.434631,0.3418424,0.4180836
127,41567.538000000175,35648.72100000176,0.470395,0.39153,0.4701002,0.48450124
128,26567.53800000064,32048.721000000834,0.401209,0.832669,0.42242363,0.53061634
129,23367.538000001106,29848.7210000027,0.402093,0.24685,0.39551875,0.32695985
130,25767.538000000175,31848.72100000177,0.420398,0.415783,0.41360074,0.39458284
131,17167.538000000175,28648.72100000269,0.324145,0.1198,0.31798604,0.13785699
132,36167.538000000175,42648.72100000084,0.179994,0.470842,0.18922389,0.47561797
133,17367.53799999971,35848.721000000834,0.29623,0.493899,0.2895647,0.47043762
134,27567.538000000637,40448.72100000269,0.26884,0.394571,0.28355646,0.43461043
135,11567.538000000173,25648.721000000834,0.251223,0.119566,0.2611822,0.1118876
136,24167.538000000175,28848.721000003632,0.346632,0.428455,0.40394795,0.45737597
137,33567.53800000064,31248.721000000834,0.249505,0.5771,0.2674952,0.5047302
138,6167.538000000174,31648.721000002697,0.376695,0.118481,0.3563651,0.10616662
139,32767.538000000175,36848.72100000177,0.395779,0.46619,0.40290007,0.48416826
140,29167.538000000175,31248.721000000834,0.344649,0.744996,0.36699063,0.5763122
141,39167.538000001114,40448.72100000269,0.290266,0.389435,0.32822612,0.33079487
142,11767.538000000639,25248.7210000027,0.252353,0.114781,0.2556896,0.0973626
143,13767.538000000177,41048.721000000834,0.191594,0.059157,0.2017347,0.056129742
145,13567.537999999711,45648.7210000027,0.090733,0.039641,0.074924946,0.06544038
146,23567.538000000175,28648.72100000269,0.380707,0.397601,0.38423,0.47869512
147,27367.538000000175,29248.72100000177,0.349634,0.549864,0.35110795,0.5190165
148,15967.538000000173,41048.721000000834,0.182171,0.282211,0.18122405,0.13234565
150,40367.538000000175,37848.72100000269,0.44392,0.478889,0.43080175,0.5318338
151,39167.53800000111,36848.721000001766,0.489496,0.423544,0.47418955,0.4224021
153,10567.538000000175,35448.7210000027,0.328896,0.42008,0.30838093,0.27935082
154,43367.537999999244,34448.721000001766,0.334795,0.110731,0.3341295,0.108534
155,32967.538000000175,31648.721000002697,0.325962,0.42449,0.3017381,0.46011987
156,25567.53799999971,32848.7210000027,0.396437,0.279899,0.4013602,0.3828151
157,30967.538000001106,41848.72100000269,0.28873,0.201931,0.2832108,0.28982753
158,42367.53800000111,38648.720999999896,0.375846,0.323639,0.37361482,0.39501333
159,35367.53800000111,40648.72100000177,0.264593,0.672647,0.277005,0.5618943
160,40567.538000000175,35248.7210000027,0.468516,0.430384,0.47412932,0.3989486
161,40967.538000000175,34648.721000000834,0.436835,0.436891,0.41913056,0.44584176
163,20767.53799999971,35248.7210000027,0.385313,0.304459,0.38965335,0.45366246
164,12767.538000000173,33048.72100000177,0.356012,0.130487,0.36579975,0.16937898
165,15567.538000000643,34648.721000000834,0.333283,0.505753,0.3170166,0.5434236
166,34367.53800000018,35048.721000000834,0.397502,0.447799,0.40194258,0.42064968
167,36167.538000000175,33448.721000000834,0.328673,0.562628,0.3496403,0.4796349
168,34167.53800000064,38648.7209999999,0.415638,0.467674,0.39664742,0.5035299
170,32167.53799999971,30848.721000000834,0.216716,0.472867,0.2270994,0.41034207
171,5367.537999999243,28248.721000000838,0.321853,0.30026,0.31318364,0.21095693
172,39967.538000000175,33848.72100000363,0.42272,0.4257,0.42167652,0.41906056
173,11367.53800000064,34448.721000001766,0.37437,0.465136,0.34224328,0.4338041
174,10567.538000000175,36048.72100000084,0.284538,0.261919,0.27395514,0.23618267
175,13967.538000000177,42248.721000000834,0.163371,0.049384,0.15420885,0.022096237
176,18367.53800000064,40248.72100000363,0.209226,0.570593,0.26623082,0.51491207
177,21967.538000000175,45648.7210000027,0.146696,0.514715,0.13975018,0.5089098
178,18967.53800000064,40448.7210000027,0.234897,0.468555,0.22319408,0.5060475
179,11567.538000000175,33648.7210000027,0.336474,0.298139,0.3667525,0.19903725
180,30367.538000000637,36048.721000000834,0.425545,0.413868,0.41713378,0.45295754
182,17567.538000000175,40248.72100000363,0.223868,0.307219,0.24218409,0.46336308
183,24767.538000000175,29648.721000000834,0.404483,0.432106,0.39451683,0.4527732
184,14567.538000000639,33848.72100000363,0.33401,0.303152,0.34064025,0.27188244
185,21967.538000000175,42448.7209999999,0.147151,0.371138,0.18289019,0.1983016
186,28767.53799999971,47048.721000001766,0.134421,0.39584,0.1405231,0.37331626
187,11967.538000001106,31648.721000002697,0.384968,0.136473,0.36581022,0.11937734
188,32167.53799999971,35248.7210000027,0.367112,0.441107,0.3941953,0.46996856
189,12167.538000000173,44248.7210000027,0.125439,0.06557,0.14539644,0.10463797
190,22567.538000000175,46448.721000000834,0.144271,0.504247,0.14228347,0.56852245
191,33167.53799999971,34648.721000000834,0.35224,0.389047,0.3876856,0.48932105
192,37967.53800000064,38648.7209999999,0.386221,0.097329,0.3534751,0.11476981
193,44767.538000000175,37448.7210000027,0.384824,0.388672,0.38075727,0.38792178
194,28367.53799999971,40648.721000001766,0.304621,0.384544,0.30701578,0.4198909
196,31767.538000000175,36648.7210000027,0.415579,0.496237,0.42748,0.45554468
199,38167.53800000018,39448.72100000176,0.368596,0.13069,0.37010992,0.15404572
200,18367.53800000064,38048.7210000027,0.26943,0.484351,0.28562465,0.44092008
201,32967.53800000017,36448.72100000362,0.407717,0.450821,0.42448047,0.49316207
204,40967.538000000175,36848.72100000177,0.484145,0.420706,0.4330508,0.4720113
205,24967.53799999971,46248.7209999999,0.113177,0.436625,0.15468298,0.4030643
206,42967.53800000111,35648.721000001766,0.401241,0.258077,0.39221376,0.27301115
207,24567.53799999971,44648.721000000834,0.134098,0.102495,0.1559564,0.12948214
208,30767.538000000637,31648.7210000027,0.348553,0.642865,0.32390308,0.737404
209,27567.538000000637,40248.72100000363,0.304957,0.489633,0.32739004,0.45012462
210,15967.538000000173,40448.72100000269,0.201074,0.28773,0.19948888,0.15798907
211,25167.538000000175,33048.721000001766,0.446062,0.689322,0.4453671,0.5339829
212,27367.538000000175,32648.721000003625,0.373734,0.437494,0.41596106,0.5764431
213,39567.53799999924,38248.721000001766,0.384182,0.461261,0.39883617,0.46605217
214,34367.538000000175,37648.721000003636,0.426754,0.445138,0.38509977,0.42380002
215,29967.538000000175,34248.7210000027,0.379591,0.719757,0.38400763,0.59641296
220,23967.53800000111,34048.7210000027,0.436591,0.387028,0.44593775,0.39654517
221,27967.53800000017,31848.721000001766,0.391961,0.484585,0.35829717,0.7024294
222,24767.53800000017,28848.721000003632,0.34798,0.452957,0.34379134,0.40609068
223,22967.538000000175,34448.721000001766,0.404889,0.082029,0.41526568,0.32666135
224,4767.538000000642,32248.721000000838,0.338788,0.09176,0.33936635,0.21231009
225,40967.538000000175,36648.721000002704,0.485946,0.374343,0.40878078,0.46840024
226,20167.538000001106,31848.721000001766,0.455951,0.46502,0.45616534,0.4437191
227,42367.53800000111,38248.721000001766,0.360472,0.251584,0.39348784,0.37460154
228,35167.53800000064,42448.7209999999,0.160038,0.496868,0.19917254,0.53902525
230,23367.538000001106,28648.72100000269,0.386283,0.391699,0.3878902,0.46677822
231,16967.537999999713,46648.7210000027,0.065757,0.028465,0.062180936,0.10559758
232,33967.538000000175,38448.72100000084,0.432884,0.568813,0.42569506,0.5091816
233,35167.53800000064,36048.72100000084,0.408143,0.195411,0.4218976,0.21540794
234,22967.538000000175,45648.7210000027,0.165431,0.531227,0.14434677,0.47143438
235,5767.538000000174,32648.721000003625,0.374316,0.280076,0.36214098,0.2649214
237,33567.53800000064,35448.7210000027,0.410705,0.456958,0.40526482,0.47875822
238,26967.53800000064,29048.721000002697,0.290278,0.468301,0.3370935,0.43289515
239,16767.537999999244,33248.721000000834,0.399866,0.300925,0.38490942,0.17319727
242,19567.538000001106,41048.721000000834,0.209349,0.458089,0.23043486,0.45421475
243,31567.538000001103,44248.7210000027,0.190379,0.126269,0.21093483,0.16213463
245,21567.538000000175,30448.7210000027,0.450277,0.450719,0.42986906,0.41774273
246,30967.538000001106,34648.721000000834,0.345428,0.418792,0.37407392,0.44900048
247,29567.53800000018,37448.7210000027,0.420947,0.422592,0.4319679,0.4727863
248,33767.538000000175,39248.7210000027,0.366713,0.496242,0.4015396,0.5000601
250,19967.53800000064,37448.7210000027,0.311172,0.543253,0.29926822,0.5198736
251,23167.53800000064,30048.72100000363,0.404666,0.303989,0.39594507,0.34446332
252,27367.53800000018,27648.721000002697,0.307929,0.468847,0.33009434,0.42967388
253,16767.537999999244,46648.7210000027,0.075928,0.209098,0.07161683,0.105210714
254,12967.537999999242,37048.72100000083,0.264765,0.38987,0.268788,0.4204294
255,26167.538000000175,28848.721000003632,0.320491,0.397298,0.3391095,0.42529657
256,3767.5380000006407,27648.7210000027,0.274518,0.123342,0.25509202,0.08676308
257,28167.537999999244,37448.7210000027,0.445837,0.428618,0.40353167,0.5295696
258,28967.538000000175,33248.721000000834,0.342402,0.647709,0.36258966,0.5850226
259,18767.538000000175,41048.721000000834,0.246149,0.401998,0.22870964,0.42625642
260,41567.538000000175,36648.721000002704,0.454034,0.431546,0.42410174,0.47079116
262,44167.538000000175,39448.721000001766,0.268948,0.125624,0.26960412,0.13378875
264,31967.537999999247,33448.721000000834,0.364168,0.4414,0.339186,0.5161766
265,34367.538000000175,33248.721000000834,0.299972,0.57977,0.32177508,0.5318044
266,35767.537999999244,35648.721000001766,0.391159,0.221962,0.4101645,0.2595756
267,44767.538000000175,37248.721000000834,0.380025,0.381344,0.3904591,0.37078238
268,25367.538000000175,35048.721000000834,0.387458,0.283234,0.40906307,0.3982243
269,31167.53800000017,37648.721000003636,0.449781,0.5097,0.4484032,0.40848455
270,27967.538000000175,34248.7210000027,0.34613,0.106704,0.33935603,0.17778653
271,22767.53800000064,29248.721000001766,0.419955,0.432233,0.39318225,0.4665582
272,24767.538000000175,32048.721000000834,0.440388,0.374762,0.4569156,0.41924116
273,47367.53799999971,36648.7210000027,0.386505,0.083402,0.34915364,0.08415767
274,31967.537999999244,38848.721000000834,0.375559,0.409913,0.39171693,0.40727276
275,16567.538000000175,32848.7210000027,0.411305,0.125973,0.39906523,0.09419637
276,19967.53800000064,40248.72100000363,0.244181,0.488762,0.23571475,0.5173881
278,33167.53799999971,33448.721000000834,0.330963,0.668033,0.35744923,0.5152558
280,43367.537999999244,37248.721000000834,0.385023,0.131714,0.38941383,0.2589459
281,26567.53800000064,40848.721000000834,0.238449,0.059489,0.26869372,0.10370194
282,12367.53800000064,38848.721000000834,0.21836,0.101233,0.21725158,0.14870237
284,22967.538000000175,35048.721000000834,0.402918,0.608823,0.404458,0.46451414
285,17967.537999999713,38248.721000001766,0.27192,0.325559,0.2797878,0.3521266
286,14767.538000000173,46048.721000000834,0.03335,0.022687,0.072336435,0.011158815
287,19167.538000000175,42048.721000001766,0.216887,0.187693,0.2254716,0.30875674
288,27767.538000001106,46648.7210000027,0.135074,0.442953,0.14425808,0.3915922
289,23967.53800000111,30848.72100000083,0.435272,0.464142,0.453308,0.38861346
291,23967.538000001106,31248.721000000834,0.447043,0.467136,0.45869085,0.45453918
292,14367.538000000175,46448.721000000834,0.093455,0.024052,0.056441307,-0.0002659058
295,16967.53799999971,38848.721000000834,0.223379,0.273373,0.22517417,0.23418513
296,17167.53800000017,40648.72100000177,0.174811,0.07571,0.14641558,0.18342324
297,30567.53800000018,30448.7210000027,0.312611,0.52213,0.30699387,0.54111373
298,29967.538000000175,39448.72100000176,0.371578,0.480318,0.37670663,0.47801688
299,42767.53800000065,37448.7210000027,0.385344,0.307621,0.3672727,0.39061815
300,18567.53800000017,31248.721000000834,0.395708,0.112596,0.41561708,0.09779667
301,15167.53800000064,29048.7210000027,0.304808,0.147486,0.30219075,0.14164266
302,11967.538000001108,36248.7210000027,0.291837,0.363317,0.2734749,0.4693137
303,25567.53799999971,47448.721000000834,0.140118,0.28209,0.14049715,0.34244308
304,43567.53799999971,37248.721000000834,0.418166,0.127772,0.40823686,0.21826151
305,15567.538000000643,39248.7210000027,0.187642,0.096164,0.19478962,0.119129844
306,9767.53799999971,32248.721000000834,0.374392,0.109713,0.37120092,0.09808283
307,24367.537999999244,29448.721000000834,0.384977,0.473338,0.39768082,0.39874712
308,32767.538000000175,36648.721000002704,0.407341,0.482733,0.4079823,0.4996514
309,29767.538000000637,37848.7210000027,0.374454,0.478166,0.3891027,0.40628442
310,28367.537999999713,49248.7210000027,0.157134,0.314476,0.14100894,0.3102407
311,13967.538000000171,45848.72100000176,0.05097,0.025378,0.07863976,0.051609684
313,23367.538000001106,34848.7209999999,0.408327,0.416615,0.41522995,0.46757254
314,30567.538000000175,41248.7210000027,0.336933,0.31183,0.32700983,0.30753532
315,14567.538000000639,34448.721000001766,0.358064,0.31837,0.35245678,0.2480765
316,37367.53800000063,33048.72100000176,0.353402,0.328899,0.33977184,0.4425552
317,23367.538000001106,32448.721000002697,0.468367,0.397595,0.45132798,0.4824197
318,10167.538000000175,35448.7210000027,0.340602,0.079953,0.31934884,0.20613177
319,19567.538000001106,34048.7210000027,0.350808,0.462496,0.3518496,0.40800616
320,31567.538000001106,37448.7210000027,0.438902,0.607296,0.4198234,0.45943898
321,29167.538000000175,40248.72100000363,0.303675,0.418445,0.32887506,0.38442037
322,26567.53800000064,43648.721000000834,0.187046,0.313203,0.209475,0.19846483
323,22767.53800000064,39248.7210000027,0.252158,0.089166,0.29595312,0.09446552
324,26167.538000000175,30048.72100000363,0.37955,0.517433,0.397577,0.5444132
325,28967.538000000175,46648.72100000269,0.210929,0.4033,0.19665107,0.4330733
326,30767.538000000637,33248.721000000834,0.362511,0.5195,0.3708944,0.5805054
327,24367.537999999244,45848.72100000176,0.134202,0.384253,0.12530948,0.40786278
328,30167.538000000175,35448.7210000027,0.4144,0.516551,0.41737086,0.5061701
329,27567.538000000637,44448.721000001766,0.192549,0.463523,0.16942638,0.27283472
330,15167.53800000064,37248.721000000834,0.266072,0.433702,0.24781357,0.47448194
331,38967.53800000065,38048.7210000027,0.410315,0.305672,0.43993843,0.39431804
332,26567.53800000064,34248.7210000027,0.388758,0.294748,0.38045886,0.44686443
333,22967.538000000175,47848.721000003636,0.087945,0.383264,0.09701511,0.34250936
334,20967.538000000175,47048.72100000177,0.103132,0.224616,0.12489523,0.27150887
335,14767.538000000173,35848.721000000834,0.326395,0.362709,0.36929315,0.4913283
336,14567.53800000064,39648.721000000834,0.189128,0.098998,0.18339534,0.08833974
337,14367.538000000173,41448.72100000363,0.17314,0.03772,0.1795341,0.03799765
338,32767.53800000018,40048.7210000027,0.36195,0.43591,0.36824358,0.4036558
339,18967.53800000064,35248.7210000027,0.348552,0.303024,0.36246642,0.29840562
340,23967.53800000111,30448.7210000027,0.433094,0.130978,0.43691936,0.3755483
341,22767.53800000064,33448.721000000834,0.463044,0.405317,0.44068092,0.41897368
342,17967.53799999971,35848.721000000834,0.300976,0.432247,0.29777616,0.44340163
343,16967.537999999713,32848.7210000027,0.393148,0.118899,0.39435646,0.14331865
344,13567.537999999711,45048.72100000269,0.078948,0.047938,0.07291263,0.04616489
345,16767.537999999244,41248.7210000027,0.190467,0.041953,0.16515993,0.10262989
346,15767.538000001108,32848.7210000027,0.375918,0.148907,0.3655342,0.13687675
347,24967.53799999971,33448.721000000834,0.456418,0.626273,0.44845653,0.529195
349,20167.538000001106,40648.72100000177,0.240336,0.480274,0.223983,0.4716287
350,38567.53800000111,32848.7210000027,0.34963,0.592736,0.33926818,0.5686725
351,11367.53800000064,38248.721000001766,0.154803,0.06401,0.15927298,0.10324373
352,12967.537999999242,35848.721000000834,0.284101,0.477904,0.286228,0.48626637
354,10967.538000000175,26448.721000002697,0.280622,0.111796,0.2868985,0.13160816
355,30967.538000001106,30848.72100000083,0.312703,0.487374,0.3051337,0.59325606
358,33367.538000000175,33648.7210000027,0.351487,0.519306,0.37315968,0.48771262
359,6367.538000000174,29048.721000002697,0.30486,0.149475,0.3324439,0.19790544
360,3567.5380000001755,24848.721000002693,0.242909,0.083766,0.24641812,0.07828575
362,33367.538000000175,34448.721000001766,0.347438,0.384636,0.39385512,0.46807408
363,26767.53800000018,35648.721000001766,0.35857,0.065493,0.34880507,0.10691845
364,23167.53800000064,31048.720999999903,0.489356,0.412392,0.47052827,0.48037022
365,10567.538000000175,23848.721000002693,0.246492,0.125191,0.2487119,0.12263433
366,8767.538000001106,34048.7210000027,0.364489,0.278785,0.3188452,0.3351959
367,18567.538000000175,33848.72100000363,0.382328,0.477364,0.36643788,0.45031047
368,28767.53799999971,25248.721000002697,0.153282,0.580863,0.13504615,0.4345827
369,9967.538000000177,32248.721000000838,0.372716,0.110975,0.34194517,0.12699589
371,42967.53800000111,37648.721000003636,0.371657,0.403607,0.36590058,0.377682
372,33167.53799999971,34448.721000001766,0.362411,0.40228,0.38618433,0.47086754
373,42367.5380000011,36648.7210000027,0.443535,0.417338,0.43351012,0.45726764
374,24567.537999999713,32448.721000002697,0.445059,0.722214,0.44229817,0.4991392
375,27967.53800000018,24848.7210000027,0.151191,0.283625,0.15483245,0.24667908
376,19367.538000000644,31248.721000000838,0.383839,0.111467,0.39463317,0.13132623
377,15567.538000000643,37048.721000000834,0.261355,0.437925,0.2458021,0.4523863
378,27967.538000000175,39848.721000000834,0.35866,0.49571,0.34214205,0.5154108
380,22967.538000000175,29248.72100000177,0.417544,0.533338,0.39899287,0.45701072
381,11767.538000000639,41448.72100000363,0.178259,0.038632,0.11892973,0.017335853
382,28767.53799999971,45848.72100000176,0.200815,0.422537,0.20240463,0.4131363
383,41367.53800000018,37648.721000003636,0.427609,0.497139,0.43873197,0.5003221
384,11367.53800000064,32648.72100000363,0.30347,0.12809,0.34240738,0.17575575
386,35767.53799999925,31248.721000000834,0.228418,0.406319,0.28397512,0.43717712
387,37367.53800000063,34848.7209999999,0.426288,0.458602,0.41193926,0.47958994
388,26967.538000000637,43248.721000001766,0.175071,0.096473,0.20412126,0.32018062
389,20567.537999999244,40248.72100000363,0.238315,0.524992,0.25228482,0.51874506
390,37167.538000000175,37448.7210000027,0.387047,0.053627,0.39167082,0.07680594
391,13967.538000000171,33848.72100000363,0.33298,0.302496,0.30977818,0.30739346
392,29767.53800000064,31848.72100000177,0.359106,0.766767,0.3463431,0.6299773
393,22767.53800000064,33848.72100000363,0.434411,0.354947,0.423192,0.32643563
394,34567.53800000064,31048.720999999903,0.236684,0.727694,0.25959617,0.47158384
395,25967.53800000064,31048.720999999903,0.421012,0.490694,0.45335466,0.44655955
396,30767.538000000637,36448.72100000363,0.450314,0.332665,0.45304984,0.33448154
397,19767.538000000175,40848.721000000834,0.222786,0.457315,0.21185108,0.45980132
398,14167.53799999971,36448.72100000362,0.262265,0.501409,0.2791916,0.4961991
399,40367.538000000175,33848.72100000363,0.407616,0.529102,0.42952517,0.43502674
400,44767.538000000175,37048.72100000084,0.377074,0.301579,0.38763878,0.3459188
401,43567.53799999971,38448.721000000834,0.378518,0.179675,0.36446515,0.18795657
402,24567.537999999713,31248.721000000838,0.455468,0.644848,0.45493308,0.48071438
403,26167.538000000175,42648.72100000084,0.17071,0.387084,0.19837715,0.45603067
404,36567.53800000017,35848.721000000834,0.438443,0.237162,0.43963096,0.25570464
405,12167.538000000175,35048.721000000834,0.324967,0.306639,0.31881958,0.30499208
406,38567.53800000111,35648.721000001766,0.422054,0.47485,0.40923175,0.49829
408,33567.53800000064,39048.7210000027,0.412977,0.48018,0.4147694,0.4992936
409,41167.53800000064,39848.721000000834,0.296049,0.422788,0.3042623,0.38242084
410,19567.538000001103,36248.7210000027,0.324215,0.477204,0.35480282,0.49630213
411,15767.538000001108,27648.721000002697,0.348352,0.134492,0.35195118,0.12341861
412,9767.53799999971,26048.721000002697,0.283924,0.128175,0.29867533,0.11587011
413,16967.537999999713,43448.721000000834,0.14778,0.065948,0.1348253,0.08217012
414,19367.53800000064,32048.721000000834,0.416056,0.12354,0.42728108,0.25972182
415,10167.538000000173,36248.7210000027,0.279951,0.049484,0.28346074,0.071673386
416,30767.538000000637,33448.721000000834,0.354481,0.517509,0.34985712,0.54544026
417,19367.53800000064,40448.72100000269,0.232921,0.482309,0.20596816,0.51786506
418,27567.538000000637,41048.721000000834,0.295234,0.360002,0.2679413,0.3587193
419,39167.53800000111,36248.7210000027,0.488147,0.408891,0.46989968,0.40040353
420,11167.538000000175,32848.7210000027,0.320894,0.122244,0.34675354,0.17208707
422,19367.53800000064,34048.72100000269,0.359247,0.359589,0.3457898,0.44070023
423,21767.53799999971,31048.720999999903,0.450746,0.402478,0.46376085,0.45848402
424,15567.538000000643,34048.72100000269,0.338451,0.460938,0.3474137,0.44867775
426,14767.538000000173,45448.721000002704,0.083775,0.018706,0.10228945,0.02088227
427,40167.53799999971,36048.721000000834,0.50651,0.415246,0.45735115,0.41223347
428,18967.53800000064,45648.7210000027,0.137564,0.091895,0.13373895,0.123221405
429,28567.53800000018,36248.7210000027,0.433661,0.428351,0.40601057,0.4343896
430,15767.538000001108,33448.721000000834,0.385689,0.30616,0.36435556,0.19395512
434,15567.538000000643,35048.721000000834,0.31108,0.567846,0.30643255,0.5633528
435,31967.537999999247,29448.721000000834,0.184509,0.402278,0.20360273,0.3550703
437,10567.538000000175,33648.7210000027,0.369959,0.111357,0.36858663,0.19471103
438,37967.53800000064,39648.721000000834,0.360649,0.129774,0.36516663,0.13064246
439,24767.538000000175,30448.7210000027,0.440938,0.425999,0.41504472,0.49822307
440,28967.53800000018,45848.721000001766,0.194874,0.40401,0.21316113,0.39735347
441,30767.538000000637,34848.7209999999,0.41219,0.454777,0.39239717,0.44195062
442,32167.53799999971,36648.7210000027,0.395381,0.552933,0.4022364,0.48024976
443,32367.538000000175,31448.721000002697,0.279127,0.430079,0.22657175,0.4747562
444,46767.538000001114,33048.72100000177,0.302042,0.09429,0.30074543,0.10300454
445,34567.53800000064,31648.7210000027,0.310366,0.422641,0.31750515,0.451123
447,39767.53799999971,40048.7210000027,0.346531,0.489755,0.3493531,0.4583862
448,18567.538000000175,39648.721000000834,0.212972,0.520773,0.27112967,0.45642284
449,26567.53800000064,49448.7210000027,0.21214,0.17941,0.34875765,0.29381368
450,17167.538000000175,32048.721000000834,0.436517,0.133273,0.4295464,0.11871471
451,10767.53800000064,36448.72100000362,0.290332,0.363682,0.27985647,0.35853195
453,40567.538000000175,35448.7210000027,0.470826,0.427468,0.4836476,0.35808563
454,39567.53799999924,34448.721000001766,0.390583,0.491378,0.41102505,0.45261022
455,22967.538000000175,31648.721000002697,0.480937,0.405046,0.47225443,0.4841243
456,20567.537999999244,40648.72100000177,0.231635,0.487313,0.25199243,0.50532025
457,16167.538000000643,35048.721000000834,0.278506,0.482773,0.28703943,0.4717363
458,33367.538000000175,35448.7210000027,0.394279,0.469525,0.4091363,0.46590203
459,13767.538000000177,44648.72100000083,0.025791,0.044587,0.07356647,0.031970967
460,39967.538000000175,36048.72100000083,0.489667,0.414063,0.46855202,0.43832582
461,25167.538000000175,29048.721000002697,0.322437,0.419815,0.3360711,0.3975284
462,27967.538000000175,47448.721000000834,0.163729,0.355459,0.13728614,0.35664824
463,16767.537999999244,44848.72100000083,0.075065,0.039764,0.070370495,0.050416518
464,17167.538000000175,34248.7210000027,0.368513,0.295369,0.3389697,0.27364615
465,18167.538000000175,40848.721000000834,0.246416,0.54427,0.23638013,0.5431843
466,25567.53799999971,28448.721000000834,0.320488,0.486116,0.32899764,0.52571297
467,8967.538000000175,27248.720999999907,0.284154,0.122811,0.29592416,0.13850418
469,18167.538000000175,35648.72100000176,0.305771,0.389572,0.32271636,0.42344487
470,19967.53800000064,36648.7210000027,0.325847,0.498143,0.31448856,0.48331663
471,28367.53799999971,49048.72100000363,0.159093,0.313095,0.14765897,0.3326305
472,22567.538000000175,32848.7210000027,0.458517,0.377125,0.44279358,0.5222571
473,4767.538000000641,29248.721000001766,0.307545,0.11245,0.30963925,0.11147369
474,32167.53799999971,39848.721000000834,0.37391,0.269735,0.36023432,0.32262853
476,45367.53800000018,33648.7210000027,0.334298,0.092355,0.3119702,0.1218602
477,20567.537999999244,42848.72100000269,0.159396,0.096755,0.19767164,0.14230478
478,21567.53800000017,39448.72100000176,0.262396,0.446774,0.28601056,0.5070604
479,28967.538000000175,25848.721000000834,0.166092,0.41232,0.15136692,0.45277137
480,32167.53799999971,43048.7210000027,0.179502,0.142664,0.24571258,0.08315902
481,42567.538000000175,34048.7210000027,0.364459,0.306928,0.38004586,0.27565926
482,28567.538000000175,30448.7210000027,0.357526,0.718246,0.3355534,0.66801274
483,24967.53799999971,34648.721000000834,0.433911,0.364727,0.41863033,0.38953874
484,30567.53800000018,38448.72100000083,0.382173,0.448401,0.4173588,0.45512345
485,23167.53800000064,47448.721000000834,0.109629,0.439978,0.11231555,0.42104015
486,42367.53800000111,36248.7210000027,0.44687,0.543701,0.44593102,0.43905967
487,10767.538000000639,34048.7210000027,0.314508,0.300003,0.3540673,0.35851347
488,21367.538000000175,34848.7209999999,0.372271,0.493793,0.41880435,0.519109
489,15767.538000001106,41448.721000003636,0.147605,0.034383,0.15824045,0.09845745
493,14967.538000000173,46648.72100000269,0.00852,0.021527,0.04368934,-0.0011355972
494,29967.538000000175,38248.721000001766,0.34923,0.462995,0.3804678,0.4532962
495,10767.538000000639,37048.721000000834,0.260117,0.283701,0.2359581,0.31976098
496,13167.53799999971,36248.7210000027,0.279579,0.494937,0.27150375,0.46499103
497,24967.53799999971,47248.721000000834,0.128385,0.460086,0.12653811,0.47059882
498,24167.538000000175,34648.721000000834,0.417031,0.450043,0.40062696,0.43727848
499,23567.538000000175,48648.721000000834,0.13919,0.473682,0.14950368,0.3744482
500,28967.53800000018,32648.72100000363,0.34445,0.354426,0.3663274,0.41954714
501,36967.53799999971,36648.7210000027,0.413301,0.076088,0.36617646,0.086499356
502,15167.53800000064,37048.721000000834,0.275543,0.442904,0.24071093,0.4795689
503,29767.538000000637,36648.7210000027,0.437598,0.517355,0.41607484,0.50332755
504,3567.538000000175,25048.72100000363,0.257838,0.102599,0.25563103,0.08509006
505,10167.538000000175,33448.721000000834,0.389247,0.103799,0.379036,0.16791703
506,24167.538000000175,33248.721000000834,0.454287,0.108318,0.40015152,0.30318278
507,9967.538000000177,33448.721000000834,0.378535,0.103437,0.3916361,0.13187204
508,26367.53800000018,48048.72100000269,0.154146,0.42328,0.13701065,0.41537791
509,11767.538000000643,24848.721000002693,0.260991,0.112338,0.24264579,0.09190612
510,21567.538000000175,35048.721000000834,0.382245,0.465152,0.39839026,0.51117766
511,22567.538000000175,47448.721000000834,0.118741,0.472768,0.14654252,0.3953091
512,28767.53799999971,30448.7210000027,0.365456,0.709244,0.34904832,0.67368996
513,15767.538000001105,27448.721000000834,0.316297,0.129757,0.34787175,0.117042996
514,29967.538000000175,40848.721000000834,0.322839,0.331356,0.3371836,0.2545128
515,38167.538000000175,39048.721000002704,0.399223,0.123412,0.36336276,0.15138404
516,23167.53800000064,34648.721000000834,0.424824,0.429414,0.41221973,0.45426416
517,24367.537999999244,30448.7210000027,0.446599,0.35362,0.41974,0.45910257
518,34167.53800000064,35848.721000000834,0.410002,0.449996,0.40637106,0.46491283
519,32567.53799999971,34648.721000000834,0.385508,0.431646,0.372266,0.5187155
520,28167.537999999244,45448.721000002704,0.196031,0.539338,0.18319601,0.4601014
521,30967.538000001106,38848.721000000834,0.382041,0.43106,0.38950998,0.41967118
522,14367.538000000175,42248.721000000834,0.178198,0.042995,0.13762547,0.029126605
523,12567.538000001106,44648.72100000084,0.112885,0.092172,0.12394129,0.071682744
524,21567.538000000175,33248.721000000834,0.426378,0.531956,0.4271276,0.4502373
525,24367.537999999244,28048.721000001766,0.302394,0.431874,0.35207927,0.39999834
527,34767.53800000111,34848.7209999999,0.414909,0.349388,0.37953812,0.35681707
528,14567.53800000064,44848.721000000834,0.084428,0.025307,0.07976034,0.070478015
529,25767.538000000175,34848.7209999999,0.376791,0.441901,0.3918163,0.397463
530,20967.538000000175,40848.721000000834,0.2537,0.508789,0.26455337,0.48385605
531,18767.538000000175,42448.7209999999,0.171593,0.403623,0.18460354,0.43212372
532,38367.53800000064,33648.7210000027,0.42567,0.659506,0.42617762,0.49770156
534,22567.538000000175,33848.72100000363,0.43367,0.354522,0.4296137,0.3298063
535,23967.53800000111,30248.7210000027,0.393434,0.461852,0.42395166,0.35527593
536,16567.538000000175,36248.7210000027,0.304596,0.450455,0.27490726,0.42029852
537,29167.538000000175,32048.721000000834,0.340962,0.441379,0.34938973,0.40138775
538,16967.537999999713,35248.7210000027,0.290087,0.46637,0.32144204,0.4084079
539,29967.538000000175,32648.721000003625,0.33447,0.565456,0.36536595,0.57898855
540,30367.538000000637,39248.7210000027,0.363355,0.512652,0.38509688,0.5062869
542,15367.538000000175,34048.7210000027,0.333386,0.46865,0.34076238,0.39324397
543,28967.538000000175,31248.72100000083,0.342555,0.657675,0.3734624,0.6125193
544,4767.538000000641,28048.721000001766,0.294523,0.127015,0.30854228,0.13454607
546,38767.538000000175,35048.721000000834,0.461148,0.522149,0.43185362,0.5258854
547,18367.53800000064,39448.72100000176,0.217195,0.434269,0.22450276,0.455711
548,24367.537999999244,47048.72100000177,0.145988,0.483877,0.14837602,0.4973116
550,25167.538000000175,29648.721000000834,0.393263,0.402688,0.39934203,0.46901387
551,29567.538000000175,34048.7210000027,0.359138,0.691579,0.369019,0.5689751
553,22967.538000000175,33848.72100000363,0.389063,0.332075,0.43874523,0.31945124
554,17167.53800000017,31848.721000001766,0.415593,0.134961,0.42141685,0.10951186
555,12767.538000000173,42048.721000001766,0.152412,0.048469,0.14307906,0.06391775
556,24767.538000000175,27648.721000002697,0.277255,0.181735,0.28283143,0.2577161
557,21767.537999999706,35048.721000000834,0.366315,0.4964,0.39295807,0.50459987
558,26567.53800000064,30648.72100000177,0.403971,0.446129,0.41566682,0.5338949
559,30767.538000000637,29048.721000002697,0.190549,0.45482,0.21836849,0.4291063
560,18567.538000000175,42848.72100000269,0.159623,0.439798,0.17398132,0.41489872
561,5367.537999999243,33448.721000000834,0.363011,0.280864,0.37413314,0.23270433
562,25167.538000000175,42048.72100000176,0.19523,0.03806,0.1913925,0.016501537
563,17167.53800000017,36448.72100000362,0.300999,0.393031,0.2814155,0.43961304
564,27967.538000000175,31648.721000002697,0.379071,0.46869,0.37558758,0.69505715
565,35367.53800000111,41048.721000000834,0.274298,0.659666,0.25691283,0.6086233
566,49967.53800000111,42848.72100000269,0.219601,0.284848,0.23721883,0.15403259
567,33567.53800000064,34248.7210000027,0.362805,0.658298,0.38966373,0.46957722
568,30567.538000000175,32648.721000003625,0.362732,0.594352,0.3725411,0.6998519
569,36367.53799999971,31448.7210000027,0.273807,0.487924,0.2704727,0.529248
570,7967.538000000641,31648.7210000027,0.389269,0.119361,0.3829444,0.10119643
571,15967.538000000175,36848.721000001766,0.305811,0.416725,0.2770413,0.46850312
572,30967.538000001103,44048.721000003636,0.171959,0.106314,0.20303248,0.1524006
575,22567.538000000175,29448.721000000834,0.410849,0.57744,0.41815934,0.4525993
576,26167.538000000175,31848.721000001766,0.431681,0.453471,0.42545658,0.50060487
577,26567.53800000064,43448.721000000834,0.223867,0.29711,0.22465748,0.32966688
578,31167.538000000175,39248.7210000027,0.394017,0.362837,0.38399667,0.34608406
579,28567.538000000175,34648.721000000834,0.370528,0.420655,0.39240825,0.34817111
580,31367.53800000064,32848.7210000027,0.356413,0.542656,0.3409892,0.5537998
581,15167.538000000639,47048.721000001766,0.0,0.017981,0.043182373,0.017443439
582,14967.538000000177,33648.7210000027,0.340519,0.128608,0.36675972,0.21146584
583,18967.53800000064,41448.72100000363,0.228303,0.293471,0.23542234,0.3927102
584,14367.538000000173,40648.721000001766,0.222497,0.069213,0.2212873,0.06914785
585,20567.537999999244,30648.721000001762,0.426268,0.465522,0.44704548,0.48683488
586,39367.538000000175,39048.721000002704,0.402448,0.346436,0.34617954,0.33001822
587,14967.538000000175,32648.72100000363,0.372689,0.158867,0.3686661,0.14209084
588,12967.537999999242,44848.72100000083,0.11221,0.078423,0.105635956,0.051996876
589,25167.538000000175,47648.7210000027,0.168805,0.188985,0.13663009,0.17843714
590,28767.537999999706,33648.7210000027,0.392651,0.408761,0.40217775,0.4402579
592,32767.538000000175,33048.721000001766,0.319874,0.50127,0.34110886,0.53855646
593,6767.538000000177,33248.721000000834,0.389088,0.103962,0.3399634,0.11133685
594,27167.538000001106,40448.72100000269,0.253655,0.432688,0.27195424,0.42231822
595,17767.538000000175,40448.72100000269,0.254555,0.58581,0.25348818,0.5260783
596,9567.538000000175,26048.721000002697,0.298833,0.126211,0.30316508,0.114196874
597,20167.538000001106,32048.721000000834,0.44715,0.464167,0.45176616,0.44965598
598,32367.538000000175,31048.7209999999,0.231491,0.482075,0.21017395,0.47576714
599,15967.538000000173,29048.721000002697,0.32869,0.132731,0.35462257,0.12858027
600,10367.53799999971,32248.721000000834,0.38599,0.115422,0.36872703,0.101755135
601,15567.538000000643,32048.721000000834,0.37978,0.158107,0.36608636,0.20925985
604,36367.53799999971,32048.721000000834,0.306414,0.496389,0.30724263,0.5705149
605,12167.538000000173,28448.721000000838,0.260139,0.137088,0.3013608,0.1099237
606,13367.538000000175,39648.721000000834,0.199729,0.072565,0.18760212,0.05503427
607,30167.538000000175,30048.72100000363,0.25428,0.547673,0.29691857,0.5344113
609,23767.538000000637,31248.721000000838,0.434678,0.450056,0.4598502,0.4587574
610,17167.538000000175,38848.721000000834,0.226767,0.274295,0.20277318,0.2133285
611,41567.538000000175,37848.72100000269,0.435596,0.540791,0.41986412,0.49329454
612,21567.53800000017,40248.72100000363,0.227978,0.435579,0.26111412,0.4893717
613,32967.538000000175,33648.7210000027,0.36589,0.386533,0.36652103,0.47121748
614,18967.538000000644,37448.7210000027,0.317129,0.540767,0.30328435,0.5224475
615,29767.538000000637,34248.7210000027,0.39831,0.625361,0.38310584,0.6172696
616,20767.53799999971,33248.721000000834,0.411598,0.444761,0.40371296,0.47613904
617,41367.538000000175,39848.721000000834,0.313129,0.460268,0.3242178,0.41603464
618,27167.538000001106,44248.7210000027,0.190534,0.318249,0.20416674,0.2420209
619,34767.53800000111,32448.721000002697,0.311066,0.556807,0.3265119,0.50174326
620,13367.538000000175,33248.721000000834,0.328471,0.285862,0.3247586,0.26697215
621,17767.538000000175,36248.7210000027,0.308585,0.409915,0.29193878,0.4501674
622,16567.538000000175,34048.7210000027,0.360278,0.299231,0.33883882,0.24674205
623,20167.538000001106,32248.72100000083,0.460795,0.668982,0.4460055,0.4429293
626,37967.53800000064,32648.72100000363,0.354038,0.394375,0.3393392,0.47197485
627,9367.53799999971,27648.721000002693,0.282143,0.143397,0.29105765,0.1406441
628,21767.53799999971,30048.721000003625,0.408034,0.522401,0.42605677,0.4662267
629,10767.53800000064,27448.721000000834,0.31252,0.14206,0.31480753,0.1507517
630,36567.538000000175,31848.72100000177,0.310029,0.518991,0.3035282,0.54559785
631,28167.53799999924,30048.72100000363,0.343305,0.453204,0.35477144,0.551877
632,37967.53800000064,34648.721000000834,0.380092,0.554715,0.406008,0.536583
633,6567.53799999971,29648.721000000834,0.309823,0.146021,0.32812098,0.15489595
634,29167.538000000175,28648.72100000269,0.217395,0.683042,0.23729686,0.6296444
635,27767.538000001106,37448.7210000027,0.412055,0.661821,0.41880018,0.5267792
636,38767.53800000018,34648.721000000834,0.397559,0.542221,0.41381496,0.5274434
637,22967.538000000175,30048.72100000363,0.388549,0.381357,0.39042118,0.32277015
638,40767.5379999997,36248.721000002704,0.467542,0.391708,0.46212715,0.4326506
639,41767.53800000063,37648.72100000363,0.459478,0.515316,0.42251846,0.48903972
640,19167.538000000175,40048.7210000027,0.249031,0.519938,0.24175486,0.48689857
641,22167.53800000064,46248.7209999999,0.143407,0.507066,0.13317178,0.54553664
643,21167.53799999971,47248.721000000834,0.112156,0.346772,0.13370901,0.3512951
644,26767.538000000175,29448.721000000834,0.375675,0.488832,0.36659837,0.5343185
645,23367.538000001106,35248.7210000027,0.376462,0.399837,0.3818855,0.46057776
646,21367.538000000175,31848.72100000177,0.461774,0.54376,0.48214918,0.4993799
647,22567.538000000175,34848.7209999999,0.367738,0.474638,0.34396824,0.4106473
648,17367.53799999971,34248.7210000027,0.367937,0.286919,0.3559097,0.34604993
649,5767.538000000174,30848.72100000083,0.356379,0.12053,0.35228172,0.19539133
650,44367.538000000175,34648.721000000834,0.328613,0.092392,0.25245607,0.06959634
651,28567.53800000018,28648.72100000269,0.247759,0.524162,0.25600508,0.555761
652,18967.538000000644,36248.721000002704,0.353441,0.419873,0.37063468,0.46245322
653,10567.538000000175,32848.7210000027,0.335382,0.111022,0.37848803,0.10817435
655,20967.538000000175,37248.721000000834,0.286546,0.27152,0.29349664,0.28443944
656,30367.53800000064,31048.720999999903,0.313669,0.682828,0.3367941,0.72900915
658,21367.538000000175,47048.721000001766,0.112861,0.365921,0.095719844,0.3713989
659,13567.53799999971,42448.720999999896,0.126621,0.059323,0.16289209,0.03254636
661,18367.53800000064,45048.72100000269,0.135933,0.07648,0.162562,0.072997056
662,20167.538000001106,38448.72100000083,0.262012,0.487989,0.3168759,0.48009807
664,17767.538000000175,39848.721000000834,0.248614,0.534794,0.24904753,0.46567196
666,29167.538000000175,34648.721000000834,0.379722,0.486203,0.38269648,0.529792
667,13767.538000000175,33848.72100000363,0.313953,0.30436,0.30253363,0.30619973
668,12167.538000000175,36248.7210000027,0.282604,0.425269,0.2756322,0.48890042
670,38967.53800000065,33248.721000000834,0.405136,0.505825,0.37389886,0.49129277
671,13367.538000000175,34248.7210000027,0.37972,0.141625,0.3401248,0.25518197
672,21167.537999999713,40648.721000001766,0.255786,0.51453,0.26337215,0.50737834
673,18767.538000000175,35648.72100000176,0.362755,0.304611,0.3549901,0.312811
674,13367.538000000173,32448.721000002697,0.354518,0.298151,0.3364145,0.22489114
675,41767.53800000064,38848.72100000083,0.396675,0.486796,0.36868003,0.45600283
676,37167.538000000175,35848.721000000834,0.418561,0.312389,0.38830036,0.3316217
677,12967.537999999242,44648.72100000084,0.094249,0.076562,0.10922617,0.05727591
679,15767.538000001106,40648.72100000177,0.177408,0.283921,0.21218884,0.15082154
680,36967.53799999971,42448.720999999896,0.167162,0.427362,0.18122815,0.48430735
681,16167.538000000643,41248.72100000269,0.179058,0.038057,0.15522212,0.11041882
682,19767.538000000175,44248.7210000027,0.154456,0.085538,0.12398547,0.12702353
683,26367.53800000018,44848.72100000084,0.149513,0.085318,0.1936735,0.08425739
684,24567.53799999971,31648.7210000027,0.426651,0.423468,0.46266335,0.43005407
685,39367.53800000017,39448.72100000176,0.346611,0.379182,0.35955098,0.30270135
686,20367.538000000175,35848.721000000834,0.349384,0.48427,0.34360904,0.42748672
688,19567.538000001103,45048.7210000027,0.140033,0.227248,0.11782543,0.15076672
690,13967.538000000171,30048.72100000363,0.265177,0.115101,0.2918149,0.12041732
691,24967.53799999971,33248.721000000834,0.447265,0.541694,0.42527932,0.56706494
692,9567.538000000175,32848.7210000027,0.390524,0.104561,0.39203864,0.10336726
694,35167.53800000064,35848.72100000083,0.410045,0.221637,0.4219668,0.22406387
695,26567.538000000637,26048.721000002697,0.214341,0.453997,0.22354287,0.42220107
696,40767.53799999971,33848.72100000363,0.441184,0.435782,0.43945107,0.45697507
697,20767.53799999971,42048.721000001766,0.190993,0.057821,0.2234608,0.08912837
698,5367.537999999243,29048.721000002697,0.325954,0.15355,0.33060336,0.15769404
699,13567.537999999711,34248.7210000027,0.357222,0.142763,0.33138403,0.26731372
701,23967.538000001106,45248.72100000363,0.153613,0.238191,0.13121307,0.28947628
702,32367.538000000175,32848.7210000027,0.32367,0.57424,0.3244575,0.50820833
704,18367.53800000064,40648.721000001766,0.227917,0.575366,0.24067946,0.54408914
705,26167.538000000175,37648.721000003636,0.307057,0.026978,0.3220187,0.023042044
706,31567.538000001106,44448.721000001766,0.195413,0.126359,0.22372326,0.17109385
707,26367.538000000175,42048.72100000176,0.236394,0.348321,0.20756388,0.46700191
708,19367.53800000064,31848.721000001766,0.411131,0.124124,0.422496,0.22790188
709,22767.53800000064,29848.721000002693,0.378532,0.285507,0.39529252,0.34448722
710,18567.53800000017,45048.7210000027,0.161017,0.077763,0.14511289,0.09046634
711,24167.538000000175,33848.72100000363,0.432083,0.294479,0.42102712,0.30135584
712,21167.537999999713,34448.721000001766,0.389921,0.517716,0.4107404,0.41419825
713,16567.538000000175,40448.72100000269,0.159386,0.078852,0.17743623,0.15029265
714,4167.538000000641,28248.721000000838,0.320209,0.125015,0.31387177,0.109880395
715,38967.53800000065,44848.721000000834,0.053863,0.02776,0.20267126,0.13180602
716,10167.538000000175,24648.721000000838,0.233648,0.095216,0.2681246,0.10739607
718,38967.53800000065,37048.721000000834,0.479834,0.393486,0.44858965,0.4281419
719,13567.537999999711,33248.721000000834,0.319781,0.409506,0.32819265,0.27602077
720,38767.538000000175,36448.72100000362,0.458826,0.401729,0.46906516,0.39715493
721,28367.537999999713,33448.721000000834,0.363574,0.593165,0.36726043,0.49122894
722,30967.538000001103,29248.72100000177,0.250773,0.441023,0.21361019,0.4161139
724,35567.538000000175,35648.721000001766,0.405612,0.251206,0.41645312,0.23683135
725,33167.53799999971,31848.72100000177,0.311636,0.444397,0.31454346,0.44551384
726,15567.538000000643,34248.7210000027,0.33656,0.518529,0.3354094,0.45598668
727,20167.538000001106,35048.721000000834,0.342343,0.240145,0.35582325,0.31611976
728,6167.538000000175,28048.721000001766,0.27398,0.280339,0.281544,0.25593674
729,33567.53800000064,36448.72100000362,0.426041,0.714918,0.4211014,0.48226517
730,21367.538000000175,40648.721000001766,0.250963,0.495508,0.26003265,0.51393926
732,17767.538000000175,44648.72100000084,0.148593,0.074064,0.17229673,0.09442373
734,27967.53800000017,36848.721000001766,0.387612,0.395051,0.40204757,0.45236441
735,31767.538000000175,32048.721000000834,0.27886,0.465063,0.27238736,0.48792985
736,35567.538000000175,40248.72100000363,0.240236,0.53211,0.2879616,0.43531707
738,32567.537999999713,32648.72100000363,0.33424,0.55237,0.33484668,0.5106233
739,12567.538000001106,34648.721000000834,0.365907,0.332637,0.34284687,0.26297116
740,38967.53800000064,35648.721000001766,0.439366,0.437997,0.4496082,0.44531384
742,45367.538000000175,33248.721000000834,0.300612,0.281858,0.29268137,0.13495506
743,26767.538000000175,40448.72100000269,0.220318,0.09042,0.26099864,0.13980898
744,23167.53800000064,35848.72100000083,0.372469,0.3824,0.37649187,0.41104957
745,38967.53800000064,33048.721000001766,0.383094,0.641858,0.35998714,0.53594023
746,25167.538000000175,34648.721000000834,0.437934,0.341259,0.41455677,0.40739635
749,43967.53799999971,38448.721000000834,0.326551,0.096616,0.3572502,0.17982943
750,26367.53800000018,26448.721000002697,0.226787,0.450286,0.22921883,0.4412188
751,23967.53800000111,46048.721000000834,0.121421,0.394357,0.11699477,0.3907744
752,9367.537999999711,33648.7210000027,0.383606,0.111383,0.36557963,0.18403399
753,19767.538000000175,35248.7210000027,0.352603,0.288544,0.35110024,0.29689908
754,21967.538000000175,45248.721000003636,0.108559,0.457534,0.13145795,0.45397645
755,38967.53800000065,35248.7210000027,0.457284,0.439596,0.44713184,0.48495376
757,32167.537999999706,33648.7210000027,0.386202,0.432447,0.34023222,0.4756681
758,19167.538000000175,33248.721000000834,0.407688,0.376686,0.4073561,0.4529578
759,44967.53800000064,37248.721000000834,0.355254,0.389119,0.3918174,0.35423326
760,28767.53799999971,34648.721000000834,0.394497,0.376177,0.41211542,0.41667634
761,18367.53800000064,33848.72100000363,0.384389,0.434676,0.35691652,0.44353074
762,27967.538000000175,34048.7210000027,0.328373,0.258035,0.34478498,0.21512981
763,36367.53799999971,32848.7210000027,0.329347,0.607266,0.34530953,0.48338336
764,17967.53799999971,42248.721000000834,0.179835,0.42608,0.15908454,0.4091291
766,4567.538000000174,28048.721000001766,0.293767,0.132635,0.31234112,0.11383929
768,29967.538000000175,30248.7210000027,0.285724,0.585588,0.3017345,0.5602864
769,27767.538000001106,32048.721000000834,0.392816,0.468547,0.38011077,0.6561359
770,35167.53800000064,37048.721000000834,0.453782,0.184113,0.43308482,0.14440106
771,25767.538000000175,38648.7209999999,0.28847,0.017433,0.27765724,0.091268115
772,21367.538000000175,39248.7210000027,0.282585,0.561269,0.29001668,0.53168404
774,21167.537999999713,33848.72100000363,0.402581,0.500005,0.4032674,0.421377
775,28167.537999999244,40848.721000000834,0.305653,0.31627,0.2914903,0.3921389
777,6367.538000000175,30048.72100000363,0.311503,0.136299,0.33324343,0.13481076
778,23967.538000001106,33648.7210000027,0.427088,0.398698,0.4291589,0.2664411
779,34167.53800000064,37048.721000000834,0.392736,0.4687,0.41736153,0.44589207
780,30167.538000000175,39648.721000000834,0.380965,0.459248,0.37942043,0.47891858
781,44767.538000000175,33648.7210000027,0.342107,0.087226,0.3007608,0.12423741
782,3767.5380000006407,28048.721000001766,0.259035,0.098442,0.28368413,0.09138539
783,31567.538000001106,38848.721000000834,0.413774,0.417557,0.40092045,0.42563727
784,20567.537999999244,38848.721000000834,0.30724,0.525797,0.30095857,0.48973757
785,16367.538000001106,28648.72100000269,0.325956,0.129224,0.34858352,0.14241444
786,22367.538000000175,32848.7210000027,0.4596,0.421101,0.44057608,0.51909417
787,41367.538000000175,37448.7210000027,0.44836,0.491684,0.45118958,0.4937356
789,15167.53800000064,39048.7210000027,0.205565,0.095344,0.18649124,0.13850278
790,39567.53799999924,32648.721000003625,0.338777,0.469028,0.32034087,0.549673
791,9767.53799999971,32448.721000002697,0.386626,0.109329,0.36114925,0.10579682
792,7567.538000000641,34448.721000001766,0.363683,0.111841,0.36076146,0.14691585
793,32167.53799999971,38248.721000001766,0.407982,0.39139,0.40743747,0.4554192
795,30767.538000000637,30448.7210000027,0.309554,0.476211,0.2954611,0.50656176
796,9967.538000000175,34848.7209999999,0.32105,0.089577,0.35896006,0.18937512
797,30367.53800000064,35648.721000001766,0.42193,0.468083,0.40145063,0.47544965
798,38367.53800000064,34848.7209999999,0.446332,0.570397,0.41101205,0.5371707
799,31367.53800000064,37048.721000000834,0.425384,0.569744,0.42591262,0.43060136
801,35767.53799999925,35048.721000000834,0.419609,0.329079,0.39712602,0.39659733
802,22767.53800000064,45648.7210000027,0.15331,0.565046,0.13756824,0.48257604
803,37967.53800000064,32448.721000002697,0.323703,0.430387,0.33230042,0.5018641
805,14367.538000000175,33648.7210000027,0.33623,0.302428,0.34595737,0.24606143
807,15767.538000001108,29448.721000000834,0.343868,0.13864,0.35570806,0.12691039
808,22967.538000000175,31048.7209999999,0.508813,0.44278,0.47396615,0.4620535
809,21567.538000000175,34048.7210000027,0.383554,0.482345,0.38694265,0.3402024
810,27767.538000001106,35848.721000000834,0.399586,0.192669,0.41241294,0.3209901
811,17167.53800000017,43248.721000001766,0.146718,0.083684,0.15721075,0.08775016
812,6567.53799999971,36048.721000000834,0.280765,0.286888,0.26594412,0.21468301
813,15567.53800000064,44048.72100000363,0.110925,0.0219,0.112353325,0.14730102
814,4567.538000000174,30648.721000001762,0.341443,0.29446,0.32131553,0.21975185
815,9367.53799999971,31048.720999999903,0.375702,0.121469,0.37360203,0.1070778
816,29367.53799999971,46648.7210000027,0.167703,0.341358,0.17146863,0.33268154
818,26367.53800000018,29648.721000000834,0.396142,0.444453,0.37987483,0.531038
819,39967.538000000175,38248.721000001766,0.408615,0.490997,0.40713784,0.48185202
820,41167.53800000064,35848.721000000834,0.487558,0.437224,0.479941,0.46289697
822,22367.538000000175,29648.721000000834,0.397916,0.383615,0.38734633,0.43861514
823,24567.53799999971,35248.7210000027,0.380954,0.439279,0.3894245,0.40973443
824,26567.53800000064,35848.721000000834,0.336704,0.057054,0.35400856,0.11637499
825,29167.538000000175,28448.721000000838,0.229268,0.733763,0.25454053,0.62481254
826,30367.53800000064,34848.7209999999,0.404428,0.459869,0.4069148,0.51579285
827,30167.538000000175,45248.721000003636,0.15662,0.33151,0.19025269,0.21947397
829,37167.538000000175,32248.721000000838,0.314875,0.678075,0.3174395,0.4854719
830,15567.53800000064,40648.721000001766,0.185421,0.284015,0.22782567,0.13941449
831,39967.538000000175,37848.7210000027,0.44847,0.47626,0.42877513,0.5078177
832,21767.537999999706,29848.721000002693,0.46482,0.439744,0.44921634,0.43601325
833,6567.53799999971,30448.7210000027,0.319331,0.123798,0.32137585,0.12246735
834,14167.53799999971,44448.721000001766,0.095122,0.04102,0.07598379,0.020856133
835,30767.538000000644,38848.721000000834,0.367645,0.493801,0.39594045,0.45875087
836,29767.538000000637,37248.721000000834,0.422032,0.445444,0.41945806,0.46789384
838,32767.53800000018,32448.721000002693,0.320329,0.644386,0.3482542,0.5243964
839,25967.53800000064,48248.721000001766,0.146882,0.361557,0.15050782,0.3123001
840,17367.537999999706,36248.721000002704,0.287286,0.350748,0.30067953,0.44564676
841,22167.53800000064,32248.721000000834,0.509823,0.425372,0.5170425,0.44532776
842,23967.53800000111,44248.7210000027,0.146305,0.114795,0.11458798,0.11777248
843,24767.538000000175,30248.7210000027,0.40195,0.511809,0.40529987,0.4970071
844,29367.53799999971,29848.721000002693,0.321219,0.622963,0.30285925,0.68751186
845,40967.538000000175,35248.7210000027,0.478652,0.432181,0.46231976,0.42136943
846,31167.538000000175,28248.721000000838,0.177399,0.114509,0.2630414,0.15806402
847,24367.537999999244,33848.72100000363,0.423732,0.557708,0.43374258,0.3697707
848,13367.538000000175,42248.721000000834,0.153131,0.061863,0.16099942,0.027462294
849,24167.538000000175,47048.72100000177,0.12717,0.486518,0.14621235,0.5071175
850,31567.538000001103,29648.721000000834,0.219073,0.380016,0.21168362,0.3944009
851,13367.538000000175,41448.721000003636,0.177076,0.064571,0.20138419,0.06959017
852,20167.538000001106,41048.721000000834,0.24186,0.432555,0.24637985,0.44645447
854,6567.53799999971,34048.7210000027,0.368983,0.115424,0.35750872,0.10008188
855,27367.53800000018,25248.721000002693,0.168316,0.356921,0.20769796,0.25793
856,30167.538000000175,35648.72100000176,0.42185,0.501697,0.3978267,0.5046173
858,11367.538000000639,32248.721000000834,0.34242,0.132899,0.34894365,0.17780115
859,15767.538000001106,36848.721000001766,0.295129,0.44885,0.275853,0.47962412
861,20367.53800000018,33048.72100000177,0.420035,0.507574,0.38867226,0.4919816
862,38167.538000000175,39248.7210000027,0.354157,0.126204,0.36855716,0.16023009
863,42767.53800000065,35048.721000000834,0.410052,0.371216,0.4380304,0.30425188
864,14567.538000000639,46248.7209999999,0.043776,0.029043,0.06452721,0.0040110257
865,11567.538000000175,41448.721000003636,0.161052,0.035395,0.12428741,0.011901638
866,10367.53799999971,24448.721000000834,0.271506,0.11359,0.27643657,0.11584497
867,43367.537999999244,35248.7210000027,0.383322,0.1545,0.4187542,0.19636223
868,13567.537999999711,33448.721000000834,0.305079,0.303239,0.30742288,0.28322768
869,14767.538000000175,33848.72100000363,0.356208,0.303544,0.3528507,0.27338594
871,27967.538000000175,48448.72100000084,0.13994,0.377272,0.16790193,0.2741587
872,26367.53800000018,27648.721000002697,0.328185,0.761264,0.3007305,0.42770466
873,22767.53800000064,47048.721000001766,0.114773,0.498972,0.12292789,0.46320367
874,28167.537999999244,28248.721000000838,0.303847,0.474245,0.27519003,0.42498538
875,24367.537999999244,46648.7210000027,0.14037,0.459866,0.14832996,0.48304263
876,27567.538000000637,30048.72100000363,0.366268,0.531185,0.3685857,0.557694
877,36767.53800000017,31448.721000002697,0.293547,0.497639,0.26788682,0.4425356
878,16967.53799999971,36248.7210000027,0.299103,0.530889,0.2785591,0.4130381
879,23767.53800000064,28448.721000000834,0.379262,0.333811,0.3776194,0.43705392
880,17567.538000000175,38048.721000002704,0.262114,0.333327,0.2576523,0.3384404
881,9567.538000000175,30448.7210000027,0.352275,0.145663,0.37432274,0.097738825
883,45167.538000000175,37648.721000003636,0.385033,0.406834,0.39101124,0.3881037
884,16567.538000000175,33648.7210000027,0.33705,0.115279,0.3604558,0.24347085
885,35367.53800000111,33848.72100000363,0.371599,0.371063,0.36146718,0.402758
886,42367.53800000111,34848.7209999999,0.438443,0.375787,0.43711674,0.32177997
887,28167.53799999924,47848.721000003636,0.141693,0.271556,0.14658861,0.30980414
888,30167.53800000017,32448.721000002693,0.360043,0.68605,0.36194158,0.6274514
889,14167.537999999711,33248.721000000834,0.275346,0.300549,0.32946005,0.2640608
892,30567.53800000018,32848.7210000027,0.370913,0.731022,0.38220617,0.6500817
893,33167.53799999971,35648.721000001766,0.407501,0.42459,0.4103696,0.44999486
894,16367.538000001106,38048.721000002704,0.232508,0.095734,0.24675222,0.18262552
895,17367.53799999971,40648.721000001766,0.213007,0.276577,0.22378667,0.38219988
896,10367.53799999971,24048.721000002697,0.269945,0.122956,0.2784523,0.118555106
897,20767.53799999971,37848.7210000027,0.335769,0.490813,0.2860801,0.4786294
898,21767.53799999971,29448.721000000834,0.425687,0.430101,0.44611788,0.39987504
899,17567.538000000175,38448.72100000084,0.245417,0.297497,0.23302479,0.28800792
900,39567.53799999924,38648.720999999896,0.387923,0.417144,0.3782319,0.4415263
901,29567.538000000175,39448.721000001766,0.369706,0.474888,0.3571495,0.4727873
902,30367.53800000064,36848.721000001766,0.453887,0.486748,0.43004793,0.40220642
903,25967.53800000064,29448.721000000834,0.393363,0.471069,0.36503667,0.48800635
904,21967.538000000175,42848.7210000027,0.138917,0.389763,0.19376427,0.18855235
905,41567.538000000175,38848.721000000834,0.385048,0.481883,0.36235327,0.48496434
906,24767.538000000175,32248.72100000083,0.442509,0.375831,0.45541307,0.41145244
907,35367.53800000111,39448.72100000176,0.338055,0.414762,0.31822357,0.4655912
908,19567.538000001106,37248.721000000834,0.330998,0.615423,0.33654466,0.5229522
909,30967.538000001106,31648.721000002697,0.353671,0.566693,0.32375428,0.6484567
910,32367.538000000175,35648.721000001766,0.374881,0.435397,0.40048116,0.4474619
911,16367.538000001106,33248.721000000834,0.319123,0.122461,0.3717842,0.13122693
913,17767.538000000175,40248.72100000363,0.24091,0.575227,0.26756245,0.50501895
914,14367.538000000175,40448.7210000027,0.218853,0.081759,0.2176164,0.06876352
915,28567.538000000175,26648.7210000027,0.198282,0.132762,0.1781964,0.26958746
916,43367.537999999244,37648.721000003636,0.357133,0.135667,0.4075056,0.23145738
917,40167.53799999971,38048.7210000027,0.415214,0.61236,0.41188952,0.5113901
918,33367.538000000175,39848.721000000834,0.360648,0.470103,0.37326455,0.49268067
919,36567.538000000175,34448.721000001766,0.376171,0.49279,0.39048588,0.4703024
920,18967.53800000064,39448.72100000176,0.247983,0.177259,0.20948198,0.43455604
921,30167.538000000175,39448.721000001766,0.373423,0.485264,0.3781029,0.48266256
922,18367.53800000064,38848.72100000083,0.253117,0.320277,0.26846913,0.41979522
923,36167.538000000175,35048.721000000834,0.405829,0.434061,0.4125251,0.3961818
924,6367.538000000175,34448.721000001766,0.355523,0.123318,0.34639782,0.10635462
925,23167.53800000064,36848.721000001766,0.345747,0.124833,0.3339484,0.17622373
926,20967.538000000175,33648.7210000027,0.40594,0.446142,0.41124856,0.45630735
927,38367.53800000063,33248.721000000834,0.36906,0.405593,0.393574,0.47346914
928,31367.538000000637,35648.721000001766,0.385718,0.19909,0.42307258,0.3697157
929,4967.538000001106,30048.72100000363,0.298169,0.252811,0.29523182,0.2043211
932,26567.53800000064,28248.721000000834,0.286312,0.308146,0.29826644,0.3467044
933,16767.537999999244,38448.72100000083,0.236229,0.274248,0.2421686,0.19707902
934,19767.538000000175,39848.721000000834,0.267322,0.453552,0.2535985,0.48783508
935,26967.538000000637,34448.721000001766,0.375424,0.223961,0.36328638,0.35824654
936,45367.538000000175,37048.72100000084,0.403928,0.343682,0.40225708,0.3555105
937,41167.53800000064,36048.721000000834,0.461459,0.426275,0.45946842,0.4690047
938,30367.538000000637,30248.7210000027,0.262669,0.522177,0.30015984,0.5239953
939,31767.538000000175,35248.7210000027,0.398226,0.510313,0.38423896,0.45969972
940,18967.53800000064,36048.721000000834,0.375059,0.412174,0.3871273,0.43033275
941,22567.538000000175,45648.7210000027,0.142739,0.570653,0.13544215,0.50532305
942,23967.53800000111,28448.721000000838,0.36322,0.357684,0.3722438,0.42697957
943,8567.53800000064,31848.721000001766,0.398522,0.109357,0.39113373,0.101981394
944,15167.53800000064,33448.721000000834,0.36342,0.130885,0.3831733,0.19484958
945,6767.538000000175,29848.721000002697,0.313752,0.142405,0.31725207,0.13823825
948,20567.537999999244,32248.72100000083,0.433052,0.678309,0.44474915,0.4767847
949,42967.53800000111,34648.721000000834,0.39247,0.307555,0.43742308,0.29226494
950,14967.538000000177,36248.7210000027,0.253087,0.525281,0.26129434,0.55388033
951,19567.538000001106,36848.721000001766,0.337916,0.501539,0.33934355,0.5107671
952,23367.538000001106,34448.721000001766,0.430612,0.408398,0.42178464,0.4440159
953,12967.537999999246,45048.7210000027,0.103466,0.07037,0.10494514,0.047480036
954,24767.538000000175,32848.7210000027,0.429191,0.763786,0.42852807,0.5646004
955,13167.537999999708,35848.72100000083,0.273588,0.440186,0.29516712,0.47322875
956,14367.538000000173,35648.72100000176,0.326879,0.407035,0.31841063,0.39514315
957,27967.538000000175,26648.7210000027,0.172129,0.123797,0.19120437,0.13912824
958,16367.538000001105,36448.72100000362,0.295085,0.422761,0.2883735,0.44870728
959,13367.538000000175,40648.72100000177,0.193069,0.067603,0.19579543,0.057508755
960,6567.5379999997085,33048.72100000176,0.379601,0.104948,0.35998413,0.09571471
961,21767.53799999971,30648.72100000177,0.441937,0.409655,0.43613154,0.421752
962,12567.538000001106,28448.721000000838,0.274112,0.136974,0.29450008,0.10868371
963,5167.538000000176,27848.7210000027,0.311828,0.111165,0.28365093,0.15483256
964,32567.53799999971,44648.721000000834,0.12636,0.095372,0.15575254,0.16320485
965,33567.53800000064,34648.721000000834,0.384435,0.434684,0.3972774,0.46713373
966,39767.53799999971,39248.7210000027,0.350589,0.290337,0.32471466,0.4582401
967,23767.53800000064,33248.721000000834,0.442115,0.348342,0.42333147,0.276092
968,29167.538000000175,30048.72100000363,0.323563,0.914818,0.32463494,0.65231556
969,27167.538000001103,43848.7210000027,0.164873,0.289727,0.18734714,0.20606661
972,17567.538000000175,33648.7210000027,0.348347,0.388425,0.3657465,0.3475221
973,19767.538000000175,33848.72100000363,0.371723,0.491397,0.37211695,0.5233119
974,20367.538000000175,40848.721000000834,0.253778,0.488782,0.26126605,0.464319
975,43167.53800000017,37048.72100000083,0.40744,0.431872,0.3760949,0.36534768
976,22967.538000000175,36248.7210000027,0.365072,0.423673,0.34936702,0.3761232
977,30567.538000000175,33648.7210000027,0.378652,0.520547,0.34965488,0.52294815
978,22367.538000000175,32648.721000003625,0.441993,0.376678,0.44847104,0.5021271
979,4167.538000000641,28848.72100000363,0.271994,0.099506,0.3022954,0.12320826
980,22567.538000000175,36048.72100000084,0.377726,0.253993,0.37105215,0.4321199
981,15967.538000000173,40848.721000000834,0.211207,0.282185,0.2039367,0.14282927
983,3367.538000000175,26648.7210000027,0.286447,0.134514,0.28495452,0.12866378
984,23767.53800000064,36048.72100000084,0.375078,0.289319,0.3707772,0.25719044
985,20167.538000001106,36848.721000001766,0.288022,0.45887,0.30871803,0.47521356
986,16367.538000001106,47448.721000000834,0.063736,0.201787,0.09544113,0.12787639
987,33767.538000000175,33448.721000000834,0.299303,0.502133,0.34549534,0.5472505
988,6967.538000000641,30248.7210000027,0.34098,0.133722,0.31781298,0.119925596
989,26567.53800000064,27648.7210000027,0.283843,0.456469,0.29248932,0.4460682
990,36967.53799999971,33648.7210000027,0.387602,0.569841,0.35662538,0.49687448
991,20367.53800000018,45848.72100000176,0.107047,0.121816,0.1361858,0.12975168
992,20767.53799999971,38648.7209999999,0.282129,0.487882,0.29338565,0.5114855
993,28767.53799999971,29248.721000001766,0.305915,0.790109,0.29427174,0.5744085
994,24767.53800000017,31048.7209999999,0.443121,0.452755,0.4361173,0.4994367
996,25167.538000000175,43648.721000000834,0.151531,0.136871,0.15680526,0.1838989
997,30967.538000001103,36848.721000001766,0.43685,0.17499,0.43103114,0.35345805
999,13567.537999999711,26648.721000002697,0.347836,0.150684,0.29547632,0.12165017
1001,27967.538000000175,29048.721000002697,0.262519,0.465414,0.29971758,0.47703457
1002,9367.53799999971,27248.720999999903,0.308332,0.142395,0.30999276,0.1379803
1003,13767.538000000173,32448.721000002693,0.329183,0.297798,0.34431514,0.21729177
1004,30967.538000001106,36648.7210000027,0.457011,0.331724,0.443189,0.3131717
1005,22967.538000000175,31848.721000001766,0.471177,0.401411,0.39650756,0.49134868
1006,29367.53799999971,36648.7210000027,0.461105,0.466898,0.4426907,0.499581
1007,7967.538000000641,32848.7210000027,0.398609,0.108932,0.44315705,0.13167197
1008,5167.538000000176,28448.721000000838,0.311794,0.118298,0.32773235,0.1926188
1009,42367.5380000011,38448.72100000083,0.359084,0.255103,0.37355953,0.39239606
1010,23767.53800000064,32848.7210000027,0.466493,0.732783,0.4672782,0.48242995
1011,6167.538000000174,34048.7210000027,0.35294,0.114914,0.35026014,0.13183402
1012,21767.53799999971,35648.721000001766,0.385267,0.464285,0.3729314,0.52675325
1013,42167.53800000064,38848.721000000834,0.356242,0.379249,0.36382872,0.4337889
1016,18367.53800000064,42648.721000000834,0.176847,0.34278,0.18967247,0.43745667
1017,10367.53799999971,24248.72100000177,0.280118,0.118633,0.27881572,0.11567653
1018,21967.538000000175,33848.72100000363,0.391012,0.09404,0.3875809,0.3178786
1019,30367.53800000064,33048.72100000176,0.367139,0.670734,0.38256136,0.58719987
1022,15567.538000000643,32448.721000002697,0.377463,0.161792,0.3758097,0.1732617
1023,26567.53800000064,33048.72100000176,0.395706,0.443527,0.391268,0.37032452
1024,8567.53800000064,33048.721000001766,0.363686,0.117157,0.40613306,0.11700039
1025,30167.53800000017,33648.7210000027,0.363685,0.45991,0.37150225,0.54230154
1026,24967.53799999971,28248.721000000834,0.339465,0.429462,0.36948532,0.44616643
1027,29167.538000000175,37848.7210000027,0.413944,0.414371,0.40539154,0.43090907
1028,17167.538000000175,36248.7210000027,0.311406,0.406495,0.28157413,0.41395795
1030,36567.53800000018,38848.721000000834,0.409987,0.110091,0.41738498,0.09148907
1031,12967.537999999242,34048.7210000027,0.358923,0.301953,0.37706256,0.23723343
1032,34567.53800000064,39248.7210000027,0.356325,0.451806,0.36888185,0.5182568
1033,31967.537999999244,31848.721000001766,0.285473,0.426826,0.24016656,0.4336403
1034,32967.538000000175,44248.7210000027,0.161904,0.098737,0.13717751,0.1447595
1035,12367.538000000639,36448.72100000363,0.27733,0.426619,0.2842441,0.48614755
1036,18367.53800000064,43848.7210000027,0.159595,0.193975,0.1912457,0.23033325
1037,32967.538000000175,35248.7210000027,0.399089,0.461266,0.40118134,0.45961124
1038,28367.53799999971,28848.72100000363,0.285176,0.46741,0.29262844,0.49225202
1039,29367.537999999713,34448.721000001766,0.371905,0.563951,0.36920252,0.5594218
1040,43967.53799999971,33448.721000000834,0.300575,0.373328,0.3061286,0.121359
1042,39367.538000000175,38048.721000002704,0.393281,0.442054,0.41866288,0.447897
1044,6967.538000000641,30448.7210000027,0.359257,0.128734,0.31036738,0.10547305
1046,29567.538000000175,29448.721000000834,0.303021,0.687354,0.29042,0.7407835
1047,21967.538000000175,39248.7210000027,0.248441,0.177639,0.25638908,0.3419996
1049,23367.538000001106,30648.721000001762,0.449986,0.401706,0.44765013,0.42492694
1050,17167.538000000175,37448.7210000027,0.262549,0.353588,0.28578585,0.35937026
1051,27967.53800000017,29248.72100000177,0.328908,0.471544,0.32097757,0.5056205
1053,18767.538000000175,45048.7210000027,0.158439,0.07948,0.13816498,0.109313585
1054,4967.538000001107,31248.721000000834,0.341493,0.293533,0.3626135,0.2729853
1056,14167.537999999711,44248.7210000027,0.093146,0.036694,0.09137781,0.03236713
1057,27167.538000001106,40848.721000000834,0.276358,0.449157,0.27493793,0.38924444
1058,40967.538000000175,35048.721000000834,0.484052,0.493757,0.43989885,0.43732327
1059,25167.538000000175,34248.7210000027,0.425159,0.330882,0.4261766,0.47523242
1060,3967.538000000175,25848.721000000834,0.282277,0.150973,0.26233912,0.1143967
1061,20167.538000001106,40248.72100000363,0.246463,0.505867,0.2526015,0.51335293
1062,9167.537999999244,31848.721000001766,0.40563,0.104212,0.3916614,0.099349104
1063,38167.53800000018,34448.721000001766,0.394939,0.556284,0.40984714,0.5270121
1064,17967.53799999971,34248.7210000027,0.332833,0.354189,0.33484262,0.36037126
1065,16567.538000000175,32648.721000003625,0.421807,0.132662,0.41463628,0.09517475
1066,31367.53800000064,32048.721000000834,0.294268,0.639458,0.3061316,0.55931777
1067,40167.53799999971,35648.721000001766,0.489136,0.197452,0.4728278,0.32872567
1068,23167.53800000064,30248.721000002697,0.410719,0.378293,0.41488373,0.36085698
1069,30967.538000001103,39448.72100000176,0.37292,0.42611,0.37727332,0.35867652
1070,21367.538000000175,32648.72100000363,0.438952,0.453375,0.44211045,0.4625184
1071,21767.53799999971,45448.7210000027,0.140452,0.594103,0.13840872,0.4830878
1072,26167.538000000175,39248.7210000027,0.256314,0.014805,0.19368438,0.08665275
1073,24767.53800000017,47048.72100000177,0.138683,0.481531,0.14848328,0.49353552
1074,19367.53800000064,44048.72100000363,0.146487,0.087111,0.14051485,0.21756433
1075,17567.538000000175,35448.7210000027,0.308608,0.465295,0.3127236,0.4674256
1076,38967.53800000065,37848.7210000027,0.489431,0.482702,0.44890386,0.42085108
1077,25567.53799999971,31448.7210000027,0.415529,0.395293,0.43710014,0.38168567
1078,23167.53800000064,37448.7210000027,0.322384,0.082613,0.324241,0.032754917
1079,32167.53799999971,36448.72100000363,0.409563,0.407,0.41104957,0.445718
1080,30567.53800000018,41048.721000000834,0.345522,0.291781,0.32762012,0.3184938
1081,19767.538000000175,40248.72100000363,0.201279,0.567858,0.22812521,0.51056397
1082,33367.538000000175,36248.7210000027,0.429388,0.479547,0.43405798,0.48460552
1083,22167.53800000064,32848.7210000027,0.455319,0.516526,0.44563994,0.49826795
1084,16167.538000000643,32848.7210000027,0.345024,0.133402,0.37967765,0.14748485
1085,23767.53800000064,43048.7210000027,0.151365,0.23078,0.18569687,0.1623428
1086,35967.53799999971,32048.721000000834,0.327515,0.72191,0.3070922,0.6405623
1087,17367.53799999971,38048.7210000027,0.261007,0.347492,0.25528976,0.34103104
1088,14167.537999999711,39848.721000000834,0.201511,0.082055,0.2115284,0.083945744
1089,4167.538000000641,30848.721000000834,0.294841,0.06505,0.32393232,0.13265891
1090,39367.538000000175,34048.7210000027,0.395977,0.497771,0.41166446,0.44970906
1091,41567.538000000175,34048.7210000027,0.423518,0.359543,0.41757205,0.31413326
1092,18367.53800000064,44648.721000000834,0.167642,0.079684,0.19010228,0.13027982
1093,14767.538000000173,33248.721000000834,0.341234,0.132391,0.37271684,0.18470843
1094,5767.538000000174,30648.721000001762,0.375887,0.120323,0.33651385,0.18157886
1095,12167.538000000177,35648.721000001766,0.322796,0.407883,0.30198961,0.4313541
1098,33767.538000000175,33648.7210000027,0.346276,0.484842,0.3586783,0.5286522
1100,10567.538000000175,34648.721000000834,0.365646,0.358658,0.33726454,0.37980306
1101,37567.538000000175,33448.721000000834,0.353582,0.336324,0.36740386,0.4792243
1102,5367.537999999244,28048.721000001766,0.315321,0.300565,0.29899392,0.20315975
1103,22167.53800000064,31648.7210000027,0.498256,0.518399,0.47124314,0.4784943
1104,21767.537999999706,31248.721000000834,0.478444,0.473886,0.46741205,0.44965592
1105,38767.53800000018,40448.72100000269,0.284774,0.152015,0.31179583,0.24518424
1106,16167.53800000064,42048.721000001766,0.13485,0.030851,0.16232505,0.078476064
1107,9967.538000000175,26848.72100000177,0.287837,0.152502,0.2909243,0.13402848
1109,20767.53799999971,44648.721000000834,0.122297,0.087514,0.11968705,0.07269036
1110,25167.538000000175,31448.721000002697,0.45487,0.403633,0.43837482,0.40649688
1111,39967.53800000018,33648.7210000027,0.419784,0.422515,0.42233962,0.42365164
1112,22767.53800000064,45848.72100000176,0.128008,0.579564,0.12517235,0.50004536
1114,28967.53800000018,40648.721000001766,0.313495,0.445274,0.3393802,0.3924591
1115,13967.538000000177,28448.721000000838,0.286247,0.145304,0.29155132,0.13068803
1117,26967.53800000064,32848.7210000027,0.382192,0.206183,0.40621546,0.44659758
1118,13167.53799999971,34848.7209999999,0.306571,0.314758,0.33301973,0.29289797
1120,36567.53800000017,32248.721000000838,0.327567,0.502862,0.31879655,0.54796994
1122,3767.5380000006407,25048.72100000363,0.246593,0.098793,0.2463378,0.067717366
1123,28967.53800000018,35648.72100000176,0.400073,0.541329,0.40324336,0.47918066
1124,24567.53799999971,30648.721000001766,0.45646,0.332472,0.4249406,0.47602
1125,21167.537999999713,30648.72100000177,0.474523,0.444577,0.44799775,0.46003062
1126,37167.538000000175,33048.721000001766,0.346342,0.392898,0.35952914,0.4386733
1127,27767.538000001106,40048.7210000027,0.339565,0.242811,0.33515313,0.476038
1129,32967.53800000017,33048.72100000177,0.325692,0.516243,0.35097188,0.58092165
1130,16967.537999999713,36048.72100000084,0.287346,0.393352,0.2758765,0.43183073
1132,5967.53799999971,34048.7210000027,0.341645,0.116238,0.33713487,0.16274202
1134,31367.53800000064,32248.721000000838,0.30509,0.727998,0.3276242,0.57172173
1135,20967.538000000175,41848.72100000269,0.185242,0.056967,0.21791951,0.04698022
1137,23567.53800000018,33048.72100000177,0.462791,0.376024,0.45303673,0.41243654
1138,44167.53800000018,33448.721000000834,0.291507,0.374201,0.25068772,0.10247641
1139,21967.538000000175,47248.721000000834,0.124238,0.472604,0.13890351,0.44047707
1140,27967.538000000175,25648.721000000834,0.125699,0.067793,0.20662804,0.24530163
1141,16167.538000000643,41048.721000000834,0.189394,0.282238,0.16802745,0.13111497
1142,15767.538000001108,34648.721000000834,0.340703,0.521072,0.33016372,0.53373253
1143,19567.538000001106,31648.721000002697,0.44029,0.41392,0.42462027,0.27765876
1144,29367.53799999971,40048.7210000027,0.372044,0.381673,0.32931364,0.40328446
1145,18767.538000000175,32248.721000000838,0.381732,0.13607,0.41843545,0.12347192
1147,24567.53799999971,29048.721000002697,0.339245,0.420296,0.35285786,0.39728808
1148,28167.537999999244,43648.721000000834,0.175843,0.257506,0.20945258,0.27637595
1149,35967.53799999971,39848.721000000834,0.286428,0.382747,0.28121227,0.39243305
1150,9567.538000000175,26448.721000002697,0.308437,0.145077,0.30674893,0.12132066
1151,35567.538000000175,37048.72100000083,0.444772,0.110416,0.43054986,0.106725805
1152,14567.538000000639,41448.72100000363,0.162493,0.032381,0.16187324,0.05072536
1153,19367.53800000064,46048.721000000834,0.144944,0.205994,0.12179032,0.15306237
1154,37567.538000000175,36048.72100000083,0.414287,0.432318,0.39233118,0.28052008
1155,36567.53800000017,39048.721000002704,0.405451,0.106958,0.40537688,0.07769921
1156,27367.538000000175,31048.7209999999,0.392899,0.470381,0.37575084,0.6094262
1157,6367.538000000174,29648.721000000834,0.329982,0.147697,0.32826057,0.15466332
1158,37367.53800000064,32248.721000000834,0.32071,0.425122,0.31120592,0.48029333
1159,40767.53799999971,35448.7210000027,0.478959,0.438153,0.47483468,0.40755048
1160,20967.538000000175,40448.72100000269,0.245642,0.511379,0.27347904,0.5100216
1161,24567.53799999971,46048.721000000834,0.133942,0.385131,0.12859988,0.37041792
1162,12767.538000000175,45048.7210000027,0.118838,0.078935,0.102982625,0.047828246
1163,23967.538000001106,32648.721000003625,0.471334,0.607343,0.4457813,0.514769
1165,42767.53800000064,34848.7209999999,0.434995,0.358512,0.43028808,0.30796206
1167,7567.538000000641,32448.721000002697,0.372237,0.111978,0.3647333,0.11146038
1168,21767.537999999706,33648.7210000027,0.41405,0.296586,0.40707734,0.4097745
1169,40967.538000000175,34448.721000001766,0.435293,0.597217,0.41249385,0.46625385
1170,27967.538000000175,48048.7210000027,0.152411,0.215478,0.18169102,0.33110082
1171,37967.53800000064,35448.7210000027,0.437195,0.551709,0.41470122,0.5189101
1172,34567.53800000064,34448.721000001766,0.360973,0.363973,0.36823782,0.38373688
1173,41367.538000000175,34248.7210000027,0.433121,0.470752,0.44320044,0.38156492
1174,28967.538000000175,40448.7210000027,0.308877,0.370193,0.335943,0.40258592
1175,37967.53800000064,34448.721000001766,0.382679,0.529715,0.40140086,0.53188616
1177,32967.538000000175,35848.721000000834,0.424311,0.217836,0.41051263,0.44485334
1178,27167.538000001106,29248.72100000177,0.34923,0.511454,0.36419913,0.52384335
1179,33567.53800000064,38648.7209999999,0.439847,0.431185,0.4385611,0.50136995
1180,6367.538000000174,30448.7210000027,0.321893,0.123057,0.32487977,0.12942527
1181,16567.538000000175,38048.721000002704,0.248568,0.279059,0.24920984,0.20040405
1182,20767.53799999971,47448.721000000834,0.138735,0.360887,0.16168861,0.28945735
1183,17367.53799999971,35248.7210000027,0.316646,0.433648,0.32811293,0.4789724
1184,32167.53799999971,40448.72100000269,0.337714,0.490851,0.35881948,0.30667806
1185,23167.53800000064,31648.7210000027,0.476034,0.396552,0.48028687,0.5001525
1186,25567.53799999971,35648.721000001766,0.322928,0.420147,0.3514676,0.20328417
1187,14767.538000000175,45848.72100000176,0.034076,0.021627,0.08760136,0.013138225
1188,26567.538000000637,28648.721000002697,0.311362,0.425603,0.33359185,0.40415046
1189,14167.53799999971,44048.72100000363,0.104083,0.02883,0.0842624,0.034194876
1190,11167.538000000177,26048.721000002697,0.253104,0.102918,0.24912731,0.115642674
1191,14567.538000000639,28848.721000003632,0.302096,0.149999,0.2852693,0.12955357
1192,35167.53800000064,31848.721000001766,0.295616,0.723866,0.30725896,0.546545
1193,9767.53799999971,27648.7210000027,0.305289,0.142709,0.29542235,0.12892598
1194,28367.53799999971,35048.721000000834,0.396641,0.127927,0.377255,0.1952217
1195,28167.53799999924,39448.72100000176,0.348905,0.465127,0.33890596,0.547071
1196,24367.537999999244,33448.721000000834,0.441163,0.490772,0.43863687,0.3434361
1197,9567.538000000175,36048.72100000083,0.257373,0.037421,0.25217357,0.10279661
1198,21167.53799999971,35248.7210000027,0.390917,0.577483,0.39535338,0.5157409
1199,14167.53799999971,47048.721000001766,0.089053,0.033307,0.08673048,0.023503592
1200,40367.538000000175,38848.721000000834,0.408985,0.488216,0.4008491,0.46821734
1201,8967.538000000173,33248.721000000834,0.404659,0.279258,0.39280966,0.2656999
1203,15767.538000001105,36248.7210000027,0.256597,0.496429,0.2585675,0.50690573
1204,31767.53800000018,33648.7210000027,0.341824,0.510277,0.34160194,0.53799903
1205,16567.538000000175,42248.721000000834,0.174919,0.032126,0.18864086,0.08422097
1206,36367.53799999971,34648.721000000834,0.350804,0.496369,0.40583453,0.41469115
1208,30367.53800000064,29248.721000001766,0.249398,0.436685,0.22427112,0.4683534
1209,18367.53800000064,41048.721000000834,0.204224,0.543022,0.21442705,0.54129
1210,30967.538000001103,41448.721000003636,0.292479,0.201444,0.28693786,0.26471174
1211,35367.53800000111,34248.7210000027,0.342937,0.342819,0.3662129,0.38665515
1212,33567.53800000064,33248.721000000834,0.329086,0.479994,0.33772975,0.5702655
1213,22167.53800000064,47048.721000001766,0.133444,0.461849,0.1336578,0.4618048
1214,33767.538000000175,37648.721000003636,0.440777,0.614819,0.4144408,0.5375179
1215,15967.538000000175,34848.7209999999,0.283561,0.509334,0.29260498,0.5365513
1216,33367.538000000175,39448.721000001766,0.364404,0.484738,0.3847908,0.47187212
1217,23767.53800000064,28248.721000000838,0.379688,0.41701,0.3907721,0.4118863
1218,23967.538000001106,46248.72099999991,0.12891,0.419847,0.1368516,0.3973202
1219,37567.538000000175,39648.721000000834,0.316275,0.112835,0.35162348,0.12010992
1222,15567.538000000643,36048.72100000084,0.270038,0.531057,0.33212462,0.57682014
1224,24767.538000000175,32448.721000002697,0.446703,0.340431,0.4490507,0.5038256
1225,26767.538000000175,47448.721000000834,0.128744,0.478278,0.09014332,0.4397011
1226,28367.537999999713,34648.721000000834,0.369264,0.114594,0.3576798,0.18354394
1228,22567.538000000175,33448.721000000834,0.451586,0.389945,0.43187338,0.4013176
1229,4567.538000000175,27848.7210000027,0.285858,0.131107,0.30542222,0.10621051
1230,11367.53800000064,36448.72100000362,0.26083,0.406088,0.26460156,0.48318353
1231,13567.53799999971,34448.721000001766,0.345714,0.140159,0.31941888,0.24792908
1232,25167.538000000175,46848.7210000027,0.144384,0.295915,0.1298257,0.39130738
1233,11567.538000000173,24648.721000000838,0.255435,0.116502,0.2395373,0.098747306
1234,39767.53799999971,37248.721000000834,0.483286,0.497464,0.47432736,0.46753204
1235,26367.53800000018,42248.721000000834,0.250724,0.543206,0.2081541,0.44386145
1236,19567.538000001103,42648.72100000084,0.198247,0.275235,0.21386902,0.23943254
1237,13767.538000000175,32648.72100000363,0.352215,0.299385,0.3445362,0.23159385
1238,15767.538000001108,28448.721000000838,0.364815,0.141022,0.33297893,0.15421814
1239,27767.538000001106,33248.721000000834,0.346336,0.677971,0.36950245,0.58966196
1240,41367.538000000175,38448.72100000083,0.381487,0.542215,0.35405934,0.48032048
1242,25967.53800000064,37648.72100000363,0.320048,0.021376,0.3271735,0.019508949
1243,4367.538000001106,28248.721000000838,0.325398,0.130706,0.32521075,0.1163227
1244,17767.538000000175,36048.72100000083,0.314873,0.425396,0.29673442,0.47129875
1245,41967.538000000175,42648.72100000084,0.163797,0.368286,0.20910032,0.10944302
1247,20367.538000000175,37048.72100000083,0.273188,0.369835,0.29006332,0.44358325
1248,26767.53800000018,43248.721000001766,0.186791,0.324928,0.20309538,0.36155406
1249,38167.538000000175,32448.721000002697,0.319929,0.591354,0.3379629,0.54545414
1250,35167.53800000064,40248.72100000363,0.260274,0.619957,0.29033807,0.4936339
1251,13167.537999999708,45648.7210000027,0.055392,0.027244,0.07366708,0.03233089
1252,21167.537999999713,33048.72100000176,0.416213,0.475569,0.41564056,0.453078
1253,6767.538000000177,30248.721000002693,0.332065,0.132271,0.32356212,0.124434896
1255,31567.538000001103,31448.721000002697,0.292098,0.487678,0.28504395,0.47292495
1256,20367.538000000175,45648.7210000027,0.165112,0.23321,0.15833457,0.13846876
1257,48367.53799999971,44448.721000001766,0.180932,0.019906,0.24303605,0.08097016
1258,5567.537999999709,33448.721000000834,0.367273,0.282512,0.37906444,0.22847472
1260,30767.538000000644,41248.72100000269,0.337581,0.202837,0.31602708,0.27750534
1261,26767.53800000018,49048.72100000363,0.142956,0.180368,0.19105265,0.34268665
1263,18967.53800000064,42448.720999999896,0.170311,0.453354,0.19607224,0.38116476
1264,31367.538000000637,31848.721000001766,0.297911,0.554901,0.30612502,0.5671803
1265,12367.538000000643,37248.721000000834,0.232297,0.422672,0.28081593,0.3911307
1266,30567.53800000018,34648.721000000834,0.37735,0.530478,0.38311288,0.4764446
1267,46967.538000000175,32848.7210000027,0.315097,0.096885,0.31079486,0.098203145
1268,27567.538000000637,25248.7210000027,0.175369,0.302059,0.1844412,0.2519068
1269,28567.53800000018,45048.7210000027,0.192376,0.411519,0.18644519,0.44474298
1270,18767.538000000175,31248.72100000083,0.422988,0.112151,0.42473605,0.09586667
1271,36967.53799999971,37248.721000000834,0.397554,0.059054,0.3892156,0.07912942
1272,13567.53799999971,33848.72100000363,0.312852,0.30514,0.30699044,0.3212915
1273,30167.53800000017,38848.721000000834,0.390656,0.468469,0.38075918,0.52755183
1274,15967.538000000175,33848.72100000363,0.323498,0.404352,0.3403361,0.36581284
1276,47767.53799999971,35848.721000000834,0.323081,0.086893,0.30500466,0.08512782
1277,32567.53799999971,35248.7210000027,0.395645,0.413739,0.39540407,0.44524336
1279,15767.538000001108,37248.721000000834,0.25263,0.417612,0.2560224,0.43081117
1280,29367.53799999971,39648.721000000834,0.373576,0.440576,0.3511924,0.4462769
1281,26767.53800000018,31048.7209999999,0.419397,0.30693,0.41059783,0.5340134
1282,33967.538000000175,34048.7210000027,0.344407,0.440569,0.37573123,0.48210523
1283,43567.53799999971,36048.72100000084,0.385502,0.127713,0.3706982,0.12570837
1284,20367.538000000175,37448.7210000027,0.28102,0.408455,0.29212597,0.44662914
1285,14967.538000000177,32448.721000002693,0.360573,0.160446,0.35734594,0.13951932
1287,11567.538000000173,35448.7210000027,0.331755,0.339621,0.29641908,0.3199546
1288,12167.538000000173,28248.721000000838,0.264302,0.14372,0.3038162,0.11527344
1289,21167.53799999971,35048.721000000834,0.380012,0.474408,0.39067623,0.4897165
1292,38167.538000000175,34648.721000000834,0.387472,0.563463,0.40773404,0.52285373
1293,26567.53800000064,31048.720999999903,0.411866,0.43226,0.42386347,0.4785013
1294,13167.537999999708,43448.721000000834,0.126865,0.029096,0.13208574,0.06732436
1295,27367.53800000018,46048.721000000834,0.159902,0.38312,0.1880564,0.42530078
1297,36167.538000000175,34248.7210000027,0.339858,0.462804,0.38458344,0.40486568
1298,28767.53799999971,35248.7210000027,0.413809,0.437025,0.43013546,0.42570817
1299,28767.53799999971,30048.721000003625,0.307718,0.450262,0.3242688,0.6112543
1300,20767.537999999706,46448.72100000084,0.101802,0.178866,0.10864435,0.19501391
1303,18567.538000000175,43048.7210000027,0.161863,0.32242,0.18718451,0.3480098
1304,20767.537999999706,37448.7210000027,0.302439,0.304677,0.28195032,0.3856476
1305,42967.53800000111,35248.7210000027,0.41986,0.362868,0.4222534,0.28756744
1307,30367.538000000637,33248.721000000834,0.345528,0.499469,0.37863445,0.52331007
1308,35167.53800000064,39448.721000001766,0.346989,0.482678,0.3533248,0.48321316
1309,6567.5379999997085,30048.721000003625,0.310966,0.136532,0.34232962,0.1301223
1310,36367.53799999971,35248.7210000027,0.413083,0.393303,0.43346584,0.396178
1311,33167.53799999971,40248.72100000363,0.319393,0.46752,0.35946625,0.4541378
1312,31167.538000000175,31648.721000002697,0.318742,0.773159,0.30835277,0.6102952
1313,33367.538000000175,38248.72100000176,0.43592,0.593814,0.43110922,0.5119735
1314,27167.538000001106,45248.72100000363,0.159324,0.363132,0.18439229,0.3602811
1315,23767.53800000064,34048.72100000269,0.440484,0.662082,0.45472986,0.42793098
1316,31567.538000001106,36448.72100000362,0.429528,0.343009,0.4369941,0.39456022
1317,14967.538000000173,44648.72100000083,0.095545,0.233868,0.078503415,0.15104866
1318,14167.53799999971,34448.721000001766,0.353424,0.158794,0.36133322,0.19233324
1320,44167.538000000175,34448.721000001766,0.333018,0.083902,0.20733313,0.060305078
1321,13767.538000000175,42448.7209999999,0.1247,0.054842,0.15881574,0.031160524
1322,5567.537999999709,32248.721000000838,0.377486,0.2816,0.3628641,0.25152835
1323,32167.53799999971,39648.721000000834,0.355749,0.396544,0.35242885,0.36025894
1324,30367.53800000064,45048.72100000269,0.153841,0.098114,0.19444425,0.17354602
1325,40767.53799999971,37248.721000000834,0.451089,0.484936,0.46004334,0.48614773
1326,10167.538000000175,34448.721000001766,0.374415,0.291708,0.35592583,0.20996022
1327,16967.53799999971,35648.721000001766,0.311608,0.476225,0.31508505,0.484893
1328,26567.53800000064,28448.721000000834,0.300732,0.397105,0.31129342,0.39011148
1329,18767.538000000175,44848.72100000084,0.157613,0.076919,0.1617615,0.11610783
1330,27167.538000001106,47248.721000000834,0.131809,0.417524,0.13233906,0.43944857
1331,45367.53800000017,33048.721000001766,0.312313,0.278596,0.3068664,0.13540167
1332,35767.537999999244,34848.7209999999,0.404794,0.347067,0.38639796,0.41370136
1333,3567.538000000175,25248.721000002697,0.255467,0.122802,0.28401145,0.102555774
1334,15967.538000000175,36448.72100000362,0.263941,0.396209,0.27826557,0.48323473
1335,5567.537999999709,28248.721000000838,0.301489,0.30094,0.2897368,0.2737087
1336,11167.538000000175,34248.7210000027,0.341404,0.402783,0.3638957,0.45913672
1337,14767.538000000173,40448.72100000269,0.212819,0.084783,0.20216341,0.066057585
1338,27567.538000000637,47048.721000001766,0.165901,0.362362,0.1638697,0.3919941
1340,6967.538000000641,30648.72100000177,0.355114,0.11919,0.32084623,0.112209566
1343,28367.537999999713,44248.7210000027,0.198072,0.486623,0.26415423,0.46060517
1344,27767.538000001106,43048.7210000027,0.178716,0.084751,0.14298555,0.12457328
1345,15167.53800000064,45648.7210000027,0.057156,0.022542,0.091425076,0.015910855
1346,30367.53800000064,34448.721000001766,0.365319,0.497348,0.38275433,0.55316776
1347,7767.538000000175,33848.72100000363,0.98485,0.284088,0.9615404,0.24234267
1348,32767.538000000175,31848.72100000177,0.339263,0.440104,0.3055307,0.4573861
1349,24767.538000000175,28248.721000000838,0.336056,0.442308,0.3342188,0.41227865
1350,19767.538000000175,39248.7210000027,0.263678,0.402683,0.25853625,0.41928184
1351,31367.538000000637,40248.72100000363,0.335986,0.301356,0.36093706,0.2527681
1352,19367.53800000064,41448.72100000363,0.218072,0.290563,0.24281421,0.28365725
1353,13367.538000000175,32248.72100000083,0.380402,0.296112,0.37617573,0.18207829
1354,13367.538000000175,42848.72100000269,0.126032,0.048848,0.15435334,0.03788953
1355,43367.537999999244,42848.72100000269,0.159454,0.002261,0.15787254,0.030203154
1357,19967.53800000064,36848.721000001766,0.329288,0.496852,0.3160289,0.48708367
1358,18167.538000000175,36448.72100000363,0.308578,0.484323,0.31626058,0.47358674
1359,33167.53799999971,32448.721000002697,0.322392,0.720603,0.35648528,0.56316805
1360,36367.53799999971,35048.721000000834,0.402854,0.441625,0.41995004,0.40838832
1362,38167.538000000175,32248.72100000083,0.311544,0.437556,0.3098174,0.581856
1363,7567.538000000641,34248.7210000027,0.374017,0.117912,0.39290217,0.09899937
1364,31567.538000001103,39648.721000000834,0.378961,0.31185,0.39181125,0.26127112
1365,19167.538000000175,38848.721000000834,0.257665,0.389865,0.24008176,0.34119478
1366,31167.53800000017,32648.721000003625,0.357099,0.749291,0.3653065,0.64229095
1367,21167.537999999713,31848.72100000177,0.474786,0.540059,0.46819758,0.49458605
1368,26967.53800000064,28448.721000000834,0.295631,0.336745,0.32409728,0.41864455
1370,30167.538000000175,39048.721000002704,0.389625,0.471781,0.38286376,0.51765275
1371,16967.53799999971,40648.721000001766,0.152998,0.065239,0.15022366,0.15857257
1372,19567.538000001106,39048.721000002704,0.266108,0.164902,0.23641808,0.21880057
1374,38767.53800000018,34248.7210000027,0.410985,0.646235,0.41581517,0.4822983
1375,19367.538000000644,36248.7210000027,0.329455,0.498466,0.3417219,0.4697068
1376,16367.538000001105,34448.721000001766,0.288905,0.425192,0.30611357,0.40162897
1377,11767.538000000643,37448.7210000027,0.227093,0.388365,0.19498688,0.2699603
1378,29967.538000000175,30048.72100000363,0.27612,0.575308,0.2892621,0.55476683
1379,16167.538000000643,41648.72100000269,0.122098,0.034557,0.1543009,0.08015736
1380,16967.53799999971,40048.7210000027,0.210028,0.300355,0.20654672,0.28274274
1381,23767.53800000064,35248.7210000027,0.380733,0.406156,0.37556314,0.4488852
1382,6967.538000000641,34648.721000000834,0.375146,0.118874,0.3556723,0.08765756
1383,32367.538000000175,31848.721000001766,0.30377,0.437699,0.28810188,0.45305008
1384,28567.53800000018,36448.72100000362,0.431864,0.422707,0.4225896,0.4374549
1385,26567.53800000064,47048.721000001766,0.12725,0.458646,0.09782235,0.45211315
1386,18767.538000000175,38048.721000002704,0.304021,0.499963,0.2918548,0.47305605
1387,17167.53800000017,35648.721000001766,0.310103,0.507208,0.30713093,0.4671649
1388,31567.538000001103,39248.7210000027,0.391158,0.316333,0.37853265,0.355976
1389,15367.538000000177,33848.72100000363,0.337668,0.418314,0.35988256,0.37554625
1390,18167.538000000175,43648.721000000834,0.183061,0.197487,0.24805228,0.14442159
1391,29167.538000000175,32448.721000002697,0.350971,0.566085,0.36232945,0.45215878
1392,21967.538000000175,32248.721000000838,0.486997,0.386118,0.50065535,0.43819085
1393,26567.538000000637,31248.721000000834,0.410179,0.420133,0.43030706,0.46552968
1394,18967.53800000064,36648.7210000027,0.343819,0.525907,0.35477465,0.50799525
1395,10167.538000000175,34848.7209999999,0.344182,0.100299,0.34119704,0.22998545
1396,29567.538000000175,46248.7209999999,0.169725,0.304576,0.15368722,0.3253373
1397,33967.538000000175,37648.72100000362,0.440822,0.442186,0.40380648,0.5233
1398,36767.538000000175,42448.7209999999,0.160969,0.461154,0.18257731,0.4885362
1399,15567.538000000643,33448.721000000834,0.401351,0.306656,0.4150513,0.1823947
1400,4767.538000000642,30848.721000000834,0.345873,0.297206,0.3457225,0.25437325
1401,6967.538000000641,29848.721000002693,0.319723,0.142865,0.3142566,0.13174686
1403,9767.537999999708,32648.72100000363,0.387648,0.106693,0.37293842,0.10462194
1404,27367.53800000018,48048.7210000027,0.155304,0.53336,0.1882619,0.44642293
1405,23967.538000001106,42648.72100000084,0.148959,0.197483,0.15587586,0.1480353
1406,13367.538000000175,39848.721000000834,0.18684,0.07514,0.19455153,0.061787594
1407,5567.53799999971,30648.721000001766,0.348894,0.282634,0.3418447,0.21988045
1408,5767.538000000174,33848.72100000363,0.323448,0.298931,0.35080796,0.18640321
1409,11967.538000001108,37448.7210000027,0.230609,0.388331,0.22415581,0.25536153
1410,36767.538000000175,42048.721000001766,0.23488,0.442225,0.1931236,0.5160616
1411,22967.538000000175,35848.721000000834,0.377786,0.402748,0.38976502,0.43168885
1414,40167.53799999971,35048.721000000834,0.477041,0.47064,0.47554472,0.44345334
1415,30167.538000000175,37248.721000000834,0.433335,0.402575,0.43755883,0.40382192
1416,21167.53799999971,32448.721000002697,0.471863,0.544463,0.4556032,0.48904923
1417,12767.538000000175,39648.721000000834,0.21741,0.088306,0.18852717,0.06985431
1418,20367.538000000175,33248.721000000834,0.406882,0.462505,0.39017117,0.4942584
1420,31567.538000001106,38248.721000001766,0.407774,0.437575,0.4198722,0.43877563
1421,13567.537999999711,39648.721000000834,0.198186,0.068306,0.19110104,0.055547822
1422,21367.53800000017,46448.721000000834,0.107959,0.427793,0.10074584,0.5049104
1423,13367.538000000175,32648.721000003625,0.334072,0.300808,0.34318012,0.2259553
1424,41967.53800000018,36648.7210000027,0.481204,0.499957,0.43222487,0.44626206
1425,26967.53800000064,31448.721000002697,0.401823,0.676673,0.39677942,0.6023828
1426,4367.5380000011055,29248.72100000177,0.251546,0.083029,0.27708626,0.11221848
1427,38967.53800000065,35448.7210000027,0.447151,0.562944,0.44807795,0.49830073
1428,10367.53799999971,34448.721000001766,0.358176,0.303247,0.3632928,0.3288785
1430,34167.53800000064,36448.72100000362,0.406018,0.517386,0.4041439,0.39862332
1431,16967.53799999971,32448.721000002697,0.431054,0.126655,0.41731456,0.114278816
1432,26567.53800000064,34048.7210000027,0.388926,0.453168,0.3880018,0.44777608
1433,18767.538000000175,38448.72100000084,0.312025,0.494241,0.29393545,0.44114473
1436,21767.53799999971,35448.7210000027,0.391418,0.476606,0.3694155,0.52279764
1437,22767.53800000064,39448.72100000176,0.258768,0.094457,0.2947942,0.117184706
1438,15367.538000000177,30048.72100000363,0.313822,0.126664,0.33378252,0.12979133
1439,16167.53800000064,34848.7209999999,0.266922,0.389577,0.2878204,0.46273154
1440,28367.537999999713,40848.72100000084,0.318702,0.151004,0.29749173,0.40378883
1441,15767.538000001106,46248.72099999991,0.077805,0.027505,0.07025418,0.05842464
1443,24767.538000000175,30848.72100000083,0.452038,0.460311,0.44695014,0.49938616
1445,20767.53799999971,31048.720999999903,0.428653,0.410243,0.44751066,0.5032314
1446,15767.538000001108,41648.7210000027,0.136862,0.035496,0.14353286,0.09209191
1447,39967.538000000175,35248.7210000027,0.481597,0.340598,0.461395,0.41472694
1448,19167.538000000175,42848.72100000269,0.18125,0.40787,0.21818139,0.32799575
1449,9367.53799999971,32048.721000000834,0.372147,0.108309,0.35881698,0.09167232
1450,29767.538000000637,30248.7210000027,0.319989,0.577235,0.319112,0.5895919
1452,13767.538000000175,40648.721000001766,0.196697,0.063839,0.20145962,0.056364257
1453,20567.537999999244,30448.7210000027,0.421545,0.459049,0.44478548,0.44676483
1454,9367.53799999971,26648.7210000027,0.304151,0.137692,0.31495625,0.13332187
1456,33767.538000000175,36048.72100000083,0.422369,0.453529,0.42222112,0.4869595
1457,21167.537999999713,45248.72100000363,0.120347,0.383284,0.113223284,0.39857113
1459,12367.538000000643,34048.72100000269,0.346241,0.284971,0.36596867,0.19411339
1460,13167.53799999971,33848.72100000363,0.310725,0.288159,0.3183765,0.3063126
1461,26167.538000000175,47648.7210000027,0.132941,0.492118,0.130816,0.4236302
1463,38367.53800000063,35448.7210000027,0.439966,0.541546,0.4271201,0.51986706
1464,45767.538000000175,33448.721000000834,0.303371,0.087148,0.29069299,0.124619775
1465,14567.538000000643,45048.72100000269,0.090788,0.01961,0.066378236,0.022770187
1466,34367.53800000018,37448.7210000027,0.422549,0.458843,0.3990542,0.41004902
1467,30567.53800000018,29448.721000000834,0.23168,0.45539,0.2512322,0.49278527
1468,28967.538000000175,36048.72100000084,0.418619,0.486935,0.41472578,0.4606901
1469,31367.53800000064,43848.7210000027,0.172784,0.118765,0.21168894,0.14316873
1470,27167.538000001106,30448.7210000027,0.39761,0.59676,0.38079393,0.5530542
1471,23767.53800000064,47048.721000001766,0.139111,0.454527,0.14072916,0.47462514
1473,18767.538000000175,33048.721000001766,0.437976,0.394769,0.41362324,0.36097825
1474,32767.538000000175,38048.721000002704,0.407706,0.526468,0.42373052,0.47390258
1475,32167.537999999706,31248.721000000838,0.205825,0.403023,0.22175851,0.45387378
1476,23167.53800000064,31448.721000002697,0.474731,0.428676,0.48290822,0.47718236
1477,21367.538000000175,33248.721000000834,0.40877,0.451035,0.41785082,0.43099263
1479,29167.538000000175,41248.7210000027,0.292602,0.197749,0.3082792,0.21751712
1480,15767.538000001108,40848.721000000834,0.188887,0.281851,0.20410044,0.14195792
1481,32167.53799999971,31848.721000001766,0.283004,0.431818,0.25851858,0.4517623
1482,28967.538000000175,37448.7210000027,0.446477,0.367062,0.43832192,0.48092175
1483,11767.538000000639,37048.721000000834,0.239142,0.402,0.249098,0.39768335
1484,27767.538000001103,31848.721000001766,0.390193,0.854269,0.36761114,0.6651968
1485,29567.538000000175,31448.721000002697,0.343116,0.743559,0.3433268,0.6445005
1486,33567.53800000064,37248.721000000834,0.413608,0.492856,0.43369222,0.5138124
1487,10767.538000000639,32048.721000000834,0.386822,0.12409,0.3961568,0.066405706
1488,30367.538000000637,37248.721000000834,0.462842,0.384701,0.44936833,0.37583566
1489,34767.53800000111,32848.7210000027,0.302863,0.628375,0.32338086,0.54686624
1490,23767.53800000064,34448.721000001766,0.424807,0.426282,0.4331627,0.4670468
1492,17767.538000000175,42648.72100000084,0.186872,0.177856,0.1491676,0.18253139
1493,24767.53800000017,34848.7209999999,0.402869,0.419125,0.4169166,0.41752696
1494,29767.53800000064,38848.72100000083,0.377841,0.454138,0.3716666,0.51529706
1495,16367.538000001106,47648.7210000027,0.052146,0.108869,0.115709394,0.14505354
1496,39167.53800000111,39448.72100000176,0.375954,0.325229,0.37023854,0.2996026
1497,31167.53800000018,37448.7210000027,0.453657,0.163767,0.43739974,0.38883102
1498,29767.53800000064,28848.721000003632,0.219375,0.725007,0.25466618,0.6592556
1499,42967.53800000111,37248.721000000834,0.400118,0.433114,0.3746997,0.4230465
1500,17767.538000000175,36848.721000001766,0.336078,0.467171,0.2977811,0.44429561
1501,15367.538000000177,34848.7209999999,0.329954,0.478264,0.30237004,0.52585185
1502,23967.53800000111,29448.721000000834,0.392866,0.283221,0.37989867,0.3616337
1503,33967.538000000175,36648.721000002704,0.413378,0.427111,0.41935426,0.42974126
1504,21567.538000000175,32248.72100000083,0.46703,0.463899,0.46051598,0.46361548
1505,25967.53800000064,30848.721000000834,0.415429,0.482468,0.4602831,0.5063289
1506,26167.538000000175,33848.72100000363,0.392526,0.45986,0.4000832,0.43961868
1507,14167.53799999971,45848.72100000176,0.046137,0.023805,0.072184205,0.032951403
1508,19367.538000000644,33648.7210000027,0.374634,0.400918,0.3750307,0.49275264
1510,21367.53800000017,41248.7210000027,0.184375,0.559845,0.25279197,0.47501916
1512,23167.53800000064,32448.721000002697,0.471202,0.442933,0.46109566,0.4912237
1513,36967.53799999971,41848.7210000027,0.210473,0.46781,0.18876569,0.5154268
1514,40167.53799999971,38248.721000001766,0.413212,0.516761,0.40314204,0.4949702
1515,33167.53799999971,38248.721000001766,0.425748,0.442117,0.42263454,0.4992546
1516,21767.537999999706,32448.721000002697,0.500076,0.395426,0.46125638,0.4533176
1517,27367.538000000175,45848.72100000176,0.172272,0.377456,0.19991721,0.43642431
1518,28767.53799999971,37048.721000000834,0.41936,0.589242,0.44020623,0.5062828
1519,16967.537999999713,28448.721000000834,0.332311,0.131643,0.3202379,0.14127804
1520,16167.538000000643,36648.7210000027,0.278625,0.438852,0.28341776,0.4534552
1521,26367.53800000018,43648.721000000834,0.215322,0.144115,0.2265749,0.14748652
1522,16567.538000000175,36648.7210000027,0.304949,0.452741,0.28279006,0.4282333
1524,34167.53800000064,33848.72100000363,0.351331,0.426523,0.36187875,0.48421308
1525,13767.538000000173,35048.721000000834,0.339582,0.381545,0.3129881,0.35114905
1526,22967.538000000175,48648.721000000834,0.122259,0.13655,0.13691238,0.18859293
1527,4767.538000000642,32048.721000000834,0.342736,0.097604,0.3608582,0.22285514
1528,13967.538000000177,36248.7210000027,0.277533,0.504339,0.27106032,0.4925934
1529,11967.538000001106,33848.72100000363,0.358859,0.302626,0.3568201,0.23507892
1530,11567.538000000175,33048.72100000177,0.310283,0.29968,0.3358477,0.17277369
1531,32367.538000000175,37048.72100000083,0.414157,0.462634,0.39077285,0.50150967
1532,12367.538000000643,28448.721000000834,0.280596,0.137015,0.30317825,0.10026889
1533,13767.538000000177,44848.72100000084,0.04876,0.043494,0.06338209,0.027830472
1534,13967.538000000177,45448.721000002704,0.068961,0.024152,0.07491775,0.052081455
1536,9567.538000000175,43048.7210000027,0.186199,0.006333,0.119951695,0.033408035
1537,24367.537999999244,28848.721000003632,0.353795,0.43407,0.36706823,0.41223875
1538,16367.538000001105,47048.72100000177,0.088571,0.340638,0.10489161,0.112463094
1539,39367.538000000175,34648.721000000834,0.406288,0.523073,0.42056274,0.49158782
1540,31167.53800000017,30648.721000001762,0.248916,0.427422,0.28449264,0.4337769
1541,9967.538000000177,35448.7210000027,0.341925,0.069518,0.3176794,0.195108
1543,31167.538000000175,35248.7210000027,0.420793,0.493461,0.41389486,0.44263637
1544,29967.538000000175,31648.721000002697,0.326328,0.607876,0.33840618,0.70483154
1545,12967.537999999246,40248.72100000363,0.204967,0.081674,0.20592171,0.07016914
1546,25167.538000000175,47248.721000000834,0.12817,0.349106,0.14911017,0.31618544
1547,34167.53800000064,32648.72100000363,0.321418,0.585699,0.31733468,0.5433011
1549,9367.53799999971,34248.7210000027,0.369912,0.094034,0.35412717,0.13369492
1550,28967.538000000175,38048.721000002704,0.379606,0.39164,0.4043141,0.43637806
1551,28767.53799999971,33848.72100000363,0.377869,0.579131,0.39917442,0.4753524
1552,43767.538000000175,38648.720999999896,0.367666,0.114796,0.34620863,0.2018734
1553,31967.537999999247,36048.72100000083,0.403479,0.405383,0.4026904,0.4337041
1554,20767.53799999971,32048.721000000834,0.444275,0.658594,0.46347186,0.5070027
1555,31767.538000000175,39248.7210000027,0.401677,0.435237,0.36888486,0.35100374
1556,14167.53799999971,37648.72100000363,0.24794,0.244717,0.2649552,0.27208176
1557,5967.537999999709,33648.7210000027,0.342436,0.113596,0.36212134,0.18615374
1558,22767.53800000064,48648.721000000834,0.120699,0.124458,0.14823635,0.1734193
1559,41767.53800000064,33648.7210000027,0.409768,0.169726,0.40588623,0.27616802
1560,34567.53800000064,37048.721000000834,0.441213,0.395118,0.41530105,0.31900096
1561,27767.538000001103,34448.721000001766,0.325323,0.084766,0.33548036,0.13385098
1562,20567.537999999244,34848.7209999999,0.345481,0.1209,0.36685115,0.34328938
1563,40767.53799999971,37848.7210000027,0.475805,0.472991,0.42263347,0.48536626
1566,34567.53800000064,36848.721000001766,0.422578,0.320884,0.422093,0.28710636
1567,27967.53800000017,39448.72100000176,0.358078,0.395463,0.34386888,0.5158471
1568,22367.538000000175,34048.7210000027,0.417197,0.226414,0.4228814,0.29063448
1569,41967.53800000018,37848.7210000027,0.443054,0.530024,0.4226048,0.47480357
1570,10567.538000000175,27048.721000000834,0.305538,0.138377,0.3071041,0.14991754
1574,35167.53800000065,31248.721000000838,0.231633,0.612306,0.2791631,0.50171304
1575,21367.538000000175,35248.7210000027,0.376295,0.463943,0.3830903,0.5087432
1576,19967.53800000064,39048.721000002704,0.281194,0.461668,0.2385046,0.3087676
1577,22967.538000000175,36048.72100000083,0.371684,0.436704,0.3681912,0.40704158
1578,18967.53800000064,43448.721000000834,0.224836,0.353686,0.19419591,0.32502776
1579,8367.538000000175,34248.7210000027,0.373816,0.105636,0.4892674,0.0332215
1582,4767.538000000642,31448.721000002697,0.379052,0.299065,0.3640791,0.2441491
1583,5567.537999999709,34248.7210000027,0.306431,0.111605,0.3151265,0.1910518
1584,20767.53799999971,45648.7210000027,0.107279,0.1825,0.09413931,0.18124272
1588,5967.537999999709,34848.7209999999,0.340318,0.11002,0.29807374,0.12269511
1589,23367.538000001106,31848.721000001766,0.474203,0.409621,0.443004,0.5055316
1590,8967.538000000175,33648.7210000027,0.389242,0.299853,0.37484175,0.25879374
1592,26367.53800000018,35448.7210000027,0.375803,0.07509,0.34718904,0.09164392
1593,30167.538000000175,41048.721000000834,0.318813,0.202639,0.3201007,0.2841133
1594,28167.53799999924,29248.72100000177,0.333978,0.477435,0.31921217,0.50372344
1596,19767.538000000175,37248.721000000834,0.327587,0.598506,0.31862304,0.5136799
1597,26967.538000000637,29848.721000002693,0.346623,0.487426,0.36846983,0.5359061
1598,33167.53799999971,31248.721000000834,0.212832,0.40904,0.24825506,0.4761125
1599,44367.538000000175,34448.721000001766,0.333252,0.079138,0.23134874,0.07802551
1601,34567.53800000064,38248.721000001766,0.366529,0.431658,0.37501016,0.46277657
1603,25967.53800000064,35248.7210000027,0.35635,0.455524,0.33690628,0.15874885
1604,22967.538000000175,29448.721000000834,0.406499,0.352374,0.39384723,0.3731813
1605,28167.53799999924,25048.721000003632,0.153492,0.060355,0.15052567,0.28491938
1606,30167.538000000175,29248.721000001762,0.25159,0.677995,0.25075027,0.56795007
1607,12167.538000000177,34448.721000001766,0.379717,0.31537,0.3326946,0.22906652
1608,34367.53800000018,38848.721000000834,0.380352,0.607452,0.39192727,0.51544124
1609,21367.538000000175,46848.7210000027,0.109255,0.360939,0.0952757,0.44826323
1610,20967.538000000175,31848.721000001766,0.47294,0.522123,0.4629675,0.50887
1611,16567.538000000175,40248.72100000363,0.180492,0.094803,0.18687303,0.18765396
1612,17567.538000000175,31648.721000002697,0.42946,0.128767,0.44349173,0.13324319
1613,35367.538000001114,41248.7210000027,0.282357,0.637825,0.24555945,0.63049567
1614,5767.538000000174,33248.721000000834,0.381369,0.299429,0.3846758,0.22847717
1616,31167.538000000175,35848.721000000834,0.41549,0.201262,0.42814314,0.3909556
1617,15767.538000001105,33648.7210000027,0.350804,0.302006,0.3505077,0.30604166
1618,24367.537999999244,46048.721000000834,0.13309,0.431799,0.12770864,0.3817052
1619,23767.538000000637,33648.7210000027,0.423704,0.250198,0.42183885,0.2674724
1620,41567.538000000175,39648.721000000834,0.338578,0.50205,0.34612823,0.44381282
1621,27967.538000000175,39648.721000000834,0.352477,0.604898,0.35882428,0.5016372
1622,10767.538000000639,28448.721000000834,0.244597,0.133548,0.2585107,0.1604857
1623,26167.538000000175,43848.7210000027,0.186831,0.145956,0.19672798,0.10879799
1624,30567.538000000175,35048.721000000834,0.403403,0.541604,0.40948662,0.4613924
1625,12367.53800000064,37448.7210000027,0.248798,0.429088,0.24811286,0.30508918
1627,35967.53799999971,43248.721000001766,0.170915,0.449195,0.19274114,0.4481957
1628,8967.538000000173,33448.721000000834,0.42063,0.278706,0.37722668,0.27646196
1629,36767.53800000017,36048.72100000083,0.453446,0.100836,0.4290424,0.22094303
1630,5767.538000000174,32848.7210000027,0.383381,0.299174,0.3855026,0.2518175
1631,32567.537999999713,35648.721000001766,0.376859,0.438328,0.40385965,0.43369815
1632,30567.538000000175,36848.721000001766,0.436017,0.475285,0.44540647,0.42173854
1634,18167.538000000175,41648.72100000269,0.194823,0.471518,0.17300123,0.48642653
1636,33367.538000000175,31848.72100000177,0.311444,0.416472,0.30840662,0.48658466
1637,33367.538000000175,37248.721000000834,0.420596,0.453513,0.43052822,0.52294207
1639,33367.538000000175,30248.721000002693,0.184348,0.097311,0.2509649,0.066570304
1640,18167.538000000175,44848.72100000084,0.152688,0.077702,0.15805836,0.036655653
1643,34967.538000000175,38848.721000000834,0.362984,0.489011,0.3606563,0.50385386
1644,25967.53800000064,28048.721000001766,0.292545,0.387314,0.28899607,0.39565805
1645,20367.538000000175,46648.7210000027,0.081209,0.1223,0.08725856,0.142174
1646,22167.538000000644,31248.721000000834,0.465303,0.475883,0.48652136,0.4728028
1647,13767.538000000177,40848.721000000834,0.193668,0.06134,0.20131366,0.05562376
1648,31367.53800000064,36048.72100000084,0.40119,0.177431,0.43377787,0.35357967
1649,33167.53799999971,31648.7210000027,0.315351,0.415222,0.30433753,0.46714124
1650,18367.53800000064,45848.72100000176,0.095989,0.079012,0.12872511,0.06350722
1651,8967.538000000175,31848.721000001766,0.42446,0.104491,0.39757857,0.102000974
1652,32567.53799999971,32448.721000002697,0.300377,0.524765,0.32213727,0.50427145
1654,20967.538000000175,34648.721000000834,0.408038,0.621632,0.40298495,0.4056708
1655,30767.538000000637,29248.721000001766,0.273834,0.460593,0.2164352,0.4451037
1656,36367.53799999971,33248.721000000834,0.323441,0.538298,0.3547843,0.4821943
1657,28167.537999999244,28448.721000000838,0.274026,0.494903,0.26431158,0.45838216
1658,39367.53800000017,37648.721000003636,0.471021,0.498629,0.44399217,0.48189566
1659,12167.538000000173,35448.7210000027,0.314734,0.37915,0.30493644,0.39071634
1661,35967.53799999971,43048.7210000027,0.176521,0.497273,0.1939111,0.4717337
1662,34567.53800000064,31248.721000000838,0.253455,0.120643,0.25686124,0.45906737
1663,15967.538000000173,29448.721000000834,0.340311,0.133763,0.35810122,0.11817887
1665,23367.538000001106,28848.721000003632,0.373502,0.629735,0.40033203,0.48487604
1666,11167.538000000175,28248.72100000083,0.250308,0.148763,0.27221364,0.1554406
1667,32167.53799999971,34448.721000001766,0.363253,0.466906,0.3638096,0.49435222
1668,26567.53800000064,33848.72100000363,0.387199,0.443324,0.39106897,0.45437452
1669,39767.53799999971,36848.721000001766,0.473986,0.505396,0.47654885,0.43182087
1670,14367.538000000173,36448.72100000363,0.276315,0.518894,0.27879253,0.50519997
1671,18167.53800000017,33648.7210000027,0.387315,0.395915,0.33112377,0.4031004
1672,40767.5379999997,38848.72100000083,0.42305,0.463131,0.38983586,0.5130948
1674,43967.5379999997,38848.72100000083,0.346044,0.119955,0.33662787,0.1921624
1675,21367.538000000175,43448.72100000084,0.180467,0.089603,0.18550998,0.06549432
1676,22167.538000000644,29848.721000002693,0.409053,0.538062,0.43713138,0.46426827
1678,7167.538000000175,29248.72100000177,0.30237,0.142011,0.3262527,0.12108242
1679,11767.538000000639,35648.721000001766,0.357803,0.399522,0.30681267,0.38787863
1680,42167.53800000064,34848.7209999999,0.433287,0.37448,0.4398049,0.36672497
1681,29767.538000000637,46048.721000000834,0.169809,0.307714,0.16361886,0.24375442
1682,7367.538000000175,34048.7210000027,0.379378,0.118816,0.38396332,0.09434923
1683,18767.538000000175,38648.7209999999,0.308209,0.354733,0.28956485,0.41854241
1684,28767.537999999706,36248.721000002704,0.420792,0.407395,0.44245243,0.46210665
1685,23967.538000001106,31848.721000001766,0.490127,0.45156,0.4701405,0.49009013
1686,42167.53800000065,38048.7210000027,0.365832,0.46934,0.3946129,0.43407837
1687,13767.538000000177,46048.721000000834,0.042816,0.020084,0.07364273,0.043842185
1688,28767.537999999706,32448.721000002697,0.359412,0.348879,0.37304017,0.42103335
1689,41967.53800000018,33448.721000000834,0.342308,0.114459,0.36619547,0.19119883
1690,14767.538000000173,41648.7210000027,0.145879,0.0353,0.15460011,0.044933487
1691,8367.538000000175,35648.721000001766,0.285692,0.060738,0.20708965,0.056974728
1692,29767.538000000637,31648.7210000027,0.363604,0.76072,0.3411877,0.6629856
1693,41167.53800000064,35048.721000000834,0.479108,0.459468,0.44331664,0.43281808
1694,27367.53800000018,34648.721000000834,0.329483,0.290526,0.35255602,0.19850427
1695,11367.538000000639,33448.721000000834,0.355805,0.109707,0.34865698,0.17386626
1696,45167.53800000018,37048.72100000083,0.38284,0.342425,0.39117384,0.3464074
1698,30767.538000000637,40248.72100000363,0.322303,0.33487,0.33113107,0.2361997
1699,45367.538000000175,33448.721000000834,0.309684,0.282368,0.30042607,0.1314659
1700,14767.538000000175,40248.72100000363,0.160364,0.095895,0.20565984,0.07047119
1701,32367.538000000175,37648.721000003636,0.403552,0.35661,0.40603232,0.4653992
1703,34967.538000000175,37048.72100000083,0.452652,0.185603,0.44191834,0.19779366
1704,28967.538000000175,32448.721000002693,0.366483,0.332053,0.3492545,0.4241259
1705,17767.538000000175,32048.721000000834,0.384069,0.113741,0.40412432,0.14890759
1707,42167.53800000064,37648.72100000363,0.411573,0.505863,0.41866598,0.49190396
1708,31967.537999999244,38648.720999999896,0.372223,0.421433,0.39197055,0.4416124
1710,30367.538000000637,29448.721000000834,0.23645,0.462862,0.25266886,0.49257922
1712,37767.538000000175,40648.721000001766,0.238591,0.101774,0.18555132,0.050730933
1713,31767.538000000175,34248.7210000027,0.363461,0.470405,0.3613255,0.51188064
1714,28567.538000000175,49248.72100000269,0.169085,0.313193,0.14281212,0.34247866
1716,18767.538000000175,37248.721000000834,0.304333,0.502107,0.29570523,0.49978265
1718,15367.538000000175,39248.7210000027,0.217473,0.099367,0.18798691,0.107758455
1719,15767.538000001108,47248.721000000834,0.054901,0.013339,0.07637566,0.08520558
1720,14367.538000000175,36648.721000002704,0.302792,0.51917,0.28752187,0.52189547
1721,8367.538000000175,34048.7210000027,0.972121,0.281369,0.91572726,0.22656879
1722,35367.53800000111,40448.72100000269,0.271575,0.476905,0.2798916,0.5430775
1723,44367.538000000175,36248.7210000027,0.410277,0.139902,0.33530036,0.18505809
1724,28567.538000000175,29048.721000002697,0.277569,0.454589,0.2942727,0.52997416
1725,16167.538000000643,35848.72100000083,0.230862,0.394456,0.25779152,0.33019197
1726,27567.538000000637,28448.721000000834,0.3403,0.437547,0.28453034,0.39327163
1727,14167.53799999971,33848.72100000363,0.330729,0.302086,0.3226274,0.2841444
1728,10767.53800000064,38648.7209999999,0.200218,0.028305,0.1685211,0.10187625
1729,35167.53800000064,38648.7209999999,0.344266,0.501848,0.379811,0.50254136
1730,16767.537999999244,41648.7210000027,0.124453,0.032962,0.17089882,0.07595237
1731,19167.538000000175,43648.721000000834,0.188461,0.360504,0.15807235,0.30333933
1732,8767.538000001106,33448.721000000834,0.39953,0.281376,0.36578223,0.29765114
1734,24967.53799999971,46648.7210000027,0.155983,0.422086,0.14781936,0.41481203
1735,10167.538000000175,27648.721000002697,0.276063,0.13567,0.29682118,0.14085293
1736,13367.538000000175,34648.721000000834,0.350642,0.141989,0.33972237,0.24417149
1737,38767.538000000175,39448.72100000176,0.382753,0.296444,0.380839,0.23855229
1738,21567.53800000017,33048.72100000177,0.407313,0.34526,0.42157638,0.43306637
1739,32567.53799999971,31448.7210000027,0.29936,0.43547,0.26102448,0.49506122
1740,20567.537999999244,31048.7209999999,0.426134,0.509353,0.44165337,0.5116017
1741,27767.538000001103,45248.72100000363,0.179665,0.358749,0.17250228,0.42251664
1743,38767.538000000175,37648.721000003636,0.466442,0.560879,0.46496445,0.40509206
1744,27567.538000000637,44648.721000000834,0.156868,0.416766,0.16157763,0.3160218
1745,25567.53799999971,27848.7210000027,0.293939,0.62777,0.3109555,0.5708451
1746,23967.53800000111,45648.7210000027,0.150563,0.407235,0.13475311,0.39262405
1747,9367.537999999711,28648.721000002693,0.317036,0.129135,0.30545613,0.16840386
1748,13167.53799999971,32448.721000002697,0.363695,0.300165,0.34720847,0.20982766
1749,15967.538000000175,28848.721000003632,0.320035,0.13286,0.35245517,0.13386106
1750,32167.537999999706,38848.721000000834,0.378677,0.42812,0.3914062,0.40587762
1751,11767.538000000643,41248.72100000269,0.19094,0.038548,0.11695407,0.027262976
1752,22767.53800000064,34048.7210000027,0.428848,0.486302,0.42121953,0.30529788
1753,37167.538000000175,31848.72100000177,0.29854,0.527904,0.3123807,0.49726105
1754,36767.538000000175,34448.721000001766,0.387322,0.588646,0.39118892,0.4770702
1755,28967.538000000175,36248.7210000027,0.420006,0.448345,0.43287766,0.4665015
1756,32167.53799999971,32248.721000000838,0.281513,0.468026,0.2934531,0.47884813
1757,6167.538000000175,34848.7209999999,0.327929,0.117831,0.3068272,0.10691545
1758,29167.538000000175,36848.721000001766,0.463264,0.44205,0.4592607,0.5070055
1759,35567.538000000175,31848.721000001766,0.322422,0.650493,0.31043485,0.63437045
1760,16567.538000000175,41448.721000003636,0.153273,0.035835,0.16796519,0.088245116
1761,5967.53799999971,28448.721000000834,0.314292,0.287989,0.2984405,0.2716208
1762,18767.538000000175,43648.721000000834,0.205625,0.209451,0.16022974,0.25621116
1763,18367.53800000064,39248.7210000027,0.241101,0.420252,0.27456722,0.45480716
1764,25367.53800000017,47448.721000000834,0.139461,0.190858,0.14782865,0.23511979
1765,17967.53799999971,44848.721000000834,0.121078,0.07317,0.14502716,0.035043348
1766,16167.538000000643,27648.721000002693,0.323584,0.132431,0.353878,0.11850131
1767,43367.537999999244,36448.72100000362,0.419889,0.122925,0.42152965,0.18005727
1768,28167.537999999244,34048.7210000027,0.377376,0.284277,0.34540653,0.25435427
1769,41367.538000000175,39048.721000002704,0.392656,0.43561,0.3506311,0.4774493
1770,25767.538000000175,29048.721000002697,0.306013,0.461769,0.3704879,0.4560982
1772,39967.538000000175,32648.721000003625,0.347397,0.300279,0.36546758,0.45958135
1774,20567.537999999244,31448.721000002697,0.433423,0.466093,0.4244852,0.49117428
1775,28567.538000000175,31648.721000002697,0.409764,0.815747,0.37780225,0.65686876
1776,23567.538000000175,30448.7210000027,0.453444,0.343392,0.43988234,0.37252557
1777,29967.538000000175,37248.721000000834,0.430475,0.659054,0.42297667,0.45291084
1778,16367.538000001106,46648.7210000027,0.069811,0.026868,0.06691751,0.10176062
1779,32767.538000000175,35248.7210000027,0.403957,0.41367,0.4025196,0.44894573
1780,5967.537999999709,31248.721000000834,0.356358,0.123628,0.35503823,0.13546915
1781,33967.538000000175,31848.72100000177,0.317159,0.316946,0.31330675,0.4714734
1782,27367.538000000175,28848.721000003632,0.280966,0.480441,0.31965762,0.4519731
1784,17167.538000000175,42248.721000000834,0.158949,0.058284,0.18148662,0.1504636
1785,29367.537999999713,28048.721000001766,0.236146,0.392977,0.23614258,0.42265916
1786,29367.53799999971,39248.7210000027,0.359916,0.476209,0.3692512,0.47633567
1788,20767.53799999971,39648.721000000834,0.265998,0.518885,0.2944621,0.5094284
1789,36367.53799999971,34248.7210000027,0.349775,0.512821,0.38330194,0.42790493
1790,34967.538000000175,41848.72100000269,0.241003,0.664345,0.23330808,0.5835924
1791,29167.538000000175,36448.72100000362,0.440095,0.490735,0.46281964,0.48717913
1792,19967.53800000064,34848.7209999999,0.399506,0.235872,0.36257696,0.28751317
1793,12367.538000000643,44648.721000000834,0.078631,0.080931,0.12613231,0.07656377
1794,32367.538000000175,31648.721000002697,0.299989,0.437438,0.27607962,0.45862398
1797,38967.53800000064,34848.7209999999,0.456419,0.527413,0.4236788,0.50455177
1798,19967.53800000064,35848.72100000083,0.346519,0.345369,0.33872625,0.42469642
1799,23167.53800000064,48848.7210000027,0.147696,0.111828,0.16466424,0.18181342
1800,31967.537999999244,40248.72100000363,0.327974,0.40502,0.3594607,0.28832927
1802,17567.538000000175,34248.7210000027,0.370103,0.208662,0.3416556,0.30918574
1803,5367.537999999243,31448.721000002697,0.342146,0.302193,0.378797,0.25304702
1804,26767.538000000175,34648.721000000834,0.335723,0.094579,0.35141945,0.29656824
1805,20167.538000001106,39448.72100000176,0.259958,0.420617,0.2724907,0.47842044
1806,31767.53800000018,31048.7209999999,0.242687,0.542582,0.25435948,0.40030834
1809,14367.538000000175,45448.721000002704,0.085563,0.01839,0.085346475,0.03229927
1810,19767.538000000175,32648.721000003625,0.403336,0.433978,0.43064797,0.42674547
1811,22167.538000000644,42648.721000000834,0.151183,0.387034,0.18617073,0.18760765
1812,34967.538000000175,33648.7210000027,0.354534,0.423737,0.35449445,0.3955313
1814,38767.53800000018,36648.7210000027,0.467774,0.424644,0.46520638,0.42810974
1816,17767.538000000175,40848.721000000834,0.218912,0.572985,0.20146498,0.51648617
1817,21567.53800000017,47048.72100000177,0.114236,0.338358,0.106107935,0.43748862
1818,22367.538000000175,30648.721000001762,0.50025,0.412694,0.4743188,0.41261107
1819,23567.53800000018,34448.721000001766,0.430986,0.630198,0.42111143,0.46694207
1820,30167.538000000175,31848.72100000177,0.349854,0.60493,0.34703675,0.6810477
1821,21767.53799999971,46048.721000000834,0.110733,0.521934,0.13242888,0.5412064
1822,29767.538000000637,39248.7210000027,0.348392,0.444852,0.3564206,0.5031223
1823,32967.538000000175,35048.721000000834,0.417707,0.620025,0.40037626,0.48786068
1824,32967.538000000175,34248.7210000027,0.376913,0.463321,0.3834101,0.45440432
1825,20167.538000001106,34848.7209999999,0.355832,0.233899,0.365361,0.31749603
1827,34767.53800000111,35848.721000000834,0.410392,0.299558,0.4198147,0.30716258
1828,38567.53800000111,35248.7210000027,0.42042,0.537114,0.426071,0.5246084
1829,16367.538000001106,47248.721000000834,0.085042,0.233057,0.08975604,0.124492966
1830,33767.538000000175,37448.7210000027,0.423123,0.448436,0.41311195,0.5241139
1832,42967.53800000111,38448.72100000083,0.383845,0.19107,0.35449648,0.25516012
1833,26167.538000000175,26448.721000002697,0.21245,0.446341,0.23206426,0.45627475
1834,36767.538000000175,32648.721000003625,0.349168,0.573645,0.354561,0.48214576
1835,24167.538000000175,33048.72100000177,0.457274,0.371988,0.40743995,0.42350224
1836,24567.53799999971,33248.721000000834,0.443725,0.492265,0.42482156,0.503925
1837,18967.53800000064,45848.72100000176,0.120653,0.097697,0.14990377,0.11875031
1838,39167.538000001114,34648.721000000834,0.400903,0.500188,0.42575252,0.49500993
1839,37567.538000000175,32248.72100000083,0.307866,0.480197,0.31118053,0.5155624
1841,40767.5379999997,37448.7210000027,0.466627,0.492658,0.45281917,0.50188935
1842,40367.538000000175,37048.72100000084,0.455625,0.519398,0.46586427,0.47030485
1843,20967.538000000175,35448.7210000027,0.398688,0.571234,0.39568233,0.52847064
1844,30367.53800000064,40048.7210000027,0.340804,0.417426,0.3781743,0.34395194
1846,9767.53799999971,30848.721000000834,0.369543,0.134325,0.3412717,0.12076045
1847,14767.538000000173,40848.721000000834,0.170926,0.048058,0.20401745,0.050796617
1848,18167.538000000175,46248.7209999999,0.105509,0.081057,0.11016248,0.07826354
1849,23367.538000001106,29048.721000002697,0.372471,0.558949,0.39517444,0.47304296
1850,25767.538000000175,48648.721000000834,0.146807,0.345183,0.15993387,0.35653022
1851,32167.53799999971,35848.72100000083,0.393115,0.440469,0.40577114,0.44676772
1852,28167.537999999244,29648.721000000834,0.34927,0.471422,0.3324369,0.51863056
1853,34967.53800000018,42448.7209999999,0.168326,0.469597,0.21113048,0.53068304
1854,25767.538000000175,32048.721000000834,0.415349,0.439353,0.41903195,0.38323677
1856,44167.53800000018,37848.72100000269,0.348273,0.109496,0.3449763,0.07482409
1857,28767.53799999971,29048.7210000027,0.23728,0.514839,0.3010563,0.5733471
1858,31767.53800000018,35648.721000001766,0.410888,0.403971,0.4029551,0.42923445
1859,41167.53800000064,35648.721000001766,0.456497,0.494993,0.47864485,0.4624382
1860,36167.538000000175,34048.7210000027,0.344678,0.603445,0.38315585,0.4261648
1861,31167.538000000175,44248.7210000027,0.177011,0.120446,0.204239,0.15797162
1862,10567.538000000173,29248.721000001762,0.26259,0.127649,0.23872896,0.110221066
1864,30367.53800000064,28648.721000002697,0.195712,0.385467,0.17038874,0.38522175
1867,31767.538000000175,34648.721000000834,0.366109,0.647055,0.36616644,0.49404147
1868,27967.538000000175,32048.721000000834,0.393581,0.867866,0.37384677,0.6500477
1869,37167.538000000175,42648.721000000834,0.153386,0.48009,0.17868274,0.46840206
1870,43167.53800000017,37848.7210000027,0.397348,0.190068,0.37355202,0.28175893
1871,20567.537999999244,31648.721000002697,0.428984,0.48609,0.45351863,0.50434536
1872,35167.53800000064,40448.72100000269,0.271962,0.566125,0.29531515,0.53096956
1873,36567.53800000017,41648.72100000269,0.221337,0.447862,0.21490164,0.53432834
1874,23367.538000001106,28448.721000000838,0.397678,0.352245,0.390962,0.4132495
1876,13967.538000000171,33048.72100000177,0.327203,0.303286,0.31509295,0.24817717
1877,41767.53800000064,35048.721000000834,0.471337,0.404349,0.46057755,0.43570453
1878,18567.53800000017,42648.72100000084,0.168787,0.431434,0.1978043,0.44969204
1879,35967.53799999971,35248.7210000027,0.418334,0.3352,0.42685598,0.36109382
1881,7767.538000000175,32648.721000003625,0.366852,0.107433,0.3864821,0.097927056
1882,31367.53800000064,28648.721000002693,0.172156,0.175582,0.21983169,0.31041202
1883,8167.538000001106,33648.7210000027,0.991858,0.282738,0.9936996,0.24320143
1884,42767.53800000065,38848.721000000834,0.398489,0.198104,0.26156598,0.239797
1885,17967.537999999713,42448.720999999896,0.154261,0.343334,0.15327805,0.34763798
1886,36367.53799999971,39048.7210000027,0.395374,0.103002,0.38882327,0.084666155
1887,30567.53800000018,31648.721000002697,0.347644,0.680677,0.32071668,0.63773465
1889,31967.537999999247,36648.7210000027,0.413598,0.397035,0.41867262,0.46854654
1891,29767.53800000064,28648.721000002697,0.235746,0.415502,0.24426568,0.47951487
1893,8167.538000001106,34048.7210000027,0.970832,0.117344,0.98297894,0.23767726
1894,24767.538000000175,28448.721000000838,0.378,0.461382,0.36866742,0.44727564
1895,8967.538000000173,32848.7210000027,0.402919,0.114804,0.3890921,0.11445732
1896,27967.53800000017,47848.721000003636,0.153114,0.310969,0.15285774,0.31392744
1897,4967.5380000011055,32048.721000000834,0.395577,0.105831,0.3563264,0.22918655
1898,22167.53800000064,32048.721000000834,0.486555,0.485869,0.47792324,0.46639854
1899,19767.538000000175,39448.72100000176,0.234106,0.418128,0.28696147,0.46199113
1900,26767.538000000175,35848.721000000834,0.371261,0.058317,0.38767293,0.1394549
1901,27567.538000000637,37248.721000000834,0.383882,0.638216,0.39677647,0.4899005
1902,28367.53799999971,34448.721000001766,0.391325,0.116382,0.34741396,0.16556296
1903,15167.53800000064,46648.7210000027,0.025321,0.021938,0.045734316,0.01628392
1905,16767.537999999244,40648.72100000177,0.176194,0.063985,0.16854347,0.15294115
1906,18767.538000000175,42048.72100000176,0.228228,0.405622,0.21102521,0.43946692
1907,6167.538000000174,33448.721000000834,0.394923,0.116851,0.35880256,0.1491963
1908,36967.53799999971,38048.7210000027,0.366303,0.065507,0.3820217,0.0735273
1909,42567.538000000175,33248.721000000834,0.325239,0.084735,0.3021586,0.057923455
1910,31967.537999999244,32648.721000003625,0.317548,0.473983,0.33566093,0.46748587
1911,28967.53800000018,30048.72100000363,0.317512,0.541511,0.3257172,0.6561094
1912,10767.53800000064,32448.721000002697,0.341582,0.125183,0.37257493,0.10037976
1913,14167.53799999971,36848.721000001766,0.278573,0.532807,0.26206177,0.5168724
1914,40767.53799999971,34448.721000001766,0.427961,0.489777,0.4355405,0.48537892
1915,31367.53800000064,38048.7210000027,0.420155,0.422068,0.42643562,0.43382436
1916,23767.53800000064,45448.721000002704,0.149662,0.398997,0.11604276,0.37501895
1917,29367.53799999971,34248.7210000027,0.365422,0.63958,0.37807754,0.5177686
1918,25567.537999999706,31248.721000000834,0.402577,0.465751,0.41428274,0.40450162
1919,13367.538000000175,32048.721000000834,0.392471,0.099714,0.39485496,0.13601762
1920,30167.538000000175,30248.721000002693,0.271661,0.555052,0.2926432,0.5393273
1921,43367.537999999244,38848.721000000834,0.36858,0.384814,0.34035388,0.24651976
1922,40767.53799999971,34248.7210000027,0.427892,0.329558,0.43490067,0.48735583
1923,6567.53799999971,33248.721000000834,0.380596,0.109181,0.3556582,0.12908195
1924,40167.53799999971,32848.7210000027,0.368534,0.428789,0.36071578,0.3771578
1926,11167.538000000175,29048.721000002697,0.28277,0.154763,0.28581035,0.1315866
1927,25767.538000000175,47848.72100000363,0.133594,0.268806,0.12910849,0.3571948
1928,17167.538000000175,43448.72100000083,0.125267,0.081745,0.12947893,0.07465484
1929,20167.538000001106,34648.721000000834,0.411892,0.15825,0.3764604,0.34414536
1930,9967.538000000175,34448.721000001766,0.388452,0.094929,0.36859787,0.15131216
1932,11167.538000000175,24648.72100000083,0.221269,0.1072,0.2258373,0.10959617
1933,17567.538000000175,43048.721000002704,0.160701,0.112523,0.1603283,0.09984108
1934,28167.537999999244,48448.72100000084,0.141527,0.283169,0.17018053,0.282095
1935,32367.538000000175,31248.721000000834,0.21336,0.433082,0.21129762,0.46914583
1936,49967.538000001114,33848.72100000363,0.177291,0.109716,0.14445043,0.062241543
1937,41967.53800000018,38048.721000002704,0.397494,0.544422,0.41050124,0.46553707
1938,41567.538000000175,33248.721000000834,0.386989,0.308213,0.37147805,0.2200306
1939,24567.53799999971,31848.721000001766,0.434776,0.423848,0.46532628,0.44232813
1940,23967.53800000111,38048.721000002704,0.271514,0.038331,0.2994137,0.09531709
1941,33967.538000000175,31248.72100000083,0.234391,0.627374,0.26582247,0.5020955
1942,36167.538000000175,31648.721000002697,0.318873,0.556265,0.29215217,0.6251082
1943,18567.538000000175,44048.721000003636,0.174055,0.224833,0.18916938,0.23301753
1944,15567.538000000643,27848.721000002697,0.360134,0.143484,0.35760164,0.12654166
1945,32767.538000000175,33448.721000000834,0.334665,0.413685,0.35960534,0.48882276
1946,26567.538000000637,43848.7210000027,0.166675,0.137979,0.18509299,0.13120602
1948,31567.538000001103,32848.7210000027,0.35222,0.53747,0.3436953,0.5380959
1949,29567.53800000018,35048.721000000834,0.425596,0.477753,0.42327252,0.555837
1950,34767.53800000111,35448.7210000027,0.39914,0.348066,0.4064008,0.33918732
1951,33967.538000000175,38848.721000000834,0.413087,0.445234,0.40442133,0.4999734
1952,17967.53799999971,41248.7210000027,0.228317,0.563236,0.19083314,0.5697016
1953,40567.538000000175,33448.721000000834,0.379672,0.467581,0.39839998,0.4011819
1956,9967.538000000177,34248.7210000027,0.387991,0.10003,0.36846346,0.15099648
1957,23167.53800000064,32848.7210000027,0.440453,0.38809,0.45384648,0.47247055
1959,21767.53799999971,45648.7210000027,0.143025,0.507493,0.13139634,0.5059746
1960,18567.538000000175,41848.72100000269,0.200156,0.463877,0.2110703,0.42216748
1961,22767.53800000064,47448.721000000834,0.117236,0.38315,0.122904405,0.40354776
1962,15367.538000000175,35248.7210000027,0.384606,0.537419,0.34724852,0.5548809
1963,31767.538000000175,35448.7210000027,0.403007,0.599216,0.39114955,0.46808612
1964,35567.538000000175,40448.72100000269,0.243844,0.48483,0.28719646,0.5044435
1966,36567.53800000017,43048.721000002704,0.162168,0.452586,0.15370092,0.44782314
1967,20367.538000000175,39048.721000002704,0.293213,0.602998,0.30442917,0.476241
1968,42167.53800000065,34648.721000000834,0.379077,0.314582,0.41207832,0.35245347
1969,29367.53799999971,35848.721000000834,0.427697,0.471952,0.41046885,0.48783767
1970,34767.53800000111,38048.721000002704,0.363815,0.411956,0.38170344,0.41289833
1971,4567.538000000176,27448.721000000834,0.279033,0.119169,0.28178528,0.0982747
1972,5367.537999999245,32448.721000002697,0.383226,0.278902,0.35842884,0.24729623
1973,26967.53800000064,34248.7210000027,0.382332,0.248836,0.38095248,0.47428462
1974,12567.538000001106,35048.721000000834,0.31652,0.441552,0.34555277,0.32570937
1975,13167.537999999708,37048.721000000834,0.269069,0.5067,0.2552048,0.43420574
1976,33767.538000000175,31048.7209999999,0.232514,0.415581,0.24758615,0.49174213
1977,29767.53800000064,32648.72100000363,0.34726,0.47684,0.36303386,0.5345004
1978,35367.53800000111,38048.721000002704,0.389128,0.350887,0.42733866,0.32627836
1980,36367.53799999971,42448.720999999896,0.17258,0.434216,0.20881502,0.50639695
1981,15167.53800000064,33648.7210000027,0.347555,0.305714,0.34421414,0.30254188
1982,11367.53800000064,33848.72100000363,0.333549,0.117682,0.35652247,0.24928445
1983,15967.538000000173,44848.72100000083,0.069716,0.284118,0.06761786,0.056271333
1984,23167.53800000064,33248.721000000834,0.453484,0.356415,0.46495232,0.42095777
1986,30767.538000000637,39048.721000002704,0.378415,0.494799,0.40839404,0.44662604
1987,23367.538000001106,33848.72100000363,0.394569,0.483285,0.44151115,0.3349843
1988,26767.538000000175,42848.72100000269,0.18672,0.503206,0.19469382,0.4481149
1989,25567.53799999971,48448.721000000834,0.15893,0.262279,0.1421784,0.28933445
1990,32167.53799999971,38448.721000000834,0.397277,0.420542,0.41196078,0.43682703
1992,24367.537999999244,30848.72100000083,0.461287,0.306599,0.43709725,0.4500949
1993,38367.53800000063,34248.7210000027,0.397036,0.532124,0.41357255,0.5108167
1994,33167.53799999971,33248.721000000834,0.338338,0.529088,0.35304755,0.5555388
1995,27367.53800000018,30448.7210000027,0.390476,0.470403,0.37111634,0.54592705
1996,5767.538000000175,29848.7210000027,0.301355,0.143245,0.30514383,0.15477774
1997,19767.538000000175,46248.72099999991,0.114618,0.284208,0.11423658,0.16222882
1999,28367.537999999713,48448.721000000834,0.133709,0.280422,0.17404269,0.29966173
2000,29367.537999999713,35648.721000001766,0.408851,0.484536,0.40556175,0.5106199
2001,34967.538000000175,38448.72100000083,0.353276,0.535054,0.37413657,0.49175936
2002,22367.538000000175,43048.7210000027,0.150025,0.340686,0.2066812,0.17613076
2003,24967.53799999971,31648.7210000027,0.454775,0.385267,0.4529358,0.4046317
2004,28367.537999999713,45648.7210000027,0.227558,0.385133,0.20728517,0.46306616
2005,18367.53800000064,43248.721000001766,0.199566,0.236763,0.18749389,0.3053837
2006,8767.538000001106,32248.72100000083,0.3995,0.115069,0.4055399,0.09915929
2007,28567.538000000175,41048.721000000834,0.315683,0.4585,0.32986087,0.41182652
2008,26767.538000000175,47648.7210000027,0.127596,0.510358,0.13410044,0.47471598
2009,16367.538000001106,40048.7210000027,0.193954,0.09357,0.20650293,0.16953474
2010,27967.53800000018,35048.721000000834,0.369462,0.115783,0.36814272,0.17479102
2012,24167.538000000175,45448.721000002704,0.130677,0.283344,0.14606549,0.37507573
2013,13567.537999999711,45448.7210000027,0.081432,0.037549,0.07668105,0.06886371
2014,26367.538000000175,31048.720999999903,0.428655,0.478968,0.44250643,0.49084967
2015,32767.538000000175,33848.72100000363,0.379151,0.426161,0.3667003,0.4482611
2016,9567.538000000175,31648.721000002697,0.384451,0.109832,0.39001173,0.08863603
2017,30167.538000000175,35248.7210000027,0.410236,0.50913,0.42022496,0.51387936
2018,27167.538000001106,25848.721000000834,0.212536,0.337826,0.2018361,0.30806798
2019,21767.53799999971,46648.7210000027,0.109556,0.543692,0.1089022,0.5164521
2020,13767.538000000177,45648.7210000027,0.090472,0.028176,0.07495679,0.060085166
2021,28167.53799999924,33848.72100000363,0.363497,0.492828,0.36878434,0.391392
2022,41567.538000000175,33048.721000001766,0.371579,0.300659,0.3411206,0.20288154
2023,12367.538000000643,37048.721000000834,0.228466,0.431726,0.29022193,0.4462695
2024,30367.53800000064,30648.72100000177,0.308096,0.591108,0.3142363,0.6063647
2025,31767.538000000175,37048.72100000083,0.423248,0.424154,0.40822366,0.490187
2026,31367.53800000064,28448.721000000834,0.174785,0.280072,0.23925188,0.21884355
2028,29367.537999999713,40648.721000001766,0.325895,0.404409,0.33796376,0.3625659
2029,17767.538000000175,43248.721000001766,0.142615,0.173448,0.14852263,0.19879021
2030,31567.538000001103,35448.7210000027,0.384986,0.519227,0.3874333,0.47056803
2031,9367.53799999971,33048.721000001766,0.399882,0.106867,0.403049,0.114633895
2032,12767.538000000173,31848.721000001766,0.356899,0.108827,0.33293447,0.14275196
2033,5367.537999999243,32248.72100000083,0.388546,0.280288,0.35705864,0.24860646
2034,42767.53800000064,36648.7210000027,0.433444,0.431966,0.411492,0.43645087
2035,25367.538000000175,33648.7210000027,0.442256,0.395065,0.44139478,0.52583855
2036,22967.538000000175,28648.72100000269,0.401146,0.381714,0.3692436,0.4170218
2037,23767.53800000064,34848.7209999999,0.388694,0.432042,0.38329977,0.46904358
2039,20967.538000000175,38648.720999999896,0.288528,0.435928,0.29538816,0.49857903
2040,29567.538000000175,36848.72100000177,0.436746,0.620484,0.4328919,0.50354725
2041,17767.538000000175,37648.721000003636,0.289511,0.502677,0.28481916,0.38634595
2042,38567.53800000111,39448.72100000176,0.367709,0.291065,0.3920729,0.16782579
2044,41567.538000000175,35248.7210000027,0.46691,0.4317,0.45890152,0.4476827
2045,45567.53800000064,37248.721000000834,0.414436,0.365965,0.40317464,0.38022742
2046,21167.537999999713,34848.7209999999,0.390425,0.378527,0.41965482,0.5037863
2048,32767.538000000175,31648.721000002697,0.330501,0.435652,0.29394916,0.475471
2049,23367.538000001106,32648.721000003625,0.43943,0.471911,0.46032095,0.4784511
2050,17767.538000000175,37448.7210000027,0.295127,0.431708,0.30220532,0.400275
2052,34567.53800000064,38048.7210000027,0.378324,0.489296,0.38042608,0.43017438
2053,13167.53799999971,46248.7209999999,0.041212,0.008891,0.035906047,0.0033299231
2054,14367.538000000173,36848.72100000177,0.286146,0.529,0.2724684,0.5157155
2055,16767.537999999244,45448.721000002704,0.083291,0.033844,0.079684764,0.054441232
2056,27767.538000001106,48648.721000000834,0.161829,0.420861,0.19978042,0.25641486
2057,32767.53800000018,37448.7210000027,0.436337,0.58598,0.4055403,0.50653034
2058,19567.538000001106,35448.7210000027,0.349132,0.296666,0.3582156,0.31064153
2059,19567.538000001106,40448.72100000269,0.21114,0.457594,0.19605963,0.4982822
2060,21167.53799999971,30448.7210000027,0.455709,0.449988,0.44235513,0.46253675
2061,29167.538000000175,39848.721000000834,0.367111,0.463917,0.33621344,0.4332553
2062,47567.538000000175,35448.7210000027,0.309076,0.080082,0.29902735,0.09080463
2063,35167.53800000064,32248.721000000838,0.312803,0.553062,0.31339416,0.567379
2064,22167.53800000064,29248.721000001766,0.426574,0.438067,0.4249024,0.48614195
2065,4167.538000000641,28448.721000000834,0.310365,0.123073,0.31161478,0.11857294
2066,28167.537999999244,37848.7210000027,0.381811,0.438117,0.36617005,0.5060837
2067,25767.538000000175,43848.7210000027,0.160793,0.145681,0.18024804,0.15696345
2068,39767.53799999971,38848.721000000834,0.391363,0.347994,0.36771733,0.41480836
2069,11967.538000001108,35048.721000000834,0.330057,0.221129,0.3318194,0.30779257
2070,20767.53799999971,44848.721000000834,0.112944,0.086448,0.11427881,0.175972
2071,25967.53800000064,43448.721000000834,0.20955,0.150143,0.17853361,0.15719388
2072,27167.538000001106,46848.72100000269,0.16286,0.373784,0.17774297,0.40764108
2073,10967.538000000175,36648.7210000027,0.293517,0.392513,0.27948806,0.34649926
2074,30967.538000001106,30248.7210000027,0.248915,0.462751,0.29787534,0.46909377
2075,10367.53799999971,35448.7210000027,0.336904,0.126908,0.31866637,0.25326666
2076,31967.537999999247,39648.721000000834,0.379999,0.324328,0.37110087,0.2996277
2077,32167.53799999971,37648.72100000363,0.399126,0.41833,0.39727727,0.44823003
2078,38567.53800000111,35448.7210000027,0.424673,0.508298,0.41585937,0.5273793
2079,35167.53800000064,41448.72100000363,0.246236,0.651109,0.25170848,0.60920835
2080,27767.538000001106,46848.72100000269,0.163899,0.427134,0.1465281,0.41609052
2081,17167.538000000175,43048.7210000027,0.120189,0.076408,0.1633914,0.060278047
2082,14167.537999999711,46048.721000000834,0.054798,0.02405,0.06265807,0.022815904
2083,34367.538000000175,39848.721000000834,0.350097,0.555601,0.3786533,0.47946212
2084,3967.538000000175,28248.721000000838,0.297735,0.113841,0.3122187,0.115790375
2085,25967.53800000064,48048.7210000027,0.152244,0.418958,0.14381687,0.3502786
2087,28367.53799999971,26048.721000002697,0.159699,0.081239,0.1728944,0.2808306
2088,13567.53799999971,42048.721000001766,0.153155,0.059197,0.16201085,0.030481687
2089,13367.538000000175,39248.7210000027,0.173924,0.069203,0.18064986,0.049708713
2090,38167.538000000175,35248.7210000027,0.419456,0.545226,0.4183578,0.52887684
2091,34367.538000000175,33448.721000000834,0.292168,0.438306,0.33458006,0.45751807
2093,38567.53800000111,39048.721000002704,0.397915,0.286198,0.38516068,0.16566242
2094,23167.53800000064,48648.72100000083,0.137405,0.419817,0.17300937,0.36845267
2095,35167.53800000064,34648.721000000834,0.356601,0.346286,0.37425855,0.36058357
2096,34367.538000000175,38248.721000001766,0.36327,0.543655,0.3786002,0.48790547
2097,20367.538000000175,36048.72100000083,0.329344,0.490602,0.3508294,0.42796475
2098,10567.538000000175,35248.7210000027,0.33257,0.420668,0.32410473,0.3353273
2099,17167.538000000175,41048.721000000834,0.177509,0.053032,0.1565742,0.16326895
2100,17967.53799999971,35448.7210000027,0.329364,0.430195,0.31249747,0.45736822
2101,14167.537999999708,45048.72100000269,0.083665,0.025801,0.057569027,0.023234596
2102,31767.53800000018,36848.721000001766,0.402871,0.545379,0.41500896,0.48110837
2103,11567.538000000173,41648.7210000027,0.160783,0.026098,0.11466038,0.020734807
2104,30567.538000000175,31248.721000000834,0.319057,0.967953,0.325788,0.7594702
2105,16567.538000000175,41048.721000000834,0.188219,0.281624,0.15090145,0.13967647
2106,30767.538000000644,35048.721000000834,0.404248,0.522144,0.39112246,0.43781784
2107,25367.53800000017,31448.721000002697,0.432345,0.389899,0.43377912,0.3803822
2108,37567.538000000175,40448.72100000269,0.241646,0.107567,0.22947554,0.036062676
2109,20767.53799999971,47248.72100000084,0.120068,0.229459,0.13845704,0.23301089
2110,15167.53800000064,39248.7210000027,0.215765,0.102426,0.1953644,0.099353366
2111,3567.538000000175,27248.720999999907,0.288797,0.133352,0.28296623,0.12377899
2112,30567.53800000018,31448.721000002697,0.341019,0.681383,0.32040605,0.7333342
2113,39167.538000001114,36648.7210000027,0.470751,0.435863,0.48529053,0.41660643
2114,6367.538000000175,33848.72100000363,0.368606,0.112833,0.36453396,0.11900587
2115,42167.53800000065,36648.7210000027,0.432614,0.397154,0.43663916,0.4466595
2117,35367.53800000111,39248.7210000027,0.328522,0.381143,0.3265242,0.4678646
2118,28567.53800000018,40648.72100000177,0.295537,0.474858,0.32357317,0.42171144
2120,28567.538000000175,33448.721000000834,0.395768,0.537631,0.37508252,0.49371648
2121,28167.537999999244,32848.7210000027,0.343531,0.366773,0.35234556,0.5048313
2122,18367.53800000064,35048.721000000834,0.351145,0.373575,0.35444883,0.34892756
2123,21167.53799999971,41048.721000000834,0.243364,0.51102,0.25832605,0.512562
2124,13767.538000000177,34248.7210000027,0.35553,0.314403,0.34524357,0.24664208
2125,13167.53799999971,35048.721000000834,0.325535,0.410139,0.32607254,0.39372578
2126,9567.538000000175,27448.721000000834,0.297473,0.147912,0.29972753,0.1387355
2127,7367.538000000175,33648.7210000027,0.378049,0.113516,0.40543023,0.092018686
2128,13767.538000000175,45248.721000003636,0.079459,0.034541,0.06974226,0.06039949
2129,9767.537999999708,28048.721000001766,0.288987,0.138825,0.28891444,0.15371889
2130,25567.53799999971,28248.721000000834,0.327513,0.525016,0.3264821,0.5130531
2131,20367.53800000018,31048.7209999999,0.406521,0.554355,0.41630757,0.5086832
2133,6367.538000000174,35248.7210000027,0.326545,0.122381,0.29048842,0.13831547
2135,24167.538000000175,45648.7210000027,0.147756,0.284682,0.092699006,0.35679427
2136,41167.53800000064,36848.721000001766,0.462403,0.407679,0.42594767,0.4798364
2137,26367.538000000175,42448.7209999999,0.179731,0.402543,0.22679152,0.4580588
2138,33567.53800000064,31848.72100000177,0.296056,0.360927,0.31006122,0.49931628
2139,4167.538000000641,23848.721000002697,0.23182,0.039151,0.25852707,0.06888532
2140,20367.538000000175,30848.72100000083,0.402922,0.432093,0.4035529,0.46472988
2141,30967.538000001106,35048.721000000834,0.408086,0.50509,0.3934185,0.42744458
2142,10767.538000000639,34648.721000000834,0.380928,0.437272,0.3582645,0.42942318
2143,13567.537999999711,44848.721000000834,0.087826,0.053448,0.07859151,0.043895353
2144,38367.53800000063,36648.7210000027,0.430255,0.55359,0.39791533,0.38862482
2145,27567.538000000637,40848.72100000084,0.274942,0.362013,0.27486777,0.3770773
2146,36367.53799999971,42848.7210000027,0.161487,0.446761,0.16958514,0.44320792
2147,5367.537999999244,31848.721000001766,0.386334,0.282325,0.37439522,0.22838753
2148,10767.53800000064,33848.72100000363,0.333492,0.301222,0.3601422,0.2916711
2149,11367.538000000643,37448.7210000027,0.212318,0.171351,0.2150974,0.2996717
2150,19767.538000000175,43248.721000001766,0.194576,0.410274,0.18895835,0.3758214
2152,6367.538000000174,29448.721000000834,0.335689,0.152491,0.32964343,0.15848255
2153,32967.538000000175,38048.721000002704,0.413062,0.587192,0.42049065,0.49080116
2154,39567.537999999244,32848.7210000027,0.369963,0.56583,0.3579231,0.5239942
2155,28567.53800000018,36848.721000001766,0.42321,0.476704,0.4323155,0.49801588
2156,6167.538000000175,34448.721000001766,0.352008,0.11895,0.327423,0.11907821
2157,19767.538000000175,44648.72100000084,0.113329,0.08923,0.117275655,0.10736752
2160,17967.53799999971,31648.7210000027,0.431124,0.116847,0.4391935,0.09829103
2161,32367.538000000175,33648.7210000027,0.388535,0.332058,0.34896427,0.45709065
2162,18167.53800000017,42648.721000000834,0.150234,0.341608,0.17308518,0.33550546
2163,27367.538000000175,43848.7210000027,0.167874,0.264361,0.19088404,0.22830376
2164,25567.53799999971,47048.721000001766,0.116601,0.326462,0.12976964,0.39799726
2165,12567.538000001108,34848.7209999999,0.343359,0.33396,0.3453104,0.30810106
2166,13367.538000000173,45048.7210000027,0.066255,0.054442,0.0800681,0.04709958
2167,18167.538000000175,42248.721000000834,0.193343,0.420926,0.1650418,0.43265095
2168,25367.53800000017,36048.72100000083,0.347661,0.044716,0.31205988,0.09691738
2169,9567.538000000173,34448.721000001766,0.353911,0.0839,0.3280444,0.06772711
2170,25167.538000000175,49248.7210000027,0.133462,0.215603,0.16035777,0.24109703
2171,34167.53800000064,34248.7210000027,0.357868,0.443741,0.3797342,0.45708975
2172,36967.53799999971,33848.72100000363,0.388699,0.439858,0.36455885,0.50347936
2173,37567.538000000175,34648.721000000834,0.390886,0.454694,0.41902092,0.4998657
2174,22567.538000000175,32648.72100000363,0.457044,0.434291,0.43875054,0.5025636
2175,12367.538000000643,39048.721000002704,0.219306,0.097064,0.21941459,0.14576972
2176,7167.538000000175,29848.7210000027,0.307393,0.140749,0.3095846,0.12239904
2177,13767.538000000175,33048.721000001766,0.332291,0.30172,0.31627414,0.26478446
2178,40767.53799999971,40248.72100000363,0.260205,0.304487,0.29022008,0.41043064
2179,18167.538000000175,39448.721000001766,0.211716,0.424576,0.2156504,0.44807082
2180,15567.538000000643,27448.72100000083,0.336328,0.126675,0.35166958,0.12937142
2182,18167.538000000175,44248.72100000269,0.183688,0.225486,0.20253438,0.16447856
2183,31167.538000000175,32248.72100000083,0.313922,0.630237,0.3323197,0.6509447
2184,7367.538000000175,34248.7210000027,0.378962,0.116257,0.38014126,0.10263603
2185,19767.538000000175,37648.721000003636,0.320943,0.549401,0.30669963,0.5359767
2186,25967.53800000064,35448.7210000027,0.337158,0.072397,0.34619907,0.13415563
2187,42567.538000000175,35848.721000000834,0.416306,0.370508,0.40077338,0.38647696
2189,20367.538000000175,42848.72100000269,0.169596,0.097058,0.17008872,0.11434653
2190,25767.538000000175,28048.721000001766,0.309525,0.665287,0.31481832,0.48725903
2191,31167.53800000018,35048.721000000834,0.396207,0.504739,0.37884963,0.40970692
2192,36567.538000000175,42048.72100000176,0.225197,0.446552,0.2067252,0.51697385
2193,25767.538000000175,39048.721000002704,0.28655,0.016859,0.2084132,0.037962068
2194,34367.538000000175,37848.7210000027,0.434706,0.419129,0.3788254,0.44535595
2195,20567.537999999244,36248.7210000027,0.370616,0.42268,0.38433206,0.44006157
2197,28167.53799999924,30648.721000001762,0.364084,0.462394,0.32603422,0.5982458
2198,31167.538000000175,39048.721000002704,0.392611,0.445097,0.40697384,0.3943448
2199,22567.538000000175,47648.7210000027,0.101263,0.472273,0.11607768,0.4046345
2200,26167.538000000175,32848.7210000027,0.393226,0.247421,0.38166448,0.31692633
2201,27767.538000001106,45648.7210000027,0.192699,0.41663,0.19206998,0.4458725
2202,14367.538000000175,46848.7210000027,0.06716,0.021134,0.07034534,0.024823388
2203,19767.538000000175,31648.721000002697,0.430728,0.40905,0.44948015,0.38399917
2204,32167.53799999971,33848.72100000363,0.369696,0.451943,0.3372365,0.476175
2206,18967.53800000064,41648.7210000027,0.221583,0.43231,0.21811679,0.38010845
2207,35367.53800000111,39048.721000002704,0.368823,0.508646,0.3549818,0.47900087
2208,41367.53800000018,43248.721000001766,0.1722,0.157957,0.21070981,0.115455456
2209,22167.53800000064,33448.721000000834,0.464213,0.590545,0.41152787,0.48283353
2210,31967.537999999247,38448.72100000083,0.390011,0.589456,0.39193615,0.45917076
2211,41567.538000000175,36848.72100000177,0.461064,0.434792,0.43961334,0.47691566
2212,16767.537999999244,28648.72100000269,0.340762,0.125466,0.34214303,0.13804539
2213,18767.538000000175,44448.721000001766,0.200521,0.080968,0.20512246,0.17944935
2214,35767.53799999924,31448.721000002697,0.283972,0.667704,0.29282668,0.5541404
2215,17567.538000000175,37848.72100000269,0.273921,0.372794,0.2851571,0.36730182
2217,15167.53800000064,34248.7210000027,0.355049,0.491008,0.36084566,0.48818126
2218,34367.538000000175,35448.7210000027,0.400622,0.454078,0.4009246,0.41846806
2219,15767.538000001106,40248.72100000363,0.171483,0.08422,0.1910795,0.1547667
2220,36567.53800000018,42648.721000000834,0.171736,0.443057,0.18195254,0.4772857
2221,9767.53799999971,27048.721000000834,0.309212,0.152585,0.29932,0.13306053
2222,29967.538000000175,41448.721000003636,0.284725,0.381369,0.32608312,0.35439143
2223,30567.538000000175,35648.721000001766,0.412002,0.514187,0.41397244,0.46789905
2224,25767.538000000175,33248.721000000834,0.408886,0.375435,0.41095152,0.3971255
2225,18767.538000000175,35448.7210000027,0.361714,0.293714,0.35608047,0.2847611
2226,19967.53800000064,32248.721000000838,0.459506,0.468623,0.4301406,0.41938603
2227,28567.538000000175,48648.721000000834,0.136411,0.272305,0.14454663,0.2856201
2228,18167.538000000175,42448.7209999999,0.154111,0.342508,0.15187748,0.3838242
2230,15567.53800000064,33848.72100000363,0.331511,0.444486,0.32967794,0.4043629
2231,45367.53800000017,38248.72100000176,0.416471,0.433981,0.39788425,0.3921078
2233,42567.53800000017,34848.7209999999,0.430912,0.369337,0.44538984,0.31235966
2234,34967.538000000175,35848.721000000834,0.414588,0.287745,0.4242708,0.27290413
2235,17967.537999999713,33848.72100000363,0.358667,0.401583,0.36193,0.39787742
2236,30967.538000001103,38248.721000001766,0.414152,0.418805,0.41648808,0.4126353
2237,13167.537999999708,40448.72100000269,0.189808,0.075656,0.201832,0.06350424
2238,25567.53799999971,34648.721000000834,0.398302,0.740813,0.41485563,0.43031666
2239,26567.53800000064,38048.7210000027,0.29833,0.030562,0.31259915,0.063175105
2240,29367.537999999713,37648.72100000363,0.410686,0.428395,0.42049435,0.44350278
2241,18567.538000000175,42248.721000000834,0.204037,0.466745,0.1893934,0.4461843
2242,37967.53800000064,34248.7210000027,0.404339,0.503234,0.41567004,0.5288317
2243,7967.538000000641,34648.721000000834,0.406087,0.100701,0.29949012,0.1420975
2244,17767.538000000175,34248.7210000027,0.343839,0.350409,0.35047534,0.39034522
2245,17367.53799999971,41648.7210000027,0.145951,0.373009,0.13021082,0.33490404
2246,6767.538000000175,35048.721000000834,0.337603,0.123947,0.3417346,0.10610024
2247,24767.538000000175,29448.721000000834,0.379028,0.472145,0.4100821,0.44829175
2248,21967.538000000175,29648.721000000834,0.43204,0.417261,0.41987804,0.4627657
2249,20967.538000000175,37648.721000003636,0.286895,0.320774,0.30437583,0.24569997
2250,9767.53799999971,27848.7210000027,0.301269,0.139223,0.28554603,0.13557991
2251,18167.538000000175,41848.7210000027,0.201013,0.480703,0.18597582,0.4632923
2252,33567.53800000064,37648.72100000363,0.433672,0.488466,0.41795462,0.5405269
2253,29967.538000000175,34448.721000001766,0.366857,0.58649,0.3946019,0.5885844
2254,19567.538000001106,46048.721000000834,0.10382,0.20702,0.092946514,0.1479891
2255,29167.538000000175,33448.721000000834,0.363999,0.406835,0.37144098,0.5721268
2256,13167.53799999971,42048.721000001766,0.18359,0.064392,0.16854575,0.037962843
2257,12567.538000001106,37448.7210000027,0.236061,0.390266,0.22014506,0.35025844
2258,34367.538000000175,31448.721000002697,0.306015,0.151674,0.3188238,0.4350931
2259,14767.538000000175,41448.721000003636,0.143594,0.032487,0.15595616,0.04948892
2260,16367.538000001105,42048.721000001766,0.155986,0.033674,0.16569836,0.08250027
2261,33967.538000000175,39848.721000000834,0.362928,0.532624,0.3686469,0.5218543
2262,28367.537999999713,30848.721000000834,0.348068,0.811789,0.30933398,0.6928511
2264,16967.53799999971,34848.7209999999,0.297939,0.364961,0.30089286,0.28167516
2265,32967.53800000017,30048.72100000363,0.17594,0.093354,0.2582804,0.07669597
2266,24967.53799999971,48248.721000001766,0.137539,0.256299,0.15186116,0.24538676
2267,35367.53800000111,41448.721000003636,0.243238,0.674072,0.24155268,0.61661136
2268,18167.538000000175,43048.721000002704,0.151875,0.323289,0.13487163,0.3398338
2269,12567.538000001106,34248.7210000027,0.361681,0.316737,0.35422748,0.21009119
2270,21767.53799999971,39848.721000000834,0.249242,0.413356,0.25125107,0.4350929
2271,34967.53800000018,39448.72100000176,0.339459,0.481276,0.33260334,0.4979948
2272,34767.53800000111,36848.721000001766,0.420828,0.187977,0.43408296,0.24299034
2273,30567.538000000175,40048.7210000027,0.369107,0.42521,0.3636348,0.29379275
2274,16167.538000000643,40848.72100000084,0.204291,0.282466,0.17477785,0.14471118
2275,18167.538000000175,37848.72100000269,0.273623,0.360147,0.29534566,0.41766128
2276,33767.538000000175,39448.72100000176,0.38415,0.498456,0.38887405,0.49315947
2277,5767.538000000174,33048.72100000177,0.385015,0.297931,0.3821889,0.23926795
2278,35167.53800000064,41848.7210000027,0.244069,0.656591,0.23360017,0.58400166
2279,38367.53800000064,32648.72100000363,0.340883,0.40411,0.34539145,0.51910937
2280,30167.53800000017,35048.721000000834,0.435306,0.483988,0.41398707,0.48566523
2281,16967.53799999971,40248.72100000363,0.193106,0.302623,0.18805416,0.28826973
2282,19767.538000000175,32248.72100000083,0.423143,0.449565,0.4193107,0.4104409
2283,20167.538000001106,39048.721000002704,0.279252,0.47514,0.27492958,0.3666002
2284,14367.538000000175,29448.721000000834,0.347602,0.137118,0.27956858,0.11489358
2285,30167.53800000017,37448.7210000027,0.456126,0.322896,0.4365047,0.41271874
2286,15967.538000000177,41248.7210000027,0.16893,0.035871,0.16805065,0.10975418
2287,15567.538000000643,32248.721000000838,0.379694,0.161594,0.35665938,0.21467242
2288,23567.538000000175,45448.721000002704,0.162248,0.384023,0.12791257,0.38368067
2289,34367.538000000175,34648.721000000834,0.35943,0.425954,0.382011,0.4207903
2290,23767.538000000637,28648.721000002693,0.372809,0.3849,0.3756447,0.4735052
2291,39567.537999999244,37248.721000000834,0.473292,0.526449,0.46600348,0.47379816
2293,12567.538000001106,39048.721000002704,0.216378,0.096505,0.21839446,0.1390085
2295,25167.538000000175,32248.721000000838,0.450239,0.320815,0.41696146,0.3599696
2296,11567.538000000175,36448.72100000362,0.262656,0.440233,0.26122892,0.4651781
2297,15767.538000001108,37048.72100000083,0.264364,0.426473,0.26478323,0.44571325
2298,10367.53799999971,34248.7210000027,0.360395,0.302892,0.3732746,0.30970752
2301,29167.538000000175,36048.72100000083,0.424254,0.481973,0.424538,0.4774766
2302,29567.538000000175,29648.721000000834,0.314629,0.68001,0.3043078,0.6719094
2303,35567.538000000175,38048.721000002704,0.380652,0.152907,0.43811867,0.22445495
2304,18567.53800000017,37448.7210000027,0.294871,0.516831,0.27948123,0.46954316
2305,28367.53799999971,43848.7210000027,0.161971,0.49715,0.24666938,0.41176093
2306,30567.53800000018,37848.7210000027,0.449283,0.403535,0.43198895,0.35306808
2308,24167.538000000175,29648.721000000834,0.398385,0.459399,0.39659256,0.37263164
2310,10967.538000000175,28248.721000000838,0.241487,0.142963,0.2652045,0.15947407
2311,32167.53799999971,32848.7210000027,0.317003,0.546268,0.3316045,0.47112355
2312,33767.538000000175,31648.721000002697,0.306358,0.434417,0.29159817,0.48242092
2313,31967.537999999247,40448.72100000269,0.36396,0.411704,0.3644063,0.2928608
2314,28567.53800000018,35648.721000001766,0.415825,0.488786,0.4382068,0.4513159
2315,24967.53799999971,29248.721000001766,0.373234,0.418673,0.3705721,0.42939663
2317,12967.537999999242,33448.721000000834,0.354104,0.243423,0.35232994,0.2148076
2318,4367.538000001107,28648.72100000269,0.321074,0.116829,0.32001576,0.12589099
2319,23567.538000000175,33648.7210000027,0.406962,0.476319,0.43527058,0.2923003
2320,30167.538000000175,34248.7210000027,0.382998,0.646327,0.38483188,0.5729466
2321,14767.538000000175,32648.721000003625,0.350604,0.152757,0.3636389,0.1350165
2322,21967.538000000175,31648.721000002697,0.479209,0.435274,0.46557328,0.46601123
2323,18367.53800000064,38248.721000001766,0.269136,0.444741,0.28770855,0.42102477
2325,20367.538000000175,41048.721000000834,0.263782,0.465797,0.24455228,0.470948
2326,16567.538000000175,28248.721000000838,0.336716,0.130483,0.32020697,0.14120598
2327,39767.53799999971,35448.7210000027,0.463328,0.329229,0.4598028,0.42277035
2328,17967.53799999971,37248.721000000834,0.293942,0.476797,0.29626414,0.42603967
2329,27367.53800000018,30848.72100000083,0.383352,0.62625,0.3861244,0.5723754
2330,46767.53800000111,40048.7210000027,0.290633,0.139269,0.34587616,0.2196829
2332,21567.53800000017,30048.72100000363,0.399516,0.606389,0.40899104,0.4585954
2333,6167.538000000174,29448.721000000834,0.326779,0.157206,0.33481923,0.16664283
2334,28367.537999999713,34248.7210000027,0.405235,0.118017,0.3667375,0.26436386
2336,20767.53799999971,40448.72100000269,0.24904,0.505305,0.28025424,0.518554
2338,30567.53800000018,37048.72100000083,0.449886,0.180864,0.45144036,0.349309
2339,45567.53800000064,33248.721000000834,0.282089,0.280382,0.295956,0.14924158
2340,29767.538000000637,39848.721000000834,0.348941,0.472305,0.3679328,0.43800405
2341,37567.538000000175,33048.72100000177,0.359251,0.385833,0.33861983,0.44121695
2342,18167.53800000017,40048.7210000027,0.249728,0.552138,0.27231005,0.520309
2343,46767.53800000111,39848.721000000834,0.33197,0.141112,0.33227092,0.23584299
2345,24367.537999999244,46848.72100000269,0.156386,0.48195,0.15627836,0.48513553
2346,15767.538000001105,28648.72100000269,0.354865,0.139869,0.34328318,0.14921413
2347,25167.538000000175,50048.7209999999,0.140144,0.154581,0.17785302,0.20187573
2348,19567.538000001106,32648.721000003625,0.405512,0.390469,0.42950508,0.41531065
2349,29567.538000000175,35248.7210000027,0.395648,0.539283,0.41998473,0.55044895
2350,20567.537999999244,33048.72100000177,0.410853,0.452184,0.38530496,0.4742102
2351,27567.538000000637,33848.72100000363,0.366364,0.386582,0.36177433,0.36469477
2352,18367.53800000064,35848.721000000834,0.30934,0.415584,0.32250637,0.41204002
2353,24167.538000000175,44448.721000001766,0.200864,0.123576,0.1664719,0.117915414
2354,20767.53799999971,30848.721000000834,0.438005,0.557868,0.44920027,0.47809637
2355,25967.53800000064,32048.721000000834,0.421937,0.455045,0.40709466,0.45766598
2356,17967.53799999971,41048.721000000834,0.218518,0.566113,0.2142098,0.56411874
2357,15967.538000000175,29248.72100000177,0.345886,0.133477,0.36071852,0.13298552
2360,31167.53800000018,32448.721000002697,0.333501,0.564586,0.3414674,0.6256661
2362,15167.53800000064,37448.7210000027,0.243769,0.379003,0.23940037,0.42506805
2363,7967.538000000641,34048.72100000269,0.959456,0.121651,0.82273334,0.22515424
2364,35767.53799999924,41048.721000000834,0.271778,0.655029,0.24459743,0.60685414
2365,41567.538000000175,37248.721000000834,0.441494,0.475864,0.4485824,0.49170765
2367,14767.538000000173,36248.7210000027,0.266533,0.560345,0.2891697,0.5437598
2368,31567.538000001103,31648.721000002697,0.308715,0.493222,0.3017988,0.5192982
2369,35567.538000000175,32848.7210000027,0.332125,0.686534,0.33455744,0.57490253
2370,32167.53799999971,39448.721000001766,0.355467,0.347897,0.35600728,0.36141062
2371,25767.538000000175,31648.721000002697,0.419803,0.377454,0.4254999,0.39583138
2373,27167.538000001106,28048.721000001766,0.281788,0.279172,0.30822107,0.39344293
2375,30567.538000000175,39448.72100000176,0.361289,0.486228,0.39367685,0.47334948
2377,35767.53799999924,35448.7210000027,0.419064,0.256058,0.42952472,0.29746854
2380,25767.538000000175,32448.721000002693,0.409951,0.398789,0.40223712,0.3386099
2382,31767.53800000018,35048.721000000834,0.418766,0.48691,0.37802327,0.4584332
2383,18567.538000000175,45848.72100000176,0.124293,0.089061,0.122907534,0.080589674
2384,26767.53800000018,28048.721000001766,0.253754,0.469844,0.2939099,0.3715566
2385,28367.53799999971,25448.721000001766,0.130557,0.369129,0.14093293,0.33285648
2386,31167.53800000017,36848.721000001766,0.441465,0.396169,0.44784775,0.3740263
2387,16167.538000000643,46848.72100000269,0.086012,0.027954,0.08345206,0.10710467
2388,36967.53799999971,34648.721000000834,0.376342,0.539478,0.4091169,0.46376252
2390,29167.538000000175,46648.7210000027,0.203084,0.414024,0.20240653,0.3550641
2392,39967.538000000175,33448.721000000834,0.394222,0.359319,0.41061714,0.4445274
2393,19967.53800000064,43248.721000001766,0.168387,0.294501,0.16673571,0.32809377
2394,5367.537999999245,28648.72100000269,0.308535,0.305046,0.3314246,0.1979505
2395,26967.53800000064,30448.7210000027,0.403603,0.436793,0.38101482,0.5287902
2397,27967.53800000018,43848.7210000027,0.200607,0.43958,0.20243157,0.28713718
2398,30767.538000000637,35648.721000001766,0.410299,0.504364,0.42383155,0.4502455
2399,19967.53800000064,43448.721000000834,0.168425,0.421169,0.15991163,0.35303733
2400,45567.53800000064,37648.72100000363,0.395021,0.406559,0.40570727,0.38875124
2401,6167.538000000175,28848.721000003632,0.330979,0.311266,0.32807484,0.22367689
2402,24567.53799999971,46648.7210000027,0.140625,0.468688,0.15338805,0.47020805
2403,8567.53800000064,32248.721000000838,0.395033,0.11711,0.40047666,0.09196677
2405,34967.538000000175,31648.721000002697,0.316377,0.771351,0.30809215,0.48893952
2406,41367.538000000175,37848.7210000027,0.433896,0.498126,0.4195209,0.4966604
2407,35167.53800000065,36248.7210000027,0.413376,0.196872,0.4093277,0.16575328
2408,35367.53800000111,36848.721000001766,0.420735,0.125079,0.4219432,0.11991691
2409,27367.538000000175,47048.72100000177,0.153291,0.517385,0.17029035,0.43061236
2410,37567.538000000175,40648.72100000177,0.231388,0.09715,0.23024222,0.16902459
2411,35367.538000001114,42648.72100000084,0.182009,0.485554,0.20778051,0.54357463
2412,11167.538000000175,33048.721000001766,0.33136,0.117014,0.34439188,0.17429554
2413,16367.538000001106,35448.7210000027,0.266958,0.293006,0.28959647,0.28731915
2414,30167.538000000175,44848.72100000084,0.143748,0.109618,0.21699135,0.17690246
2415,10367.537999999711,32448.721000002697,0.380184,0.11441,0.37179464,0.09161534
2416,22967.538000000175,33648.7210000027,0.409508,0.622253,0.43673983,0.3560968
2417,35567.538000000175,34448.721000001766,0.37603,0.349249,0.37015027,0.39295685
2418,20767.53799999971,35848.72100000083,0.366326,0.67226,0.37649488,0.5168471
2419,31167.538000000175,39848.721000000834,0.363786,0.170553,0.34037286,0.25132284
2420,21767.53799999971,34848.7209999999,0.364533,0.507423,0.3948733,0.5216489
2422,27967.53800000017,33048.72100000177,0.34413,0.774753,0.3635852,0.59709454
2423,29967.538000000175,29448.721000000834,0.248866,0.540979,0.25344244,0.5720857
2424,11567.538000000173,33448.721000000834,0.367945,0.110535,0.36279738,0.16419227
2425,32567.53799999971,37048.721000000834,0.416906,0.477036,0.39373118,0.49915642
2426,16167.538000000643,46648.7210000027,0.08714,0.027187,0.06524742,0.08680745
2427,20367.538000000175,36248.7210000027,0.328442,0.510557,0.33379307,0.44046813
2428,10967.538000000175,24448.721000000834,0.224205,0.112383,0.2306393,0.12230525
2430,6567.53799999971,34648.721000000834,0.360118,0.126098,0.33636558,0.10027208
2431,40567.538000000175,32648.721000003625,0.335966,0.096523,0.35239902,0.30054417
2432,31167.538000000175,37848.7210000027,0.447596,0.323752,0.42470852,0.39635742
2433,37367.53800000064,35048.721000000834,0.418084,0.448641,0.40536425,0.464785
2434,21367.538000000175,40848.721000000834,0.218638,0.477811,0.24852549,0.48025063
2435,14767.538000000175,28848.721000003632,0.294867,0.150148,0.2994096,0.12974246
2436,6567.537999999709,36248.721000002704,0.264878,0.304364,0.24936637,0.21928811
2437,34167.53800000064,31248.721000000834,0.247377,0.593668,0.2718094,0.48646697
2438,31767.538000000175,38048.721000002704,0.397388,0.436865,0.42237714,0.47233254
2439,32167.537999999706,35048.721000000834,0.390397,0.581884,0.38479552,0.4859433
2440,4767.538000000642,30248.721000002697,0.328894,0.25182,0.29554158,0.20847204
2443,42567.53800000017,38648.720999999896,0.365918,0.256499,0.36116534,0.38692057
2445,35767.53799999924,41648.7210000027,0.232625,0.607256,0.23853809,0.60081464
2446,38767.538000000175,37448.7210000027,0.458882,0.537941,0.42856404,0.41668284
2447,9367.537999999711,31248.721000000838,0.379397,0.112826,0.39272553,0.08738496
2449,27767.538000001106,47648.7210000027,0.162914,0.371429,0.15929155,0.38792312
2450,10367.53799999971,33448.721000000834,0.393103,0.105083,0.37367913,0.1877609
2451,15967.538000000175,40648.72100000177,0.199843,0.284068,0.1970198,0.15933056
2452,14767.538000000173,37248.721000000834,0.269115,0.454408,0.26789021,0.48377278
2453,13567.537999999711,46448.721000000834,0.042784,0.010411,0.041521728,0.004258206
2454,20567.537999999244,32448.721000002697,0.434356,0.500095,0.44558808,0.4825903
2455,27367.538000000175,29848.7210000027,0.35599,0.492467,0.36749154,0.5692526
2456,7767.538000000176,32448.721000002697,0.382208,0.114615,0.40940747,0.12847093
2457,42967.53800000111,37048.72100000083,0.410866,0.432251,0.423335,0.42161843
2458,18167.538000000175,40448.7210000027,0.241434,0.588034,0.25294745,0.5529305
2459,31567.538000001103,29448.721000000834,0.211187,0.369523,0.19683915,0.38109538
2460,41767.53800000064,35848.721000000834,0.460059,0.492634,0.44554585,0.48360094
2461,5167.538000000176,32048.721000000834,0.402463,0.279525,0.36121908,0.22380535
2462,31567.538000001103,36648.7210000027,0.428843,0.3416,0.44174564,0.42123792
2463,8767.538000001106,33048.72100000177,0.3889,0.117366,0.394278,0.12100286
2464,25567.537999999706,47648.7210000027,0.147523,0.190423,0.12797713,0.3284467
2466,37167.538000000175,32648.72100000363,0.339236,0.609974,0.33845606,0.4585069
2467,3767.538000000641,26048.721000002697,0.289758,0.151516,0.2807181,0.12403066
2468,18167.538000000175,38248.72100000176,0.272528,0.331879,0.29549804,0.4222949
2470,35167.53800000064,36448.72100000363,0.41878,0.196459,0.41524905,0.16194451
2471,35567.538000000175,37448.7210000027,0.429468,0.104703,0.4269813,0.089983694
2473,10367.53799999971,34848.7209999999,0.343438,0.391617,0.34273708,0.3365808
2475,39567.537999999244,34048.7210000027,0.405295,0.401527,0.40646204,0.43981227
2476,48567.538000000175,33248.721000000834,0.257062,0.112422,0.25597033,0.11667258
2478,21967.538000000175,47448.721000000834,0.113612,0.471004,0.115992025,0.44142538
2479,5967.53799999971,28248.721000000834,0.320309,0.283834,0.2924121,0.27325547
2480,35767.53799999924,38048.721000002704,0.383398,0.149368,0.4501844,0.16521442
2481,18767.538000000175,41848.7210000027,0.217392,0.402107,0.20322971,0.42384595
2482,17967.53799999971,37448.7210000027,0.276981,0.430006,0.29452884,0.38187304
2483,20167.538000001106,33048.72100000177,0.415744,0.456741,0.37627178,0.49107426
2484,33167.53799999971,37248.721000000834,0.431097,0.5168,0.40982255,0.5245776
2485,24167.538000000175,32448.721000002697,0.487729,0.385316,0.4443879,0.5077255
2486,38967.53800000064,38648.7209999999,0.400845,0.135346,0.39088652,0.22246389
2487,18567.538000000175,34248.7210000027,0.370107,0.347288,0.37345514,0.41824305
2488,28967.538000000175,32848.7210000027,0.350349,0.691575,0.3640741,0.5868179
2489,25167.538000000175,32448.721000002693,0.432007,0.652076,0.43281695,0.4448936
2490,23167.53800000064,35648.721000001766,0.389898,0.382566,0.3803987,0.430811
2491,11367.538000000643,32448.721000002697,0.319809,0.131801,0.33147958,0.18635331
2492,30167.538000000175,39848.721000000834,0.366875,0.431518,0.39437747,0.428437
2493,39967.538000000175,38048.721000002704,0.413691,0.639345,0.4148272,0.4913468
2494,13767.538000000175,39448.721000001766,0.19919,0.070573,0.203461,0.09007134
2495,24967.53799999971,35248.7210000027,0.415872,0.33729,0.39956504,0.404421
2496,14767.538000000173,39048.721000002704,0.200909,0.094427,0.18052599,0.09937175
2497,17567.538000000175,39848.721000000834,0.223568,0.410607,0.22264296,0.4612421
2498,45767.538000000175,33248.721000000834,0.310956,0.270594,0.29916316,0.12014035
2499,4967.5380000011055,27848.7210000027,0.287889,0.116981,0.28831682,0.13942194
2500,26767.53800000018,29248.72100000177,0.393923,0.458792,0.36549285,0.50575125
2501,33767.538000000175,35848.721000000834,0.420023,0.468163,0.41150153,0.49066293
2502,18767.538000000175,43248.72100000177,0.238034,0.327569,0.19435707,0.30479625
2503,15167.53800000064,35248.7210000027,0.401838,0.548243,0.35113755,0.50003386
2505,26967.538000000637,33648.7210000027,0.390848,0.658855,0.3962843,0.49361002
2507,27767.538000001106,40848.721000000834,0.278017,0.359184,0.2672305,0.38552442
2509,17167.53800000017,40248.72100000363,0.207102,0.302127,0.22457184,0.31936902
2510,27367.53800000018,27848.7210000027,0.309517,0.357952,0.34210494,0.39386946
2511,4367.538000001107,31248.721000000834,0.3319,0.085956,0.34387854,0.19552208
2512,25967.53800000064,43648.721000000834,0.197923,0.149326,0.16824192,0.14474413
2513,28567.53800000018,37648.721000003636,0.42281,0.440362,0.42336988,0.48513114
2514,28367.537999999713,29448.72100000083,0.331178,0.473689,0.33283415,0.5180143
2515,13367.538000000175,42448.7209999999,0.141419,0.058932,0.16683264,0.037411112
2516,26567.53800000064,46848.7210000027,0.132421,0.444826,0.13131645,0.48494643
2517,29967.538000000175,31448.721000002697,0.331677,0.77066,0.3403493,0.70214945
2518,31767.538000000175,33248.721000000834,0.34927,0.4638,0.33438456,0.5043954
2519,6967.538000000641,35048.721000000834,0.338067,0.126686,0.35632554,0.10155504
2520,34967.53800000018,38648.720999999896,0.363135,0.488536,0.36812183,0.5227016
2521,28567.538000000175,44848.72100000083,0.200744,0.431241,0.19317141,0.4471135
2522,12367.538000000639,38248.721000001766,0.208346,0.096404,0.21723668,0.135778
2523,13767.538000000177,35448.7210000027,0.330698,0.449666,0.3064049,0.43311992
2524,26967.538000000637,28848.72100000363,0.295631,0.430597,0.34379005,0.4680379
2525,15767.538000001105,43848.7210000027,0.078132,0.013787,0.12432818,0.09442779
2526,8967.538000000175,34848.7209999999,0.296599,0.060509,0.27409393,0.04516189
2527,8567.53800000064,28048.721000001766,0.213878,0.095864,0.30231994,0.16120468
2528,33567.53800000064,32448.721000002697,0.320171,0.539827,0.32960358,0.5541594
2529,22567.538000000175,30648.721000001766,0.483911,0.417114,0.47641814,0.41810378
2530,25967.53800000064,47848.72100000363,0.148239,0.395903,0.13988794,0.40281045
2531,13567.537999999711,42848.7210000027,0.128736,0.053292,0.16817723,0.054980267
2532,35767.53799999925,40048.7210000027,0.297222,0.385394,0.2767836,0.4363325
2533,16767.537999999244,40848.721000000834,0.195969,0.043529,0.14481021,0.122088365
2534,27967.53800000017,47048.72100000177,0.173515,0.31566,0.14426634,0.37531346
2536,12167.538000000175,37448.7210000027,0.224443,0.414021,0.22274138,0.26845765
2537,42767.53800000064,35248.7210000027,0.404661,0.369453,0.41354167,0.3233113
2538,11767.538000000639,35848.72100000083,0.265497,0.412724,0.2798332,0.40731806
2539,24567.53799999971,29648.721000000834,0.390916,0.423128,0.4045084,0.43165594
2540,26767.538000000175,43048.7210000027,0.201215,0.502618,0.23270747,0.41612545
2541,15567.53800000064,36448.72100000363,0.280418,0.525122,0.25742063,0.5129534
2542,32367.538000000175,36448.72100000362,0.400644,0.491297,0.39815664,0.47029257
2543,16567.538000000175,28648.72100000269,0.342728,0.125412,0.34164694,0.14700034
2545,40967.538000000175,40048.7210000027,0.313397,0.398649,0.3006393,0.39568964
2546,19767.538000000175,46648.7210000027,0.10865,0.260551,0.08859728,0.12343023
2547,25767.538000000175,30848.721000000838,0.420132,0.564893,0.4550337,0.48801404
2548,27167.538000001106,40648.72100000177,0.291128,0.437643,0.2867245,0.43931136
2549,43767.538000000175,38848.721000000834,0.374951,0.127208,0.3312048,0.17847654
2551,13167.53799999971,35648.721000001766,0.309191,0.438459,0.29246986,0.48458079
2553,24567.53799999971,33848.72100000363,0.431476,0.483887,0.42612717,0.38337305
2555,29167.538000000175,34248.7210000027,0.390415,0.455764,0.3674045,0.5287533
2556,26967.53800000064,34048.72100000269,0.382345,0.642245,0.38940418,0.48467183
2557,33167.53799999971,44248.7210000027,0.137743,0.088577,0.11633471,0.114527114
2560,29567.538000000175,37048.72100000084,0.438305,0.460061,0.44020995,0.50175536
2561,6767.538000000175,34448.721000001766,0.365823,0.123602,0.34993458,0.09453728
2562,17167.538000000175,39848.721000000834,0.23122,0.304486,0.2700427,0.328347
2563,25767.538000000175,32848.7210000027,0.392694,0.248287,0.38694984,0.33075282
2564,23167.53800000064,34848.7209999999,0.385937,0.337439,0.4074099,0.47018278
2566,5567.53799999971,31848.721000001766,0.37158,0.283157,0.37617916,0.20804928
2567,21367.538000000175,46048.721000000834,0.134957,0.476919,0.103512004,0.5135879
2569,24167.538000000175,29248.72100000177,0.380619,0.429735,0.3695144,0.38576657
2570,27367.53800000018,29448.721000000834,0.349113,0.537858,0.36770463,0.55122393
2571,32167.53799999971,34648.721000000834,0.389217,0.470766,0.3753839,0.48730186
2572,21767.53799999971,35248.7210000027,0.390821,0.483153,0.3715879,0.51238763
2573,22367.538000000175,47048.72100000177,0.130574,0.46322,0.14749816,0.45677242
2574,7567.538000000641,35248.7210000027,0.342104,0.110306,0.3306629,0.109460585
2575,13967.538000000177,33248.721000000834,0.257377,0.30012,0.31738123,0.2930106
2576,24567.53799999971,34848.7209999999,0.392161,0.420298,0.40194303,0.42486516
2577,15367.538000000175,29448.721000000834,0.331218,0.14287,0.3359887,0.12477086
2578,26367.538000000175,47848.72100000363,0.159428,0.478575,0.13030244,0.4330363
2579,30967.538000001103,33048.72100000177,0.351288,0.657627,0.38079068,0.6356648
2580,28767.53799999971,36048.721000000834,0.418103,0.576019,0.3986762,0.4534748
2581,49767.53800000064,33848.72100000363,0.216788,0.121305,0.14937313,0.06523951
2582,35167.53800000064,31448.721000002697,0.289744,0.630451,0.2895843,0.52839005
2584,24367.537999999244,31248.721000000834,0.442144,0.443226,0.4572223,0.4632908
2585,35367.538000001114,33648.7210000027,0.358353,0.420623,0.35562062,0.43155214
2586,19367.538000000644,32448.721000002697,0.444184,0.404992,0.4511829,0.3914859
2588,23767.538000000637,32448.721000002697,0.485751,0.445768,0.45065826,0.50361216
2589,18767.538000000175,46248.7209999999,0.114732,0.106531,0.11244327,0.088448994
2591,41167.53800000064,37448.7210000027,0.432639,0.465708,0.44691008,0.49850726
2592,18567.53800000017,36248.7210000027,0.320544,0.470557,0.3306136,0.47277546
2593,14567.53800000064,35448.7210000027,0.3292,0.47653,0.3389515,0.41564542
2594,20767.53799999971,46848.72100000269,0.109918,0.175784,0.121102795,0.22217065
2595,17967.53799999971,41848.7210000027,0.181252,0.473051,0.19859357,0.45899585
2596,36567.53800000017,42248.721000000834,0.224257,0.438184,0.20573552,0.51507336
2597,33167.53799999971,32648.72100000363,0.360711,0.626701,0.34880948,0.6004303
2598,26367.53800000018,34248.7210000027,0.391921,0.441486,0.3937134,0.433942
2599,21567.53800000017,34848.7209999999,0.392875,0.487383,0.40557152,0.5261418
2602,21367.538000000175,45448.721000002704,0.119803,0.438639,0.10762429,0.47462997
2603,38167.53800000018,33048.72100000177,0.359529,0.627707,0.3610574,0.47093326
2604,39767.53799999971,34848.7209999999,0.467161,0.428668,0.43515295,0.44300333
2606,19167.538000000175,36648.7210000027,0.344939,0.514332,0.35959864,0.5063515
2607,10767.538000000639,32848.7210000027,0.363637,0.116036,0.3675502,0.13753386
2608,37167.538000000175,33648.7210000027,0.388521,0.43855,0.3735458,0.500798
2609,17967.53799999971,36248.721000002704,0.297521,0.400788,0.30691803,0.45459402
2610,3767.5380000006407,25248.721000002697,0.242838,0.119631,0.25257578,0.07737132
2611,21567.538000000175,29848.7210000027,0.445755,0.490565,0.43225357,0.41284257
2612,32167.53799999971,36048.72100000084,0.394217,0.43066,0.40351987,0.42622384
2613,13767.538000000177,34648.721000000834,0.358274,0.143872,0.32736284,0.19943598
2614,31567.538000001103,35848.721000000834,0.392162,0.194607,0.42027515,0.41645396
2615,29967.538000000175,40248.72100000363,0.318977,0.408293,0.37443438,0.30296716
2616,17967.537999999713,40248.72100000363,0.231189,0.590284,0.27652115,0.5336648
2619,32167.53799999971,34248.7210000027,0.360099,0.476247,0.35575435,0.4841871
2620,6567.537999999709,31248.721000000834,0.348366,0.101663,0.3143321,0.106184535
2621,15767.538000001108,45648.7210000027,0.106386,0.036477,0.07360467,0.03690474
2622,29567.538000000175,33848.72100000363,0.382754,0.481825,0.36608762,0.56744486
2623,39967.538000000175,35848.721000000834,0.495425,0.193733,0.46830004,0.4178694
2624,17567.538000000175,33848.72100000363,0.344885,0.393545,0.38472873,0.40510774
2625,47167.537999999244,36448.72100000362,0.363963,0.078951,0.3276584,0.07952892
2626,27767.538000001103,40248.72100000363,0.314179,0.484978,0.31828567,0.4632617
2627,28567.538000000175,39848.721000000834,0.311613,0.469078,0.34202388,0.50220466
2628,24367.537999999244,34448.721000001766,0.419048,0.443047,0.41162902,0.3819136
2629,28367.53799999971,48848.7210000027,0.184655,0.466079,0.14830065,0.32685977
2630,23167.53800000064,43248.721000001766,0.146999,0.273014,0.19598277,0.1574231
2631,18967.53800000064,39248.7210000027,0.260867,0.509051,0.25415328,0.45242053
2632,37367.53800000064,33448.721000000834,0.35584,0.338011,0.36384028,0.47439805
2633,16167.538000000643,34648.721000000834,0.291086,0.437628,0.30415776,0.47053307
2634,14967.538000000175,47048.721000001766,0.026855,0.020389,0.040096253,0.013966283
2635,6367.538000000174,31448.721000002697,0.360908,0.108492,0.34122753,0.101707004
2636,8967.538000000173,34048.7210000027,0.335202,0.297677,0.35925147,0.28029287
2637,42767.53800000064,38648.7209999999,0.387245,0.19073,0.32208312,0.2882428
2638,22967.538000000175,32648.721000003625,0.463542,0.411918,0.47163406,0.4740394
2639,22767.53800000064,34848.7209999999,0.376232,0.400387,0.37900028,0.4567486
2640,11967.538000001106,44448.721000001766,0.141984,0.058894,0.14940718,0.111290924
2641,21767.53799999971,39248.7210000027,0.252885,0.517489,0.2552453,0.4749795
2642,15567.53800000064,32648.72100000363,0.363332,0.15803,0.37572506,0.17071359
2645,29167.538000000175,46448.721000000834,0.200183,0.385582,0.18847427,0.420804
2646,13967.538000000177,45648.7210000027,0.082499,0.024581,0.08180207,0.05177923
2647,41167.53800000064,33448.721000000834,0.370656,0.323376,0.38703486,0.3030764
2648,4367.538000001106,30248.7210000027,0.305452,0.243472,0.3016407,0.17338757
2649,26967.53800000064,33448.721000000834,0.407948,0.336583,0.40080714,0.47844824
2652,20367.53800000018,30648.721000001762,0.40729,0.389265,0.4148265,0.426796
2653,30567.53800000018,35448.7210000027,0.415182,0.487022,0.41301808,0.46383107
2654,33167.53799999971,38048.7210000027,0.420127,0.438913,0.42181805,0.511733
2655,45767.53800000017,33048.72100000177,0.277393,0.278506,0.27696404,0.14024085
2656,19167.538000000175,43848.7210000027,0.167856,0.272049,0.14889279,0.27109817
2657,36167.53800000017,31848.721000001766,0.309195,0.673684,0.305507,0.6307521
2658,14367.538000000175,34248.7210000027,0.339419,0.31933,0.3686152,0.24649337
2659,31967.537999999247,35448.7210000027,0.408502,0.615821,0.39388752,0.48429042
2660,29767.53800000064,36848.721000001766,0.450867,0.454405,0.41967487,0.48447394
2661,16167.53800000064,29248.721000001766,0.35366,0.127606,0.3870061,0.13128318
2662,16767.537999999244,47048.72100000177,0.091242,0.277432,0.092681125,0.11839824
2663,23367.538000001106,43048.7210000027,0.158665,0.253838,0.18874077,0.16055882
2667,4767.538000000642,28248.721000000838,0.334397,0.123524,0.32160592,0.12848257
2668,6367.538000000175,29248.72100000177,0.321441,0.151335,0.3296557,0.16840596
2669,27767.538000001103,45848.72100000176,0.148451,0.399677,0.18858089,0.43367654
2670,15767.538000001108,29648.721000000834,0.352449,0.135549,0.3539483,0.10673732
2671,6167.538000000175,35648.72100000176,0.277964,0.301034,0.27360472,0.18119444
2672,15167.53800000064,46848.7210000027,0.029142,0.021368,0.044270307,0.021183541
2674,16967.537999999713,35448.7210000027,0.305058,0.46342,0.31151837,0.41645655
2676,35967.53799999971,33048.721000001766,0.329066,0.596163,0.33790022,0.51979417
2677,14767.538000000173,39248.7210000027,0.171711,0.09777,0.16750036,0.0867539
2678,39167.53800000111,32648.721000003625,0.348855,0.583853,0.33183262,0.5522922
2679,31367.538000000637,36448.72100000363,0.426511,0.175977,0.43888038,0.3424418
2680,41567.538000000175,39848.721000000834,0.341133,0.50276,0.34350553,0.42546022
2681,16167.538000000643,33448.721000000834,0.351588,0.124419,0.35277733,0.20623101
2682,28567.538000000175,36648.7210000027,0.437683,0.418634,0.42475313,0.47079542
2683,26567.53800000064,34648.721000000834,0.341508,0.383627,0.3654775,0.3945375
2684,14367.538000000175,36048.72100000084,0.278812,0.47796,0.28972825,0.47876522
2685,35967.53799999971,33848.72100000363,0.344101,0.455117,0.37294924,0.42543966
2686,12567.538000001106,36048.72100000083,0.280793,0.426534,0.2812101,0.48551106
2688,13167.53799999971,37448.7210000027,0.260756,0.39212,0.25746587,0.34632477
2689,7967.538000000641,33248.721000000834,0.984307,0.117913,0.99012023,0.24483387
2690,27167.538000001106,28848.721000003632,0.295178,0.495777,0.33423623,0.45124757
2691,27167.538000001103,47648.7210000027,0.136034,0.468495,0.14254223,0.4960118
2692,30767.538000000637,38048.7210000027,0.389568,0.325728,0.4340658,0.37933248
2693,35167.53800000064,36648.7210000027,0.410808,0.193071,0.4164177,0.1397815
2694,6167.538000000175,33648.7210000027,0.341555,0.113134,0.3615967,0.15838568
2695,15367.538000000175,32248.72100000083,0.363891,0.161423,0.34797,0.18645833
2696,38967.53800000065,34048.72100000269,0.409974,0.688651,0.4217838,0.46089873
2697,5167.538000000176,27648.721000002697,0.286646,0.095431,0.25440145,0.13569157
2698,43967.53799999971,37848.7210000027,0.345712,0.10941,0.34728456,0.10199686
2699,21367.538000000175,29648.721000000834,0.420055,0.160847,0.40420532,0.2999106
2700,27767.538000001106,30448.7210000027,0.341021,0.44873,0.3622387,0.5305167
2701,29767.53800000064,33648.7210000027,0.391007,0.480129,0.36942735,0.5516323
2702,24567.53799999971,30048.72100000363,0.395902,0.412014,0.42302537,0.46801656
2703,26567.53800000064,35448.7210000027,0.361653,0.076008,0.35389358,0.09094953
2704,33367.538000000175,31648.721000002697,0.293786,0.445632,0.28977636,0.48687214
2705,18967.53800000064,33048.72100000176,0.424787,0.488653,0.43033847,0.41322994
2706,29567.538000000175,40648.721000001766,0.317987,0.415087,0.33567584,0.35341734
2707,33367.538000000175,39648.721000000834,0.334292,0.478109,0.3897763,0.4873975
2708,26367.538000000175,31848.72100000177,0.427065,0.493553,0.41382954,0.49408004
2710,21367.538000000175,39648.721000000834,0.2845,0.51416,0.28471297,0.5228547
2712,6767.538000000175,30048.72100000363,0.325636,0.137416,0.3286473,0.12648128
2714,29767.53800000064,30048.721000003625,0.329159,0.595603,0.31604505,0.63404953
2715,12567.538000001106,33448.721000000834,0.391116,0.122972,0.37221244,0.19292499
2716,21967.538000000175,46248.7209999999,0.1251,0.525915,0.13052064,0.54991764
2718,33367.538000000175,33448.721000000834,0.306671,0.621158,0.35698372,0.5282186
2719,30967.538000001103,30648.721000001762,0.301503,0.458847,0.31598428,0.5768888
2720,26567.53800000064,30248.7210000027,0.374408,0.441463,0.4076664,0.5371214
2721,21367.538000000175,35448.7210000027,0.387624,0.429317,0.3835095,0.52499884
2723,34967.538000000175,34648.721000000834,0.370452,0.341385,0.37654763,0.35043123
2724,32367.538000000175,36248.7210000027,0.409697,0.608847,0.40324727,0.47838596
2725,14367.538000000173,34848.7209999999,0.339946,0.149472,0.3206356,0.20840715
2726,42367.5380000011,35448.7210000027,0.443206,0.382804,0.39233917,0.37413436
2727,35367.538000001114,36248.7210000027,0.400615,0.145097,0.40772343,0.15719974
2728,36767.53800000017,41648.7210000027,0.220239,0.460773,0.21955547,0.5426596
2729,29167.538000000175,35248.7210000027,0.401521,0.517565,0.42832363,0.4872263
2730,27567.538000000644,31248.721000000838,0.371866,0.484801,0.35218164,0.54298514
2731,19167.538000000175,35648.721000001766,0.353072,0.295166,0.36786282,0.3227926
2732,37767.53800000018,34648.721000000834,0.382662,0.539783,0.41266388,0.51268864
2733,41367.538000000175,36248.7210000027,0.466249,0.410584,0.4349491,0.46967328
2734,25967.53800000064,29248.721000001766,0.389838,0.488675,0.36211377,0.48675847
2735,16967.537999999713,39648.721000000834,0.21414,0.274687,0.22319318,0.3239378
2736,35567.538000000175,41248.7210000027,0.265034,0.666545,0.24782625,0.62914294
2738,28367.537999999713,32848.7210000027,0.362326,0.362016,0.3429648,0.58959985
2739,24167.538000000175,44648.72100000084,0.141178,0.122613,0.11939721,0.098955356
2741,35367.538000001114,31248.721000000834,0.23086,0.563047,0.30275166,0.4653478
2742,41767.53800000063,36448.72100000362,0.475163,0.409223,0.4249541,0.44503543
2743,6167.538000000174,35248.7210000027,0.330929,0.118653,0.283443,0.14523669
2744,12167.538000000173,45648.7210000027,0.097636,0.005687,0.18986642,0.10650369
2745,22567.538000000175,29248.721000001762,0.414162,0.572774,0.39911094,0.46581987
2746,21967.538000000175,30448.7210000027,0.438825,0.430477,0.4406064,0.43351164
2747,10367.53799999971,36048.721000000834,0.289487,0.077938,0.2753746,0.1610814
2748,16367.538000001106,40848.721000000834,0.181059,0.28182,0.16031027,0.14708255
2749,4767.538000000641,30648.721000001766,0.35069,0.297116,0.3292211,0.23526116
2751,8567.53800000064,33648.7210000027,0.38083,0.283036,0.47316337,0.33705437
2752,18567.538000000175,42048.721000001766,0.207857,0.463462,0.20703956,0.45365122
2753,42767.53800000064,36448.72100000363,0.45467,0.305041,0.4354206,0.37703353
2754,37367.53800000064,42648.721000000834,0.160854,0.41134,0.19888334,0.50539523
2755,48167.538000000175,37048.72100000083,0.3479,0.067455,0.31229746,0.057601232
2756,36967.53799999971,32448.721000002697,0.31192,0.642674,0.3309119,0.5037944
2757,18967.53800000064,46048.721000000834,0.087428,0.10342,0.11478059,0.1095661
2758,40767.53799999971,36848.721000001766,0.479784,0.459913,0.46425718,0.47216186
2759,25167.538000000175,49848.72100000084,0.173438,0.157336,0.16751072,0.22124454
2760,11967.538000001106,34448.721000001766,0.388799,0.313409,0.35506484,0.27805242
2761,45367.53800000018,37448.7210000027,0.392157,0.398798,0.40385255,0.39203134
2762,43167.53800000017,35248.7210000027,0.452244,0.303079,0.44129878,0.26125675
2763,20967.538000000175,40248.72100000363,0.255974,0.513516,0.2844033,0.5263177
2766,36967.53799999971,34048.7210000027,0.391089,0.441558,0.3831133,0.5028361
2767,12367.53800000064,35048.721000000834,0.334193,0.411106,0.33587393,0.3442391
2768,10967.538000000175,33248.721000000834,0.355323,0.110612,0.3548303,0.1657731
2769,27767.538000001106,47448.721000000834,0.160732,0.377073,0.14020987,0.38830414
2770,14167.537999999711,30248.7210000027,0.256322,0.114873,0.290223,0.12358626
2771,23567.53800000018,36448.72100000362,0.355322,0.29055,0.36865452,0.26883274
2772,8967.538000000173,32048.721000000834,0.417172,0.109558,0.40756667,0.09415265
2773,25567.53799999971,31048.720999999903,0.41142,0.49044,0.42943457,0.49875006
2774,27967.53800000018,32448.721000002697,0.397126,0.430926,0.37403584,0.6163898
2775,35367.53800000111,38248.721000001766,0.388874,0.391927,0.40889123,0.45247385
2776,49567.538000000175,33848.72100000363,0.220087,0.130417,0.18105729,0.06606438
2777,24367.537999999244,30248.7210000027,0.409625,0.426306,0.42496583,0.44396707
2779,21167.537999999713,38648.7209999999,0.307237,0.674512,0.3054487,0.53720415
2780,3567.538000000175,27648.721000002697,0.248909,0.109657,0.2576834,0.09498858
2781,22367.538000000175,34848.7209999999,0.361982,0.439142,0.352483,0.47870415
2782,6967.538000000641,33648.7210000027,0.372767,0.109923,0.37023175,0.1107321
2783,32567.537999999713,34448.721000001766,0.372436,0.431436,0.3725788,0.47177973
2784,18167.538000000175,40248.72100000363,0.225401,0.5844,0.27450693,0.5334763
2786,33367.538000000175,33048.721000001766,0.325152,0.669109,0.34284037,0.61721045
2787,11967.538000001106,37248.721000000834,0.235581,0.38941,0.2301364,0.2602405
2788,44767.538000000175,36048.72100000084,0.421275,0.324123,0.3991361,0.29346666
2789,21367.538000000175,47248.721000000834,0.106726,0.321222,0.0979311,0.3883609
2790,14167.537999999711,44648.721000000834,0.068493,0.034839,0.06392816,0.02087926
2791,15367.538000000175,44248.7210000027,0.11134,0.232509,0.111242756,0.18916538
2792,33567.53800000064,38248.721000001766,0.427509,0.446703,0.42953053,0.5116238
2793,19167.538000000175,43448.72100000083,0.211499,0.391681,0.16455863,0.3324528
2794,42767.53800000064,35648.721000001766,0.420549,0.386803,0.40464294,0.3376435
2796,4567.538000000175,27648.721000002697,0.303415,0.125578,0.3067267,0.096407466
2797,6967.538000000641,30848.721000000834,0.31011,0.10796,0.31403142,0.10990939
2799,23567.538000000175,42848.72100000269,0.154674,0.264686,0.1834406,0.1663577
2800,45167.538000000175,38248.721000001766,0.389546,0.430125,0.39856133,0.39054292
2801,11567.538000000175,36248.7210000027,0.253596,0.474722,0.26052245,0.46831697
2802,18767.538000000175,39848.721000000834,0.238322,0.585321,0.23874958,0.4784902
2803,27967.538000000175,35848.721000000834,0.410544,0.441426,0.44194135,0.40298885
2804,4767.538000000642,31648.7210000027,0.382722,0.297251,0.36400065,0.24068984
2805,28767.53799999971,35448.7210000027,0.398789,0.428884,0.4166517,0.43911693
2807,38767.538000000175,33648.7210000027,0.46267,0.455413,0.4201617,0.437088
2808,28967.53800000018,46248.7209999999,0.196469,0.42128,0.21408218,0.4270897
2809,23167.53800000064,29448.72100000083,0.39601,0.354339,0.39824393,0.35963893
2810,34967.538000000175,36248.7210000027,0.407059,0.197205,0.4303301,0.22300205
2812,38367.53800000064,34448.721000001766,0.392434,0.550673,0.4033026,0.5323979
2813,18767.538000000175,34448.721000001766,0.371334,0.312361,0.3629696,0.38384742
2814,15367.538000000177,33048.72100000177,0.368551,0.152392,0.38595304,0.17528385
2816,13167.537999999708,44848.721000000834,0.090996,0.068036,0.10490018,0.058476258
2817,22367.538000000175,35248.7210000027,0.377031,0.673227,0.39000043,0.49763542
2818,26567.53800000064,34448.721000001766,0.368573,0.415709,0.37240398,0.42613015
2819,35567.538000000175,36648.7210000027,0.437223,0.125285,0.40136117,0.12222988
2821,20567.537999999244,42648.72100000084,0.153493,0.085177,0.22558548,0.07868477
2823,4967.5380000011055,30248.7210000027,0.313349,0.295925,0.3031584,0.23868234
2824,10567.538000000173,27248.720999999907,0.320694,0.141322,0.31651315,0.14692824
2825,20767.53799999971,39448.721000001766,0.276761,0.540813,0.3005763,0.5118561
2826,28767.53799999971,34448.721000001766,0.406443,0.389432,0.41462553,0.4011063
2827,18367.53800000064,34648.721000000834,0.364717,0.350481,0.35864663,0.36882186
2828,28567.538000000175,47248.721000000834,0.106823,0.267691,0.14306314,0.3545992
2829,17167.538000000175,39648.721000000834,0.207883,0.300439,0.19685449,0.39527863
2830,17367.537999999706,40048.7210000027,0.239583,0.3068,0.23303074,0.40141404
2831,22767.53800000064,46248.7209999999,0.14204,0.538054,0.1070392,0.55390966
2832,14567.53800000064,39848.721000000834,0.197689,0.098531,0.19283237,0.08305495
2834,22367.538000000175,39448.72100000176,0.291098,0.197784,0.27574158,0.09689873
2836,14567.53800000064,46048.721000000834,0.035763,0.026173,0.066785365,0.011630049
2837,20767.53799999971,40648.721000001766,0.242591,0.492468,0.26854208,0.49837214
2838,20967.538000000175,47248.721000000834,0.146864,0.327201,0.12564978,0.27591196
2839,29767.53800000064,37448.7210000027,0.417996,0.412109,0.41652557,0.43514338
2841,15567.53800000064,30048.72100000363,0.343972,0.129113,0.34937006,0.11143557
2842,17767.538000000175,33848.72100000363,0.352226,0.406264,0.36508462,0.39355597
2843,27567.538000000637,29048.721000002697,0.29963,0.520902,0.3509389,0.50532466
2844,18967.538000000644,32448.721000002697,0.423636,0.140215,0.42184258,0.17120354
2846,29367.537999999713,33848.72100000363,0.376529,0.472208,0.38150805,0.54348934
2847,29967.538000000175,33048.72100000177,0.348008,0.527162,0.3739443,0.5383255
2848,13367.538000000175,33048.72100000177,0.342295,0.285534,0.30901086,0.2635977
2849,19167.538000000175,44248.7210000027,0.151513,0.077567,0.12607267,0.13920848
2850,12967.537999999242,35448.7210000027,0.310043,0.467016,0.29941273,0.46332517
2851,13967.538000000171,32648.721000003625,0.380081,0.302245,0.3429467,0.21081087
2852,20567.537999999244,46248.72099999991,0.120317,0.183016,0.1253564,0.1498656
2853,32767.538000000175,39848.721000000834,0.371574,0.414242,0.37310314,0.39204475
2855,10567.538000000173,36448.72100000363,0.263298,0.3096,0.24608481,0.28305125
2856,9167.537999999244,27248.720999999907,0.293762,0.135695,0.3124559,0.14772768
2857,23367.538000001106,47248.721000000834,0.116948,0.450242,0.13674094,0.45919818
2858,23167.53800000064,35448.7210000027,0.390663,0.339059,0.4089827,0.46342894
2861,34567.53800000064,33048.721000001766,0.306622,0.654962,0.32683322,0.5291271
2862,35567.538000000175,36848.721000001766,0.445881,0.116243,0.40325183,0.10858772
2863,27367.53800000018,40848.721000000834,0.261446,0.464526,0.28089052,0.40262172
2864,45567.53800000064,38248.721000001766,0.42231,0.40591,0.39157754,0.40009063
2865,40767.53799999971,39848.721000000834,0.341661,0.421265,0.32608202,0.40002108
2866,31367.53800000064,29448.72100000083,0.197533,0.437666,0.2223135,0.4220322
2867,21967.538000000175,46848.7210000027,0.105273,0.508723,0.1287655,0.53045565
2868,40567.538000000175,36848.721000001766,0.483865,0.468623,0.44593287,0.46264192
2870,38367.53800000064,32448.721000002697,0.315863,0.451131,0.35319975,0.5429196
2871,25167.538000000175,30448.7210000027,0.457423,0.580405,0.37743583,0.53832984
2872,41367.538000000175,34048.7210000027,0.423356,0.175025,0.44498584,0.34874454
2873,36567.53800000017,35248.7210000027,0.435125,0.397218,0.43986443,0.37807924
2874,27767.538000001103,26848.721000001762,0.185735,0.15673,0.2137292,0.12999669
2875,24167.538000000175,47248.721000000834,0.12187,0.48087,0.1406473,0.50589323
2876,40967.538000000175,36448.72100000363,0.484899,0.419166,0.40098336,0.4349425
2877,28767.53799999971,40848.721000000834,0.314483,0.316124,0.3220856,0.41074625
2878,13567.537999999711,40448.7210000027,0.194164,0.061988,0.19832383,0.05389153
2880,18567.53800000017,38848.721000000834,0.282048,0.317623,0.2604788,0.39554888
2882,31367.53800000064,36248.7210000027,0.423817,0.178048,0.43339878,0.35238034
2883,19167.538000000175,46248.72099999991,0.113948,0.115625,0.12585056,0.1542895
2884,14367.538000000173,44448.721000001766,0.109846,0.033738,0.07604618,0.036507923
2885,29567.538000000175,31648.721000002697,0.357312,0.70413,0.33337831,0.62096304
2886,44367.538000000175,35248.7210000027,0.330577,0.34299,0.3478454,0.2544577
2888,28367.53799999971,30648.721000001766,0.356813,0.654114,0.3164743,0.63812816
2889,32967.538000000175,32248.72100000083,0.305569,0.523749,0.33472764,0.4909048
2890,25367.53800000017,33448.721000000834,0.456067,0.465945,0.43865386,0.549561
2891,17767.538000000175,42248.721000000834,0.182754,0.296409,0.16664806,0.27838406
2892,41967.53800000018,35848.721000000834,0.46161,0.430334,0.43207124,0.44290686
2893,21567.538000000175,43648.721000000834,0.131318,0.221424,0.144853,0.080931805
2894,5367.537999999243,32048.721000000834,0.3971,0.281147,0.36158136,0.22942454
2895,27967.53800000017,34848.7209999999,0.347123,0.096679,0.339117,0.11380956
2896,20967.538000000175,35848.721000000834,0.378162,0.616633,0.38434455,0.5020789
2897,27367.538000000175,25448.721000001762,0.173592,0.270917,0.21468502,0.2892543
2898,14567.538000000639,36448.72100000362,0.306723,0.495446,0.2909629,0.5109331
2899,26567.53800000064,42048.721000001766,0.257462,0.370521,0.21493943,0.4490308
2900,43167.53800000017,38048.721000002704,0.366019,0.186547,0.37287298,0.2424853
2901,32767.538000000175,43248.72100000177,0.187303,0.098611,0.22238867,0.06302249
2902,19767.538000000175,35448.7210000027,0.342413,0.313235,0.3362395,0.33087283
2903,39167.538000001114,34248.7210000027,0.398557,0.553917,0.4134196,0.4678042
2904,12167.538000000173,41648.7210000027,0.160982,0.035393,0.11775857,0.021449974
2905,32967.538000000175,39248.7210000027,0.375532,0.466686,0.38474497,0.44465977
2906,30967.538000001103,36448.72100000362,0.448608,0.333107,0.44162512,0.33582625
2907,45567.53800000064,36848.721000001766,0.379472,0.368881,0.40329733,0.3325139
2908,34967.538000000175,41048.721000000834,0.269622,0.646919,0.27581507,0.60411686
2910,41367.53800000018,34848.7209999999,0.45926,0.331064,0.43514553,0.4327444
2911,28367.537999999713,40448.72100000269,0.313787,0.393583,0.31707695,0.45170644
2912,40367.538000000175,33248.721000000834,0.378469,0.578251,0.39997467,0.43053898
2913,27767.538000001103,47048.72100000177,0.173243,0.334132,0.14314684,0.39516795
2914,26967.538000000637,32648.72100000363,0.362689,0.368265,0.41002178,0.47025624
2915,21367.538000000175,39448.721000001766,0.293386,0.439535,0.3004263,0.54518604
2916,10567.538000000175,28448.72100000083,0.24418,0.120672,0.2717364,0.15677865
2917,19167.538000000175,36848.721000001766,0.331931,0.514941,0.34583902,0.5176314
2918,29567.538000000175,34448.721000001766,0.382624,0.604745,0.37040874,0.59088826
2919,13167.537999999708,34048.72100000269,0.363339,0.283947,0.3433356,0.25789034
2920,31767.53800000018,40248.72100000363,0.341839,0.185247,0.36489484,0.27602434
2921,19367.53800000064,33048.721000001766,0.41038,0.604265,0.4183821,0.45337695
2922,4167.538000000641,24048.721000002697,0.228718,0.043521,0.26161814,0.07558509
2923,29167.538000000175,38648.720999999896,0.363206,0.424527,0.38191518,0.44588685
2924,30367.53800000064,36448.72100000362,0.445719,0.486796,0.43627584,0.4147209
2925,18567.53800000017,32448.721000002697,0.379962,0.088781,0.40336406,0.093661
2926,30167.538000000175,36648.721000002704,0.418149,0.536507,0.42743903,0.4763313
2927,4967.5380000011055,30848.72100000083,0.333986,0.299327,0.35150743,0.27364138
2929,38967.53800000065,34248.7210000027,0.407188,0.542408,0.42965978,0.47016737
2930,28767.53799999971,40248.72100000363,0.318199,0.472211,0.32473886,0.4393526
2932,34967.53800000018,34448.721000001766,0.350828,0.365126,0.3738776,0.35588953
2933,28367.537999999713,28448.721000000834,0.259709,0.502534,0.27253455,0.4819644
2934,35967.53799999971,31448.721000002697,0.290215,0.46545,0.28156084,0.5313139
2935,42967.53800000111,33848.72100000363,0.343381,0.289236,0.3330473,0.1667886
2936,32367.538000000175,40048.7210000027,0.369029,0.322844,0.355937,0.34580263
2937,30167.538000000175,45648.7210000027,0.152005,0.288064,0.15280987,0.2084725
2938,10567.538000000175,32248.721000000838,0.397671,0.118676,0.39368424,0.09974223
2939,38367.53800000063,32248.721000000838,0.315778,0.699578,0.30938768,0.59002
2940,40567.538000000175,37448.7210000027,0.467866,0.50822,0.4822738,0.4943167
2941,37767.53800000018,38448.72100000084,0.376718,0.079386,0.3700762,0.08884641
2942,30967.538000001103,40248.72100000363,0.306823,0.354257,0.33731762,0.2167687
2943,15967.538000000173,34048.7210000027,0.32887,0.46154,0.33171362,0.392321
2945,3167.5380000006407,25648.721000000834,0.260802,0.141051,0.27728328,0.12197397
2946,18167.53800000017,36248.7210000027,0.294769,0.457163,0.31315726,0.46218175
2947,29767.538000000637,34048.7210000027,0.386026,0.658746,0.36953044,0.60738474
2948,18567.538000000175,34048.7210000027,0.364781,0.449486,0.37413138,0.4590704
2949,16167.538000000643,40048.7210000027,0.182886,0.292342,0.18255994,0.17533794
2952,24967.53799999971,29648.721000000834,0.409391,0.429716,0.41312096,0.47236055
2953,26367.53800000018,37848.72100000269,0.354636,0.032978,0.32596678,0.01856338
2955,42767.53800000064,37048.721000000834,0.416246,0.414092,0.4091149,0.43286902
2956,28567.538000000175,32048.721000000834,0.391657,0.69006,0.39043996,0.6163579
2957,22967.538000000175,35648.721000001766,0.390163,0.386278,0.40754345,0.44786456
2958,22767.53800000064,31848.72100000177,0.475484,0.419185,0.45835218,0.46809915
2959,17367.53799999971,33848.72100000363,0.352027,0.406539,0.38424385,0.42496312
2960,19167.538000000175,33848.72100000363,0.340536,0.395365,0.358995,0.48116547
2962,25967.53800000064,31848.72100000177,0.430939,0.437005,0.41603383,0.4634728
2963,27967.53800000018,37448.7210000027,0.409844,0.423418,0.4008407,0.52323836
2964,20967.538000000175,45848.72100000176,0.087464,0.386373,0.11007048,0.34669665
2965,20367.538000000175,34248.7210000027,0.414874,0.50209,0.39026663,0.40728268
2966,4967.5380000011055,30448.7210000027,0.334785,0.297733,0.3286072,0.2456286
2967,32967.538000000175,34648.721000000834,0.361496,0.415987,0.38749108,0.47781503
2968,24367.537999999244,28448.721000000838,0.350763,0.434259,0.3492861,0.42656648
2969,15567.538000000643,43848.7210000027,0.089962,0.015402,0.10734643,0.10489624
2970,23967.538000001106,44448.721000001766,0.192508,0.121389,0.15105064,0.12482404
2971,19967.53800000064,40048.7210000027,0.26796,0.448464,0.24143572,0.5211484
2972,26367.53800000018,35248.7210000027,0.36559,0.274327,0.33645156,0.0971865
2973,22167.53800000064,36048.721000000834,0.365465,0.472678,0.38004434,0.4844272
2974,11767.538000000639,34248.7210000027,0.382795,0.176678,0.38922167,0.33599737
2976,21567.538000000175,32048.721000000834,0.452483,0.502506,0.4742412,0.46322954
2977,35567.538000000175,33248.721000000834,0.321513,0.494404,0.33961105,0.5296575
2978,34167.53800000064,39248.7210000027,0.370433,0.488313,0.37861896,0.49199998
2979,13367.538000000175,34048.7210000027,0.363758,0.409285,0.3422621,0.27305588
2980,41167.53800000064,37248.721000000834,0.433397,0.461178,0.45093793,0.49454018
2981,24167.538000000175,29848.7210000027,0.414176,0.39748,0.40443185,0.37030715
2982,16767.537999999244,32248.72100000083,0.4332,0.133832,0.43190756,0.11615621
2984,10967.538000000175,36048.72100000083,0.283804,0.36855,0.28561637,0.33033228
2985,14367.538000000173,39448.721000001766,0.185991,0.088343,0.19978474,0.071715795
2986,26367.53800000018,43448.72100000084,0.244753,0.31578,0.2430898,0.30177364
2987,17767.538000000175,31648.721000002697,0.429864,0.120884,0.4307683,0.11482138
2988,16967.53799999971,47048.721000001766,0.060675,0.15988,0.075587034,0.12093256
2989,28167.537999999244,43848.7210000027,0.187932,0.522005,0.21129094,0.3154394
2990,12367.538000000643,35448.7210000027,0.296127,0.416554,0.30255,0.41098717
2991,36367.53799999971,37248.721000000834,0.41704,0.079552,0.37508464,0.085123114
2992,26167.538000000175,30848.72100000083,0.426717,0.477471,0.4162715,0.48903242
2994,13367.538000000175,46648.7210000027,0.043833,0.007635,0.039138585,0.006594619
2995,40967.538000000175,37248.721000000834,0.455999,0.455595,0.4427479,0.4888872
2996,3367.5380000001755,24848.7210000027,0.226599,0.08858,0.21875814,0.06449216
2998,29767.538000000637,28448.721000000834,0.234509,0.396729,0.24249314,0.39336872
2999,39967.53800000018,37448.7210000027,0.46041,0.487982,0.4888651,0.49149132
3000,33767.538000000175,32848.7210000027,0.330714,0.617247,0.3376956,0.6125109
3001,22767.53800000064,48448.721000000834,0.08609,0.132675,0.0778134,0.2807855
3002,27567.538000000637,35648.721000001766,0.361781,0.073627,0.35322386,0.22346486
3003,39567.537999999244,40048.7210000027,0.344487,0.460226,0.35821995,0.44029215
3004,39367.538000000175,34248.7210000027,0.398933,0.480754,0.40766272,0.4497719
3005,21567.53800000017,32648.721000003625,0.455319,0.416213,0.44813934,0.4421124
3007,6367.538000000176,28648.72100000269,0.296741,0.138754,0.3156736,0.22347637
3008,15567.538000000643,29448.72100000083,0.344181,0.143564,0.34637365,0.12884006
3009,8767.538000001106,35648.721000001766,0.303101,0.055547,0.25624996,0.12481428
3010,23767.53800000064,44848.721000000834,0.158316,0.115947,0.17085414,0.115334935
3011,9767.53799999971,27448.721000000834,0.275854,0.145593,0.29164445,0.12983637
3013,38567.53800000111,33248.721000000834,0.364212,0.4358,0.36954784,0.5035559
3015,15767.538000001106,32648.721000003625,0.385917,0.153581,0.382487,0.16642055
3016,30567.538000000175,38648.720999999896,0.382864,0.458423,0.41428283,0.4783946
3017,22367.538000000175,43248.721000001766,0.173456,0.361824,0.1932763,0.17964715
3018,24767.538000000175,29848.7210000027,0.422494,0.435604,0.40965375,0.48369583
3019,29967.538000000175,31848.721000001766,0.327916,0.617835,0.34965628,0.65530366
3020,32367.538000000175,34048.7210000027,0.364071,0.473982,0.3444708,0.4614002
3021,14567.53800000064,32848.7210000027,0.351676,0.148357,0.34708986,0.15704662
3022,21967.538000000175,42648.721000000834,0.139003,0.377919,0.18653624,0.18710336
3024,21167.53799999971,45648.7210000027,0.120202,0.439695,0.1061036,0.4482829
3026,30967.538000001103,35648.721000001766,0.416903,0.545318,0.42685348,0.4618561
3027,28967.538000000175,25248.721000002697,0.136685,0.577401,0.120373294,0.48114184
3029,24567.53799999971,34248.7210000027,0.437017,0.295737,0.44677153,0.36351043
3030,27167.538000001106,34448.721000001766,0.355331,0.245437,0.3671474,0.33089668
3031,32567.537999999713,36848.721000001766,0.392808,0.464493,0.38952914,0.4903035
3032,30367.53800000064,35048.721000000834,0.400755,0.563125,0.40961802,0.48611438
3033,33967.538000000175,34848.7209999999,0.38117,0.481788,0.3856584,0.4523248
3034,21167.53799999971,40448.7210000027,0.251177,0.522077,0.28094187,0.5247264
3035,18967.538000000644,40048.7210000027,0.256599,0.504931,0.23036277,0.48147103
3037,34967.53800000018,36448.72100000362,0.433353,0.197141,0.4324213,0.19986212
3038,29967.538000000175,34848.7209999999,0.423968,0.506366,0.40513447,0.5640289
3041,7367.538000000175,34648.721000000834,0.353573,0.115538,0.355694,0.09599846
3042,47767.53799999971,35648.721000001766,0.279225,0.082843,0.3045106,0.0861228
3043,34167.53800000064,35648.721000001766,0.3932,0.467012,0.40657434,0.46905017
3044,11967.538000001108,38848.721000000834,0.212697,0.098387,0.22791326,0.14460486
3046,40567.538000000175,37248.721000000834,0.455773,0.519961,0.4755638,0.47032684
3047,14567.538000000639,35648.721000001766,0.329622,0.461219,0.32430074,0.45193657
3048,47567.538000000175,35248.7210000027,0.299732,0.077779,0.29661247,0.09345981
3049,33167.53799999971,35448.7210000027,0.395653,0.4186,0.40961957,0.46442997
3050,24367.537999999244,32448.721000002697,0.437505,0.705235,0.4418311,0.49873254
3052,12167.538000000177,44448.721000001766,0.138739,0.071586,0.14289643,0.10195973
3053,10567.538000000173,34448.721000001766,0.336428,0.305594,0.34345332,0.38439626
3054,18367.53800000064,45248.72100000363,0.130953,0.072722,0.1441077,0.045933474
3055,5367.537999999244,31048.7209999999,0.328883,0.300422,0.35510862,0.25363532
3056,28567.538000000175,40448.72100000269,0.312038,0.620754,0.33894643,0.4404648
3057,32767.538000000175,32048.721000000834,0.320385,0.477791,0.32443362,0.47444683
3058,9567.538000000173,31848.721000001766,0.362166,0.107647,0.3765848,0.12318035
3059,11967.538000001106,40248.72100000363,0.202359,0.046331,0.29429758,0.056166757
3060,5567.537999999709,29848.721000002693,0.313439,0.14306,0.30374426,0.16854902
3061,17967.537999999713,41448.72100000363,0.202458,0.542382,0.19926299,0.5099816
3062,22967.538000000175,47048.72100000177,0.136355,0.491866,0.11079092,0.4364566
3064,10167.538000000175,33248.721000000834,0.378801,0.103363,0.40338477,0.1068596
3066,22167.53800000064,31048.720999999903,0.483029,0.445209,0.47469425,0.4653403
3067,40767.5379999997,35048.721000000834,0.482391,0.434099,0.43472803,0.44009748
3069,26367.53800000018,28248.72100000083,0.299398,0.318963,0.29034132,0.3354363
3070,42967.53800000111,37848.7210000027,0.380146,0.309509,0.3773418,0.3158229
3071,33767.538000000175,32048.721000000834,0.301583,0.350161,0.30872437,0.4687587
3072,21967.538000000175,33448.721000000834,0.430354,0.59771,0.40031853,0.49434224
3073,14567.53800000064,36648.7210000027,0.287621,0.537602,0.28303286,0.5200203
3074,10767.538000000639,36048.721000000834,0.292998,0.294998,0.2678607,0.27229765
3075,29767.538000000637,30848.721000000834,0.358843,0.580246,0.3449378,0.6155701
3076,18367.53800000064,44448.721000001766,0.20117,0.083703,0.20499478,0.17632437
3077,29367.53799999971,39048.7210000027,0.38235,0.5027,0.3648787,0.4713685
3080,20767.53799999971,41048.721000000834,0.257907,0.465822,0.25803086,0.51203036
3081,24167.538000000175,31848.721000001766,0.480787,0.452188,0.4598721,0.46911666
3082,23367.538000001106,33248.721000000834,0.441361,0.279015,0.44909912,0.31771383
3083,11367.538000000639,37048.721000000834,0.223471,0.433872,0.24606426,0.3187844
3084,20367.53800000018,38648.720999999896,0.285879,0.493011,0.30496418,0.4805769
3085,19967.53800000064,44648.721000000834,0.131144,0.222288,0.10891788,0.16124386
3086,29567.538000000175,39048.721000002704,0.386843,0.429189,0.3637553,0.48911682
3087,8167.538000001106,33248.721000000834,0.959769,0.28065,0.9834658,0.2420307
3088,17367.53799999971,34648.721000000834,0.351896,0.405686,0.32398862,0.3922533
3089,25367.538000000175,31848.721000001766,0.444583,0.333658,0.4270176,0.3414445
3090,14767.538000000175,29248.72100000177,0.325066,0.143806,0.30202854,0.12880419
3091,39967.538000000175,39248.7210000027,0.345045,0.446195,0.36400923,0.45194122
3092,13367.538000000173,35048.721000000834,0.340307,0.383056,0.34665337,0.39237797
3093,5567.537999999709,29648.721000000834,0.31366,0.149654,0.3085569,0.14818901
3094,27767.538000001106,28648.72100000269,0.280646,0.473549,0.2826754,0.4109233
3095,14167.537999999711,36048.721000000834,0.279342,0.464274,0.29146042,0.46158764
3096,28167.53799999924,49048.72100000363,0.156449,0.314281,0.17059475,0.35963362
3097,3967.5380000001755,26048.721000002697,0.295453,0.152823,0.27900156,0.12804441
3099,20567.537999999244,40048.7210000027,0.279571,0.537912,0.2701465,0.52616554
3100,11167.538000000175,35448.7210000027,0.312355,0.425391,0.3174023,0.32544318
3101,39167.53800000111,33848.72100000363,0.394592,0.496882,0.4063876,0.4284495
3102,20967.538000000175,40048.7210000027,0.284686,0.520062,0.28430238,0.524774
3103,19967.53800000064,41248.72100000269,0.246156,0.420211,0.22771084,0.38741145
3104,8367.538000000175,31648.721000002697,0.401304,0.114721,0.39231902,0.08618536
3105,46367.538000000175,33448.721000000834,0.280306,0.079014,0.25938335,0.13525066
3106,35167.53800000064,42248.72100000083,0.228391,0.632833,0.22389548,0.55923265
3107,14567.53800000064,36048.721000000834,0.282762,0.490602,0.29513806,0.50010014
3108,35967.53799999971,42848.7210000027,0.173928,0.486842,0.19752924,0.46380466
3110,27567.538000000637,25648.721000000834,0.162233,0.247256,0.19598371,0.27516386
3111,17167.538000000175,33248.721000000834,0.348795,0.401091,0.3498617,0.26784176
3113,25767.538000000175,33048.721000001766,0.405168,0.338589,0.4013173,0.35625225
3114,27967.53800000018,33648.7210000027,0.35981,0.690873,0.3746777,0.4804924
3115,31567.538000001103,34648.721000000834,0.381759,0.590517,0.37445903,0.48265624
3116,33567.53800000064,36248.721000002704,0.435572,0.464345,0.43306667,0.48168874
3118,35167.53800000064,40648.721000001766,0.267209,0.632921,0.28162566,0.55645883
3119,9567.538000000175,33448.721000000834,0.379797,0.104119,0.37864974,0.18944445
3121,17767.538000000175,40648.72100000177,0.230615,0.573546,0.23732826,0.5301681
3122,40567.538000000175,38848.721000000834,0.405307,0.553184,0.3947164,0.46676335
3124,22767.53800000064,36848.721000001766,0.346001,0.117013,0.31482878,0.19513017
3126,32767.538000000175,43648.721000000834,0.172755,0.10547,0.22412738,0.12021526
3128,41367.538000000175,36648.7210000027,0.443072,0.427895,0.41525322,0.4736376
3129,31967.537999999247,30448.7210000027,0.245173,0.25482,0.2506821,0.25793928
3130,18567.538000000175,32848.7210000027,0.414204,0.249353,0.42397743,0.21265434
3131,6567.537999999709,35048.721000000834,0.338767,0.125485,0.32724082,0.103761636
3132,41167.53800000064,35448.7210000027,0.457462,0.562702,0.48046,0.45915827
3133,26967.538000000637,32448.721000002697,0.381817,0.445272,0.40032214,0.46090284
3135,31767.538000000175,40448.72100000269,0.361138,0.183955,0.36905995,0.28156856
3137,19367.53800000064,41848.7210000027,0.201655,0.183177,0.20222946,0.23930718
3138,28367.537999999713,39648.721000000834,0.325843,0.511591,0.35226348,0.53906894
3139,31967.537999999244,33848.72100000363,0.357118,0.461405,0.35161516,0.5251068
3141,31167.53800000017,33848.72100000363,0.350108,0.550414,0.3505994,0.55863357
3142,12567.538000001106,36648.7210000027,0.291338,0.432444,0.25952622,0.46784058
3143,26567.538000000637,33648.7210000027,0.390878,0.43043,0.38408142,0.42149857
3144,23767.53800000064,44448.721000001766,0.164411,0.109738,0.12951842,0.13407013
3145,31767.53800000018,37648.721000003636,0.415103,0.6201,0.40626302,0.49501577
3146,17967.53799999971,40048.7210000027,0.247615,0.529393,0.29729822,0.50811034
3147,15367.538000000175,43848.7210000027,0.095423,0.01554,0.09986992,0.13318546
3148,37167.538000000175,33248.721000000834,0.349054,0.38672,0.3530563,0.45974362
3149,13367.538000000175,35248.7210000027,0.333187,0.380416,0.3024388,0.4337344
3153,6367.538000000174,33448.721000000834,0.395466,0.114297,0.36365297,0.14438999
3154,40967.538000000175,33648.7210000027,0.440773,0.403091,0.4427677,0.40653947
3155,20967.538000000175,30048.72100000363,0.402735,0.464037,0.42428648,0.39117858
3156,12967.537999999242,36048.72100000083,0.286675,0.471647,0.2783865,0.48433402
3157,32367.538000000175,40248.72100000363,0.329543,0.376304,0.3416784,0.3381832
3158,33767.538000000175,36448.72100000362,0.41886,0.621655,0.4197911,0.4829808
3160,9167.537999999244,31648.721000002697,0.405624,0.104477,0.40002826,0.09226688
3161,35567.538000000175,33848.72100000363,0.354465,0.390636,0.35566747,0.4124729
3162,31167.538000000175,39648.721000000834,0.392291,0.172047,0.38669848,0.28380206
3163,31967.537999999247,38048.721000002704,0.399576,0.527798,0.4033804,0.505732
3165,26567.53800000064,28048.721000001766,0.246079,0.473479,0.28637606,0.3675094
3166,19367.53800000064,44648.721000000834,0.116354,0.077834,0.12773053,0.14815396
3167,26767.538000000175,30848.72100000083,0.416661,0.64782,0.4046334,0.5403702
3168,31567.538000001106,31848.721000001766,0.299704,0.519321,0.2949602,0.54664034
3169,11567.538000000175,25048.721000003632,0.235615,0.119237,0.2460399,0.1004157
3170,25367.538000000175,34448.721000001766,0.435991,0.329911,0.42209303,0.47359973
3171,31167.53800000017,44048.721000003636,0.166219,0.118681,0.2062433,0.15360987
3172,36367.53799999971,34848.7209999999,0.403944,0.463036,0.40579244,0.41567233
3173,16367.538000001106,32448.721000002697,0.41216,0.14264,0.40338492,0.12512816
3174,34167.53800000064,32048.721000000834,0.30182,0.521262,0.31597456,0.45984823
3177,5967.537999999709,28048.721000001766,0.297713,0.281263,0.2838793,0.27122298
3178,24167.538000000175,30248.7210000027,0.407461,0.451807,0.4314414,0.40567565
3180,7567.538000000641,35048.721000000834,0.34078,0.113326,0.35596624,0.08558544
3181,20567.537999999244,37248.721000000834,0.281866,0.382154,0.30187234,0.29938704
3182,13967.538000000171,28048.721000001766,0.273025,0.138188,0.2811907,0.15255715
3183,6567.53799999971,29448.721000000834,0.31434,0.15051,0.3281354,0.16307701
3185,40567.538000000175,33648.7210000027,0.421105,0.470487,0.42384893,0.43265823
3186,32367.538000000175,33248.721000000834,0.351161,0.406207,0.3456287,0.4777692
3187,28567.53800000018,37448.7210000027,0.396391,0.438144,0.42767322,0.4970475
3188,38767.53800000018,39048.721000002704,0.408222,0.301003,0.38558537,0.22781755
3189,36367.53799999971,33648.7210000027,0.351993,0.615511,0.36228055,0.47272015
3191,12967.537999999242,34648.721000000834,0.336629,0.332229,0.34625936,0.28237158
3193,20967.538000000175,31248.721000000834,0.474345,0.484457,0.44729045,0.50042266
3195,31167.53800000017,36448.72100000362,0.437995,0.177588,0.43026516,0.33412313
3196,33967.538000000175,38048.721000002704,0.427653,0.637432,0.39548314,0.49809033
3197,45367.538000000175,38448.72100000084,0.408477,0.379251,0.39231446,0.4063348
3198,11167.538000000175,39248.7210000027,0.193232,0.062129,0.20383765,0.08167087
3199,29367.53799999971,25848.721000000834,0.159859,0.537931,0.17966142,0.4447513
3200,28567.53800000018,28848.721000003632,0.269667,0.500548,0.2755203,0.53736234
3201,24167.538000000175,35448.7210000027,0.338374,0.410092,0.3685988,0.33358914
3202,24567.537999999713,45048.721000002704,0.145625,0.092003,0.15218163,0.09910994
3203,29567.538000000175,32048.721000000834,0.343958,0.629089,0.34776583,0.5785977
3204,18567.538000000175,41648.7210000027,0.196421,0.431823,0.22182924,0.42240945
3205,20367.53800000018,32648.721000003625,0.408783,0.480071,0.39365447,0.45471624
3206,25567.53799999971,48048.7210000027,0.158594,0.222266,0.15754138,0.24464867
3207,15367.538000000175,32448.721000002697,0.366758,0.161883,0.3574641,0.17341805
3209,11367.538000000639,33248.721000000834,0.340846,0.297934,0.34149542,0.1680508
3210,18567.538000000175,34448.721000001766,0.362285,0.324354,0.35611892,0.3989331
3211,29167.538000000175,33648.7210000027,0.364355,0.42941,0.39225805,0.49653435
3215,30367.538000000637,29648.721000000834,0.23814,0.471291,0.26449883,0.5076425
3216,40367.538000000175,36448.72100000363,0.493336,0.434802,0.4833408,0.45940316
3217,13567.537999999711,38848.72100000083,0.180738,0.081823,0.1774432,0.037063856
3218,34767.53800000111,31448.721000002697,0.308589,0.502973,0.30094934,0.47455528
3219,15967.538000000177,40048.7210000027,0.205552,0.092936,0.18896767,0.1573541
3220,20567.537999999244,41048.721000000834,0.259618,0.475407,0.243238,0.44063252
3221,21567.538000000175,39848.721000000834,0.272795,0.442111,0.27650344,0.4808682
3222,28367.537999999713,45448.721000002704,0.201286,0.38441,0.18548997,0.42349458
3223,43767.538000000175,34448.721000001766,0.332331,0.078053,0.21344349,0.020123472
3224,27167.538000001106,45448.721000002704,0.168055,0.511721,0.22876906,0.43453845
3225,25367.53800000017,29448.721000000834,0.419018,0.470872,0.38760924,0.45880204
3226,18767.538000000175,39448.721000001766,0.24926,0.394231,0.26086804,0.43075943
3227,31367.53800000064,32448.721000002697,0.323099,0.547994,0.34067696,0.6075561
3228,27567.538000000637,29448.72100000083,0.347552,0.566952,0.37241423,0.56769866
3229,38367.53800000064,33048.721000001766,0.357583,0.393867,0.35881746,0.5094588
3230,23767.53800000064,44648.721000000834,0.176034,0.112061,0.15551889,0.13594387
3231,21767.53799999971,47048.721000001766,0.096924,0.452096,0.104756206,0.47242412
3232,29167.538000000175,31848.721000001766,0.335651,0.406978,0.35518277,0.4496933
3233,8967.538000000175,31048.7209999999,0.360932,0.111902,0.36927432,0.085935436
3236,11567.538000000173,32248.72100000083,0.370475,0.135064,0.32662582,0.17813806
3237,23567.538000000175,29648.721000000834,0.40145,0.205562,0.3760637,0.3119767
3238,30767.538000000637,32648.72100000363,0.358058,0.786461,0.36930084,0.69374603
3240,27567.538000000637,29648.721000000834,0.353813,0.64495,0.3721649,0.5904405
3241,44567.53799999971,36048.721000000834,0.377196,0.328018,0.3738208,0.27062988
3242,17767.538000000175,34448.721000001766,0.350707,0.439862,0.33999464,0.3895951
3243,29567.538000000175,29248.721000001762,0.303829,0.691513,0.30531198,0.7185105
3244,8967.538000000175,32448.721000002697,0.408644,0.11648,0.3932797,0.102071635
3245,5767.538000000174,28048.721000001766,0.317888,0.281007,0.2812624,0.2721275
3246,36167.53800000017,36848.721000001766,0.413892,0.085074,0.3776465,0.112524755
3248,18967.53800000064,40248.72100000363,0.240684,0.501712,0.23017772,0.48858377
3249,21767.53799999971,36448.72100000362,0.326597,0.49377,0.36863446,0.48818704
3250,24767.53800000017,32648.721000003625,0.425494,0.654774,0.4200913,0.5194077
3251,29167.538000000175,25848.721000000834,0.163053,0.39601,0.14530869,0.4392276
3252,41167.53800000064,37848.7210000027,0.436136,0.529953,0.42214933,0.50032693
3253,10567.538000000175,33448.721000000834,0.379049,0.106808,0.36510774,0.18247542
3254,37967.53800000064,33848.72100000363,0.415432,0.440829,0.41047946,0.5271018
3255,38167.538000000175,33248.721000000834,0.352221,0.520064,0.37749943,0.4603593
3256,19767.538000000175,40648.72100000177,0.232234,0.474474,0.23278512,0.47236812
3257,35767.53799999924,34248.7210000027,0.351793,0.412482,0.3694128,0.4128424
3259,32967.53800000017,38648.720999999896,0.407829,0.659671,0.4213373,0.4934604
3260,42367.53800000111,35648.721000001766,0.44546,0.383788,0.38897112,0.38931757
3261,21767.53799999971,33048.72100000176,0.420383,0.618152,0.41990983,0.47110382
3263,41567.538000000175,43248.72100000177,0.168011,0.157557,0.21303329,0.10715238
3264,21967.538000000175,29848.721000002697,0.414692,0.413939,0.43371114,0.4564894
3265,28167.537999999244,29848.7210000027,0.327893,0.461655,0.35544896,0.5328791
3266,23167.53800000064,36248.7210000027,0.359872,0.435479,0.3468319,0.3569474
3267,21567.538000000175,35448.7210000027,0.370772,0.501337,0.36273465,0.52352214
3268,27567.538000000637,34048.72100000269,0.362077,0.293187,0.34020847,0.29199508
3269,17367.53799999971,40248.72100000363,0.210713,0.308657,0.2137512,0.40771478
3270,10767.53800000064,27248.720999999907,0.312104,0.139527,0.31421438,0.15227085
3271,8567.53800000064,32048.721000000834,0.392296,0.112191,0.39407274,0.1048282
3272,19767.538000000175,33048.72100000177,0.364172,0.379942,0.4168951,0.504879
3273,28767.53799999971,37648.72100000363,0.418572,0.36695,0.42165932,0.47379848
3274,24767.538000000175,34048.7210000027,0.434258,0.364599,0.4294783,0.42672092
3275,24367.537999999244,28648.72100000269,0.348802,0.425001,0.37761724,0.43618193
3276,37367.53800000064,34248.7210000027,0.386823,0.456962,0.41372326,0.5200617
3277,31167.53800000017,29248.72100000177,0.2031,0.445644,0.20787689,0.41998896
3278,29767.538000000637,32248.721000000834,0.373212,0.512729,0.35957378,0.6002803
3281,29567.538000000175,36048.72100000084,0.434505,0.441154,0.4157164,0.50342697
3283,27167.538000001106,32648.721000003625,0.368425,0.419509,0.42347685,0.5252286
3284,25367.53800000017,44648.72100000084,0.127714,0.077436,0.20826638,0.13297638
3287,19967.53800000064,44448.721000001766,0.143611,0.085368,0.11261141,0.10285141
3288,32367.538000000175,33848.72100000363,0.371844,0.413036,0.34732294,0.4605062
3289,16367.538000001106,29048.721000002697,0.333456,0.122453,0.373996,0.12700711
3290,29767.53800000064,33848.72100000363,0.38321,0.662274,0.37170056,0.5992823
3291,36967.53799999971,33248.721000000834,0.346902,0.514258,0.3510253,0.47378305
3292,36967.53799999971,37448.7210000027,0.390195,0.058532,0.3906934,0.07793363
3293,29367.537999999713,28848.721000003632,0.227221,1.0,0.2534475,0.6267362
3295,31967.537999999247,39048.721000002704,0.401236,0.353166,0.38875875,0.3827558
3296,23767.53800000064,37848.7210000027,0.324083,0.046934,0.31628662,0.06459775
3297,18967.53800000064,35648.721000001766,0.355742,0.291311,0.3715036,0.29622436
3298,29767.538000000637,40448.7210000027,0.321758,0.404331,0.36056677,0.3274531
3299,5567.53799999971,31048.720999999903,0.359335,0.301651,0.37723264,0.22059667
3300,20767.53799999971,30448.7210000027,0.424211,0.53659,0.43803647,0.4537886
3301,18767.538000000175,37048.72100000084,0.321366,0.483068,0.31182888,0.500221
3303,9567.538000000175,30848.72100000083,0.379819,0.132318,0.38224265,0.09013402
3304,36367.53799999971,34448.721000001766,0.344127,0.552299,0.40084866,0.43512493
3305,14967.538000000173,36648.721000002704,0.273642,0.483482,0.2622022,0.53492373
3306,9767.537999999708,26848.721000001766,0.309614,0.151228,0.3025792,0.12556304
3307,35167.53800000064,31048.720999999903,0.222043,0.197994,0.28404877,0.45451507
3308,36567.53800000017,31648.721000002697,0.297924,0.486634,0.29082686,0.52000785
3309,14167.537999999711,47248.721000000834,0.062168,0.042098,0.08543475,0.023911288
3310,4967.5380000011055,29048.721000002697,0.336438,0.136615,0.33140257,0.121109985
3311,35167.53800000064,34248.7210000027,0.355172,0.316369,0.3613348,0.3567762
3312,35967.53799999971,32448.721000002697,0.31858,0.675966,0.32989135,0.582926
3313,17967.53799999971,36048.721000000834,0.30124,0.44276,0.30493143,0.47487885
3314,32167.53799999971,34848.7209999999,0.415046,0.45092,0.37484226,0.48171386
3315,43967.53799999971,38648.7209999999,0.33881,0.101504,0.3346189,0.18388541
3316,35367.53800000111,31448.721000002697,0.280243,0.590277,0.2965605,0.55914783
3317,14567.538000000643,36248.721000002704,0.287925,0.485732,0.28216612,0.5302382
3318,17567.538000000175,32248.721000000838,0.407042,0.11142,0.4088509,0.17845295
3319,35967.53799999971,34048.72100000269,0.344655,0.451138,0.37276235,0.4235839
3320,35367.53800000111,32848.7210000027,0.323992,0.472548,0.33301944,0.57964325
3321,6967.538000000641,33848.72100000363,0.35896,0.115818,0.38620162,0.09321069
3322,43567.53799999971,34448.721000001766,0.329269,0.105551,0.27385753,0.09266838
3323,39167.538000001114,33448.721000000834,0.386514,0.423059,0.39099485,0.43938223
3324,20367.538000000175,35248.7210000027,0.33477,0.321843,0.35872617,0.35102132
3325,34967.53800000018,31848.721000001766,0.309991,0.383113,0.31041092,0.5142521
3327,28767.53799999971,30848.721000000834,0.362997,0.80743,0.3382595,0.62027836
3330,14167.537999999711,46648.7210000027,0.083998,0.022204,0.06803423,0.0114164855
3331,3567.538000000175,26648.721000002697,0.300365,0.141739,0.2955275,0.12997408
3333,31167.53800000017,35648.721000001766,0.401761,0.345365,0.42088228,0.42402086
3335,25567.53799999971,33448.721000000834,0.420526,0.450301,0.4257071,0.5262615
3336,13167.53799999971,40648.721000001766,0.18624,0.072633,0.1990762,0.061635513
3337,19167.538000000175,34648.721000000834,0.383146,0.304379,0.37660012,0.32477915
3338,27167.538000001103,26048.721000002697,0.206575,0.391849,0.20366837,0.32569832
3339,29167.538000000175,32848.7210000027,0.340777,0.543412,0.36620852,0.55185354
3340,22767.53800000064,31048.720999999903,0.494334,0.432144,0.4806505,0.4336909
3342,22367.538000000175,46248.72099999991,0.122012,0.543378,0.14300092,0.52774316
3344,28367.537999999713,39048.721000002704,0.364692,0.480633,0.35990494,0.5210106
3345,47167.53799999924,35048.721000000834,0.307164,0.067883,0.28880268,0.10307308
3346,38767.538000000175,32648.721000003625,0.371578,0.600058,0.33171177,0.57693917
3347,40167.53799999971,37448.7210000027,0.47543,0.492182,0.47260436,0.48766878
3349,31967.537999999247,34248.7210000027,0.362425,0.482868,0.36639446,0.50690335
3350,28167.537999999244,25648.721000000834,0.128465,0.238885,0.15720007,0.34283262
3351,28367.537999999713,32048.721000000834,0.38948,0.664642,0.39978045,0.6701041
3352,37767.538000000175,34448.721000001766,0.398286,0.445084,0.41890612,0.5229916
3353,33967.538000000175,37448.7210000027,0.431855,0.481539,0.41500607,0.49951288
3354,11367.538000000639,26648.721000002697,0.283054,0.113886,0.31427473,0.12854908
3356,24167.538000000175,31048.7209999999,0.454951,0.452827,0.44517073,0.43814552
3357,10367.53799999971,31848.72100000177,0.402919,0.118892,0.4056586,0.12865596
3358,28967.538000000175,39048.721000002704,0.38182,0.479098,0.38164955,0.48811463
3359,9167.537999999242,31248.721000000834,0.36366,0.107928,0.3874891,0.09061926
3360,34767.53800000111,33048.72100000177,0.300874,0.673654,0.3247682,0.54038066
3362,37767.53800000018,34248.7210000027,0.403063,0.462199,0.42748228,0.5168055
3363,15167.538000000639,40248.72100000363,0.138065,0.093493,0.19711955,0.05938499
3364,30767.538000000637,41448.72100000363,0.297055,0.204119,0.3024679,0.27377522
3365,28767.53799999971,36848.721000001766,0.437244,0.486111,0.449551,0.50677794
3366,46967.538000000175,34048.7210000027,0.291681,0.08093,0.31095397,0.07690465
3367,18367.53800000064,45648.7210000027,0.096914,0.075882,0.10019931,0.05208971
3369,28367.53799999971,25048.72100000363,0.158724,0.401148,0.14290258,0.32141578
3370,40767.53799999971,35248.7210000027,0.470381,0.433893,0.46308187,0.40640467
3371,44767.538000000175,35448.7210000027,0.414456,0.349136,0.36770436,0.2888477
3373,16567.538000000175,37448.7210000027,0.260778,0.387548,0.2821225,0.29269895
3374,27967.53800000017,32648.721000003625,0.350969,0.450738,0.36103523,0.60004646
3377,20167.538000001106,33848.72100000363,0.388524,0.5644,0.39254713,0.52603745
3378,5567.537999999709,31448.721000002697,0.355515,0.302571,0.37734723,0.21728916
3379,25767.538000000175,47248.721000000834,0.116922,0.398223,0.12310211,0.4423712
3380,15767.538000001108,29048.721000002697,0.345894,0.138047,0.35150364,0.13699707
3381,36367.53799999971,31848.72100000177,0.301817,0.53881,0.29085103,0.58743536
3382,22767.53800000064,35648.721000001766,0.395124,0.413951,0.40384024,0.45421147
3383,28767.53799999971,33448.721000000834,0.367593,0.603031,0.37145257,0.53685284
3385,39567.53799999924,36448.72100000362,0.476177,0.400962,0.4771351,0.39290288
3386,40167.53799999971,37048.721000000834,0.44953,0.518919,0.46347725,0.46942738
3387,30967.538000001106,41648.7210000027,0.294066,0.202464,0.29465273,0.25439918
3388,18167.53800000017,35048.721000000834,0.331452,0.37499,0.350678,0.41117886
3389,35167.53800000064,39048.721000002704,0.363461,0.488862,0.35920146,0.5076662
3390,24567.53799999971,28848.72100000363,0.363487,0.432404,0.3867922,0.4297359
3391,22367.538000000175,29848.7210000027,0.409047,0.38455,0.42353308,0.4299791
3392,13767.538000000177,32048.721000000834,0.342346,0.101604,0.36504596,0.12950917
3394,26567.538000000637,35048.721000000834,0.351843,0.227514,0.34331104,0.17386498
3396,14167.537999999711,37048.721000000834,0.271313,0.466399,0.26643,0.47648045
3397,29967.538000000175,38648.720999999896,0.395375,0.440283,0.38535047,0.5082414
3398,12967.537999999242,32848.7210000027,0.357512,0.241004,0.36956605,0.17726979
3400,14367.538000000175,41248.7210000027,0.190811,0.040805,0.20010583,0.046833504
3401,20967.538000000175,38848.721000000834,0.304075,0.4666,0.28993517,0.5003185
3402,37367.53800000063,42448.720999999896,0.157293,0.405083,0.19470705,0.5019135
3403,35367.53800000111,37048.72100000083,0.444258,0.117513,0.43086624,0.1162112
3404,14967.538000000175,28048.721000001766,0.321719,0.148475,0.2840949,0.1395709
3405,34967.53800000018,42048.721000001766,0.223337,0.662499,0.22704299,0.5571061
3407,32567.53799999971,39048.7210000027,0.388726,0.466783,0.38739815,0.4218666
3408,3767.5380000006407,25848.721000000834,0.279161,0.15163,0.26878554,0.11791099
3409,30767.538000000637,39448.721000001766,0.356749,0.470371,0.39307967,0.4177088
3410,21567.538000000175,45648.7210000027,0.137073,0.543427,0.122786015,0.49130136
3412,37367.53800000064,33248.721000000834,0.354271,0.333502,0.3548352,0.45679352
3413,20967.538000000175,38448.72100000083,0.286263,0.405147,0.28347176,0.49864492
3414,21367.53800000017,31248.72100000083,0.471123,0.479808,0.4773525,0.49831188
3415,35567.538000000175,32048.721000000834,0.328499,0.647373,0.3153713,0.627652
3416,36767.53800000017,39648.721000000834,0.312993,0.114328,0.30417892,0.095825724
3417,28767.53799999971,34248.7210000027,0.41066,0.414646,0.3978552,0.44443023
3419,6767.538000000177,35448.7210000027,0.336813,0.303754,0.32609308,0.16258964
3420,35567.538000000175,40648.72100000177,0.259909,0.664463,0.26839295,0.5517699
3421,33567.53800000064,32048.721000000834,0.304327,0.47942,0.31195384,0.4960903
3422,27567.538000000637,38248.721000001766,0.355761,0.569285,0.36917475,0.50286424
3426,22567.538000000175,33248.721000000834,0.473303,0.38889,0.45137608,0.44030178
3427,20967.538000000175,30848.72100000083,0.474335,0.438506,0.4579953,0.48028305
3428,21567.538000000175,43848.7210000027,0.118192,0.073166,0.16386227,0.07287105
3429,13967.538000000177,44248.7210000027,0.120474,0.043658,0.07882337,0.032607216
3430,40767.53799999971,35848.721000000834,0.49084,0.395467,0.49233934,0.4013708
3431,30767.538000000637,35448.7210000027,0.407454,0.509821,0.41130698,0.45988455
3432,11567.538000000175,26248.721000003625,0.255355,0.112249,0.2526755,0.123234145
3433,26367.53800000018,42648.721000000834,0.159299,0.419689,0.2071586,0.4703351
3434,37967.53800000064,32048.721000000834,0.301107,0.394198,0.29897025,0.5505168
3435,28367.53799999971,28648.721000002693,0.25969,0.711707,0.2650979,0.48650372
3436,26767.53800000018,34448.721000001766,0.367893,0.228801,0.37056798,0.42924553
3437,29567.538000000175,40248.72100000363,0.316346,0.40929,0.3476457,0.37218606
3438,30767.538000000637,30648.721000001766,0.310517,0.500464,0.3027375,0.558721
3439,22167.538000000644,33648.7210000027,0.4037,0.459451,0.41161686,0.4581466
3442,27967.53800000017,35648.721000001766,0.39261,0.430264,0.41514307,0.3346331
3443,17767.538000000175,44048.721000003636,0.104303,0.084218,0.13781714,0.13695905
3444,13967.538000000177,32848.7210000027,0.360743,0.303888,0.33554044,0.22780812
3445,7567.538000000641,34848.7209999999,0.357296,0.112512,0.31392622,0.11532331
3447,31767.538000000175,36048.72100000083,0.405639,0.322472,0.40882644,0.4034564
3448,19767.538000000175,37448.7210000027,0.341125,0.571958,0.28619006,0.5345405
3449,9967.538000000175,28048.721000001766,0.295797,0.129689,0.28695413,0.1467017
3451,29967.538000000175,33648.7210000027,0.377039,0.458303,0.38109565,0.52198356
3453,31567.538000001106,35648.721000001766,0.399525,0.19752,0.40902403,0.38853297
3454,13367.538000000175,39448.72100000176,0.184058,0.072667,0.17620045,0.071696036
3456,44167.53800000018,34648.721000000834,0.333665,0.089912,0.18662776,0.032590646
3457,15367.538000000175,34648.721000000834,0.351934,0.485121,0.3151905,0.49281818
3458,43367.537999999244,36248.7210000027,0.403766,0.124518,0.39202374,0.16695851
3459,27767.538000001106,25648.721000000834,0.137856,0.204116,0.20372188,0.26027703
3460,33167.53799999971,33848.72100000363,0.370651,0.397592,0.37931982,0.44905937
3462,37167.538000000175,37848.72100000269,0.398383,0.056067,0.38416797,0.075077765
3464,4167.538000000641,28048.721000001766,0.285011,0.126407,0.31373286,0.11127805
3465,4567.538000000175,28448.721000000838,0.363945,0.125423,0.33261433,0.11899882
3466,28567.538000000175,39248.7210000027,0.334043,0.494063,0.3700254,0.517903
3467,26967.53800000064,27848.721000002697,0.25526,0.443588,0.3118068,0.40326282
3468,17367.53799999971,31648.7210000027,0.41218,0.13149,0.42049614,0.14284411
3469,12367.538000000643,39248.7210000027,0.20438,0.093514,0.20521748,0.14417166
3470,35567.538000000175,42648.72100000084,0.172225,0.495354,0.21098414,0.5149381
3472,20567.537999999244,43248.721000001766,0.163074,0.102181,0.18825063,0.14636225
3473,45167.53800000018,38048.721000002704,0.388842,0.402671,0.3940144,0.38360772
3474,36167.538000000175,32048.721000000834,0.320806,0.505868,0.30598277,0.6296934
3476,28767.53799999971,49248.7210000027,0.121386,0.348089,0.1398187,0.19450107
3478,14767.538000000173,36648.7210000027,0.271731,0.53069,0.27126825,0.5288266
3479,5567.537999999709,32848.7210000027,0.392328,0.299524,0.37933493,0.25513202
3480,12967.537999999246,35048.721000000834,0.315835,0.438585,0.33399442,0.3903192
3481,28767.53799999971,32248.721000000834,0.368633,0.59629,0.3679257,0.43999597
3482,20567.537999999244,33848.72100000363,0.374791,0.468966,0.38672432,0.47133222
3483,10567.538000000173,38248.72100000176,0.194028,0.014861,0.20339534,0.08610257
3486,30567.53800000018,32048.721000000834,0.351287,0.652974,0.33774638,0.73423785
3487,14967.538000000173,35848.721000000834,0.277308,0.54069,0.31510103,0.51544833
3488,23567.538000000175,35448.7210000027,0.404846,0.445129,0.38649616,0.39123213
3489,12967.537999999242,41048.721000000834,0.20361,0.0666,0.19954526,0.069751255
3490,15567.538000000643,41048.721000000834,0.167703,0.033834,0.18198356,0.12562083
3491,12767.538000000173,33848.72100000363,0.326201,0.305372,0.35152802,0.2373219
3492,28967.53800000018,31848.72100000177,0.346906,0.412891,0.33831453,0.4024203
3493,22967.538000000175,37648.721000003636,0.322,0.076855,0.3042402,0.029093137
3494,33167.53799999971,32048.721000000834,0.321722,0.508942,0.32661596,0.46364295
3495,11767.538000000639,36448.72100000363,0.263141,0.465164,0.2713685,0.43877065
3496,6167.538000000174,35848.721000000834,0.243034,0.300706,0.2704085,0.17152616
3497,13567.53799999971,26848.721000001766,0.341114,0.152952,0.30192417,0.12651038
3498,41367.538000000175,35848.721000000834,0.495087,0.54435,0.46352002,0.48261043
3500,7167.538000000175,34448.721000001766,0.375799,0.116518,0.3564655,0.09923487
3501,46767.53800000111,39648.721000000834,0.330601,0.144612,0.3111792,0.21682914
3502,31967.537999999247,32848.7210000027,0.329864,0.542027,0.3288233,0.4692697
3503,23967.538000001106,35048.721000000834,0.377621,0.441083,0.39453867,0.4401096
3504,29967.538000000175,29848.7210000027,0.256223,0.558766,0.27025992,0.5577261
3506,30167.538000000175,30848.721000000838,0.321752,0.628684,0.33574817,0.65869266
3507,41967.53800000018,34648.721000000834,0.434801,0.322668,0.4155784,0.34056723
3509,23367.538000001106,30448.7210000027,0.445653,0.433758,0.43765342,0.38576508
3510,37767.53800000018,42248.721000000834,0.227254,0.365795,0.19126996,0.45139465
3511,23767.53800000064,42848.7210000027,0.147446,0.223559,0.17392537,0.16229162
3512,26767.53800000018,33048.72100000177,0.39215,0.380404,0.39844847,0.43133676
3514,24767.538000000175,47248.721000000834,0.133126,0.483945,0.13611312,0.48139802
3515,19567.538000001106,36648.7210000027,0.351762,0.503674,0.33918887,0.5026558
3516,12167.538000000177,39448.72100000176,0.189297,0.084978,0.20107965,0.12383083
3517,19567.538000001106,45448.721000002704,0.158002,0.229687,0.16009636,0.1961893
3518,43367.537999999244,33248.721000000834,0.307315,0.285398,0.2689708,0.082698844
3519,40767.5379999997,40048.7210000027,0.317618,0.395371,0.31851357,0.4070677
3520,30367.538000000637,40848.721000000834,0.337818,0.198591,0.336367,0.25222832
3521,24567.53799999971,37848.7210000027,0.319522,0.026892,0.30980295,0.08168303
3522,28967.538000000175,28248.72100000083,0.259712,0.41593,0.25872317,0.4765805
3523,21967.538000000175,31848.72100000177,0.480735,0.433073,0.47905257,0.46198645
3524,18367.53800000064,42248.721000000834,0.218215,0.4641,0.19439034,0.48018306
3525,37167.538000000175,34048.7210000027,0.39146,0.469279,0.38709977,0.51229864
3526,5167.538000000176,28248.721000000838,0.326232,0.117655,0.32248545,0.17678142
3527,21367.538000000175,39848.721000000834,0.285213,0.519598,0.28481418,0.51945597
3528,13567.537999999711,37448.7210000027,0.246652,0.2803,0.2513799,0.3380526
3529,25767.538000000175,31048.720999999903,0.407956,0.486668,0.43713441,0.45339978
3530,33167.53799999971,36848.721000001766,0.41744,0.635389,0.43208125,0.49888203
3531,13767.538000000173,42648.721000000834,0.137275,0.053425,0.16978766,0.0355631
3532,27367.538000000175,28048.721000001766,0.344919,0.217956,0.3246377,0.39408487
3533,11167.538000000175,36648.721000002704,0.26648,0.39329,0.27445966,0.3392877
3534,11767.538000000639,25448.721000001766,0.253182,0.114602,0.26110223,0.09197559
3535,32367.538000000175,39648.721000000834,0.366039,0.324867,0.35864833,0.3697668
3536,19967.53800000064,38048.7210000027,0.322301,0.430927,0.31319967,0.53688335
3538,11567.538000000173,33248.721000000834,0.326452,0.297955,0.3442503,0.1741271
3540,16367.538000001106,41048.721000000834,0.180779,0.281762,0.16053537,0.1286638
3541,9167.537999999242,32448.721000002697,0.401122,0.115489,0.38135216,0.10211658
3543,3167.5380000006407,26048.721000002697,0.272153,0.14269,0.28785193,0.1281904
3545,20567.537999999244,40848.721000000834,0.25504,0.484669,0.26081124,0.48265198
3546,18167.538000000175,35248.7210000027,0.343797,0.385749,0.3476134,0.3818673
3548,18367.53800000064,37648.72100000363,0.288263,0.465759,0.29286057,0.44098216
3549,20367.53800000018,39448.72100000176,0.272602,0.699382,0.28061256,0.4879018
3550,31367.538000000637,32648.72100000363,0.342175,0.544475,0.34686312,0.59725744
3551,19367.53800000064,37048.721000000834,0.317608,0.508859,0.33324465,0.5219679
3552,16367.538000001106,45448.721000002704,0.084007,0.04255,0.058898747,0.057938952
3553,29967.538000000175,29248.72100000177,0.25527,0.516073,0.23735495,0.5506836
3555,6167.538000000175,30048.72100000363,0.3052,0.139899,0.32683235,0.14029884
3556,13967.538000000177,28248.721000000838,0.27298,0.141567,0.27917516,0.1460501
3557,22967.538000000175,33048.72100000177,0.446385,0.384616,0.4567038,0.4847224
3558,13567.537999999711,41048.721000000834,0.179702,0.062733,0.20248958,0.059135783
3559,36967.53799999971,36848.721000001766,0.411282,0.065938,0.38182598,0.07870292
3560,27767.538000001106,32248.72100000083,0.386954,0.81352,0.40270278,0.6351878
3561,28367.53799999971,29248.721000001766,0.341076,0.473622,0.3132953,0.510571
3562,27167.538000001106,26248.721000003625,0.216116,0.40559,0.20250614,0.32921314
3563,33967.538000000175,37248.721000000834,0.415201,0.500044,0.41162717,0.49123004
3564,10567.538000000175,40848.721000000834,0.200075,0.000902,0.18914036,0.043177534
3565,41167.53800000064,33648.7210000027,0.423403,0.476046,0.44503078,0.39315948
3566,17367.537999999706,32448.721000002697,0.412992,0.11074,0.42673433,0.10203069
3567,19367.53800000064,35848.72100000083,0.360184,0.323563,0.37360898,0.39441082
3568,20567.537999999244,46848.72100000269,0.080665,0.171298,0.09592499,0.11764028
3569,39967.538000000175,39048.721000002704,0.41567,0.446383,0.4035365,0.44791594
3571,8567.53800000064,33848.72100000363,0.37124,0.283056,0.48624322,0.3502405
3572,35367.53800000111,34448.721000001766,0.336215,0.339217,0.3730359,0.3877387
3573,34167.53800000064,34848.7209999999,0.388224,0.451376,0.39246264,0.43782705
3574,17367.53799999971,38248.721000001766,0.256669,0.259209,0.26759085,0.28954402
3575,5967.537999999709,30048.721000003625,0.32178,0.138264,0.32259452,0.15144084
3576,18367.53800000064,43448.721000000834,0.217368,0.229263,0.24190564,0.23105302
3577,23367.538000001106,33048.72100000177,0.462522,0.377574,0.47776863,0.43153092
3578,43167.538000000175,38648.720999999896,0.326953,0.186381,0.3453978,0.24575341
3579,11967.538000001106,33048.72100000177,0.377297,0.299184,0.3663043,0.17478414
3580,43767.538000000175,38048.721000002704,0.338313,0.116431,0.35097143,0.19635257
3581,29767.53800000064,32448.721000002697,0.353691,0.492769,0.35315922,0.55066735
3582,20967.538000000175,33848.72100000363,0.411829,0.491554,0.41158155,0.4459812
3583,24767.53800000017,33048.72100000177,0.42881,0.662666,0.4284355,0.59354246
3585,20167.538000001106,45848.72100000176,0.095691,0.119038,0.13541934,0.103354506
3586,41367.538000000175,38048.721000002704,0.426306,0.502379,0.40692374,0.48824188
3587,12967.537999999246,35648.721000001766,0.321442,0.486944,0.30008942,0.48431793
3588,23167.53800000064,47648.72100000269,0.093756,0.364852,0.08107418,0.39335516
3589,3767.538000000641,27448.721000000834,0.283469,0.139054,0.26377746,0.10531851
3590,17167.53800000017,37648.721000003636,0.285617,0.357719,0.27409223,0.315444
3591,14567.538000000639,39448.72100000176,0.175949,0.096119,0.1801078,0.08174091
3592,21567.53800000017,46248.72099999991,0.110127,0.545489,0.116821304,0.50848675
3593,30767.538000000637,34648.721000000834,0.374879,0.532316,0.3768852,0.46566847
3594,16567.538000000175,40648.72100000177,0.194323,0.284805,0.179502,0.14935799
3595,37967.53800000064,39848.721000000834,0.377224,0.132741,0.365597,0.12481613
3596,43567.53799999971,37648.72100000363,0.362046,0.13284,0.36595887,0.1767822
3597,34567.53800000064,36048.72100000084,0.414773,0.322559,0.42218903,0.32441303
3598,5567.53799999971,32648.72100000363,0.38882,0.300304,0.37102547,0.25020793
3599,15967.538000000177,45048.7210000027,0.061206,0.053813,0.074076384,0.06821575
3600,24567.53799999971,33448.721000000834,0.44725,0.491373,0.45120916,0.4288959
3601,33967.538000000175,32648.72100000363,0.322356,0.60272,0.31582958,0.5756896
3602,24167.538000000175,28248.721000000838,0.387417,0.40422,0.37323144,0.41894555
3603,23767.53800000064,31448.721000002697,0.46369,0.449574,0.45531544,0.46933398
3604,15367.538000000175,36248.7210000027,0.259103,0.558616,0.28121695,0.5494976
3605,15167.53800000064,45448.7210000027,0.085862,0.026077,0.11253001,0.021610817
3606,39167.538000001114,35448.7210000027,0.456942,0.489391,0.43643028,0.48996338
3607,11567.538000000173,36648.7210000027,0.258203,0.455477,0.26624337,0.46030164
3608,23167.53800000064,46648.7210000027,0.127126,0.53293,0.12257251,0.48003688
3609,30767.538000000637,35848.72100000083,0.440273,0.472438,0.43162158,0.42355245
3611,13767.538000000175,42048.72100000176,0.14249,0.053669,0.16272913,0.024035325
3612,10567.538000000175,31448.721000002697,0.385643,0.129696,0.40671322,0.12838909
3613,27167.538000001106,34048.7210000027,0.380174,0.294435,0.38294497,0.46472248
3614,34167.53800000064,32448.721000002697,0.297487,0.469311,0.3246575,0.5017649
3615,37967.53800000064,33048.72100000176,0.353635,0.391541,0.36032736,0.45609042
3616,19167.538000000175,46448.721000000834,0.104778,0.118318,0.12659603,0.16043891
3617,30167.538000000175,29048.721000002697,0.177389,0.439157,0.21105805,0.43112427
3619,15767.538000001106,35648.721000001766,0.380214,0.561965,0.28144974,0.4734843
3620,18167.538000000175,31648.721000002697,0.414811,0.116049,0.44071734,0.10954722
3621,24967.53799999971,29048.7210000027,0.322259,0.416167,0.35046053,0.41189158
3622,19167.538000000175,31648.721000002697,0.425413,0.121706,0.4064892,0.14348659
3623,46967.538000000175,34248.7210000027,0.326829,0.075612,0.295415,0.08292457
3624,16367.538000001105,35648.721000001766,0.281401,0.301479,0.27334172,0.27560633
3625,5767.538000000175,33648.7210000027,0.302867,0.298505,0.36458242,0.20209317
3626,32367.538000000175,40448.72100000269,0.34245,0.403287,0.34273142,0.31217074
3627,29367.53799999971,33248.721000000834,0.369375,0.696915,0.3718995,0.56523645
3628,26967.538000000637,28048.721000001766,0.259156,0.545329,0.32028496,0.4043556
3629,16767.537999999244,40248.72100000363,0.19292,0.273516,0.17061801,0.22133408
3630,41167.53800000064,38048.7210000027,0.41205,0.563571,0.40430605,0.495862
3631,35167.53800000064,34448.721000001766,0.34362,0.371522,0.3660295,0.37374035
3633,19167.538000000175,35048.721000000834,0.383121,0.306066,0.37271637,0.27670658
3634,8167.538000001106,31648.721000002697,0.407057,0.119053,0.39227384,0.09564086
3635,33967.538000000175,39048.721000002704,0.422945,0.447568,0.40282723,0.49036282
3636,29367.53799999971,35048.721000000834,0.403559,0.52579,0.40621158,0.5192543
3637,24367.537999999244,47248.721000000834,0.135238,0.486254,0.14888616,0.5053461
3638,26167.538000000175,42048.721000001766,0.216474,0.34683,0.20805939,0.4653725
3639,37567.538000000175,33848.72100000363,0.383557,0.410063,0.39307642,0.52948797
3640,36767.53800000017,32248.72100000083,0.323871,0.485408,0.31793937,0.5179475
3641,10767.538000000639,32248.721000000834,0.379297,0.123919,0.38314095,0.12304967
3642,13567.53799999971,34848.7209999999,0.342378,0.144464,0.32995665,0.22359712
3643,10767.538000000639,26448.721000002697,0.270238,0.110445,0.26150817,0.12892438
3644,13567.53799999971,37648.72100000363,0.24232,0.279904,0.25547704,0.25707245
3645,26367.53800000018,33248.721000000834,0.400243,0.389831,0.38523537,0.3466544
3646,28767.53799999971,30248.7210000027,0.300187,0.484194,0.33008432,0.6628149
3647,29967.538000000175,36048.72100000083,0.416807,0.399845,0.41840988,0.5136032
3648,42167.53800000064,36248.7210000027,0.44477,0.392058,0.45413595,0.4543863
3649,23967.538000001106,33848.72100000363,0.439237,0.294495,0.43697765,0.30906907
3650,4967.5380000011055,28448.721000000838,0.309297,0.116433,0.3266114,0.14822473
3651,27567.538000000637,39448.721000001766,0.324386,0.437282,0.3348249,0.43927354
3652,27367.53800000018,31448.721000002697,0.424999,0.772143,0.39682537,0.59303886
3653,35367.53800000111,40248.72100000363,0.257225,0.529418,0.28389624,0.4932877
3655,9367.53799999971,34848.7209999999,0.30102,0.066881,0.33669075,0.035340656
3656,17567.538000000175,43248.72100000177,0.125981,0.10976,0.1352388,0.13933194
3657,13167.537999999708,39848.721000000834,0.200581,0.08117,0.19182977,0.06688505
3658,14767.538000000173,29048.721000002697,0.291214,0.147575,0.2988357,0.12954968
3661,15567.538000000643,35448.7210000027,0.343491,0.568705,0.35602197,0.54736096
3662,29367.53799999971,32448.721000002697,0.366673,0.385903,0.35746405,0.46054122
3663,41967.538000000175,37448.7210000027,0.431598,0.533372,0.43419662,0.4833844
3664,38767.53800000018,33448.721000000834,0.398391,0.463652,0.3766345,0.46366054
3665,34967.538000000175,31248.721000000834,0.259702,0.633825,0.27218547,0.50012785
3666,14967.538000000175,44448.721000001766,0.101533,0.233286,0.093285695,0.18637988
3667,14767.538000000173,37048.72100000083,0.288494,0.439159,0.26358116,0.49719372
3668,18967.53800000064,42048.721000001766,0.208205,0.396502,0.2092454,0.3701065
3669,28967.538000000175,30448.7210000027,0.36021,0.473925,0.35258088,0.58894074
3670,24367.537999999244,29248.72100000177,0.381726,0.409506,0.3863439,0.40757293
3671,11767.538000000639,41648.72100000269,0.172395,0.030873,0.11722213,0.02422904
3672,28767.53799999971,39848.721000000834,0.336058,0.482214,0.34141716,0.49583006
3673,24767.538000000175,33648.7210000027,0.434785,0.46581,0.4360456,0.49085832
3674,26967.538000000637,28648.721000002693,0.304253,0.435683,0.3461518,0.44291434
3677,16567.538000000175,33248.721000000834,0.36422,0.118585,0.38444915,0.18660006
3678,7367.538000000175,35248.7210000027,0.360048,0.115928,0.34871998,0.12445185
3679,28367.53799999971,37448.7210000027,0.416995,0.457556,0.4176101,0.5071958
3680,20967.538000000175,47448.721000000834,0.161189,0.326101,0.13371357,0.3618954
3681,9567.538000000175,34048.7210000027,0.379553,0.11026,0.35520887,0.1690406
3682,21367.538000000175,30448.7210000027,0.456107,0.454255,0.43410373,0.43753442
3683,40167.53799999971,40448.7210000027,0.281587,0.443585,0.3465948,0.48829734
3684,29967.538000000175,39848.721000000834,0.361308,0.425842,0.36881256,0.43195447
3685,37767.538000000175,32448.721000002693,0.33024,0.419738,0.338586,0.48996383
3686,14367.538000000173,46248.7209999999,0.06019,0.024413,0.069765896,0.009179046
3687,18367.53800000064,40848.721000000834,0.207861,0.543302,0.22383998,0.5311826
3688,5167.538000000174,27448.721000000834,0.260059,0.075293,0.24007146,0.09874316
3689,35567.538000000175,40848.721000000834,0.269123,0.674721,0.26461753,0.58850795
3690,28367.53799999971,31848.721000001766,0.400604,0.48093,0.39638215,0.68667084
3691,26567.538000000637,32448.721000002697,0.397824,0.721888,0.39311254,0.45196792
3692,16567.538000000175,47248.721000000834,0.098325,0.276635,0.1052801,0.12263187
3693,14967.538000000173,41848.7210000027,0.136899,0.038899,0.14597175,0.05584203
3694,33167.53799999971,39648.721000000834,0.366477,0.483023,0.37455094,0.46516958
3695,44567.5379999997,36248.721000002704,0.399237,0.357497,0.36997855,0.2350409
3696,27567.538000000637,28248.721000000838,0.368951,0.263476,0.28687307,0.352187
3697,20567.537999999244,44248.7210000027,0.1149,0.087578,0.1155882,0.13215278
3698,21767.53799999971,46848.7210000027,0.099994,0.528085,0.10972659,0.51419586
3699,28967.538000000175,30848.721000000838,0.345039,0.694487,0.34073058,0.63277787
3701,18967.53800000064,44648.721000000834,0.122462,0.073519,0.16633752,0.123941295
3702,42567.53800000017,36448.72100000362,0.435816,0.426733,0.4293297,0.4235857
3703,20167.538000001106,45648.7210000027,0.163206,0.354646,0.18986516,0.15256144
3705,13767.538000000177,36648.721000002704,0.27474,0.476764,0.27457675,0.5053459
3707,26167.538000000175,43648.721000000834,0.203602,0.147401,0.22252461,0.12051592
3708,34967.538000000175,34048.7210000027,0.359067,0.358436,0.3571184,0.35899407
3710,17767.538000000175,39448.72100000176,0.233528,0.420305,0.233073,0.4539017
3711,7167.538000000175,34848.7209999999,0.337347,0.118711,0.35712108,0.08333101
3712,11367.538000000639,42848.7210000027,0.11443,0.001503,0.12113039,0.026100894
3714,13767.538000000175,35648.72100000176,0.333405,0.413465,0.30825737,0.435691
3715,29967.538000000175,35248.7210000027,0.422858,0.521375,0.42558464,0.5402825
3716,27367.53800000018,33248.721000000834,0.367816,0.65178,0.38534734,0.5818536
3717,12967.537999999246,33848.72100000363,0.315521,0.305306,0.33197948,0.27073276
3718,16167.538000000643,32448.721000002697,0.361942,0.147384,0.354525,0.13633081
3719,38367.53800000064,35048.721000000834,0.442483,0.537666,0.41831553,0.5344732
3720,33767.538000000175,31848.721000001766,0.303861,0.34691,0.3155553,0.48262995
3721,31967.537999999244,40048.7210000027,0.36909,0.189607,0.36920497,0.28764513
3722,23567.538000000175,31648.721000002697,0.469455,0.446297,0.46168926,0.47615358
3724,16967.53799999971,33648.7210000027,0.381235,0.320975,0.3778959,0.2875049
3725,29767.53800000064,38648.7209999999,0.373595,0.442855,0.36603302,0.508754
3726,10967.538000000175,37248.721000000834,0.211095,0.166686,0.20946753,0.30841586
3727,44967.53800000064,37448.7210000027,0.378871,0.388234,0.4037877,0.3898846
3728,26367.538000000175,28048.721000001766,0.277831,0.467577,0.28623697,0.36498895
3729,23367.538000001106,46448.721000000834,0.14817,0.524616,0.135771,0.5600045
3730,29367.53799999971,33648.7210000027,0.390344,0.427625,0.37299833,0.5613395
3731,34367.538000000175,36448.72100000362,0.409895,0.320915,0.4069828,0.32227904
3733,17567.538000000175,42248.721000000834,0.169762,0.107463,0.20156394,0.15551817
3734,37367.53800000064,35248.7210000027,0.410694,0.474956,0.4113921,0.46589458
3735,18567.538000000175,38648.720999999896,0.292873,0.403747,0.29089454,0.45024765
3736,35767.53799999924,40848.721000000834,0.255713,0.658311,0.26000455,0.5895149
3737,21567.538000000175,31448.721000002697,0.487205,0.489198,0.4681922,0.47091544
3738,19967.53800000064,34448.721000001766,0.438313,0.160744,0.3603271,0.30320373
3739,39767.53799999971,34048.72100000269,0.401255,0.35775,0.40955028,0.4261437
3740,38967.53800000064,32448.721000002697,0.320894,0.490696,0.30626363,0.57655317
3741,14767.538000000173,45048.7210000027,0.087538,0.025863,0.07517633,0.036320258
3742,29167.538000000175,37248.721000000834,0.449991,0.577277,0.44279495,0.50087756
3743,32367.538000000175,39448.72100000176,0.360667,0.347775,0.3464415,0.38575527
3744,27167.538000001106,29048.721000002697,0.289695,0.51457,0.35203078,0.48449692
3745,35167.53800000064,37848.7210000027,0.440695,0.3756,0.41427293,0.33345884
3746,18767.538000000175,44248.72100000269,0.202849,0.402174,0.19182919,0.21506341
3747,18567.538000000175,34848.7209999999,0.354597,0.299463,0.37656456,0.32850975
3748,22367.538000000175,35648.721000001766,0.381358,0.474268,0.39462328,0.47278067
3749,19567.538000001106,42848.72100000269,0.203093,0.410731,0.21318479,0.29851744
3750,32767.538000000175,33248.721000000834,0.339446,0.505526,0.3499131,0.52503383
3751,32967.53800000017,38248.721000001766,0.419963,0.556227,0.42300865,0.4963301
3753,27367.538000000175,38848.721000000834,0.314197,0.301357,0.3298036,0.28333598
3754,21167.53799999971,46848.7210000027,0.087312,0.174512,0.09655826,0.27654395
3756,35367.53800000111,35248.7210000027,0.414807,0.329077,0.41037053,0.31250438
3757,17967.53799999971,40448.7210000027,0.246768,0.59047,0.25724176,0.5386631
3758,26567.53800000064,43048.7210000027,0.207824,0.488461,0.22845452,0.4161836
3759,15367.538000000177,35648.721000001766,0.391939,0.574023,0.3468806,0.5436698
3760,35167.53800000064,40848.72100000084,0.292321,0.625666,0.28112134,0.59908915
3761,29167.538000000175,39248.7210000027,0.354112,0.47036,0.3739741,0.4834575
3762,34367.538000000175,35848.721000000834,0.417731,0.424138,0.4017975,0.37883368
3763,30367.538000000637,38448.721000000834,0.381325,0.454118,0.41235682,0.48462424
3764,20767.537999999706,36248.7210000027,0.365933,0.632765,0.37151796,0.47275868
3765,9767.53799999971,34248.7210000027,0.381901,0.098479,0.3559863,0.121992104
3766,30567.53800000018,39048.721000002704,0.393806,0.484361,0.40400347,0.4798481
3767,12767.538000000175,33648.7210000027,0.327415,0.261831,0.35798493,0.22058187
3769,24767.538000000175,35448.7210000027,0.401547,0.083425,0.39932743,0.3593738
3770,18367.53800000064,43648.721000000834,0.157744,0.237464,0.19075073,0.23490511
3771,19967.53800000064,40648.721000001766,0.247265,0.468888,0.21298137,0.46675527
3772,24767.538000000175,33448.721000000834,0.450824,0.485506,0.4584522,0.4968306
3773,36567.53800000017,32048.721000000834,0.322435,0.64875,0.30738395,0.5505489
3774,39767.53799999971,33048.721000001766,0.382798,0.313685,0.3692458,0.50021815
3775,11367.538000000639,24448.721000000834,0.254305,0.11343,0.23763268,0.10391476
3777,30967.538000001106,40448.72100000269,0.327658,0.157347,0.34680498,0.23528793
3778,40367.538000000175,35448.7210000027,0.485668,0.243151,0.48580098,0.3480927
3779,23567.53800000018,34848.7209999999,0.39324,0.737933,0.40671003,0.4788371
3780,21367.538000000175,34648.721000000834,0.426969,0.515882,0.4183612,0.48387742
3781,26167.538000000175,33248.721000000834,0.385213,0.372802,0.39391637,0.33745453
3782,39367.538000000175,37048.72100000083,0.475806,0.474763,0.47140044,0.44335654
3783,34767.53800000111,33648.7210000027,0.349596,0.420923,0.35562226,0.38189036
3784,10367.537999999711,36248.721000002704,0.317416,0.070494,0.25088677,0.19301294
3786,19767.538000000175,38048.721000002704,0.303372,0.600936,0.30562717,0.54245037
3787,31167.53800000018,43848.7210000027,0.156793,0.116729,0.20326142,0.1530046
3788,33167.53799999971,34048.7210000027,0.391617,0.38901,0.38260365,0.44802842
3789,38767.538000000175,40248.72100000363,0.284406,0.156616,0.3143466,0.21274072
3790,25367.538000000175,28648.72100000269,0.338427,0.51002,0.3528092,0.4945558
3793,43767.538000000175,38448.72100000083,0.34875,0.289974,0.3641198,0.1912461
3794,30967.538000001106,39848.721000000834,0.370292,0.325014,0.3606196,0.2922846
3795,28367.53799999971,36848.721000001766,0.41192,0.413922,0.4074201,0.43927643
3796,31967.537999999244,34848.7209999999,0.413064,0.646755,0.365565,0.48629344
3797,43367.537999999244,37448.7210000027,0.364472,0.307806,0.39415625,0.27930757
3798,38767.53800000018,36048.72100000083,0.42483,0.410655,0.4257523,0.43107957
3799,36767.53800000017,41848.72100000269,0.222133,0.453389,0.20520046,0.5217969
3800,20567.537999999244,35848.721000000834,0.368644,0.339551,0.38698924,0.47589967
3801,21167.53799999971,38448.721000000834,0.288104,0.480109,0.28133792,0.4926452
3802,29967.538000000175,39048.721000002704,0.38288,0.471457,0.37071776,0.5175826
3803,26767.538000000175,27848.7210000027,0.252771,0.463541,0.29305136,0.3783127
3804,20967.538000000175,36048.72100000083,0.373567,0.439283,0.3787977,0.5023599
3805,41967.538000000175,33648.7210000027,0.41089,0.285168,0.3949519,0.24829426
3806,14567.538000000639,33048.72100000176,0.326095,0.14046,0.3485108,0.20497897
3808,14567.53800000064,45648.7210000027,0.068697,0.02114,0.095102295,0.02443572
3810,39567.537999999244,35448.7210000027,0.464413,0.449541,0.4525029,0.4651304
3811,23167.53800000064,30648.721000001766,0.473879,0.385085,0.46132025,0.44049767
3812,23367.538000001106,38648.720999999896,0.289632,0.042576,0.3029516,-0.005620042
3813,19967.53800000064,31448.721000002697,0.421776,0.404234,0.42711106,0.41924295
3814,24567.53799999971,30448.7210000027,0.449619,0.415066,0.41987374,0.47903192
3815,11967.538000001106,35248.7210000027,0.330715,0.221176,0.32518122,0.31972823
3817,19367.53800000064,31648.7210000027,0.399031,0.12353,0.40571904,0.16083995
3818,10567.538000000175,32448.721000002693,0.372984,0.117677,0.37852255,0.08669796
3819,41367.53800000018,36448.72100000362,0.45504,0.407294,0.4104928,0.45603412
3820,28967.538000000175,39848.721000000834,0.341452,0.501067,0.34590074,0.46550205
3821,41567.538000000175,38648.7209999999,0.377511,0.50649,0.37497938,0.4866562
3822,23167.53800000064,30448.7210000027,0.46352,0.377649,0.44892192,0.4168053
3823,26167.538000000175,33448.721000000834,0.407414,0.463562,0.40650746,0.37326553
3824,22967.538000000175,31248.721000000834,0.477332,0.431295,0.4875027,0.45507562
3825,13567.537999999711,36648.7210000027,0.284692,0.427468,0.27205464,0.4816167
3826,11367.538000000643,36248.721000002704,0.254275,0.413463,0.2683001,0.4593024
3827,24967.537999999706,29848.721000002693,0.403978,0.428148,0.4113806,0.50538605
3828,31167.538000000175,30248.7210000027,0.226842,0.453791,0.2811916,0.4489676
3829,14567.538000000643,41248.7210000027,0.180735,0.035503,0.19445097,0.04386403
3830,22367.538000000175,32248.72100000083,0.483762,0.493438,0.4792589,0.48835596
3831,28967.538000000175,36648.721000002704,0.441929,0.443539,0.45366663,0.50364965
3832,22767.53800000064,35248.7210000027,0.397083,0.474382,0.38475648,0.46816486
3833,39967.538000000175,34248.7210000027,0.424155,0.32751,0.41546905,0.42670763
3835,32567.53799999971,34248.7210000027,0.385568,0.446527,0.36462727,0.4593739
3836,21367.538000000175,30248.721000002693,0.387651,0.583927,0.43757322,0.4536605
3838,15767.538000001108,41048.721000000834,0.163199,0.281615,0.18740432,0.13538086
3839,19767.538000000175,44448.721000001766,0.138897,0.083277,0.13177197,0.10639403
3841,47967.538000000175,35848.721000000834,0.308583,0.08833,0.3060454,0.07801368
3842,9367.53799999971,30648.721000001766,0.362586,0.129346,0.35853028,0.10982645
3843,18767.538000000175,31848.72100000177,0.44033,0.119031,0.43005547,0.120427124
3844,11567.538000000173,32848.7210000027,0.298586,0.123335,0.34245402,0.17253913
3845,30167.538000000175,32648.72100000363,0.337868,0.773292,0.3654219,0.6020505
3846,15167.53800000064,40848.721000000834,0.164358,0.036401,0.20522012,0.06821754
3847,27767.538000001106,43648.721000000834,0.194328,0.128181,0.19447425,0.27654228
3848,5767.538000000174,31048.7209999999,0.370552,0.118658,0.3409248,0.14190523
3849,24967.53799999971,32848.7210000027,0.443665,0.635495,0.4461487,0.57336396
3850,28967.538000000175,29048.721000002697,0.228387,0.597861,0.2790834,0.6559898
3851,28767.53799999971,37248.721000000834,0.404665,0.586933,0.43444476,0.5020175
3852,30167.538000000175,33448.721000000834,0.335586,0.455937,0.37751043,0.49142992
3853,19767.538000000175,40048.7210000027,0.242962,0.450685,0.25262025,0.51360965
3854,35967.53799999971,35648.721000001766,0.39031,0.231767,0.42105868,0.26492044
3857,26567.53800000064,30048.721000003625,0.361146,0.501948,0.3779662,0.53423154
3859,27567.538000000637,32848.7210000027,0.392079,0.374574,0.39743477,0.5830863
3860,34367.53800000018,31248.721000000834,0.264102,0.261332,0.24847324,0.4532952
3862,32167.53799999971,38048.7210000027,0.416001,0.415991,0.41210738,0.44369063
3863,42167.53800000064,38648.7209999999,0.370911,0.39273,0.37156665,0.4276179
3864,31167.53800000017,28848.721000003632,0.164961,0.275513,0.16357833,0.33716494
3866,24367.537999999244,34648.721000000834,0.408338,0.437582,0.3992499,0.39860752
3867,13167.53799999971,41248.72100000269,0.197125,0.067201,0.1984272,0.05976187
3868,26567.538000000637,47648.7210000027,0.159299,0.515799,0.13179758,0.4543582
3870,17367.53799999971,35648.721000001766,0.290096,0.46379,0.31058604,0.4832797
3871,19767.538000000175,43048.7210000027,0.195522,0.405525,0.1932003,0.3389088
3872,16367.538000001105,42448.7209999999,0.14614,0.026933,0.17795654,0.08556797
3873,27167.538000001106,39848.721000000834,0.289771,0.366687,0.32002887,0.4380567
3874,15767.538000001106,44048.721000003636,0.085206,0.021006,0.107804835,0.10493817
3875,40567.538000000175,40048.7210000027,0.333772,0.419652,0.32307,0.4629509
3876,28767.53799999971,32048.721000000834,0.380031,0.406678,0.36060345,0.42804652
3877,43967.53799999971,36448.72100000362,0.388101,0.118791,0.34441137,0.13273661
3879,24967.537999999706,46448.721000000834,0.139813,0.422146,0.15621085,0.42207617
3880,19967.53800000064,32648.72100000363,0.395563,0.46218,0.3951797,0.45668033
3881,29167.538000000175,28848.721000003632,0.24239,0.654424,0.27483773,0.6221028
3882,5567.53799999971,30048.72100000363,0.316064,0.138286,0.2976155,0.18658344
3883,13767.538000000177,42848.7210000027,0.121885,0.051536,0.1436797,0.056204695
3884,34367.538000000175,33848.72100000363,0.341939,0.416577,0.35429695,0.4179478
3885,32567.537999999713,36448.72100000362,0.416766,0.542412,0.398565,0.46944085
3886,14367.538000000175,45648.7210000027,0.101117,0.022728,0.092880875,0.031030973
3887,13167.537999999708,29448.72100000083,0.293674,0.118449,0.27226257,0.14256373
3888,25367.538000000175,31048.7209999999,0.431644,0.482216,0.43552428,0.4926967
3889,5367.537999999244,28848.721000003632,0.31434,0.148082,0.33305624,0.18193865
3890,23167.53800000064,29648.721000000834,0.393558,0.298399,0.39223424,0.31826562
3891,41367.538000000175,37248.721000000834,0.465683,0.48205,0.45416358,0.49904078
3892,28767.53799999971,36648.7210000027,0.439492,0.491485,0.44518945,0.48714715
3893,14967.538000000173,33248.721000000834,0.354633,0.1369,0.44106328,0.0964269
3894,43167.53800000017,34648.721000000834,0.354509,0.116731,0.36833408,0.1943877
3895,24367.537999999244,45648.7210000027,0.159606,0.280711,0.098610446,0.35551575
3896,26367.53800000018,29848.721000002697,0.395268,0.49628,0.3951057,0.5441815
3897,38767.538000000175,32448.721000002697,0.330859,0.483858,0.33039385,0.6065197
3898,20767.53799999971,30048.72100000363,0.394619,0.455118,0.4151266,0.41850394
3899,31967.537999999244,32448.721000002697,0.306993,0.676256,0.31087118,0.48450014
3900,16567.538000000175,36448.72100000362,0.320453,0.453228,0.28993112,0.43843693
3901,24767.538000000175,39648.721000000834,0.24185,0.023255,0.25706983,0.04087465
3902,44767.538000000175,33448.721000000834,0.311333,0.089142,0.3077389,0.13102083
3903,19367.53800000064,46248.7209999999,0.144851,0.209177,0.11380385,0.17172879
3904,26167.538000000175,32248.72100000083,0.416336,0.366525,0.38048837,0.4272362
3906,37167.538000000175,38448.72100000084,0.357259,0.061167,0.3773967,0.07318919
3907,19567.538000001106,35648.721000001766,0.35578,0.307933,0.35049108,0.31876943
3908,30367.538000000637,33448.721000000834,0.347718,0.4815,0.37323838,0.50988144
3909,7967.538000000641,33848.72100000363,0.973181,0.283192,0.9877381,0.24197094
3910,13167.537999999708,41848.7210000027,0.174497,0.064975,0.17258763,0.040961523
3911,18167.538000000175,44448.721000001766,0.188724,0.085118,0.18299031,0.11863061
3912,35367.53800000111,35648.721000001766,0.418395,0.261723,0.42535445,0.25801465
3913,18167.538000000175,39848.721000000834,0.258528,0.558494,0.2653559,0.47617257
3915,25167.538000000175,30848.721000000838,0.442729,0.532285,0.4207673,0.5335408
3916,34367.538000000175,36848.721000001766,0.406066,0.334568,0.41030425,0.3427551
3917,43367.537999999244,38248.721000001766,0.363065,0.184157,0.36887223,0.23271574
3918,36167.538000000175,43448.72100000083,0.163462,0.379197,0.16641957,0.34787086
3920,4567.538000000174,31048.7209999999,0.328892,0.277268,0.342103,0.22687976
3921,28167.537999999244,47448.721000000834,0.136485,0.358088,0.14704178,0.3313778
3923,29767.53800000064,40248.72100000363,0.321177,0.404568,0.37836698,0.34396666
3924,19767.538000000175,41648.7210000027,0.172305,0.089898,0.18121703,0.16734952
3925,41167.53800000064,39048.7210000027,0.399779,0.454513,0.36187562,0.4646462
3926,6367.538000000176,36248.7210000027,0.25007,0.284208,0.2585264,0.21679886
3927,27967.538000000175,37048.72100000083,0.415722,0.423314,0.41318357,0.48611888
3928,33767.538000000175,38648.720999999896,0.423994,0.551523,0.43043023,0.5103288
3929,42367.5380000011,34048.7210000027,0.398678,0.307732,0.39797696,0.28276888
3930,43767.538000000175,37048.72100000083,0.374664,0.111896,0.3744692,0.15581591
3931,12767.538000000175,37248.721000000834,0.248727,0.411513,0.2579076,0.39542133
3932,10567.538000000173,26848.72100000177,0.292395,0.132884,0.30174398,0.14290695
3933,38567.53800000111,38248.721000001766,0.402517,0.280255,0.39188933,0.23239268
3934,33167.53799999971,38448.721000000834,0.415359,0.258896,0.42336428,0.49955273
3937,27167.538000001103,33648.7210000027,0.396549,0.287077,0.3716867,0.49690938
3938,19367.53800000064,42848.7210000027,0.211316,0.413811,0.21729463,0.34209386
3939,5367.537999999243,27648.721000002697,0.266813,0.090196,0.25103825,0.14038749
3940,18767.538000000175,44048.72100000362,0.199475,0.375199,0.20323703,0.23170435
3941,19967.53800000064,34648.721000000834,0.426669,0.236079,0.36434424,0.28615347
3942,21167.53799999971,38848.72100000083,0.302776,0.476331,0.30707884,0.5041302
3943,17367.53799999971,36048.721000000834,0.300414,0.436549,0.2803151,0.4739448
3944,39567.537999999244,33248.721000000834,0.395226,0.426024,0.39854,0.46529096
3945,14767.538000000175,42048.721000001766,0.12753,0.03952,0.14084934,0.03864636
3946,29367.537999999713,30648.72100000177,0.339688,0.537698,0.35841233,0.4825192
3947,11167.538000000175,37048.72100000084,0.223228,0.389529,0.24882793,0.3245031
3948,21367.538000000175,32048.721000000834,0.456495,0.526462,0.47737977,0.4769298
3949,39567.537999999244,37848.7210000027,0.467296,0.473229,0.42251378,0.49505216
3951,19967.53800000064,46448.72100000084,0.075966,0.126657,0.09024751,0.13846421
3952,40167.53799999971,33648.7210000027,0.404874,0.431221,0.41666776,0.42311162
3953,19767.538000000175,34848.7209999999,0.367928,0.237626,0.3659613,0.28242573
3954,30167.538000000175,45448.721000002704,0.160213,0.28849,0.1907532,0.21773803
3955,14167.537999999708,36248.721000002704,0.285919,0.478185,0.2753637,0.497786
3956,8767.538000001106,31448.721000002697,0.374866,0.108089,0.3896176,0.086404346
3958,45367.538000000175,37848.72100000269,0.370182,0.406961,0.38217476,0.39575487
3959,40167.53799999971,33848.72100000363,0.411342,0.39341,0.4239456,0.41817108
3960,18567.538000000175,36848.721000001766,0.318979,0.523304,0.32920742,0.49805212
3961,19767.538000000175,38648.720999999896,0.262172,0.30087,0.29143822,0.2985404
3962,39767.53799999971,34248.7210000027,0.407677,0.450194,0.41869578,0.44038147
3963,26767.538000000175,31448.721000002697,0.405104,0.399185,0.40551096,0.50772214
3964,13767.538000000173,37448.7210000027,0.239388,0.281566,0.23936285,0.32228583
3965,37167.538000000175,34848.7209999999,0.418249,0.452511,0.40501475,0.48004845
3966,24167.538000000175,34448.721000001766,0.425998,0.449526,0.40544212,0.41849244
3967,29367.537999999713,29248.721000001766,0.311313,0.940017,0.25768366,0.785871
3968,18967.53800000064,36848.721000001766,0.346965,0.515285,0.35303998,0.5048501
3969,32367.538000000175,38448.72100000083,0.388841,0.488845,0.39874905,0.44136277
3970,26367.53800000018,30848.721000000838,0.432646,0.665628,0.42222705,0.5239722
3972,9967.538000000175,24248.721000001766,0.251727,0.100971,0.27317342,0.10315444
3973,19567.538000001103,37448.7210000027,0.304403,0.437638,0.29028612,0.43884867
3974,19567.538000001106,43448.72100000083,0.198205,0.397149,0.19062915,0.34873483
3975,27167.538000001106,44448.721000001766,0.179069,0.150863,0.14823061,0.21253788
3976,19767.538000000175,32048.721000000834,0.435067,0.454289,0.44061884,0.38382274
3977,21567.538000000175,43448.72100000083,0.163174,0.325085,0.17169334,0.11248537
3979,15367.538000000175,29048.721000002697,0.307821,0.145458,0.32872805,0.140421
3980,25167.538000000175,33248.721000000834,0.440731,0.558812,0.4391403,0.5419981
3981,17167.53800000017,33848.72100000363,0.361242,0.320917,0.3850509,0.3603226
3983,26367.53800000018,31648.721000002697,0.423537,0.49641,0.42785308,0.49064967
3984,27367.53800000018,35448.7210000027,0.339593,0.074544,0.3307521,0.12180481
3985,28367.537999999713,35248.7210000027,0.396095,0.302819,0.3889863,0.2855539
3986,20167.538000001106,40048.7210000027,0.27864,0.510022,0.25732762,0.5186813
3987,23367.538000001106,37848.7210000027,0.323519,0.054648,0.3115722,-0.024403552
3990,30567.53800000018,35848.721000000834,0.442723,0.499704,0.42493498,0.4381505
3991,40967.538000000175,37048.72100000084,0.441397,0.454601,0.46118754,0.4851548
3992,30367.538000000637,32848.7210000027,0.36026,0.666205,0.38130414,0.61148405
3993,39767.53799999971,32848.7210000027,0.361492,0.477985,0.3500749,0.5058504
3994,34167.53800000064,33048.72100000176,0.32087,0.607178,0.32671547,0.5722961
3995,12567.538000001106,37048.72100000083,0.24122,0.430456,0.2625357,0.41920733
3996,21167.53799999971,46448.721000000834,0.107217,0.463776,0.091572076,0.4499766
3999,17967.53799999971,35048.721000000834,0.329672,0.407228,0.3275546,0.42631155
4000,38767.538000000175,38648.720999999896,0.40016,0.125227,0.362864,0.18293951
4001,47367.53799999971,33448.721000000834,0.279465,0.095442,0.30644765,0.11207848
4002,13567.537999999711,32248.721000000834,0.362898,0.29449,0.37130138,0.16167393
4003,14967.538000000173,45648.7210000027,0.068128,0.024566,0.12183422,0.021404048
4004,19767.538000000175,44048.721000003636,0.134513,0.084943,0.1350109,0.1538995
4005,40967.538000000175,34848.7209999999,0.49008,0.497543,0.4361134,0.44768915
4006,21367.53800000017,33648.7210000027,0.405952,0.444977,0.41607258,0.40919805
4007,31567.538000001106,40248.72100000363,0.342752,0.2949,0.3707418,0.25988474
4008,28167.537999999244,44248.7210000027,0.213303,0.492969,0.25720567,0.4384577
4009,37567.538000000175,35448.7210000027,0.404208,0.547805,0.40215087,0.47817406
4010,37767.538000000175,34848.7209999999,0.431222,0.523027,0.41506538,0.50249726
4011,25567.53799999971,31648.7210000027,0.430443,0.368598,0.43096715,0.3552513
4012,5767.538000000174,30048.72100000363,0.31275,0.139212,0.31043166,0.16491425
4014,20967.538000000175,32648.721000003625,0.422074,0.519797,0.4110015,0.4518818
4015,26367.53800000018,27448.72100000083,0.307099,0.437274,0.3179049,0.5070571
4016,3367.538000000175,27048.721000000834,0.301614,0.123303,0.28844345,0.13165583
4017,35767.53799999924,37248.721000000834,0.455697,0.099897,0.41843566,0.07101538
4018,33567.53800000064,36848.721000001766,0.404588,0.417862,0.44935548,0.4957374
4019,10767.53800000064,29248.721000001766,0.283975,0.139531,0.26292646,0.11612565
4021,37767.53800000018,35448.7210000027,0.446195,0.573825,0.42930213,0.49938938
4022,29167.538000000175,29648.721000000834,0.327453,0.626171,0.29079238,0.6403188
4023,15367.538000000175,35048.721000000834,0.307167,0.513921,0.30075544,0.53503186
4024,35567.538000000175,31448.721000002697,0.280487,0.654759,0.30132213,0.5556065
4026,28567.538000000175,39048.721000002704,0.359027,0.474165,0.37654406,0.50153875
4027,26567.53800000064,29648.721000000834,0.370004,0.432272,0.37091357,0.53486156
4028,36967.53799999971,42648.721000000834,0.149338,0.424518,0.16837472,0.45425385
4029,30567.538000000175,40648.72100000177,0.34632,0.191133,0.3326132,0.24843702
4031,26767.538000000175,28648.72100000269,0.318148,0.415333,0.34075764,0.41299403
4032,29567.538000000175,32648.72100000363,0.371087,0.452717,0.35445514,0.49447346
4033,23767.53800000064,29248.721000001766,0.396492,0.356829,0.37372607,0.39375928
4034,10967.538000000173,24248.721000001766,0.22816,0.110987,0.23690914,0.12270615
4035,37167.538000000175,32048.721000000834,0.324328,0.516231,0.3275802,0.49211413
4036,18167.538000000175,35848.721000000834,0.299468,0.42571,0.3282979,0.4321592
4037,30767.538000000637,37848.7210000027,0.413228,0.386669,0.42907187,0.35466048
4038,10367.53799999971,33248.721000000834,0.38436,0.105192,0.38931993,0.13142218
4039,20767.53799999971,34048.72100000269,0.389328,0.455655,0.39597088,0.42751107
4040,38167.538000000175,39848.721000000834,0.356088,0.15769,0.37081677,0.14111368
4041,17367.53799999971,43648.721000000834,0.120578,0.082977,0.16292469,0.055346478
4042,30367.538000000637,34048.7210000027,0.371706,0.556919,0.38097465,0.5655388
4043,28367.537999999713,35448.7210000027,0.39447,0.409958,0.42472324,0.40559867
4044,38367.53800000063,34648.721000000834,0.388772,0.585054,0.4071467,0.5359907
4045,22967.538000000175,38048.721000002704,0.304166,0.050341,0.30265728,-0.03141142
4046,22767.53800000064,45448.7210000027,0.140092,0.548389,0.12906228,0.46618998
4047,27767.538000001106,43848.7210000027,0.212279,0.363063,0.2157955,0.271382
4048,32167.53799999971,31048.720999999903,0.225331,0.547523,0.23325934,0.4524862
4049,30167.538000000175,29648.721000000834,0.262442,0.479157,0.27211374,0.52257705
4050,26967.538000000637,49048.72100000363,0.16717,0.298278,0.22259928,0.3041393
4051,19367.53800000064,46648.7210000027,0.086756,0.12206,0.09505029,0.18170068
4052,20767.53799999971,45848.721000001766,0.093041,0.190607,0.09371695,0.16629313
4053,29167.538000000175,37648.721000003636,0.419226,0.447821,0.42605668,0.45837224
4054,21767.53799999971,32848.7210000027,0.42201,0.30245,0.42708,0.4526598
4055,17967.53799999971,43848.7210000027,0.182124,0.226539,0.15019459,0.18951139
4056,13767.538000000175,36448.72100000363,0.272429,0.522888,0.2522258,0.48269957
4057,41967.538000000175,33048.72100000177,0.346269,0.089542,0.33731252,0.15123603
4058,14367.538000000175,36248.7210000027,0.27544,0.469774,0.28202924,0.50125027
4059,38767.53800000018,34048.7210000027,0.419026,0.473844,0.4004204,0.4737768
4060,40767.53799999971,33248.721000000834,0.392504,0.432524,0.41421553,0.39299196
4061,32767.538000000175,39448.721000001766,0.371721,0.431628,0.36979565,0.42242357
4062,8767.538000001106,35248.7210000027,0.310951,0.061317,0.28266785,0.052102167
4063,25367.538000000175,28048.721000001766,0.282563,0.492967,0.33172157,0.47382814
4064,13767.538000000175,47048.721000001766,0.073855,0.027159,0.083953455,0.019390216
4065,39967.538000000175,34048.7210000027,0.433761,0.386233,0.42993066,0.42912877
4066,26367.538000000175,37648.72100000362,0.31793,0.027711,0.3245314,0.029049506
4067,29967.538000000175,31248.721000000834,0.317618,0.671498,0.35120684,0.694112
4068,23167.53800000064,37848.7210000027,0.336312,0.055598,0.31791666,-0.021611253
4069,9567.538000000173,27248.720999999907,0.318178,0.149483,0.3063019,0.13139834
4070,28167.53799999924,45248.72100000363,0.19038,0.415554,0.17634271,0.44857097
4071,19567.538000001103,38848.721000000834,0.25984,0.161395,0.24505988,0.22726133
4072,22567.538000000175,45448.721000002704,0.132134,0.505513,0.13705032,0.49138868
4073,28967.53800000018,33048.721000001766,0.343104,0.631576,0.34055448,0.5870595
4074,19567.538000001106,42248.721000000834,0.206178,0.092793,0.21301554,0.19127008
4075,18767.538000000175,31448.721000002697,0.453626,0.121709,0.44891202,0.10247811
4076,27567.538000000637,27048.721000000838,0.317956,0.160173,0.23200229,0.21191801
4077,21967.538000000175,30848.721000000838,0.455253,0.432277,0.45167583,0.42597818
4078,14167.537999999711,34048.7210000027,0.332762,0.302068,0.36538777,0.28482077
4079,20567.537999999244,32848.7210000027,0.404611,0.467401,0.3941364,0.47181273
4080,5367.537999999245,31248.721000000834,0.33416,0.294003,0.3665824,0.25602186
4081,23567.53800000018,46248.72099999991,0.113546,0.42183,0.1605831,0.4068336
4082,19567.538000001106,43648.721000000834,0.159213,0.409782,0.17030826,0.34437978
4083,27967.538000000175,48648.721000000834,0.164583,0.340492,0.16858982,0.27828196
4085,10767.538000000639,34248.7210000027,0.336366,0.363203,0.34399277,0.40660214
4086,26567.53800000064,42248.721000000834,0.273979,0.370959,0.20977892,0.4488166
4087,37767.53800000018,39648.721000000834,0.357187,0.123114,0.3725178,0.14240363
4089,31767.538000000175,37848.7210000027,0.427187,0.46898,0.42809838,0.45814568
4090,30767.538000000637,34448.721000001766,0.362801,0.485679,0.3711794,0.47937694
4091,18767.538000000175,40248.72100000363,0.230375,0.465663,0.24430558,0.51082563
4093,6767.538000000177,30448.7210000027,0.339255,0.125924,0.3172872,0.11174027
4094,28767.53799999971,40648.721000001766,0.31618,0.351606,0.33283207,0.4183286
4095,30167.53800000017,41248.7210000027,0.315096,0.199414,0.32455286,0.29238555
4096,34167.53800000064,31848.72100000177,0.320042,0.300755,0.3298634,0.45886403
4097,42567.538000000175,38048.721000002704,0.347675,0.224477,0.38634402,0.3549378
4099,24967.53799999971,33848.72100000363,0.442083,0.422453,0.4303747,0.5241986
4100,14967.538000000175,40248.72100000363,0.155537,0.095265,0.1893911,0.07489251
4102,36167.53800000017,43248.721000001766,0.165048,0.445195,0.17988414,0.38928342
4103,41567.538000000175,39448.721000001766,0.327722,0.494206,0.34947893,0.46181428
4105,21167.53799999971,43448.721000000834,0.158083,0.098578,0.17493618,0.13511944
4106,32367.538000000175,35248.7210000027,0.367636,0.417311,0.40035087,0.44790506
4107,11567.538000000173,34648.721000000834,0.356609,0.489058,0.3455401,0.42002717
4108,28367.53799999971,31048.720999999903,0.329014,0.715805,0.2995985,0.74038386
4110,20967.538000000175,41048.721000000834,0.257307,0.510727,0.2665729,0.5036936
4112,16167.538000000643,29048.721000002697,0.335789,0.127488,0.37242347,0.13044989
4114,27567.538000000637,38448.721000000834,0.356617,0.132377,0.37211296,0.46250862
4115,10767.53800000064,35048.721000000834,0.347298,0.425307,0.32662252,0.41956115
4117,5367.537999999243,30848.72100000083,0.301693,0.298871,0.34713036,0.27121523
4118,20767.53799999971,36848.721000001766,0.310326,0.34557,0.3063168,0.3723709
4119,28967.538000000175,34648.721000000834,0.384276,0.454048,0.39186978,0.5136609
4120,39567.537999999244,32248.72100000083,0.298495,0.503053,0.2730473,0.41145843
4121,12967.537999999246,32648.721000003625,0.344365,0.240131,0.36059454,0.1912599
4122,18567.538000000175,40648.72100000177,0.224549,0.627881,0.23901023,0.522843
4123,20967.538000000175,36848.721000001766,0.326486,0.311495,0.3315193,0.4162537
4124,28567.538000000175,25248.721000002693,0.146143,0.410906,0.11886796,0.3952307
4125,25767.538000000175,48248.72100000177,0.141188,0.325,0.13148054,0.3333777
4126,18367.53800000064,46048.721000000834,0.121954,0.084408,0.1240287,0.065047525
4127,13567.537999999711,26448.721000002697,0.336657,0.148661,0.2996977,0.12099225
4129,41167.53800000064,35248.7210000027,0.476382,0.452263,0.48738742,0.45829588
4130,15367.538000000177,44048.721000003636,0.139686,0.259698,0.12727064,0.21284749
4131,43167.53800000017,35448.7210000027,0.42879,0.161926,0.4304005,0.21751364
4132,22567.538000000175,29648.721000000834,0.392808,0.407449,0.38065705,0.40372574
4133,37167.538000000175,37248.721000000834,0.398046,0.054246,0.38933226,0.07560792
4135,9167.537999999244,30848.72100000083,0.352961,0.11657,0.37530908,0.07470118
4136,23567.538000000175,48848.72100000269,0.125425,0.140801,0.3317031,0.11877651
4137,18767.538000000175,36448.72100000363,0.345312,0.485871,0.34570122,0.4950509
4139,3367.538000000175,25848.721000000834,0.285135,0.146488,0.2830339,0.13148624
4141,40567.538000000175,36248.7210000027,0.470362,0.426542,0.44153133,0.4203837
4142,13567.537999999711,40048.7210000027,0.189817,0.066254,0.20150149,0.054706503
4143,20367.538000000175,43448.72100000083,0.161818,0.098087,0.1600834,0.11922646
4144,20167.538000001106,34048.7210000027,0.390561,0.508479,0.40980393,0.50700366
4146,27167.538000001106,28448.721000000838,0.310777,0.3676,0.32821825,0.42448032
4147,37367.53800000064,36048.721000000834,0.42771,0.201225,0.39940292,0.21484455
4149,10567.538000000175,41048.721000000834,0.207546,0.002399,0.19999306,0.045444567
4150,37167.538000000175,36048.72100000084,0.433918,0.10964,0.3704343,0.21338753
4152,39767.53799999971,37448.7210000027,0.474218,0.513038,0.46216908,0.49192518
4153,34367.538000000175,35648.721000001766,0.408565,0.451449,0.40704238,0.41465077
4154,22367.538000000175,45648.7210000027,0.156254,0.563296,0.16013151,0.51255697
4155,28767.53799999971,31648.7210000027,0.389569,0.448425,0.34945574,0.6158701
4156,18567.538000000175,39448.72100000176,0.23776,0.395649,0.25784042,0.4639213
4158,22367.538000000175,47248.721000000834,0.103171,0.483252,0.14732675,0.44566178
4159,30167.53800000017,31248.72100000083,0.322192,0.691725,0.34621832,0.7300245
4160,33367.538000000175,35048.721000000834,0.410071,0.430862,0.39610982,0.49410662
4161,22567.538000000175,31848.72100000177,0.49163,0.589542,0.45366663,0.48011732
4162,31567.538000001106,36848.721000001766,0.416472,0.375006,0.4226019,0.4705425
4163,42767.53800000064,38248.721000001766,0.369207,0.323424,0.36722428,0.3081653
4164,25567.53799999971,32248.721000000834,0.408547,0.441618,0.40426975,0.34684846
4165,6767.538000000175,36448.72100000363,0.289312,0.115936,0.24876738,0.17902242
4166,17967.53799999971,42848.7210000027,0.139493,0.176148,0.14290942,0.22182637
4167,12167.538000000177,41448.721000003636,0.159454,0.041635,0.11809352,0.03352334
4168,27567.538000000637,38648.7209999999,0.338867,0.133898,0.34791467,0.37801233
4169,14767.538000000173,35448.7210000027,0.335204,0.534756,0.37059066,0.45932895
4170,18967.53800000064,35848.721000000834,0.354465,0.318291,0.35730195,0.3518428
4171,26367.53800000018,47648.7210000027,0.133217,0.499776,0.14614896,0.45958522
4172,24567.53799999971,32048.721000000834,0.42857,0.444353,0.44934663,0.4132387
4173,27967.538000000175,32848.7210000027,0.342751,0.45252,0.3546205,0.5061802
4174,24967.537999999706,35048.721000000834,0.408766,0.334359,0.41755924,0.40226632
4175,33767.538000000175,31248.721000000834,0.237112,0.49612,0.26859558,0.49659488
4176,32967.538000000175,33248.721000000834,0.32999,0.524546,0.35603303,0.5348224
4177,14967.538000000177,29848.721000002697,0.313351,0.12552,0.32464528,0.114591934
4178,18767.538000000175,42648.721000000834,0.170572,0.445105,0.205054,0.4324956
4179,14967.538000000173,37248.721000000834,0.264292,0.448557,0.26879302,0.4751756
4180,24367.537999999244,29648.721000000834,0.384788,0.432992,0.4146463,0.41602612
4181,23967.53800000111,34248.7210000027,0.433855,0.430615,0.41954863,0.46883962
4182,36567.538000000175,43248.72100000177,0.158096,0.454896,0.13384855,0.4092715
4183,20367.538000000175,39648.721000000834,0.272725,0.488922,0.2738219,0.48923698
4184,15567.538000000643,35248.7210000027,0.380959,0.530526,0.34819746,0.57404464
4185,26367.53800000018,33648.7210000027,0.393149,0.469069,0.3864497,0.4041823
4187,7167.538000000175,30048.72100000363,0.312096,0.13652,0.3211331,0.117223494
4188,14367.538000000175,37048.72100000084,0.271401,0.468716,0.2570403,0.48156846
4189,28567.53800000018,29848.7210000027,0.33689,0.510007,0.33350793,0.553351
4190,19967.53800000064,45648.7210000027,0.122486,0.354471,0.140815,0.13000888
4191,42567.538000000175,34648.721000000834,0.405171,0.341906,0.43815455,0.30530623
4192,28967.53800000018,37648.72100000362,0.425559,0.397849,0.42899102,0.45624888
4193,11967.538000001106,36848.721000001766,0.296771,0.388062,0.26148862,0.4600505
4194,30567.538000000175,30648.721000001762,0.317581,0.539378,0.30984673,0.54914796
4196,24167.538000000175,30648.721000001762,0.446723,0.341486,0.42872927,0.42234203
4197,31767.53800000018,32448.721000002697,0.316672,0.51743,0.33841327,0.5029716
4198,21567.538000000175,40448.72100000269,0.222363,0.391508,0.26439503,0.49301222
4199,23767.53800000064,30648.721000001766,0.459821,0.394592,0.43937322,0.3762293
4200,19367.53800000064,36848.721000001766,0.334505,0.517559,0.34198436,0.51592207
4201,28167.537999999244,38848.721000000834,0.366114,0.450436,0.36201516,0.4776817
4202,20167.538000001106,35648.721000001766,0.327584,0.442434,0.33995333,0.39863685
4203,28967.538000000175,29848.721000002697,0.311132,0.556393,0.31230843,0.63955814
4204,37967.53800000064,34848.7209999999,0.436934,0.550654,0.41614997,0.5435344
4205,14967.538000000173,40448.7210000027,0.162552,0.081324,0.19632092,0.060897816
4207,39167.538000001114,39048.721000002704,0.39417,0.344871,0.38210446,0.28341833
4209,40367.538000000175,39048.721000002704,0.391541,0.488119,0.39820853,0.47850826
4210,34167.53800000064,34448.721000001766,0.363758,0.394946,0.38743517,0.44228965
4211,33567.53800000064,33648.7210000027,0.345022,0.492098,0.36547863,0.49870208
4212,33167.53799999971,31448.7210000027,0.285513,0.414589,0.27476364,0.4739628
4213,5567.537999999709,30248.721000002697,0.314028,0.129786,0.32360122,0.19771196
4214,34967.538000000175,37848.7210000027,0.456837,0.367217,0.40768483,0.38296428
4217,34567.53800000064,35048.721000000834,0.402961,0.428903,0.38460726,0.3809235
4218,30167.53800000017,28648.721000002693,0.171242,0.388384,0.20934749,0.42941776
4220,31367.53800000064,35448.7210000027,0.383802,0.378845,0.38806388,0.4189966
4221,13767.538000000177,33448.721000000834,0.249362,0.301895,0.30337948,0.30909923
4223,36367.53799999971,42048.721000001766,0.231128,0.435606,0.21531664,0.53999364
4224,21367.538000000175,33848.72100000363,0.401241,0.420046,0.4090543,0.3874421
4225,35367.53800000111,31048.7209999999,0.227253,0.195921,0.28253365,0.43254
4226,28567.53800000018,30648.721000001762,0.348045,0.749021,0.3270167,0.67834604
4227,36367.53799999971,35848.721000000834,0.402563,0.236575,0.42973953,0.260096
4228,32567.537999999713,38248.721000001766,0.414682,0.459104,0.41554335,0.44856086
4229,19167.538000000175,37648.721000003636,0.290137,0.510504,0.291068,0.4819239
4230,33367.538000000175,32448.721000002693,0.331584,0.577522,0.3341793,0.5304137
4231,39967.538000000175,33048.72100000177,0.375939,0.11997,0.3639905,0.45423812
4232,22767.53800000064,36648.7210000027,0.340711,0.121301,0.32913557,0.28019133
4233,28967.53800000018,36848.72100000177,0.462737,0.69033,0.4459918,0.5142434
4234,20967.538000000175,36648.7210000027,0.329318,0.350598,0.3491173,0.43828562
4236,32567.53799999971,32048.721000000834,0.331849,0.470949,0.32207587,0.4599277
4238,32767.53800000018,38848.721000000834,0.390945,0.566806,0.39813757,0.44831625
4239,12767.538000000175,39848.721000000834,0.215978,0.091518,0.20310266,0.07908671
4240,9367.53799999971,28448.721000000834,0.317495,0.142783,0.3039781,0.17652261
4242,11767.538000000639,35248.7210000027,0.323103,0.219837,0.3295767,0.33951634
4243,31567.538000001106,34848.7209999999,0.423128,0.451933,0.37438256,0.46720687
4244,34967.53800000018,40648.72100000177,0.278752,0.637911,0.2805575,0.5754071
4245,29167.538000000175,41648.7210000027,0.227259,0.115091,0.23768447,0.07570263
4247,22767.53800000064,32648.72100000363,0.458913,0.419264,0.45392612,0.49350205
4248,25967.53800000064,47248.721000000834,0.110492,0.505478,0.117493525,0.40926826
4251,28367.53799999971,31248.721000000838,0.341722,0.709549,0.36969304,0.7450412
4252,41167.53800000064,36448.72100000362,0.448964,0.401396,0.40494186,0.4555753
4253,24567.53799999971,46248.7209999999,0.149497,0.425089,0.13392878,0.39679706
4254,35967.53799999971,41448.72100000363,0.233238,0.681438,0.234732,0.5994834
4255,29367.53799999971,31248.721000000834,0.333861,0.519842,0.35231158,0.5565726
4256,34167.53800000064,39848.721000000834,0.364181,0.519312,0.3868448,0.48985308
4259,41167.53800000064,33248.721000000834,0.357471,0.307918,0.38922602,0.28352863
4260,9967.538000000175,33048.721000001766,0.372091,0.102857,0.39637744,0.09980937
4261,28767.53799999971,38648.7209999999,0.377317,0.488463,0.39066485,0.4589655
4262,14567.538000000639,40648.721000001766,0.196038,0.070951,0.21349066,0.06507229
4263,12367.53800000064,45048.721000002704,0.061049,0.065791,0.0859358,0.028128257
4264,36767.538000000175,43248.721000001766,0.16137,0.406354,0.12876888,0.39538833
4265,33367.538000000175,34648.721000000834,0.368118,0.384814,0.38841793,0.4819273
4266,29167.538000000175,48648.721000000834,0.116387,0.050153,0.1405476,0.09777852
4267,19367.53800000064,32248.721000000838,0.440786,0.429511,0.44261345,0.3297856
4268,25167.538000000175,34448.721000001766,0.436205,0.332817,0.42460313,0.44655365
4269,30567.53800000018,34248.7210000027,0.361413,0.480196,0.37588653,0.49773738
4270,23167.53800000064,33648.7210000027,0.397747,0.367426,0.4570944,0.34543312
4271,37767.538000000175,33648.7210000027,0.404419,0.390454,0.4027637,0.5070727
4273,25567.53799999971,35848.721000000834,0.360807,0.061447,0.35317558,0.18757471
4274,35367.53800000111,37648.721000003636,0.423451,0.298008,0.44279692,0.1803065
4276,22767.53800000064,30648.72100000177,0.482953,0.442957,0.4718446,0.41049945
4277,25367.53800000017,35448.7210000027,0.364076,0.290389,0.3689487,0.27797398
4278,35367.53800000111,34848.7209999999,0.410521,0.356644,0.3755939,0.3920271
4279,12167.538000000173,27848.7210000027,0.291511,0.146915,0.30681026,0.11514204
4280,29167.538000000175,29248.72100000177,0.298656,0.674345,0.2680065,0.7192654
4281,21567.538000000175,39248.7210000027,0.252808,0.495103,0.24244452,0.4508723
4282,15167.53800000064,36048.721000000834,0.254397,0.541675,0.27931818,0.55935454
4283,12367.538000000639,32648.72100000363,0.354543,0.118368,0.3490692,0.17113008
4284,23967.538000001106,37448.7210000027,0.335273,0.042165,0.33169246,0.08963933
4285,14767.538000000173,29848.7210000027,0.321256,0.125925,0.31169757,0.10197788
4287,27367.538000000175,38248.721000001766,0.321299,0.254655,0.35050565,0.3681938
4288,33967.538000000175,34448.721000001766,0.363231,0.447767,0.3808982,0.46548218
4289,20567.537999999244,35448.7210000027,0.383607,0.490967,0.38134423,0.4407251
4290,23367.538000001106,33648.7210000027,0.394342,0.214429,0.44600132,0.29545352
4292,25767.538000000175,37848.72100000269,0.330545,0.020406,0.3281547,0.022384664
4293,19967.53800000064,40848.72100000084,0.250067,0.449331,0.22081336,0.4479535
4296,29967.538000000175,36848.721000001766,0.438035,0.504671,0.43410066,0.48101464
4297,41567.538000000175,34848.7209999999,0.463871,0.4127,0.4257365,0.40257978
4298,25367.538000000175,29848.7210000027,0.403225,0.434642,0.39163184,0.49752104
4299,21767.53799999971,29648.721000000834,0.447951,0.428286,0.4370599,0.4245083
4300,34567.53800000064,32248.721000000838,0.309789,0.37907,0.32824528,0.47026184
4301,29767.538000000637,31448.7210000027,0.360998,0.890892,0.33442494,0.68392503
4302,38967.53800000064,35048.721000000834,0.469927,0.476187,0.44424006,0.50553656
4303,35367.53800000111,42448.7209999999,0.169106,0.500052,0.20348251,0.5588249
4304,32567.537999999713,33848.72100000363,0.368212,0.423419,0.36187232,0.44554022
4305,30767.538000000637,30248.721000002697,0.258125,0.464672,0.29800132,0.4729718
4306,30167.538000000175,34448.721000001766,0.365116,0.481612,0.38551256,0.5702679
4307,19567.538000001106,44248.7210000027,0.154556,0.082237,0.11524923,0.11099536
4308,12167.538000000177,33848.72100000363,0.359915,0.128222,0.3631402,0.20954856
4309,15167.538000000639,34848.7209999999,0.334116,0.444537,0.33438644,0.48200607
4310,5767.538000000174,31648.721000002697,0.376298,0.124354,0.37071055,0.17661834
4311,27367.538000000175,32448.721000002697,0.387768,0.422091,0.41567686,0.5846934
4312,15167.53800000064,40448.7210000027,0.154091,0.078036,0.19469523,0.061991174
4313,14167.537999999711,35848.721000000834,0.275574,0.449472,0.31218877,0.4231817
4314,15967.538000000175,31848.721000001766,0.390446,0.158196,0.38862082,0.19224198
4315,29367.53799999971,37248.721000000834,0.441422,0.397309,0.44478148,0.495973
4316,41567.538000000175,32848.7210000027,0.3446,0.298706,0.35118148,0.18319067
4317,39367.53800000017,32648.721000003625,0.344713,0.585449,0.32462707,0.5668479
4319,6767.538000000177,35848.721000000834,0.274404,0.131247,0.2834202,0.17954122
4320,20167.538000001106,41248.7210000027,0.240298,0.431518,0.2322783,0.4565934
4321,35967.53799999971,41848.7210000027,0.22466,0.595176,0.23393439,0.57663804
4322,28767.53799999971,34848.7209999999,0.420153,0.688106,0.41935912,0.4603084
4323,42967.53800000111,35448.7210000027,0.411132,0.373286,0.41941565,0.26417172
4324,25567.53799999971,33848.72100000363,0.410991,0.542751,0.4341923,0.5211199
4325,32367.538000000175,34848.7209999999,0.404197,0.441278,0.3769701,0.4766868
4326,31167.53800000017,44448.721000001766,0.170495,0.119505,0.19817568,0.15660788
4328,10367.53799999971,35248.7210000027,0.34892,0.417828,0.34291324,0.31906408
4329,33367.538000000175,36448.72100000363,0.419966,0.44513,0.43775794,0.49447843
4330,36567.538000000175,32648.72100000363,0.348721,0.613467,0.3566707,0.49221766
4331,21367.53800000017,45048.7210000027,0.104131,0.089455,0.09925014,0.42789856
4332,16967.53799999971,28648.721000002693,0.333893,0.125656,0.3318364,0.13569196
4333,25967.53800000064,33048.72100000176,0.387023,0.321085,0.38617092,0.33390126
4336,34167.53800000064,37848.7210000027,0.433765,0.493371,0.38523784,0.49837187
4337,11367.538000000643,33648.7210000027,0.344014,0.297917,0.3659501,0.17932722
4339,20967.538000000175,33448.721000000834,0.429065,0.446587,0.3988938,0.46408072
4340,26767.53800000018,47048.72100000177,0.151211,0.465045,0.14213954,0.4317674
4341,19367.53800000064,42448.7209999999,0.201854,0.136547,0.20251521,0.24776623
4342,38567.53800000111,34048.7210000027,0.39738,0.465742,0.41262367,0.4696925
4343,16167.538000000643,37048.721000000834,0.257514,0.433406,0.2667405,0.41509935
4345,18367.53800000064,41648.7210000027,0.200337,0.473171,0.22672011,0.47929627
4348,26567.538000000637,42648.721000000834,0.175101,0.41872,0.18701306,0.4201921
4349,14767.538000000175,34448.721000001766,0.331328,0.316931,0.3455999,0.28467754
4350,11167.538000000175,35848.721000000834,0.261544,0.371906,0.26489553,0.35264218
4351,34567.53800000064,31448.721000002697,0.304688,0.502871,0.31380138,0.45578048
4352,11167.538000000175,36048.72100000084,0.285569,0.381644,0.29096514,0.36398238
4353,21567.53800000017,45248.72100000363,0.126433,0.494248,0.11623432,0.47566673
4355,31767.538000000175,44848.72100000083,0.18218,0.113886,0.23862451,0.17761976
4356,26767.53800000018,30048.72100000363,0.349499,0.503831,0.37420025,0.5380051
4357,19767.538000000175,35048.721000000834,0.386662,0.278374,0.37610918,0.2794591
4358,27367.53800000018,33448.721000000834,0.375337,0.356776,0.3737124,0.5365356
4359,32567.537999999713,34848.7209999999,0.424253,0.426848,0.38142666,0.47652972
4361,43767.538000000175,37248.721000000834,0.361038,0.116108,0.3715832,0.17298554
4362,39567.537999999244,39048.721000002704,0.397941,0.416067,0.32263696,0.42216387
4363,26767.538000000175,26048.721000002697,0.207787,0.454832,0.20095836,0.3812292
4364,17967.53799999971,40848.721000000834,0.238981,0.623239,0.2207818,0.54493284
4365,24167.538000000175,31248.721000000834,0.442876,0.456925,0.44943914,0.4541796
4366,31167.538000000175,31448.721000002697,0.310847,0.753277,0.3206192,0.6343044
4367,22167.53800000064,35248.7210000027,0.375286,0.496731,0.38748333,0.49170375
4368,9967.538000000177,24448.721000000834,0.245947,0.098335,0.2815305,0.11441698
4369,12767.538000000175,34048.7210000027,0.344261,0.284683,0.35854822,0.24350941
4371,25567.53799999971,48648.721000000834,0.159894,0.273244,0.16024667,0.31005538
4372,12367.538000000643,39648.721000000834,0.192828,0.085002,0.19294526,0.117263444
4373,18567.538000000175,38248.721000001766,0.277093,0.497425,0.2972847,0.4494681
4374,39367.538000000175,37848.7210000027,0.472778,0.472287,0.4214779,0.49101967
4375,14767.538000000175,42448.7209999999,0.12331,0.038084,0.12822746,0.025828233
4376,47167.537999999244,33048.72100000177,0.339876,0.098466,0.3053392,0.10341593
4379,36767.53800000017,33248.721000000834,0.353729,0.577904,0.36252818,0.48074144
4380,6167.538000000174,36048.72100000084,0.249991,0.300787,0.23735774,0.18388085
4381,34967.538000000175,32848.7210000027,0.295373,0.517724,0.323479,0.5585198
4383,29967.538000000175,34048.7210000027,0.369712,0.637645,0.38600165,0.59714764
4384,19967.53800000064,39848.721000000834,0.249525,0.453569,0.25844914,0.5027585
4385,28367.537999999713,35848.72100000083,0.423062,0.509434,0.42597386,0.45100784
4386,40367.538000000175,34648.721000000834,0.426846,0.453221,0.46077424,0.48870808
4387,29567.538000000175,35848.721000000834,0.432113,0.472813,0.39795116,0.5034178
4388,30367.53800000064,32448.721000002697,0.383204,0.588706,0.36315945,0.6576123
4391,34367.538000000175,39448.72100000176,0.355489,0.498212,0.37570634,0.49577308
4394,13367.538000000175,32848.7210000027,0.344664,0.285535,0.31645888,0.25977242
4395,35767.537999999244,41448.721000003636,0.237865,0.677974,0.23907661,0.6099416
4397,40367.538000000175,37248.721000000834,0.47262,0.48866,0.4785822,0.46808082
4398,36567.538000000175,35648.72100000176,0.432309,0.241907,0.43072188,0.28442207
4399,26967.53800000064,28248.721000000838,0.298717,0.312713,0.3283346,0.41017216
4401,35367.53800000111,32648.721000003625,0.323601,0.577654,0.32975727,0.583763
4402,40567.538000000175,39048.721000002704,0.399631,0.567521,0.4031147,0.4782803
4403,17567.538000000175,42848.7210000027,0.155299,0.115456,0.17545184,0.13057557
4404,19967.53800000064,41648.72100000269,0.183005,0.079161,0.22163321,0.19303155
4405,29567.538000000175,31048.720999999903,0.357686,0.52987,0.3491954,0.58087254
4408,11367.538000000643,24848.7210000027,0.226054,0.110112,0.2311393,0.10299935
4409,45367.538000000175,43448.72100000084,0.137239,0.004792,0.1624811,0.03762855
4411,11567.538000000173,35848.721000000834,0.252438,0.47604,0.27875528,0.37346774
4413,32767.53800000018,43848.7210000027,0.19318,0.113321,0.1574822,0.106633775
4415,28967.538000000175,45448.721000002704,0.179494,0.381116,0.18491822,0.3669799
4416,23367.538000001106,30248.7210000027,0.411179,0.365001,0.42889163,0.37919238
4417,23167.53800000064,37048.721000000834,0.334485,0.085592,0.3358067,0.10206794
4418,13767.538000000173,33648.7210000027,0.276285,0.302729,0.30204135,0.3040758
4420,20567.537999999244,38648.720999999896,0.274346,0.507035,0.29854545,0.49915656
4422,16767.537999999244,32648.721000003625,0.420504,0.125655,0.42235294,0.09755396
4423,42767.53800000064,36048.72100000084,0.430195,0.302001,0.3962235,0.32510725
4425,26167.538000000175,31448.721000002697,0.444698,0.644176,0.43221107,0.4572519
4428,18367.53800000064,35648.721000001766,0.312969,0.391267,0.33032882,0.37603292
4429,27367.53800000018,34248.7210000027,0.360954,0.090677,0.3571833,0.33390543
4430,34767.53800000111,37448.7210000027,0.462984,0.392514,0.42252114,0.3215279
4431,15367.538000000175,33648.7210000027,0.342629,0.28895,0.33775818,0.3194872
4432,25167.538000000175,35248.7210000027,0.398051,0.285326,0.39472732,0.39319706
4433,21167.53799999971,41248.7210000027,0.250122,0.563416,0.2790306,0.4646161
4434,11967.538000001106,35448.7210000027,0.333258,0.308597,0.31396404,0.35559297
4435,26367.53800000018,46848.7210000027,0.13166,0.474156,0.1288298,0.4792623
4437,23367.538000001106,35848.721000000834,0.376543,0.292116,0.37727344,0.37847614
4438,32567.53799999971,32848.7210000027,0.324879,0.581132,0.33511814,0.5266196
4439,20567.537999999244,40448.72100000269,0.229193,0.511347,0.2543337,0.50939757
4440,21167.53799999971,34648.721000000834,0.429748,0.445539,0.42453194,0.4588469
4442,14967.538000000173,39248.7210000027,0.207868,0.101983,0.19911464,0.099009
4443,34767.53800000111,36448.72100000362,0.43865,0.195127,0.41768828,0.23157768
4444,32367.538000000175,38848.721000000834,0.393189,0.485256,0.38071635,0.4100576
4445,23567.53800000018,32648.721000003625,0.447903,0.748166,0.4602142,0.49694112
4446,23367.538000001106,35648.721000001766,0.408427,0.363563,0.385457,0.39574838
4447,36367.53799999971,33048.72100000176,0.328009,0.555502,0.34503758,0.4889228
4448,35167.53800000065,41248.72100000269,0.275368,0.644085,0.2606696,0.62330884
4449,22567.538000000175,46248.7209999999,0.126198,0.559644,0.12898658,0.5619539
4450,18967.53800000064,44848.721000000834,0.116593,0.072248,0.16176185,0.08727344
4451,14367.538000000175,34648.721000000834,0.362893,0.153926,0.35260582,0.22819167
4452,20567.537999999244,41248.7210000027,0.251922,0.451423,0.23119253,0.49535352
4453,35767.537999999244,33848.72100000363,0.329505,0.434324,0.36345932,0.43652946
4454,11967.538000001106,34848.7209999999,0.363722,0.176523,0.3401487,0.27192315
4455,29367.53799999971,28448.721000000834,0.237029,0.6452,0.25627303,0.60483795
4456,40167.53799999971,36648.7210000027,0.480613,0.496721,0.48636734,0.46036196
4457,24767.538000000175,35048.721000000834,0.408397,0.408605,0.41440013,0.3995447
4458,20167.538000001106,45448.721000002704,0.120894,0.23154,0.15051058,0.1543684
4459,43967.53799999971,38048.7210000027,0.326404,0.103398,0.33480677,0.12195616
4460,20567.537999999244,30248.7210000027,0.39602,0.454943,0.39991847,0.39879307
4462,31567.538000001106,33048.72100000177,0.348831,0.511388,0.34706277,0.5435713
4463,22567.538000000175,35248.7210000027,0.380336,0.477772,0.37897706,0.47741908
4464,33567.53800000064,34448.721000001766,0.35581,0.419193,0.39205614,0.46995294
4465,27567.538000000637,44848.721000000834,0.149769,0.322732,0.15638524,0.3336196
4466,8967.538000000175,32648.721000003625,0.407712,0.116401,0.39002606,0.112446584
4468,40567.538000000175,34648.721000000834,0.427539,0.564348,0.44328773,0.50319844
4469,29367.53799999971,37448.7210000027,0.431854,0.382901,0.43116122,0.46656
4471,16367.538000001106,37448.7210000027,0.252881,0.314404,0.2612078,0.28152183
4472,15767.538000001108,35848.721000000834,0.346193,0.49133,0.28218952,0.48947984
4473,23967.538000001106,28048.721000001766,0.331035,0.417463,0.338895,0.38802212
4474,11767.538000000643,35048.721000000834,0.336099,0.220172,0.33606943,0.30413863
4475,21167.537999999713,40248.72100000363,0.255372,0.517053,0.27361554,0.51959425
4476,8367.538000000175,33848.72100000363,0.971936,0.28329,0.96394724,0.25145254
4478,20167.538000001106,44648.72100000084,0.135737,0.222687,0.12852272,0.19794437
4479,26567.538000000637,29848.721000002693,0.359906,0.43144,0.3738233,0.5342314
4480,35167.53800000064,32848.7210000027,0.304799,0.494059,0.32394353,0.5716014
4481,17167.538000000175,45648.7210000027,0.085687,0.020911,0.099601805,0.10051834
4482,20167.538000001106,43248.721000001766,0.178835,0.100781,0.1626764,0.16885549
4484,18767.538000000175,40448.7210000027,0.240105,0.547631,0.2486737,0.5127622
4485,33767.538000000175,33248.721000000834,0.300624,0.610662,0.33454338,0.59156215
4486,30567.538000000175,40248.72100000363,0.326966,0.337954,0.3346101,0.23177104
4487,13567.537999999711,41248.7210000027,0.173209,0.062207,0.19766062,0.0568838
4488,42967.53800000111,36448.72100000362,0.423274,0.432479,0.434435,0.3551273
4489,19167.538000000175,43248.721000001766,0.186214,0.408258,0.18101655,0.36985496
4490,24767.538000000175,49848.72100000083,0.137617,0.147081,0.15588646,0.22129622
4492,15567.538000000643,29848.721000002693,0.344453,0.136545,0.34585696,0.10970693
4493,18567.538000000175,46248.72099999991,0.123828,0.099672,0.13258536,0.101280235
4494,41167.53800000064,34648.721000000834,0.417134,0.469996,0.41030908,0.417391
4495,17967.53799999971,33448.721000000834,0.369666,0.470741,0.35308263,0.3949354
4496,23967.538000001106,34448.721000001766,0.427024,0.446554,0.421218,0.46537077
4497,18767.538000000175,35048.721000000834,0.366434,0.309192,0.37135187,0.29478958
4498,14367.538000000173,30048.72100000363,0.280276,0.120695,0.29581922,0.113181554
4500,18167.538000000175,37248.721000000834,0.282639,0.483491,0.29841456,0.45333198
4501,10967.538000000175,27648.721000002697,0.279668,0.13786,0.31664923,0.1495752
4502,13767.538000000177,35248.7210000027,0.313622,0.439238,0.27515775,0.41690165
4503,14167.53799999971,46248.7209999999,0.062178,0.021746,0.05706197,0.0103355255
4504,20167.538000001106,40448.72100000269,0.231298,0.489857,0.23355944,0.5132548
4505,18767.538000000175,45848.721000001766,0.115979,0.093959,0.13405019,0.11513863
4506,11567.538000000175,35648.721000001766,0.329135,0.387699,0.28129426,0.36958915
4508,15767.538000001105,37448.7210000027,0.232773,0.381659,0.24320354,0.40282026
4510,13767.538000000177,46848.7210000027,0.070658,0.020567,0.07462844,0.017776659
4511,17967.537999999713,44048.72100000363,0.171228,0.092845,0.18940488,0.14970778
4513,41767.53800000064,36648.7210000027,0.474691,0.439621,0.42519948,0.446275
4514,18967.538000000644,31248.721000000834,0.43607,0.113104,0.41056406,0.102852695
4515,18167.538000000175,33448.721000000834,0.378831,0.399201,0.36526477,0.379722
4516,32967.538000000175,37048.72100000083,0.417855,0.58569,0.41163957,0.5057285
4517,39167.538000001114,33248.721000000834,0.390107,0.487038,0.3882453,0.48521203
4520,21967.538000000175,33048.721000001766,0.442448,0.405092,0.4271079,0.4996922
4522,45367.538000000175,38048.721000002704,0.373387,0.438307,0.3823402,0.388185
4523,35767.53799999924,42848.72100000269,0.18416,0.565051,0.20082189,0.46707243
4526,8967.538000000175,31248.721000000834,0.341781,0.106306,0.35828683,0.0949546
4527,22767.53800000064,36048.721000000834,0.380605,0.559891,0.37791437,0.4297048
4528,7567.538000000641,33448.721000000834,0.391854,0.112913,0.452611,0.12849574
4530,32367.538000000175,33048.72100000177,0.3509,0.495956,0.3477017,0.49514258
4531,34567.53800000064,33648.7210000027,0.341951,0.409118,0.36163,0.4050088
4533,7167.538000000175,30248.7210000027,0.318337,0.133071,0.31366548,0.119964726
4534,42167.53800000065,35248.7210000027,0.437453,0.380663,0.40459296,0.3602351
4535,31567.538000001103,35248.7210000027,0.397451,0.520854,0.39031437,0.46528786
4538,12967.537999999246,40048.7210000027,0.247433,0.085047,0.20282805,0.06880253
4539,19167.538000000175,32248.72100000083,0.428431,0.145498,0.43276078,0.20664446
4541,18567.538000000175,36448.72100000362,0.316364,0.460235,0.32888797,0.48364714
4542,6767.538000000177,29648.721000000834,0.298988,0.146812,0.31722966,0.1428768
4543,17767.538000000175,37048.72100000083,0.300297,0.462133,0.3168779,0.44589895
4545,34767.53800000111,35048.721000000834,0.416181,0.358769,0.40106663,0.33548585
4546,38967.53800000065,32848.7210000027,0.371485,0.603447,0.36871618,0.5370171
4547,9767.53799999971,26448.721000002697,0.285928,0.147537,0.3018758,0.12175072
4548,33967.538000000175,35048.721000000834,0.398761,0.461156,0.39817628,0.48302492
4549,35167.53800000065,32448.721000002697,0.309215,0.628569,0.31663823,0.5765002
4551,18367.53800000064,42448.720999999896,0.180772,0.38966,0.17424345,0.44320685
4552,15567.538000000643,40848.72100000084,0.195331,0.281578,0.20273109,0.13525215
4553,22367.538000000175,47448.721000000834,0.123427,0.480548,0.12565938,0.40529495
4554,25167.538000000175,30048.72100000363,0.39934,0.427884,0.39376402,0.5068761
4555,28567.53800000018,35048.721000000834,0.411884,0.426065,0.44419298,0.44420183
4556,43567.53799999971,36448.72100000363,0.377394,0.116109,0.3887455,0.15218052
4558,14367.538000000175,35448.7210000027,0.322563,0.421838,0.3312701,0.38453698
4559,31767.53800000018,30648.721000001762,0.235302,0.294633,0.24482915,0.3563227
4561,27967.53800000018,46448.721000000834,0.109365,0.426721,0.12332471,0.41922888
4562,38967.53800000064,33848.72100000363,0.429418,0.47612,0.40594465,0.4362549
4563,17567.538000000175,42448.7209999999,0.168507,0.111497,0.18837258,0.14192916
4564,18967.538000000644,42648.721000000834,0.170849,0.300077,0.19050418,0.34060222
4565,23967.53800000111,28248.721000000838,0.369905,0.339611,0.35623387,0.42501074
4566,41967.538000000175,36448.72100000362,0.486407,0.469461,0.43447447,0.4413124
4568,39767.53799999971,37048.721000000834,0.474303,0.523838,0.4766613,0.45429656
4569,31967.537999999244,37448.7210000027,0.409039,0.419048,0.40134913,0.48146895
4570,14767.538000000173,42248.721000000834,0.160348,0.041352,0.14307491,0.043557543
4573,8767.538000001106,32848.7210000027,0.420352,0.116217,0.39381728,0.11844479
4574,21767.53799999971,31448.7210000027,0.487156,0.473535,0.47210693,0.4716581
4575,14567.538000000643,40048.7210000027,0.198581,0.096794,0.20637168,0.07418787
4576,17167.53800000017,42448.7209999999,0.1291,0.063017,0.16143249,0.1436593
4577,27767.538000001106,45448.721000002704,0.198779,0.384592,0.19086951,0.44193664
4578,24367.537999999244,32848.7210000027,0.42728,0.578147,0.4148501,0.54260194
4579,16767.537999999244,33648.7210000027,0.334194,0.409408,0.38248804,0.23620565
4580,29567.538000000175,35648.72100000176,0.417384,0.609379,0.4036817,0.5170437
4581,8367.538000000175,33648.7210000027,0.979027,0.282947,0.9388478,0.26902127
4582,13367.538000000175,40448.72100000269,0.196303,0.068866,0.19893026,0.05700477
4583,33367.538000000175,37448.7210000027,0.431588,0.512983,0.41757917,0.5447052
4584,16767.537999999244,46848.72100000269,0.096272,0.277836,0.07810162,0.118673526
4585,27367.538000000175,41248.7210000027,0.263941,0.295046,0.24236387,0.2962976
4587,40967.538000000175,38048.721000002704,0.432937,0.567941,0.39021116,0.48686773
4588,28167.537999999244,48648.721000000834,0.151295,0.351734,0.16910602,0.3241792
4589,21367.538000000175,31448.721000002697,0.474215,0.502209,0.465959,0.49000546
4591,16567.538000000175,31848.721000001766,0.397071,0.14952,0.44104192,0.08735623
4592,23167.53800000064,32248.721000000838,0.465161,0.420428,0.4495175,0.49979946
4593,25167.538000000175,49648.72100000177,0.161118,0.352504,0.14242919,0.24837314
4594,36367.53799999971,43848.7210000027,0.099725,0.392195,0.32281777,0.31366044
4595,10567.538000000175,24448.721000000834,0.253401,0.116144,0.27074125,0.12502255
4597,47367.53799999971,35448.7210000027,0.319749,0.074461,0.29787475,0.09177365
4598,25767.538000000175,34048.7210000027,0.399085,0.443337,0.41594896,0.49246052
4599,36767.53800000017,38048.721000002704,0.362119,0.080333,0.37785205,0.084360115
4600,30967.538000001103,34848.7209999999,0.400622,0.437982,0.39349818,0.44551358
4601,39967.538000000175,38648.720999999896,0.406075,0.427495,0.40876064,0.47349676
4602,33767.538000000175,37248.721000000834,0.415607,0.477728,0.42763644,0.5005779
4603,32967.538000000175,33448.721000000834,0.337519,0.453979,0.3604558,0.49870118
4604,37167.538000000175,31648.721000002697,0.282812,0.492348,0.29609182,0.43684438
4605,17767.538000000175,39648.721000000834,0.246073,0.546732,0.24526548,0.4707611
4607,28767.537999999706,35048.721000000834,0.437929,0.483889,0.43172973,0.44900754
4608,27367.538000000175,30648.721000001762,0.396522,0.667967,0.38502857,0.5634955
4609,21767.53799999971,34448.721000001766,0.390349,0.534034,0.3907489,0.43974355
4610,30767.538000000637,34248.7210000027,0.360979,0.458443,0.3672398,0.4991844
4611,32367.538000000175,30648.721000001762,0.214827,0.114061,0.22081307,0.3320161
4612,17567.538000000175,37048.72100000084,0.27902,0.445629,0.30230355,0.4393927
4613,21567.538000000175,30248.7210000027,0.404008,0.601228,0.4190929,0.46311542
4614,34167.53800000064,31448.7210000027,0.309834,0.582174,0.31029084,0.46283028
4615,43767.538000000175,37648.721000003636,0.355043,0.1194,0.34290937,0.15000112
4616,35767.537999999244,40648.72100000177,0.249801,0.657351,0.26696974,0.5302485
4617,26567.53800000064,30848.721000000834,0.417673,0.40783,0.4111184,0.51795053
4618,10967.538000000177,31248.721000000834,0.33176,0.127507,0.36237177,0.12870419
4619,40567.538000000175,33048.72100000177,0.355989,0.540763,0.3572855,0.3795345
4620,34767.53800000111,38848.721000000834,0.381399,0.481264,0.36339048,0.51685524
4622,14967.538000000175,40648.721000001766,0.167601,0.061107,0.18976095,0.055876452
4623,18567.538000000175,36648.7210000027,0.316649,0.471825,0.32394248,0.48474738
4624,35967.53799999971,34248.7210000027,0.338437,0.431121,0.37479094,0.39475927
4625,25367.538000000175,47648.7210000027,0.161087,0.191285,0.12697992,0.19443807
4626,28567.53800000018,32448.721000002697,0.388073,0.620094,0.3857603,0.561061
4627,33767.538000000175,38848.721000000834,0.420079,0.620063,0.42409658,0.51083183
4629,6567.5379999997085,34448.721000001766,0.372448,0.124456,0.3607916,0.10439538
4630,21167.53799999971,35448.7210000027,0.385921,0.437228,0.39276904,0.5238862
4631,43767.538000000175,37448.7210000027,0.350991,0.118245,0.3450932,0.19848995
4632,26167.538000000175,35248.7210000027,0.355942,0.342017,0.33785024,0.1309309
4633,27567.538000000644,38848.721000000834,0.317954,0.304253,0.3506978,0.40175608
4634,32967.538000000175,39848.721000000834,0.356243,0.458016,0.3618913,0.4474866
4635,28367.53799999971,24848.721000002693,0.157907,0.068573,0.1371024,0.28206566
4637,28167.53799999924,40648.72100000177,0.304706,0.5805,0.30444294,0.42082587
4638,28167.53799999924,47048.72100000177,0.175098,0.357044,0.15368418,0.34729347
4639,3367.5380000001746,27248.720999999907,0.293505,0.115838,0.28105742,0.11852593
4641,8767.538000001106,33848.72100000363,0.363447,0.28322,0.37410116,0.31974456
4643,28367.537999999713,30448.7210000027,0.347085,0.755525,0.31944156,0.6366437
4644,24767.53800000017,34448.721000001766,0.423036,0.407005,0.42420945,0.39325854
4645,29167.538000000175,31448.721000002697,0.336663,0.462075,0.33851847,0.5659712
4646,36767.53800000017,37848.7210000027,0.390793,0.075371,0.372918,0.06643503
4647,16567.538000000175,33848.72100000363,0.355782,0.113571,0.3480843,0.2580668
4648,31367.53800000064,39248.7210000027,0.39936,0.181272,0.39221537,0.32303822
4649,15967.538000000173,41848.72100000269,0.092197,0.034101,0.14610766,0.0834124
4651,20367.53800000018,31848.721000001766,0.462874,0.468959,0.45971698,0.47994354
4652,10167.538000000175,24448.721000000834,0.282412,0.110699,0.27672,0.11538037
4653,31767.53800000018,38848.721000000834,0.393179,0.423989,0.39211628,0.42615724
4654,34967.538000000175,33248.721000000834,0.297684,0.45263,0.34164003,0.48766384
4655,5967.537999999709,33848.72100000363,0.338748,0.114037,0.35091618,0.17605242
4656,28767.537999999706,45048.72100000269,0.192765,0.327352,0.22702205,0.42848325
4657,12367.53800000064,33648.7210000027,0.379587,0.259668,0.36866796,0.20337775
4658,41367.538000000175,39648.721000000834,0.324031,0.503899,0.3235864,0.4373518
4659,18367.53800000064,39648.721000000834,0.227358,0.557576,0.29017356,0.4675126
4661,10967.538000000175,32848.7210000027,0.350159,0.119158,0.35172948,0.16811389
4662,6367.538000000176,35048.721000000834,0.328849,0.122829,0.29623958,0.13317463
4663,40167.53799999971,39248.7210000027,0.3398,0.452426,0.381718,0.45042077
4665,18767.538000000175,34048.7210000027,0.366065,0.374128,0.36072394,0.4523321
4666,15567.53800000064,33048.721000001766,0.377623,0.150163,0.3685425,0.13695109
4667,14567.53800000064,45448.7210000027,0.083669,0.016077,0.09581955,0.025668373
4670,21167.537999999713,39448.72100000176,0.297503,0.560102,0.30664197,0.55095834
4671,9367.53799999971,28248.721000000838,0.289458,0.144267,0.29276145,0.16778073
4673,31967.537999999244,30648.721000001762,0.243506,0.294,0.24913909,0.3297555
4674,24367.537999999244,33048.72100000177,0.438875,0.472063,0.40941703,0.52793753
4675,47367.53799999971,35248.7210000027,0.312101,0.073441,0.29491267,0.0987018
4676,27567.538000000644,28648.721000002693,0.292496,0.448613,0.29922828,0.42406824
4679,32567.53799999971,32248.721000000834,0.310275,0.498613,0.32593215,0.47847086
4680,20767.537999999706,33648.7210000027,0.378198,0.478724,0.40753153,0.44610044
4681,20767.53799999971,47048.721000001766,0.102535,0.22372,0.13796538,0.29328227
4682,36967.53799999971,42048.721000001766,0.216289,0.462542,0.18945004,0.5043893
4683,7767.538000000176,35048.721000000834,0.356958,0.101683,0.3596432,0.04416089
4684,31767.53800000018,34848.7209999999,0.414315,0.694902,0.37567517,0.46988082
4685,23567.538000000175,35848.721000000834,0.375251,0.290652,0.3837431,0.33907592
4686,16967.537999999713,31648.7210000027,0.421593,0.136488,0.4113499,0.10978011
4688,19767.538000000175,44848.72100000083,0.132536,0.222748,0.12819465,0.0861982
4689,23567.538000000175,34048.7210000027,0.435517,0.490457,0.44774395,0.4253105
4690,5567.53799999971,33048.721000001766,0.379301,0.298917,0.37735397,0.24554318
4691,18967.53800000064,31648.7210000027,0.449333,0.122936,0.43331558,0.119449995
4692,17567.538000000175,40848.721000000834,0.20485,0.394008,0.21252461,0.4534333
4693,19567.538000001106,39248.7210000027,0.234849,0.168301,0.25499144,0.21460763
4694,27967.53800000018,47648.7210000027,0.160787,0.354506,0.17148146,0.35442433
4695,11567.538000000175,37448.7210000027,0.231411,0.32864,0.22844128,0.2600237
4696,19567.538000001106,40848.721000000834,0.209578,0.460279,0.21751219,0.45044115
4697,42167.53800000065,37848.7210000027,0.396404,0.515036,0.40498123,0.45498887
4698,13967.538000000177,35248.7210000027,0.321771,0.39867,0.3375742,0.36837855
4699,27767.538000001103,36848.721000001766,0.378256,0.362475,0.40552327,0.43628636
4701,3567.538000000175,25448.721000001766,0.265103,0.142639,0.27464887,0.11397014
4702,41567.538000000175,36048.72100000084,0.473999,0.456113,0.4377559,0.48325634
4703,26967.538000000637,33048.721000001766,0.391916,0.314187,0.40390763,0.44898674
4705,29567.53800000018,36248.7210000027,0.431715,0.504426,0.4168768,0.50562817
4707,13967.538000000171,47048.72100000177,0.081917,0.03125,0.086979985,0.017686745
4708,28567.53800000018,34448.721000001766,0.402375,0.351513,0.4005077,0.39742166
4710,41767.53800000064,36048.721000000834,0.471863,0.408345,0.44171578,0.4708995
4711,39167.538000001114,35848.721000000834,0.441149,0.436499,0.42556664,0.4230969
4712,18367.53800000064,41448.72100000363,0.194348,0.529769,0.20493656,0.46717024
4713,30567.53800000018,30848.72100000083,0.313716,0.908433,0.28851104,0.69530904
4714,10967.538000000175,37048.72100000083,0.233852,0.318799,0.24755439,0.3461319
4715,46367.538000000175,40848.721000000834,0.281145,0.099447,0.28436834,0.16946675
4716,13367.538000000175,42048.721000001766,0.156096,0.061737,0.16665225,0.0337299
4717,31167.53800000017,33048.72100000177,0.348842,0.642092,0.35889974,0.6046543
4718,23367.538000001106,38448.72100000083,0.291423,0.043647,0.30542642,-0.012583593
4719,15967.538000000173,32848.7210000027,0.378525,0.141817,0.37410024,0.13848677
4720,39367.538000000175,32848.7210000027,0.375052,0.628902,0.35678855,0.5340168
4722,34367.538000000175,34448.721000001766,0.354652,0.395321,0.37948117,0.4326724
4723,24367.537999999244,44248.7210000027,0.185783,0.112031,0.15381417,0.104289524
4724,41367.53800000018,36848.721000001766,0.458017,0.434877,0.43259197,0.48085672
4725,22767.53800000064,35448.7210000027,0.405894,0.478295,0.4015836,0.4698611
4726,43167.53800000017,37248.721000000834,0.403131,0.510193,0.3863381,0.4019375
4727,34967.538000000175,34248.7210000027,0.365753,0.343456,0.36676943,0.35185328
4728,36167.538000000175,43048.7210000027,0.166545,0.497955,0.18491834,0.4474644
4729,11167.538000000175,36448.72100000363,0.265744,0.392085,0.265289,0.39573544
4730,16167.538000000643,45048.721000002704,0.048039,0.055308,0.06698063,0.09352138
4732,34367.538000000175,31048.7209999999,0.245698,0.625166,0.25428256,0.48376957
4733,40767.5379999997,33648.7210000027,0.435507,0.435438,0.42210332,0.43548015
4735,33367.538000000175,38448.72100000084,0.427703,0.502259,0.4296964,0.5059807
4736,24967.53799999971,35448.7210000027,0.402899,0.418621,0.39005753,0.36777073
4737,25767.538000000175,33848.72100000363,0.403253,0.556419,0.41636273,0.50638455
4739,36767.538000000175,33048.72100000177,0.358002,0.389343,0.35691142,0.46693644
4740,29967.538000000175,41048.721000000834,0.313299,0.365162,0.33809417,0.3198274
4741,17767.538000000175,34848.7209999999,0.340516,0.423292,0.33799657,0.4292216
4742,36167.538000000175,41648.7210000027,0.228612,0.590514,0.22752617,0.57608384
4743,9967.538000000175,33848.72100000363,0.363434,0.11755,0.36753023,0.15286113
4744,20367.538000000175,46048.721000000834,0.116896,0.126122,0.11362882,0.09235557
4746,27767.538000001103,37648.721000003636,0.374003,0.390206,0.38501886,0.54600227
4747,28767.53799999971,29648.721000000834,0.285802,0.510515,0.2950258,0.5850464
4748,31567.538000001106,38648.720999999896,0.392793,0.416486,0.3836904,0.4524174
4750,21367.538000000175,36048.72100000084,0.385066,0.613731,0.36320892,0.5402773
4751,34967.538000000175,32048.721000000834,0.309012,0.685838,0.31615812,0.5130429
4753,32367.538000000175,35448.7210000027,0.36976,0.429596,0.39244717,0.44889417
4754,28167.537999999244,40448.72100000269,0.298869,0.524975,0.3195249,0.4522889
4755,21167.537999999713,43248.721000001766,0.151468,0.096926,0.15281224,0.101055376
4756,18167.538000000175,44048.72100000362,0.176608,0.226162,0.19573556,0.17624687
4757,27967.53800000018,40048.7210000027,0.346968,0.407708,0.3332554,0.49357164
4758,20767.53799999971,34648.721000000834,0.390079,0.121076,0.38384724,0.37237978
4759,5567.53799999971,33848.72100000363,0.285934,0.298761,0.33372912,0.19744009
4760,36767.538000000175,31848.721000001766,0.310346,0.505317,0.28290582,0.51883245
4761,8167.538000001106,34248.7210000027,0.375415,0.110987,0.49114677,0.15937468
4762,19767.538000000175,34048.7210000027,0.354848,0.472342,0.35545754,0.44881746
4763,26367.53800000018,30248.721000002693,0.380537,0.67926,0.40595865,0.54512924
4765,11967.538000001106,44248.7210000027,0.134461,0.055768,0.14516154,0.11671945
4766,31767.538000000175,34048.7210000027,0.353481,0.467406,0.34849018,0.52482694
4767,48767.53800000064,33448.721000000834,0.259381,0.120512,0.24903162,0.11291552
4769,22367.538000000175,33648.7210000027,0.391497,0.387056,0.4166463,0.34739274
4770,28167.53799999924,34448.721000001766,0.355222,0.107054,0.33166042,0.14442436
4771,13167.53799999971,45048.721000002704,0.079846,0.062421,0.08829069,0.044211347
4772,24567.53799999971,38248.721000001766,0.288325,0.024272,0.29177913,0.07024326
4773,29167.538000000175,33848.72100000363,0.369878,0.455673,0.4040266,0.46125075
4774,12367.538000000643,34648.721000000834,0.353443,0.326429,0.3416948,0.24244042
4775,26967.538000000637,26048.721000002697,0.204693,0.415398,0.2256941,0.37421897
4777,35167.53800000065,40048.7210000027,0.316265,0.531528,0.29264948,0.48782182
4778,16767.537999999244,37648.721000003636,0.269447,0.28204,0.25536352,0.26379377
4779,26367.53800000018,27848.721000002693,0.304584,0.466182,0.29774076,0.38674608
4780,18967.53800000064,33248.721000000834,0.395553,0.623729,0.4072882,0.4278629
4781,39167.538000001114,36048.72100000083,0.480826,0.45008,0.4634794,0.38522252
4783,13967.538000000177,29448.721000000834,0.293086,0.132865,0.287844,0.13073516
4784,25767.538000000175,31448.721000002697,0.423306,0.407049,0.44626287,0.4205204
4785,20767.537999999706,41248.72100000269,0.243031,0.496862,0.25308704,0.4906599
4786,25167.538000000175,32848.7210000027,0.436542,0.489804,0.4467874,0.52852374
4787,11567.538000000173,37048.72100000083,0.237132,0.389374,0.24224599,0.30203438
4788,25567.53799999971,34248.7210000027,0.401522,0.610403,0.4246139,0.49141747
4789,24767.538000000175,34248.7210000027,0.430056,0.378634,0.43833336,0.40242052
4790,19167.538000000175,35248.7210000027,0.370044,0.293623,0.37443036,0.2778063
4792,13367.538000000175,37648.721000003636,0.246919,0.277668,0.2543116,0.28662208
4793,36767.53800000017,31648.721000002697,0.29468,0.51688,0.2765833,0.49774522
4795,26367.53800000018,34648.721000000834,0.373746,0.38484,0.37253344,0.4027476
4796,29967.538000000175,32848.7210000027,0.34875,0.508653,0.3619771,0.53726965
4797,19367.53800000064,42048.721000001766,0.236678,0.182986,0.23437275,0.23839013
4798,42367.53800000111,36448.72100000362,0.448568,0.44413,0.4462265,0.44279975
4799,13367.538000000175,35848.721000000834,0.261473,0.455105,0.2786091,0.46612176
4800,17167.538000000175,40448.72100000269,0.196941,0.297422,0.19272217,0.2728968
4801,19767.538000000175,45848.72100000176,0.13021,0.115528,0.13447921,0.1553199
4802,31367.53800000064,37448.7210000027,0.451475,0.505068,0.4317198,0.41312432
4803,14567.538000000643,37448.7210000027,0.241805,0.460214,0.2566013,0.49729446
4804,24967.53799999971,31848.72100000177,0.456451,0.372631,0.44720626,0.3698859
4805,14967.538000000175,29248.721000001762,0.332361,0.14401,0.30492124,0.13668944
4806,29167.538000000175,49048.72100000363,0.118116,0.062113,0.13308673,0.097081624
4807,27367.53800000018,38048.721000002704,0.321774,0.25587,0.36089414,0.45598966
4808,26167.538000000175,28048.721000001766,0.278187,0.334134,0.3061959,0.3754709
4809,17367.53799999971,37648.72100000363,0.268038,0.381632,0.28168684,0.4075425
4810,29367.53799999971,36248.721000002704,0.447752,0.506753,0.43758312,0.48819277
4812,10767.53800000064,33048.72100000176,0.360956,0.112945,0.36898524,0.12472879
4813,28767.53799999971,31448.7210000027,0.351353,0.783842,0.37305647,0.62196213
4814,21967.538000000175,36248.7210000027,0.325909,0.487236,0.38332108,0.47939712
4815,14567.53800000064,35848.721000000834,0.308703,0.334734,0.3159466,0.43195724
4816,34767.53800000111,33248.721000000834,0.303615,0.449672,0.33691418,0.4676328
4817,18167.538000000175,40648.721000001766,0.239394,0.576192,0.24214047,0.5411801
4818,7967.538000000641,33448.721000000834,0.999024,0.281327,1.0157539,0.24919394
4819,16367.538000001106,35248.7210000027,0.269851,0.272171,0.29448834,0.306325
4820,38967.53800000065,35848.72100000083,0.425668,0.426382,0.4651268,0.4560102
4821,24967.53799999971,30048.721000003625,0.407206,0.37619,0.43820697,0.46653527
4822,35567.538000000175,41448.721000003636,0.253939,0.662303,0.23636761,0.6175361
4825,29367.53799999971,38048.7210000027,0.344781,0.440115,0.3803077,0.43049103
4826,43767.538000000175,36048.72100000083,0.399672,0.126976,0.36577702,0.11969843
4828,35967.53799999971,31848.721000001766,0.304569,0.720736,0.30968022,0.6301936
4830,7367.538000000175,33448.721000000834,0.398508,0.108391,0.41041312,0.12785093
4831,30167.538000000175,33248.721000000834,0.340335,0.639014,0.37785602,0.52278405
4832,12367.538000000643,33448.721000000834,0.393887,0.120572,0.3884165,0.1753856
4834,39967.538000000175,34848.7209999999,0.462503,0.407943,0.43734887,0.44111487
4835,16967.537999999713,34048.72100000269,0.355561,0.2782,0.35021406,0.28061935
4837,30567.53800000018,40448.72100000269,0.356921,0.248384,0.3338184,0.23472613
4842,10167.538000000175,34248.7210000027,0.362802,0.288646,0.35343674,0.20221108
4843,42767.53800000064,35448.7210000027,0.401919,0.37029,0.4031974,0.34564283
4844,48167.53800000017,36848.721000001766,0.32229,0.066369,0.28196558,0.064394765
4845,36367.53799999971,33848.72100000363,0.351244,0.56189,0.3704819,0.45847884
4846,26167.538000000175,26248.721000003625,0.210353,0.444191,0.2338816,0.4523581
4847,38567.53800000111,36648.7210000027,0.439349,0.403663,0.40065795,0.3991287
4848,27167.538000001106,44048.721000003636,0.180697,0.26476,0.21443093,0.24358837
4849,23967.538000001106,29848.7210000027,0.406985,0.53404,0.39065146,0.34764293
4850,19767.538000000175,35848.721000000834,0.337102,0.35426,0.32755563,0.408164
4851,40367.538000000175,32848.7210000027,0.348335,0.28039,0.3506556,0.31757528
4852,47767.53799999971,36048.721000000834,0.338055,0.084759,0.32115382,0.091363065
4854,25367.538000000175,48248.721000001766,0.159035,0.22019,0.18422458,0.18831854
4855,43167.538000000175,36248.7210000027,0.419403,0.128838,0.3861512,0.16071191
4856,36767.538000000175,34848.7209999999,0.424989,0.449792,0.39867648,0.44724792
4857,48367.53799999971,33248.721000000834,0.273661,0.109564,0.26238188,0.1280603
4858,13567.537999999711,27848.7210000027,0.310345,0.138073,0.2863384,0.14961867
4859,28567.53800000018,38648.720999999896,0.358513,0.48343,0.39213678,0.4889845
4860,17967.537999999713,43248.721000001766,0.165685,0.172815,0.15536843,0.23703985
4861,40767.53799999971,34848.7209999999,0.489338,0.445262,0.42566133,0.4801457
4863,25167.538000000175,33648.7210000027,0.44603,0.425445,0.4356285,0.52779627
4864,16767.537999999244,35048.721000000834,0.292726,0.240793,0.2782687,0.2518968
4866,28767.537999999706,29848.721000002693,0.295903,0.797716,0.32716805,0.58576626
4867,34567.53800000064,34248.7210000027,0.363963,0.374739,0.36558193,0.3698095
4868,30567.53800000018,37248.721000000834,0.449916,0.181111,0.44856197,0.34681645
4869,34967.538000000175,40848.721000000834,0.271062,0.6438,0.2918537,0.60427976
4870,21567.538000000175,47648.7210000027,0.129172,0.451339,0.11141002,0.3901349
4871,17567.538000000175,32048.721000000834,0.439212,0.125295,0.42831168,0.12769324
4872,32967.53800000017,40248.72100000363,0.314956,0.466081,0.34970587,0.42434317
4873,28567.538000000175,36048.72100000083,0.436039,0.505488,0.41717818,0.45052195
4874,13567.537999999711,29048.7210000027,0.285092,0.136082,0.27417377,0.12826723
4875,29167.538000000175,39048.721000002704,0.376904,0.46693,0.37671164,0.4687721
4876,27767.538000001106,33648.7210000027,0.351092,0.493783,0.37134373,0.44399506
4878,14567.53800000064,34048.7210000027,0.343112,0.301431,0.36195338,0.25990796
4879,16367.538000001105,32648.721000003625,0.419955,0.135819,0.4008037,0.124177806
4880,18967.53800000064,34448.721000001766,0.375894,0.313946,0.3672988,0.3947292
4881,12967.537999999242,39648.721000000834,0.203735,0.082832,0.1890713,0.08028751
4882,27367.53800000018,37248.721000000834,0.355595,0.365336,0.37772498,0.38357198
4883,25767.538000000175,34648.721000000834,0.383122,0.355528,0.4026475,0.4139129
4884,11367.538000000639,42248.721000000834,0.162543,0.005827,0.09609005,0.024971893
4885,26367.538000000175,33048.721000001766,0.408691,0.396983,0.37997365,0.34593147
4886,35367.53800000111,32048.721000000834,0.30384,0.667057,0.31815064,0.59726304
4887,16167.538000000643,33248.721000000834,0.360615,0.126873,0.37067792,0.114328586
4888,30767.538000000637,36048.72100000084,0.449608,0.355806,0.4285747,0.3893499
4890,32567.53799999971,38048.7210000027,0.409522,0.568283,0.4180958,0.45533723
4891,38567.53800000111,34248.7210000027,0.386705,0.522928,0.41793618,0.48091662
4892,27167.538000001106,32848.7210000027,0.38169,0.529048,0.4001326,0.5371852
4893,16167.538000000643,41848.7210000027,0.131038,0.033712,0.1594793,0.0799078
4894,32367.538000000175,42648.72100000084,0.175852,0.307935,0.20628276,0.19912894
4896,29567.538000000175,38448.72100000084,0.367009,0.467207,0.3498929,0.46464875
4898,21367.538000000175,43248.72100000177,0.167556,0.089668,0.19042455,0.068949245
4899,12167.538000000177,33048.72100000177,0.378212,0.257672,0.367329,0.1783523
4902,32367.538000000175,43248.721000001766,0.182691,0.142335,0.21686403,0.09152093
4903,15767.538000001108,28248.721000000838,0.343099,0.141978,0.3230878,0.14574152
4904,27167.538000001106,47448.721000000834,0.118456,0.417137,0.14395949,0.43038127
4905,28167.53799999924,36848.721000001766,0.40139,0.41212,0.4072305,0.46330956
4906,13567.537999999711,32048.721000000834,0.373969,0.094474,0.37936735,0.14591691
4907,14367.538000000173,42048.72100000176,0.171764,0.041323,0.15018941,0.031618197
4908,15767.538000001108,39248.7210000027,0.169372,0.093955,0.1830506,0.118690126
4911,13567.537999999711,32448.721000002697,0.326772,0.296669,0.34582886,0.19640845
4912,26367.53800000018,32848.7210000027,0.40943,0.29661,0.3770923,0.3386061
4913,15967.538000000173,33448.721000000834,0.371583,0.127881,0.35791174,0.18473785
4914,17767.538000000175,34048.7210000027,0.373139,0.330576,0.35340786,0.37520072
4915,24767.538000000175,36048.72100000083,0.318861,0.054192,0.28766686,0.13664848
4916,29567.538000000175,28048.721000001766,0.237577,0.393694,0.2530474,0.41490728
4917,31367.538000000637,36848.721000001766,0.434934,0.407501,0.43182793,0.4302325
4918,36367.53799999971,37448.7210000027,0.413562,0.08273,0.38837877,0.082988046
4919,28767.537999999706,31248.721000000834,0.344398,0.463416,0.3641213,0.61605805
4920,13967.538000000171,35648.721000001766,0.320942,0.402736,0.3234374,0.43314904
4921,37567.538000000175,34248.7210000027,0.375893,0.465563,0.4147657,0.5308382
4922,38767.538000000175,34848.7209999999,0.460956,0.582136,0.4107425,0.53361714
4923,18167.538000000175,42048.72100000176,0.199244,0.475846,0.17671911,0.46548843
4924,19767.538000000175,35648.721000001766,0.358073,0.318395,0.36073536,0.32809436
4925,20567.537999999244,33648.7210000027,0.38132,0.472569,0.41375196,0.5019524
4927,20367.538000000175,37248.721000000834,0.273248,0.366397,0.29363436,0.43749025
4928,33167.53799999971,36448.72100000362,0.40835,0.460187,0.43473324,0.5041734
4929,3967.538000000175,24048.721000002697,0.227266,0.043503,0.25914356,0.077205025
4930,16967.53799999971,43248.721000001766,0.109419,0.064644,0.18741637,0.07451045
4931,41767.53800000064,37848.7210000027,0.450812,0.490218,0.4144189,0.48795024
4933,40167.53799999971,33048.72100000176,0.370618,0.542844,0.36289617,0.43072695
4934,19567.538000001106,34448.721000001766,0.347601,0.314542,0.34902027,0.31516892
4935,4567.538000000175,30248.7210000027,0.304658,0.248705,0.3169144,0.20288174
4937,21767.53799999971,34648.721000000834,0.40936,0.518232,0.39006206,0.49152148
4938,8967.538000000173,32248.72100000083,0.393204,0.11259,0.39770794,0.10117521
4939,28367.537999999713,47448.721000000834,0.110184,0.291795,0.13277225,0.33098638
4940,19567.538000001106,45648.7210000027,0.157109,0.277809,0.15047371,0.19447303
4941,41367.53800000018,38648.720999999896,0.382109,0.564634,0.35011616,0.48810005
4942,24167.538000000175,46848.72100000269,0.125755,0.46719,0.15459408,0.50181997
4943,39967.538000000175,34448.721000001766,0.414436,0.372918,0.42899343,0.43760413
4944,13367.538000000175,40248.72100000363,0.172467,0.070723,0.1935492,0.050974417
4945,33367.538000000175,31248.72100000083,0.244123,0.308241,0.28998876,0.45892426
4946,32967.538000000175,39648.721000000834,0.375598,0.462468,0.36310443,0.44625255
4947,16567.538000000175,36848.721000001766,0.294259,0.456338,0.28607818,0.4291725
4948,5967.537999999709,34448.721000001766,0.330698,0.114886,0.31408,0.14823352
4949,32367.538000000175,38248.721000001766,0.41178,0.429823,0.4050527,0.45542684
4950,45767.538000000175,38448.72100000083,0.399285,0.384416,0.41080335,0.37800083
4951,43767.538000000175,35648.721000001766,0.360759,0.129542,0.37309262,0.09350335
4952,15567.53800000064,39448.721000001766,0.202093,0.102994,0.20022176,0.1234123
4954,14767.538000000173,41848.72100000269,0.137779,0.038012,0.15028965,0.042731274
4956,28367.537999999713,39848.721000000834,0.310167,0.499507,0.350597,0.5151982
4958,30967.538000001103,37648.721000003636,0.441923,0.4277,0.44491383,0.38006237
4960,18167.538000000175,36048.72100000084,0.301561,0.451172,0.30806255,0.4511017
4961,18167.538000000175,41448.72100000363,0.188457,0.529045,0.190513,0.49878833
4962,37367.53800000064,34648.721000000834,0.405468,0.432601,0.41614103,0.4934018
4963,27367.53800000018,28248.721000000838,0.340377,0.451948,0.30673558,0.38335884
4964,33367.538000000175,37648.72100000362,0.427922,0.543031,0.42341974,0.536736
4966,35567.538000000175,39448.72100000176,0.304225,0.444132,0.2883479,0.46069372
4967,34167.53800000064,38048.7210000027,0.427478,0.455139,0.38199282,0.49285272
4968,38567.53800000111,34448.721000001766,0.388273,0.536556,0.41578665,0.51132447
4969,28767.53799999971,32848.7210000027,0.344456,0.663562,0.35298914,0.57521725
4970,34767.53800000111,37848.7210000027,0.429656,0.372182,0.3910046,0.3904983
4972,18967.538000000644,38848.72100000083,0.273814,0.391868,0.27638012,0.46096507
4973,37167.538000000175,37048.72100000084,0.411538,0.05728,0.3918364,0.07635554
4974,29767.538000000637,29448.721000000834,0.292756,0.633969,0.30109593,0.682193
4975,21367.538000000175,39048.721000002704,0.297007,0.55062,0.30079025,0.53780127
4976,15567.53800000064,36848.721000001766,0.26914,0.472267,0.2586705,0.49324977
4978,25967.53800000064,38648.7209999999,0.26335,0.017378,0.26588055,0.05715837
4979,27967.538000000175,43048.7210000027,0.185998,0.078808,0.19369785,0.19706737
4980,6367.538000000174,28448.721000000838,0.292017,0.304328,0.2946154,0.26293692
4981,19767.538000000175,39648.721000000834,0.264176,0.466299,0.2611859,0.46852162
4982,41367.538000000175,33648.7210000027,0.415734,0.171505,0.43743154,0.36051202
4983,37567.538000000175,35248.7210000027,0.408553,0.499935,0.40794086,0.48627537
4984,8967.538000000173,31648.721000002697,0.401959,0.105072,0.3936349,0.0861175
4986,26167.538000000175,48048.7210000027,0.152943,0.400755,0.16426118,0.39849573
4988,14967.538000000173,29048.721000002697,0.295751,0.148232,0.30305547,0.1389024
4989,15967.538000000177,35048.721000000834,0.289369,0.492361,0.29743043,0.53767884
4990,20367.538000000175,35448.7210000027,0.359987,0.427997,0.38159987,0.40378258
4991,24767.53800000017,30048.72100000363,0.403611,0.410402,0.41100496,0.49607268
4992,14567.53800000064,47248.721000000834,0.06838,0.02924,0.06577799,0.024637869
4993,23167.53800000064,45448.721000002704,0.15116,0.457699,0.20034291,0.49120426
4994,28967.53800000018,39448.721000001766,0.337142,0.468119,0.35293046,0.50053734
4995,17767.538000000175,41848.72100000269,0.149289,0.463423,0.16423649,0.3790348
4996,39367.538000000175,40448.72100000269,0.283179,0.409303,0.3258779,0.37414882
4997,19767.538000000175,41248.7210000027,0.22364,0.41882,0.22649632,0.42203036
4998,28167.537999999244,33648.7210000027,0.36954,0.50888,0.37048265,0.4567993
4999,24967.53799999971,28848.721000003632,0.320111,0.500532,0.34182426,0.40787917
5001,21167.53799999971,47448.721000000834,0.115413,0.346098,0.09170735,0.27564228
5002,32967.538000000175,37448.7210000027,0.430803,0.589152,0.40624377,0.50994176
5003,28367.53799999971,36448.72100000363,0.417088,0.463001,0.40326583,0.43867785
5004,19367.53800000064,36648.7210000027,0.33445,0.498779,0.3419204,0.5138584
5005,26767.538000000175,32448.721000002697,0.395236,0.468329,0.39907047,0.47140497
5006,40967.538000000175,37448.7210000027,0.460349,0.465508,0.45315647,0.48870435
5010,9567.538000000175,42848.72100000269,0.190657,0.001132,0.11822064,0.07480695
5011,29767.538000000637,33248.721000000834,0.360049,0.478575,0.368747,0.51072735
5013,20767.537999999706,32448.721000002697,0.431313,0.555074,0.4583742,0.48912442
5014,37967.53800000064,33248.721000000834,0.339039,0.400512,0.37323585,0.44463634
5015,36167.538000000175,42848.72100000269,0.170155,0.481681,0.17389816,0.45169485
5016,27767.538000001103,29248.72100000177,0.322833,0.449535,0.33165258,0.51670957
5017,36567.53800000018,33648.7210000027,0.385028,0.565231,0.36651802,0.47349545
5018,9767.53799999971,35448.7210000027,0.321062,0.063592,0.27767485,0.15330635
5019,25167.538000000175,44048.72100000362,0.130477,0.137402,0.13501857,0.19834901
5020,35167.53800000064,34048.72100000269,0.357255,0.291263,0.36127558,0.3631486
5021,28967.538000000175,45648.7210000027,0.187409,0.390466,0.18662766,0.41158715
5022,11767.538000000639,31648.7210000027,0.378843,0.136674,0.36808547,0.11860553
5024,32767.538000000175,39048.721000002704,0.389898,0.469261,0.39011142,0.42139566
5025,25967.53800000064,33248.721000000834,0.394164,0.360804,0.39628482,0.35032487
5026,31767.538000000175,32848.7210000027,0.339024,0.490054,0.3475665,0.50323325
5027,43167.538000000175,36848.721000001766,0.441039,0.307869,0.41427115,0.32076856
5028,30967.538000001103,32648.721000003625,0.366948,0.767513,0.36910397,0.69479215
5029,18367.53800000064,36448.72100000362,0.313825,0.461538,0.326683,0.47560203
5031,38567.53800000111,32648.721000003625,0.344591,0.535634,0.3383717,0.57322913
5034,24967.537999999706,31248.721000000834,0.441528,0.506707,0.42259735,0.4610178
5035,19167.538000000175,37248.721000000834,0.329988,0.471544,0.34667006,0.52050173
5037,18167.538000000175,42848.7210000027,0.152294,0.350975,0.15113635,0.38077918
5038,29367.537999999713,38648.7209999999,0.357383,0.417603,0.36693552,0.45874166
5039,24967.53799999971,31048.720999999903,0.43122,0.490101,0.4333953,0.51900274
5040,15567.538000000643,35848.72100000083,0.367973,0.532213,0.37480304,0.5618699
5041,33767.538000000175,39848.721000000834,0.371246,0.516478,0.3837992,0.5157399
5042,9767.537999999708,33048.72100000176,0.385973,0.103848,0.39154914,0.10811288
5046,30967.538000001106,39048.721000002704,0.391215,0.409713,0.39061332,0.4176079
5047,35167.53800000065,38848.721000000834,0.357338,0.445401,0.38128603,0.4803923
5048,36567.538000000175,33848.72100000363,0.388991,0.434987,0.38112116,0.45902082
5051,33367.538000000175,44648.72100000083,0.103811,0.077105,0.098588094,0.10085776
5052,32367.538000000175,42848.72100000269,0.175777,0.135838,0.16631904,0.103883885
5054,47367.53799999971,33848.72100000363,0.292893,0.090317,0.29154322,0.08180534
5055,19367.53800000064,36448.72100000363,0.340029,0.473563,0.3437609,0.49609575
5056,10567.538000000175,35048.721000000834,0.335763,0.42047,0.32959494,0.37002876
5058,11967.538000001106,34648.721000000834,0.394085,0.175037,0.36547264,0.2797271
5059,39367.53800000017,38248.721000001766,0.383259,0.499296,0.38235995,0.40695968
5060,20567.537999999244,45648.7210000027,0.131908,0.185873,0.15199992,0.12993875
5061,24367.537999999244,34848.7209999999,0.394359,0.4277,0.39736,0.41666734
5062,37767.538000000175,39448.721000001766,0.338043,0.113762,0.35834032,0.15641893
5063,16767.537999999244,41048.721000000834,0.183653,0.041598,0.15964636,0.13225886
5064,13167.53799999971,40248.72100000363,0.196268,0.077999,0.20235574,0.064773254
5065,13167.537999999708,41648.72100000269,0.191486,0.06564,0.17465316,0.051492948
5066,39767.53799999971,39048.721000002704,0.395549,0.425726,0.3662503,0.41211405
5067,17767.538000000175,35248.7210000027,0.32081,0.423311,0.32962605,0.45170748
5068,23367.538000001106,43248.721000001766,0.155269,0.265361,0.18816185,0.15912507
5069,30367.538000000637,30448.7210000027,0.309318,0.563648,0.30508888,0.5539993
5070,34367.538000000175,38648.720999999896,0.369807,0.453804,0.38851383,0.51803213
5071,24167.538000000175,37648.721000003636,0.347374,0.033291,0.32259005,0.072710924
5074,19567.538000001106,33848.72100000363,0.36702,0.501706,0.36341333,0.50149256
5075,18567.538000000175,40848.721000000834,0.218112,0.53524,0.23677154,0.52316487
5076,11167.538000000175,24248.721000001766,0.250319,0.107908,0.24519801,0.10871119
5077,23967.538000001106,32448.721000002697,0.492072,0.409098,0.45375034,0.5074023
5078,31367.538000000637,39448.721000001766,0.401306,0.180977,0.36781612,0.3025247
5081,39567.537999999244,34648.721000000834,0.394699,0.524748,0.41664237,0.47217077
5082,24167.538000000175,46448.721000000834,0.120143,0.433357,0.14288212,0.43150282
5083,21367.53800000017,32448.721000002693,0.492875,0.476519,0.48105842,0.48977026
5084,12967.537999999242,34248.7210000027,0.365887,0.31538,0.3635437,0.23649693
5085,21367.538000000175,35848.721000000834,0.380823,0.521252,0.3802007,0.5376697
5086,30167.53800000017,29848.721000002697,0.257025,0.5046,0.27860317,0.5441949
5088,33967.538000000175,33248.721000000834,0.295868,0.641995,0.3310793,0.57174695
5089,43767.538000000175,35848.721000000834,0.419064,0.135253,0.36828277,0.083828084
5090,29767.53800000064,34448.721000001766,0.380837,0.641809,0.37529966,0.61132914
5092,38367.53800000063,39248.7210000027,0.363934,0.127767,0.37905562,0.16939639
5093,9567.538000000175,28648.72100000269,0.304615,0.136096,0.30725196,0.16895413
5094,33367.538000000175,34048.7210000027,0.368571,0.422536,0.3897223,0.46792805
5096,43367.537999999244,36648.7210000027,0.430236,0.305341,0.43262237,0.25522614
5097,29767.53800000064,31048.720999999903,0.371305,0.571229,0.34130743,0.659563
5098,22767.53800000064,32848.7210000027,0.463867,0.42173,0.4612539,0.49145162
5099,17367.53799999971,32248.721000000834,0.436981,0.117342,0.43587568,0.11211357
5100,14167.53799999971,35648.721000001766,0.319328,0.401048,0.3162493,0.41650647
5101,41167.53800000064,33848.72100000363,0.423837,0.172515,0.44961494,0.3913661
5102,23967.538000001106,31048.7209999999,0.448298,0.466984,0.45876303,0.43613005
5103,30967.538000001106,39248.7210000027,0.36189,0.449271,0.37558514,0.4002837
5104,31367.53800000064,34048.72100000269,0.364436,0.531246,0.35278314,0.5154504
5105,30767.538000000644,32448.721000002697,0.365008,0.598785,0.3749189,0.71231616
5107,21567.538000000175,46848.72100000269,0.109475,0.444646,0.08571476,0.47807658
5109,29567.538000000175,33248.721000000834,0.35775,0.385137,0.36593688,0.5002794
5110,21567.538000000175,35248.7210000027,0.382664,0.437547,0.38112378,0.5225941
5112,34767.53800000111,38248.721000001766,0.364403,0.443815,0.38416222,0.4812007
5114,17367.53799999971,40448.7210000027,0.217107,0.302339,0.2266844,0.402657
5115,15567.538000000643,36648.7210000027,0.286994,0.504738,0.24890792,0.4980446
5117,16767.537999999244,38248.721000001766,0.250681,0.271328,0.24595785,0.19078776
5118,29167.538000000175,46848.72100000269,0.153523,0.393205,0.18963845,0.40103152
5119,18767.538000000175,32848.7210000027,0.439839,0.270248,0.42953652,0.24837205
5121,3767.5380000006407,24648.721000000834,0.226261,0.067557,0.26247892,0.06052475
5122,28567.53800000018,45248.72100000363,0.182196,0.38467,0.17800835,0.35198733
5123,33167.53799999971,32248.721000000834,0.323168,0.505947,0.33223593,0.49454656
5124,19167.538000000175,34048.7210000027,0.358398,0.533348,0.34289047,0.4338707
5125,29967.538000000175,36248.7210000027,0.426626,0.504153,0.42737675,0.50222784
5126,27367.53800000018,41048.721000000834,0.287843,0.436745,0.27553147,0.3763086
5128,38567.53800000111,37848.7210000027,0.446886,0.300363,0.4455025,0.32175967
5129,23367.538000001106,34248.7210000027,0.420111,0.425834,0.4285246,0.41515917
5130,17967.537999999713,34448.721000001766,0.354612,0.432545,0.34269017,0.35901046
5131,27367.538000000175,33048.72100000177,0.387994,0.63003,0.3978096,0.5874536
5132,20767.53799999971,39848.721000000834,0.272435,0.520591,0.29064888,0.5305892
5133,28367.53799999971,32648.72100000363,0.375619,0.624907,0.35196277,0.5999057
5134,20967.538000000175,39248.7210000027,0.287435,0.446799,0.29732728,0.5170214
5135,28567.538000000175,35848.721000000834,0.424641,0.671536,0.44466376,0.47294483
5136,13367.538000000175,26848.721000001762,0.340187,0.151449,0.29994777,0.1251637
5137,26167.538000000175,47848.721000003636,0.148942,0.418795,0.1406116,0.38806516
5138,16167.538000000643,42248.72100000083,0.130412,0.028123,0.17116393,0.08609935
5139,17767.538000000175,41248.7210000027,0.225964,0.545205,0.18827769,0.52093285
5141,15167.53800000064,44248.7210000027,0.106922,0.232415,0.098907664,0.19385426
5143,40967.538000000175,35648.72100000176,0.477713,0.371015,0.4855015,0.43063775
5144,37767.53800000018,36648.721000002704,0.438828,0.08517,0.33610016,0.22892514
5145,14367.538000000175,40848.721000000834,0.209333,0.056295,0.21176542,0.06518056
5146,41967.53800000018,35448.7210000027,0.458807,0.392306,0.44331685,0.4530338
5147,27167.538000001106,47848.721000003636,0.143614,0.515954,0.15656939,0.41626117
5148,22367.538000000175,33048.72100000177,0.467549,0.426079,0.4509503,0.5190147
5149,18967.53800000064,36448.72100000362,0.361034,0.476957,0.3562104,0.48854947
5150,26167.538000000175,47248.721000000834,0.122607,0.534328,0.109210715,0.47943455
5151,32367.538000000175,43048.7210000027,0.167934,0.138868,0.19218521,0.049173612
5152,23167.53800000064,47248.72100000084,0.123696,0.420722,0.113471806,0.42271984
5153,16367.538000001106,37048.72100000083,0.242447,0.421787,0.28853106,0.40962827
5154,10967.538000000175,27048.721000000834,0.280079,0.131751,0.3094886,0.13627338
5155,31567.538000001106,33848.72100000363,0.369757,0.505205,0.34811732,0.5596297
5156,12367.538000000643,33248.721000000834,0.391918,0.118447,0.38849956,0.16103931
5157,15167.53800000064,35048.721000000834,0.320487,0.512062,0.32499745,0.48776615
5158,38967.53800000065,33448.721000000834,0.409374,0.441504,0.39318302,0.44731906
5159,13567.537999999711,35848.721000000834,0.275842,0.461659,0.28930256,0.45335346
5160,38167.538000000175,32048.721000000834,0.308785,0.396389,0.30108088,0.5741218
5161,24567.53799999971,44848.721000000834,0.123601,0.100996,0.16078594,0.09678789
5162,28967.538000000175,34048.7210000027,0.405086,0.825281,0.39056635,0.49172595
5163,16567.538000000175,41848.72100000269,0.142546,0.035842,0.17282288,0.07842242
5164,33967.538000000175,35848.721000000834,0.420307,0.450081,0.40261927,0.4796683
5165,11167.538000000177,36248.7210000027,0.282093,0.39196,0.28440377,0.39260975
5166,9167.537999999244,33248.721000000834,0.416002,0.296548,0.39626628,0.25157404
5167,39367.538000000175,35048.721000000834,0.471854,0.472846,0.4426966,0.489164
5168,39967.538000000175,40448.72100000269,0.261952,0.551244,0.3321178,0.49766347
5170,33367.538000000175,32048.721000000834,0.313343,0.438831,0.3287761,0.48547247
5171,6367.538000000176,33648.7210000027,0.352191,0.113003,0.36462808,0.12910454
5172,26167.538000000175,43448.72100000083,0.224581,0.298659,0.23683776,0.2451003
5173,31367.53800000064,38848.721000000834,0.41288,0.416443,0.4023786,0.43883434
5174,43767.538000000175,33448.721000000834,0.319615,0.374137,0.28421998,0.09433236
5175,27567.538000000644,37448.7210000027,0.400019,0.386169,0.40039757,0.53758353
5176,27767.538000001106,31448.721000002697,0.391717,0.732814,0.3704257,0.64808834
5177,30767.538000000644,31248.721000000838,0.304024,0.863711,0.30906463,0.75866115
5178,11367.53800000064,42448.720999999896,0.110119,0.008003,0.093752,0.021931222
5179,10367.53799999971,27048.721000000834,0.312781,0.143108,0.29893988,0.14089853
5182,13167.537999999708,35248.7210000027,0.322097,0.44337,0.30829823,0.42807257
5183,27167.538000001106,30648.721000001762,0.402357,0.679269,0.38472256,0.5689385
5184,36367.53799999971,38248.721000001766,0.38269,0.104293,0.40596762,0.09203359
5185,7167.538000000175,34048.7210000027,0.368703,0.121488,0.38830504,0.09456175
5186,30567.53800000018,35248.7210000027,0.420272,0.505005,0.4145262,0.4604531
5187,30167.538000000175,34848.7209999999,0.429793,0.465699,0.4094957,0.5222461
5188,27367.53800000018,44648.72100000084,0.162624,0.301995,0.1789798,0.31228784
5189,36367.53799999971,41648.7210000027,0.224352,0.455764,0.21665245,0.5552198
5190,15767.538000001106,34448.721000001766,0.319479,0.503732,0.31999022,0.5157418
5191,9367.53799999971,26248.72100000363,0.302499,0.122349,0.3034736,0.12082108
5192,34767.53800000111,32048.721000000834,0.315403,0.373109,0.3219885,0.48113465
5193,21567.538000000175,39648.721000000834,0.273198,0.431967,0.25993168,0.4501109
5194,3567.538000000175,27048.721000000834,0.292599,0.137855,0.29768327,0.13756317
5195,10367.53799999971,32848.7210000027,0.353919,0.107213,0.3705899,0.10165476
5196,40167.53799999971,35248.7210000027,0.490094,0.336973,0.47593603,0.38541502
5197,33367.538000000175,37048.72100000084,0.414351,0.521387,0.43780696,0.51484466
5198,34367.538000000175,31848.721000001766,0.318859,0.318923,0.31069705,0.45851478
5199,36167.538000000175,33648.7210000027,0.35075,0.422805,0.36239406,0.4603308
5200,14367.538000000173,34448.721000001766,0.371058,0.319218,0.35823634,0.23693597
5201,27767.538000001106,40448.72100000269,0.299106,0.405079,0.28114676,0.4417415
5202,17567.538000000175,38248.72100000176,0.277092,0.295222,0.2608527,0.30467844
5203,23167.53800000064,28848.72100000363,0.383069,0.416234,0.3699647,0.4513075
5204,20567.537999999244,36648.7210000027,0.324433,0.364303,0.33078632,0.40023196
5205,11367.538000000639,35248.7210000027,0.334882,0.356516,0.30446655,0.32287884
5206,14767.538000000173,33448.721000000834,0.360198,0.124242,0.39130786,0.23318642
5208,36167.538000000175,36648.7210000027,0.398838,0.084807,0.37097546,0.08379852
5209,18767.538000000175,39248.7210000027,0.246752,0.405654,0.2652794,0.42960298
5210,26767.538000000175,32848.7210000027,0.393419,0.229838,0.40216315,0.4069609
5211,9367.53799999971,33248.721000000834,0.398041,0.105757,0.3889374,0.2662216
5213,34767.53800000111,34448.721000001766,0.353032,0.357481,0.3757753,0.3568464
5215,11167.538000000175,39448.721000001766,0.191993,0.05822,0.18216798,0.056070495
5216,30567.53800000018,39248.7210000027,0.356609,0.484953,0.39381662,0.46815136
5217,14567.53800000064,46848.7210000027,0.035061,0.020096,0.0548203,0.006107172
5218,42167.53800000065,35848.72100000083,0.410618,0.463024,0.40399587,0.4193647
5221,34967.538000000175,42248.721000000834,0.229788,0.662727,0.20381697,0.56627315
5223,29367.537999999713,40248.72100000363,0.320015,0.386215,0.33999422,0.3614237
5224,32767.538000000175,37648.72100000362,0.438449,0.543503,0.4049504,0.5096176
5225,32767.538000000175,32248.721000000838,0.304481,0.527279,0.34048715,0.5017506
5226,27567.538000000637,45848.721000001766,0.158655,0.386284,0.20578337,0.43918076
5228,28767.53799999971,45248.72100000363,0.164916,0.389798,0.18850769,0.37256932
5230,5767.538000000175,35048.721000000834,0.312653,0.103247,0.28325468,0.13519947
5232,25367.53800000017,32048.721000000834,0.448233,0.373266,0.44004172,0.36134374
5233,16367.538000001105,41448.721000003636,0.131691,0.034829,0.15523684,0.09226667
5234,20167.538000001106,31648.721000002697,0.450201,0.434684,0.4471661,0.45707703
5236,20967.538000000175,31448.721000002697,0.470703,0.489791,0.4716598,0.52071786
5238,17767.538000000175,33448.721000000834,0.352642,0.333344,0.37446573,0.35086012
5240,10967.538000000173,36448.72100000362,0.283193,0.384458,0.2906514,0.3356818
5242,16967.53799999971,38648.7209999999,0.23771,0.274092,0.22125636,0.23881333
5243,39967.538000000175,32848.7210000027,0.366912,0.303155,0.3684101,0.46868464
5244,15367.538000000175,35848.721000000834,0.363829,0.554852,0.35501382,0.56278235
5245,8767.538000001106,33248.721000000834,0.395676,0.280661,0.39629745,0.29208517
5246,11967.538000001106,39248.7210000027,0.211577,0.088114,0.20603405,0.14766373
5248,6367.538000000175,35648.721000001766,0.268512,0.303306,0.27149823,0.19161125
5249,35367.53800000111,38648.720999999896,0.327316,0.382536,0.366636,0.44582528
5250,32767.538000000175,44048.72100000362,0.185808,0.11048,0.21090281,0.10012432
5251,32967.538000000175,35448.7210000027,0.388628,0.423784,0.40200227,0.4333768
5252,42767.53800000065,36248.7210000027,0.429989,0.382609,0.41941783,0.36486992
5253,11967.538000001106,34048.7210000027,0.354317,0.301214,0.33531684,0.26486486
5254,43567.53799999971,38248.721000001766,0.36237,0.180841,0.3544569,0.19439974
5255,25967.53800000064,34448.721000001766,0.390064,0.381055,0.4058373,0.43196774
5256,20567.537999999244,46448.721000000834,0.130061,0.179754,0.11930545,0.13407981
5257,19367.53800000064,43048.7210000027,0.196932,0.380638,0.20147045,0.32558697
5258,19167.538000000175,34848.7209999999,0.377803,0.292597,0.38510704,0.28308162
5260,30367.538000000637,34648.721000000834,0.365475,0.482,0.3895324,0.5227348
5261,33567.53800000064,32848.7210000027,0.336854,0.60808,0.34073806,0.6188807
5262,31767.53800000018,28648.72100000269,0.168681,0.103357,0.2186039,0.24770348
5263,19567.538000001106,39648.721000000834,0.26642,0.534357,0.25967494,0.45826614
5264,26167.538000000175,29848.7210000027,0.40533,0.507342,0.39447507,0.5540978
5266,5967.53799999971,32248.721000000834,0.377828,0.278706,0.37149388,0.20597145
5267,17767.538000000175,41048.721000000834,0.21784,0.563053,0.21465765,0.5478552
5268,15967.538000000173,33248.721000000834,0.37722,0.131153,0.3818977,0.1298294
5269,10367.53799999971,34648.721000000834,0.367826,0.359902,0.37030023,0.32389617
5270,24167.538000000175,38048.721000002704,0.28336,0.033208,0.30338475,0.09278395
5271,27567.538000000637,33448.721000000834,0.356344,0.667653,0.37515664,0.58803475
5272,28967.53800000018,36448.72100000363,0.441974,0.438874,0.43988496,0.47003806
5273,12767.538000000175,28248.721000000838,0.284862,0.142292,0.27743626,0.117779665
5274,19367.53800000064,45848.721000001766,0.11577,0.109351,0.120743185,0.15966167
5275,41967.53800000018,34048.7210000027,0.420349,0.415956,0.37805662,0.26733896
5277,24367.537999999244,46248.72099999991,0.13698,0.432859,0.14188476,0.38988245
5278,5167.538000000176,29648.721000000834,0.313782,0.13431,0.2997461,0.13763916
5280,21967.538000000175,32648.72100000363,0.432996,0.369609,0.48664165,0.46131977
5281,16967.537999999713,46848.72100000269,0.073399,0.031817,0.07556288,0.109581195
5282,17567.538000000175,37648.72100000362,0.274055,0.384583,0.27286258,0.3916346
5283,30367.538000000637,45448.7210000027,0.142883,0.282265,0.19250345,0.18823105
5284,10967.538000000173,34848.7209999999,0.304595,0.438948,0.3367704,0.43364608
5285,20767.537999999706,35048.721000000834,0.365437,0.368596,0.37555078,0.38906974
5286,20367.53800000018,38248.721000001766,0.291631,0.489193,0.28688872,0.5332743
5287,18567.538000000175,40248.72100000363,0.212884,0.559314,0.258775,0.51690704
5288,19567.538000001106,37648.721000003636,0.297159,0.435895,0.3105224,0.5145158
5290,31767.538000000175,29448.721000000834,0.192717,0.373739,0.19039452,0.35792825
5291,21567.538000000175,33448.721000000834,0.43104,0.288873,0.41112587,0.42124507
5292,3167.5380000006407,27448.721000000834,0.280568,0.088549,0.27634472,0.11084793
5293,20767.53799999971,34248.7210000027,0.395684,0.426825,0.39060417,0.40604526
5294,32567.53799999971,38848.72100000083,0.382313,0.489649,0.3824556,0.4287037
5295,18367.53800000064,42048.721000001766,0.204256,0.480466,0.19511016,0.48046395
5296,42167.53800000065,37048.721000000834,0.389267,0.481628,0.4169284,0.4747552
5297,22367.538000000175,35848.721000000834,0.376563,0.467336,0.39561513,0.46824506
5298,23567.538000000175,31248.721000000834,0.449144,0.420021,0.4495238,0.48184937
5299,44367.538000000175,38448.72100000083,0.331724,0.09055,0.31380183,0.1592793
5301,28567.538000000175,37048.72100000083,0.394364,0.473792,0.4436675,0.49619105
5302,33567.53800000064,38048.7210000027,0.428926,0.594205,0.41985005,0.52143884
5303,31167.53800000017,31848.721000001766,0.312264,0.594353,0.32938594,0.6111862
5304,29167.538000000175,40848.721000000834,0.307596,0.305627,0.3278673,0.36295983
5306,35367.53800000111,35848.721000000834,0.417667,0.286122,0.4267588,0.21499944
5307,16167.53800000064,40248.72100000363,0.184057,0.082983,0.18323973,0.16533388
5308,10767.53800000064,36848.721000001766,0.31328,0.309619,0.27459362,0.34556472
5309,20767.53799999971,46648.7210000027,0.111891,0.175054,0.11435063,0.2037376
5310,17167.538000000175,37048.72100000083,0.255742,0.283625,0.29054728,0.38428164
5311,18567.538000000175,31448.721000002697,0.432821,0.114316,0.43287578,0.12664486
5312,17167.538000000175,43648.721000000834,0.072503,0.072127,0.15230499,0.07366871
5314,11367.53800000064,33048.72100000176,0.325533,0.117232,0.33812913,0.16008008
5315,12367.538000000643,44248.7210000027,0.120314,0.072089,0.12825945,0.09004568
5316,27567.538000000637,39048.721000002704,0.340685,0.389729,0.32782558,0.38749674
5317,31567.538000001103,32248.72100000083,0.313111,0.51657,0.3277162,0.54596835
5318,26567.53800000064,43248.721000001766,0.215379,0.424802,0.22561908,0.40269628
5319,18767.538000000175,43448.72100000084,0.240294,0.220523,0.19129483,0.2605146
5321,26967.53800000064,33248.721000000834,0.393081,0.401302,0.39751473,0.4739056
5322,7367.538000000175,34448.721000001766,0.366999,0.11641,0.3687389,0.09306785
5323,11967.538000001106,41648.7210000027,0.169602,0.02974,0.11883153,0.023652306
5324,14567.53800000064,41848.7210000027,0.157357,0.037351,0.15326637,0.04314794
5325,28167.537999999244,33448.721000000834,0.355745,0.509973,0.36571628,0.4562021
5326,39967.538000000175,36848.721000001766,0.487717,0.516746,0.48366588,0.44120762
5327,34767.53800000111,36048.72100000083,0.398039,0.339698,0.41670752,0.28978014
5328,36767.53800000017,42248.721000000834,0.235616,0.536691,0.18846893,0.5137944
5329,13767.538000000177,32848.7210000027,0.37368,0.302116,0.33204812,0.23627977
5330,20767.537999999706,40048.7210000027,0.282109,0.52357,0.28049824,0.5126523
5331,20967.538000000175,35248.7210000027,0.392492,0.427132,0.3941555,0.5197235
5332,15567.538000000643,28648.721000002693,0.345459,0.144553,0.33415592,0.14279822
5334,14167.53799999971,34848.7209999999,0.346298,0.153949,0.34943226,0.21343635
5335,36167.538000000175,36048.72100000083,0.388499,0.097535,0.40291238,0.21373132
5336,43167.53800000017,36648.7210000027,0.458193,0.306791,0.45479277,0.32099462
5337,4567.538000000175,30448.7210000027,0.314473,0.290399,0.3133573,0.1985369
5338,20167.538000001106,34248.7210000027,0.432715,0.492537,0.38190648,0.44759622
5339,38567.53800000111,36448.72100000362,0.42423,0.418642,0.41065612,0.39577135
5341,29167.538000000175,41048.721000000834,0.295602,0.325772,0.33871165,0.37860024
5343,28567.53800000018,39448.72100000176,0.351217,0.46886,0.35759163,0.5142292
5344,12567.538000001108,35648.721000001766,0.30565,0.422229,0.29534766,0.47911057
5345,44767.538000000175,36248.7210000027,0.416135,0.338988,0.36723444,0.24219298
5346,15767.538000001106,29248.72100000177,0.355945,0.138664,0.35215235,0.13689354
5347,35167.53800000065,35048.721000000834,0.421463,0.342279,0.401171,0.34005374
5349,30367.538000000637,31448.7210000027,0.353764,0.752746,0.34637558,0.7622158
5350,41967.538000000175,37648.721000003636,0.441079,0.524141,0.4235807,0.4896904
5351,12767.538000000175,44648.72100000084,0.112551,0.084917,0.13083863,0.07644778
5352,18367.53800000064,44248.7210000027,0.196192,0.224139,0.19519727,0.20114088
5353,11767.538000000643,36248.7210000027,0.287193,0.407474,0.28714323,0.41748512
5354,31967.537999999244,34448.721000001766,0.358057,0.498212,0.3667386,0.47623613
5355,39167.53800000111,37448.7210000027,0.474072,0.439475,0.4402616,0.45539957
5356,33167.53799999971,34848.7209999999,0.402227,0.372285,0.3908258,0.50220764
5358,11167.538000000175,24448.721000000834,0.247057,0.111874,0.2410901,0.113187484
5359,27167.538000001106,39248.7210000027,0.273164,0.43826,0.3141475,0.3105705
5360,14967.538000000173,31448.721000002697,0.296359,0.155793,0.32413232,0.10618847
5361,9767.537999999708,34848.7209999999,0.30901,0.080825,0.32406455,0.11305671
5362,21967.538000000175,35248.7210000027,0.373218,0.490745,0.37140232,0.50293946
5363,41567.538000000175,34648.721000000834,0.426883,0.18694,0.37390533,0.3299234
5364,39967.538000000175,35648.721000001766,0.4785,0.194861,0.4390693,0.36657396
5365,33767.538000000175,36648.7210000027,0.427755,0.430456,0.42339838,0.47773388
5366,21567.53800000017,30648.721000001762,0.455912,0.447119,0.4468314,0.4334176
5367,15767.538000001108,33248.721000000834,0.379206,0.133845,0.4024155,0.15862532
5369,28767.53799999971,41048.721000000834,0.335695,0.163697,0.32811818,0.39752796
5371,33767.538000000175,37048.72100000083,0.418417,0.450961,0.43858713,0.49026066
5372,40367.538000000175,34248.7210000027,0.435524,0.28879,0.44797444,0.44503355
5374,18567.538000000175,40448.72100000269,0.22302,0.578063,0.24713266,0.5367322
5375,46367.53800000018,33648.7210000027,0.314948,0.073541,0.23590717,0.12484417
5376,18367.53800000064,46648.7210000027,0.100566,0.085621,0.09751308,0.08603536
5378,18567.538000000175,35248.7210000027,0.365973,0.313776,0.36221752,0.29301375
5379,27567.538000000637,26848.721000001766,0.255545,0.156321,0.22940524,0.18147597
5380,18167.538000000175,46648.72100000269,0.123534,0.084461,0.13855049,0.09808319
5381,19767.538000000175,33648.7210000027,0.373287,0.483653,0.3942347,0.5238671
5382,15367.538000000175,32848.7210000027,0.343041,0.157804,0.35497093,0.18079509
5383,18967.53800000064,45248.72100000363,0.107658,0.078988,0.11013359,0.110472076
5384,30367.538000000637,41048.721000000834,0.321686,0.198763,0.32641664,0.29910856
5385,38767.538000000175,33048.72100000177,0.380026,0.456783,0.36888635,0.5140742
5386,23567.538000000175,34248.7210000027,0.434669,0.405962,0.43227646,0.44588408
5387,12567.538000001106,36248.7210000027,0.279389,0.428325,0.2720025,0.4936905
5388,38567.53800000111,37048.72100000083,0.440181,0.399387,0.40445644,0.40854606
5389,19967.53800000064,46048.721000000834,0.090798,0.124347,0.10701859,0.1345998
5390,12967.537999999246,33048.72100000177,0.343079,0.243248,0.33548638,0.21412373
5391,33567.53800000064,39648.721000000834,0.356572,0.507448,0.38313165,0.49646792
5392,38567.53800000111,36848.721000001766,0.452185,0.521931,0.4260843,0.41814306
5394,35567.538000000175,34648.721000000834,0.366669,0.39915,0.3711624,0.39561164
5395,41367.538000000175,39248.7210000027,0.294342,0.4126,0.34191436,0.47094396
5398,37567.53800000018,38848.721000000834,0.353167,0.081835,0.36571318,0.097281866
5399,18967.53800000064,31448.7210000027,0.457555,0.121913,0.42533597,0.11243535
5400,16967.53799999971,35048.721000000834,0.30614,0.470749,0.28605196,0.32084864
5402,44367.538000000175,39648.721000000834,0.316826,0.121673,0.3055499,0.15757987
5404,12367.538000000643,28248.721000000838,0.271952,0.143399,0.3003255,0.11395221
5405,5967.53799999971,33248.721000000834,0.387925,0.115059,0.36596957,0.19155355
5407,20167.538000001106,39648.721000000834,0.254997,0.576838,0.2709119,0.5089531
5408,27967.538000000175,37848.7210000027,0.385884,0.465748,0.3742676,0.53072506
5411,15367.538000000175,37248.721000000834,0.259446,0.442483,0.24194422,0.46244118
5412,14567.538000000639,34848.7209999999,0.345395,0.316518,0.33689982,0.29430473
5413,32567.53799999971,39848.721000000834,0.36408,0.395406,0.35816318,0.39319712
5416,14767.538000000173,34648.721000000834,0.347645,0.298889,0.34705573,0.315816
5417,20367.538000000175,41248.7210000027,0.258056,0.431845,0.25458676,0.49528432
5418,43167.538000000175,37448.7210000027,0.388605,0.432855,0.3730217,0.33958077
5419,17367.53799999971,43448.721000000834,0.131377,0.092099,0.12238507,0.081192546
5420,30767.538000000637,40448.72100000269,0.332064,0.570628,0.32883883,0.23996058
5421,30367.53800000064,37648.72100000363,0.440359,0.330659,0.4263241,0.35643035
5422,42967.53800000111,36648.7210000027,0.447085,0.432415,0.44070792,0.37976375
5423,16767.537999999244,36248.7210000027,0.301843,0.461295,0.28591862,0.42970198
5424,15567.538000000643,33648.7210000027,0.353516,0.306591,0.36127773,0.2978247
5425,31167.538000000175,41648.7210000027,0.288634,0.201341,0.2688603,0.16997635
5427,21367.538000000175,47848.72100000363,0.104659,0.350315,0.14722016,0.3659819
5428,37567.538000000175,35648.721000001766,0.39312,0.63499,0.40418857,0.4603908
5429,18967.53800000064,44448.721000001766,0.202578,0.075037,0.18781933,0.1434353
5430,27967.538000000175,33448.721000000834,0.353359,0.736914,0.35628152,0.5200889
5431,22767.53800000064,47648.7210000027,0.113898,0.35223,0.10887729,0.39054364
5432,28567.538000000175,34248.7210000027,0.405407,0.435864,0.40075517,0.3836409
5433,17367.537999999706,43848.7210000027,0.10809,0.073971,0.096792355,0.09985163
5435,36967.53799999971,35448.7210000027,0.410413,0.400064,0.40618598,0.3853842
5436,27767.538000001106,34248.7210000027,0.328077,0.092046,0.3339681,0.19215286
5437,35367.53800000111,42248.721000000834,0.230902,0.560986,0.21382254,0.5588285
5438,35367.53800000111,33448.721000000834,0.30696,0.484459,0.3378968,0.47908166
5439,28167.53799999924,40248.72100000363,0.29378,0.541817,0.31323755,0.4615069
5442,27367.538000000175,30048.72100000363,0.350312,0.510345,0.37113416,0.558334
5443,21367.538000000175,33448.721000000834,0.421889,0.486407,0.41877732,0.44135222
5444,26567.53800000064,42448.720999999896,0.193682,0.402019,0.22115405,0.45115644
5445,13967.538000000171,37648.721000003636,0.247333,0.244164,0.24003935,0.25816238
5446,13967.538000000177,32248.72100000083,0.347213,0.114853,0.3590955,0.13733472
5447,40767.53799999971,36448.72100000362,0.487709,0.580015,0.42966014,0.4468619
5448,36167.538000000175,33248.721000000834,0.330684,0.424688,0.34974247,0.49283382
5449,10767.53800000064,31848.72100000177,0.406873,0.125124,0.40627506,0.08718725
5450,40167.53799999971,38648.7209999999,0.404816,0.514118,0.4171133,0.47602898
5451,37767.53800000018,39848.721000000834,0.357982,0.124583,0.37301323,0.11559815
5452,19967.53800000064,31848.721000001766,0.440582,0.465145,0.45414788,0.40798822
5453,48967.538000000175,33648.7210000027,0.236576,0.121305,0.23344468,0.115027644
5454,18967.538000000644,35048.721000000834,0.36805,0.309089,0.37931085,0.2931503
5455,29167.538000000175,40048.7210000027,0.35641,0.369215,0.33279622,0.42742833
5456,20967.538000000175,41248.7210000027,0.252463,0.585666,0.26260746,0.49379444
5457,26967.53800000064,25848.721000000834,0.202573,0.354478,0.20029773,0.3514839
5460,22167.53800000064,46048.721000000834,0.132017,0.532093,0.13665318,0.54025394
5461,33567.53800000064,35248.7210000027,0.397247,0.459279,0.41098464,0.49692526
5462,6567.53799999971,33448.721000000834,0.393262,0.111624,0.3444997,0.12375032
5463,36767.538000000175,33648.7210000027,0.384719,0.54946,0.3551474,0.4809959
5464,28367.537999999713,36648.7210000027,0.412559,0.446178,0.39599133,0.445726
5465,37967.53800000064,32248.721000000834,0.312621,0.564712,0.29046664,0.56473833
5469,41567.538000000175,35448.7210000027,0.465653,0.445439,0.45304763,0.46095443
5470,5567.537999999709,33248.721000000834,0.390114,0.299861,0.38129458,0.23569153
5471,25567.53799999971,29448.721000000834,0.4111,0.486732,0.37798676,0.46245348
5472,31967.537999999247,34648.721000000834,0.360513,0.627919,0.37130892,0.4819461
5473,33967.538000000175,33648.7210000027,0.372491,0.390582,0.3545585,0.5088799
5474,39167.53800000111,38648.720999999896,0.396183,0.2964,0.34676415,0.2646029
5475,20367.538000000175,46448.721000000834,0.116711,0.128078,0.10927907,0.1350364
5476,17167.538000000175,35248.7210000027,0.315647,0.463118,0.32699305,0.46408498
5477,30167.538000000175,29448.721000000834,0.257379,0.478346,0.2704789,0.5520438
5478,18767.538000000175,34848.7209999999,0.371363,0.29949,0.39135966,0.3543194
5479,27967.538000000175,37248.721000000834,0.421925,0.613913,0.40440413,0.49874765
5480,39967.538000000175,37648.721000003636,0.461861,0.558152,0.43139797,0.50658584
5481,29567.538000000175,37248.721000000834,0.439823,0.644911,0.44798777,0.4904399
5482,11167.538000000175,28848.721000003632,0.271096,0.154504,0.29301813,0.13311225
5483,21367.538000000175,31648.721000002697,0.475255,0.519585,0.4846331,0.492937
5484,30367.538000000637,40448.7210000027,0.318073,0.251251,0.33850017,0.25074136
5485,18367.53800000064,46448.721000000834,0.126863,0.091431,0.11989279,0.06960567
5487,17767.538000000175,44848.72100000083,0.104815,0.064729,0.12404749,0.069766544
5488,39367.538000000175,36648.7210000027,0.491042,0.411831,0.47414201,0.41568422
5489,29767.538000000637,38448.721000000834,0.370261,0.430671,0.3650718,0.50106794
5490,27967.53800000018,48848.72100000269,0.161504,0.355374,0.1563179,0.28986835
5491,21367.53800000017,38848.721000000834,0.316905,0.690687,0.2916973,0.5274845
5492,22767.53800000064,36248.721000002704,0.366123,0.268635,0.35836202,0.3998658
5493,19567.538000001103,35048.721000000834,0.367293,0.296913,0.3568922,0.27868018
5494,28367.53799999971,36248.7210000027,0.416265,0.428247,0.39288566,0.4351243
5496,15367.538000000175,33448.721000000834,0.376153,0.307573,0.3757847,0.19882019
5497,10967.538000000175,35848.721000000834,0.278466,0.318048,0.27798098,0.2717286
5498,31367.53800000064,39648.721000000834,0.380089,0.172738,0.36395228,0.2812259
5499,34967.538000000175,35048.721000000834,0.429792,0.332762,0.40264454,0.34267354
5501,28167.537999999244,34248.7210000027,0.402196,0.111689,0.34657937,0.20033966
5503,31367.53800000064,31248.721000000838,0.245629,0.484734,0.2870663,0.49835974
5504,18567.538000000175,44448.721000001766,0.197052,0.081442,0.22025025,0.17887981
5506,29367.53799999971,46448.721000000834,0.178939,0.395818,0.17477539,0.41800672
5507,13367.538000000175,40848.721000000834,0.184095,0.066387,0.1994403,0.058505643
5508,31167.53800000017,40248.72100000363,0.316504,0.481837,0.35493922,0.22825596
5509,12967.537999999246,44448.721000001766,0.104155,0.070655,0.11634734,0.07139271
5510,38567.53800000111,33048.72100000177,0.359357,0.414336,0.35375324,0.5241356
5513,5367.537999999243,32848.7210000027,0.371007,0.28067,0.37341982,0.25459573
5514,14567.53800000064,40848.721000000834,0.18236,0.054822,0.20978785,0.05430614
5515,5367.537999999243,29448.721000000834,0.318875,0.149466,0.32042122,0.14087617
5516,41167.53800000064,36248.721000002704,0.460139,0.419186,0.44271916,0.45667756
5519,38767.53800000018,35248.7210000027,0.452759,0.520158,0.4267247,0.5082192
5520,38967.53800000064,36848.721000001766,0.475534,0.400794,0.4685343,0.42068332
5522,23967.53800000111,45448.721000002704,0.15115,0.365105,0.14398368,0.37557667
5523,38967.53800000065,32248.721000000838,0.297019,0.416106,0.30419338,0.469393
5524,20567.537999999244,34048.7210000027,0.40543,0.575574,0.397222,0.4534028
5525,18767.538000000175,37648.72100000362,0.322873,0.518267,0.28447497,0.4656172
5526,31367.538000000637,34848.7209999999,0.407832,0.457861,0.37311807,0.44645622
5527,39767.53799999971,35248.7210000027,0.454309,0.371409,0.42658994,0.43862042
5528,42567.538000000175,36248.7210000027,0.433725,0.432466,0.43939647,0.41668662
5529,32167.53799999971,42848.7210000027,0.18398,0.140805,0.24360074,0.06399336
5530,40967.538000000175,38248.72100000176,0.40416,0.544728,0.36192104,0.47985703
5531,23167.53800000064,46448.72100000084,0.13769,0.53841,0.12970167,0.5321577
5532,14567.53800000064,29048.7210000027,0.307948,0.148793,0.28547823,0.11806274
5533,26967.538000000637,33848.72100000363,0.37842,0.473706,0.39578953,0.48108575
5534,28767.53799999971,39048.7210000027,0.372841,0.430152,0.37969232,0.48708385
5535,22967.538000000175,34248.7210000027,0.392915,0.079674,0.4227865,0.3088676
5537,20567.537999999244,46048.721000000834,0.129165,0.193855,0.13683091,0.11528397
5538,25567.53799999971,42048.721000001766,0.193898,0.06002,0.2254738,0.046640266
5539,29567.538000000175,33048.721000001766,0.360271,0.524577,0.3623002,0.5200171
5540,38967.53800000064,37448.7210000027,0.468315,0.435175,0.44500342,0.44745973
5541,24167.538000000175,29448.721000000834,0.394425,0.495581,0.38668388,0.3950558
5542,16367.538000001105,40648.72100000177,0.185533,0.284399,0.17411846,0.16067646
5543,36167.53800000017,41448.721000003636,0.230682,0.635888,0.22599106,0.5889442
5544,29367.537999999713,36848.721000001766,0.452248,0.465366,0.452236,0.51192224
5545,25167.538000000175,28648.721000002693,0.35232,0.529521,0.34934425,0.46575472
5546,47367.53799999971,38848.721000000834,0.336176,0.117322,0.15636274,0.13955522
5547,10567.538000000175,33248.721000000834,0.374609,0.107452,0.37885508,0.14227147
5548,35167.53800000065,42648.721000000834,0.182012,0.549756,0.19831622,0.5302723
5549,31567.538000001103,33448.721000000834,0.361264,0.471103,0.3382929,0.5375369
5550,17167.538000000175,35848.721000000834,0.294045,0.4814,0.3083931,0.47216853
5551,28567.538000000175,45448.721000002704,0.205402,0.383439,0.19206531,0.41295877
5552,33767.538000000175,35648.721000001766,0.415368,0.459306,0.41778925,0.48096785
5553,30967.538000001106,35448.7210000027,0.426421,0.540078,0.41601148,0.44475567
5554,22567.538000000175,34048.7210000027,0.420541,0.248077,0.41784137,0.28347918
5558,31367.53800000064,40448.72100000269,0.344818,0.323569,0.3644053,0.2655528
5559,30967.538000001106,34248.7210000027,0.362637,0.42607,0.36107537,0.45753905
5560,18367.53800000064,45448.7210000027,0.099684,0.07326,0.100789666,0.0618773
5561,28967.538000000175,40048.7210000027,0.365917,0.443459,0.32199118,0.44001213
5562,20167.538000001106,33248.721000000834,0.408075,0.483258,0.38898832,0.5011194
5563,29167.538000000175,35448.7210000027,0.403234,0.528443,0.4148108,0.4917643
5564,4767.538000000642,28448.721000000834,0.34248,0.121958,0.3248694,0.14003992
5565,39567.537999999244,36248.7210000027,0.469549,0.400792,0.4779667,0.39332518
5566,16167.538000000643,37248.721000000834,0.256902,0.417937,0.25756714,0.40686777
5568,4967.5380000011055,31448.721000002697,0.39281,0.300346,0.37048817,0.26317564
5569,27767.538000001103,38248.721000001766,0.367662,0.460959,0.35731328,0.5143393
5570,31967.537999999247,35248.7210000027,0.385189,0.477539,0.38678807,0.47515944
5571,15367.538000000177,36848.721000001766,0.294162,0.472258,0.23507099,0.5134059
5572,12767.538000000175,36248.7210000027,0.283119,0.450237,0.2793464,0.49096912
5573,28167.537999999244,46848.72100000269,0.167451,0.417131,0.15954539,0.37579328
5574,27567.538000000637,38048.7210000027,0.350726,0.600594,0.35009766,0.55396515
5576,38767.53800000018,37848.7210000027,0.478889,0.429299,0.45064896,0.3975207
5577,20167.538000001106,44448.721000001766,0.150433,0.083682,0.10397422,0.180916
5578,24567.53799999971,31048.720999999903,0.467022,0.395299,0.45836475,0.48419335
5579,21967.538000000175,46048.721000000834,0.120016,0.513199,0.1257172,0.5417408
5580,19567.538000001106,32848.7210000027,0.409832,0.367372,0.4239527,0.4369336
5581,39167.53800000111,36448.72100000362,0.482429,0.44195,0.47018224,0.40154958
5582,35367.538000001114,35048.721000000834,0.424169,0.338734,0.39578488,0.36603025
5583,38567.538000001114,32448.721000002697,0.322132,0.464469,0.33121067,0.59170866
5584,27567.538000000637,46848.72100000269,0.164785,0.44912,0.16392307,0.42176577
5585,28967.53800000018,33848.72100000363,0.404291,0.589144,0.39685696,0.44831136
5586,28967.53800000018,47048.721000001766,0.145158,0.411263,0.13239178,0.3667706
5587,48967.538000000175,33448.721000000834,0.226787,0.125888,0.2421573,0.12099249
5588,28967.538000000175,29648.721000000834,0.30799,0.655067,0.2833531,0.6566774
5589,44367.538000000175,36048.72100000083,0.407112,0.327926,0.39319596,0.22538134
5590,3767.5380000006407,25448.721000001766,0.239133,0.14008,0.24608797,0.09200119
5591,20567.537999999244,39048.721000002704,0.319649,0.505157,0.3048542,0.4788196
5592,26767.538000000175,43648.721000000834,0.177309,0.311888,0.20892103,0.26624933
5593,42567.53800000017,38248.721000001766,0.35542,0.375778,0.36779866,0.35097566
5594,18367.53800000064,40448.7210000027,0.236419,0.580026,0.2426737,0.5512711
5595,24967.537999999706,45048.72100000269,0.180414,0.071169,0.23886977,0.040273357
5596,21767.53799999971,45848.72100000176,0.128722,0.486638,0.12739804,0.52266645
5597,28767.53799999971,39448.72100000176,0.365855,0.488751,0.3625181,0.4994035
5598,15967.538000000175,40248.72100000363,0.189504,0.082383,0.19072685,0.1670533
5599,22167.538000000644,35048.721000000834,0.364768,0.501998,0.38472018,0.50229424
5600,11367.538000000639,38048.7210000027,0.161566,0.06774,0.15609458,0.23917817
5601,5167.538000000175,31848.721000001766,0.375244,0.299131,0.36090383,0.22081703
5603,19567.538000001106,43048.7210000027,0.196232,0.397659,0.19719055,0.35621855
5605,10567.538000000173,33048.721000001766,0.336382,0.111,0.38532245,0.16770613
5606,33567.53800000064,34048.7210000027,0.372808,0.429958,0.3801228,0.46808717
5609,39767.53799999971,37848.7210000027,0.466042,0.524684,0.42900845,0.5086764
5610,15567.538000000643,47248.72100000084,0.046758,0.012953,0.05414602,0.063930266
5611,24767.538000000175,46648.7210000027,0.137481,0.451048,0.14620858,0.43507996
5612,38767.53800000018,33248.721000000834,0.385662,0.716451,0.3753298,0.5188
5613,23167.53800000064,38248.721000001766,0.290468,0.04513,0.30343592,-0.021420816
5614,19367.538000000644,42648.721000000834,0.196018,0.294644,0.22004913,0.2726328
5615,41767.53800000064,34048.7210000027,0.427119,0.17465,0.413199,0.2948717
5616,13767.538000000177,39248.7210000027,0.173838,0.074641,0.16051865,0.065174095
5617,28367.53799999971,44448.721000001766,0.226841,0.486745,0.2431137,0.45919684
5618,40367.538000000175,35048.721000000834,0.490144,0.660998,0.47815913,0.43819502
5619,6967.538000000641,29648.721000000834,0.302549,0.147429,0.31676814,0.13043794
5621,21167.537999999713,46248.7209999999,0.107777,0.436847,0.097645506,0.43991113
5622,30367.53800000064,38848.72100000083,0.387371,0.481705,0.3882534,0.51282257
5624,37767.53800000018,32848.7210000027,0.360376,0.598493,0.34609726,0.44052523
5625,36367.53799999971,32248.721000000834,0.311682,0.62386,0.31436887,0.57372636
5627,18767.538000000175,43048.721000002704,0.201448,0.394326,0.20524697,0.32731718
5628,34167.53800000064,37248.721000000834,0.410139,0.469278,0.4155861,0.4621607
5629,19567.538000001106,42448.7209999999,0.198005,0.096006,0.21100523,0.23918162
5630,10767.538000000639,27648.7210000027,0.299052,0.136884,0.32292572,0.15104327
5631,21167.53799999971,36648.7210000027,0.34855,0.582942,0.34555346,0.46849838
5632,13967.538000000171,34448.721000001766,0.354518,0.154566,0.3418164,0.18357143
5633,26767.538000000175,29848.7210000027,0.360044,0.531925,0.37433442,0.5441467
5634,12167.538000000173,33248.721000000834,0.398502,0.280468,0.40708086,0.15002713
5635,23767.538000000637,45048.721000002704,0.147151,0.118932,0.1472471,0.16256525
5637,27567.538000000637,39648.721000000834,0.328977,0.454457,0.32893705,0.47838905
5638,19567.538000001106,36048.72100000083,0.311729,0.420699,0.33849972,0.4355017
5640,24567.53799999971,28248.721000000838,0.346043,0.434547,0.34300533,0.40376258
5642,14167.537999999708,37448.7210000027,0.27557,0.243552,0.29769805,0.32925773
5644,19367.53800000064,34848.7209999999,0.356129,0.296074,0.3753793,0.28158697
5645,16767.537999999244,36448.72100000362,0.303889,0.446581,0.2825097,0.41550776
5646,17367.53799999971,33448.721000000834,0.342632,0.332363,0.38160586,0.34985387
5647,20767.53799999971,36048.72100000084,0.363059,0.558443,0.38538286,0.47007385
5648,24167.538000000175,34848.7209999999,0.389063,0.44896,0.39298868,0.43658638
5650,27367.538000000175,35048.721000000834,0.32872,0.071159,0.32889873,0.1175404
5651,27167.538000001106,43248.721000001766,0.175399,0.090295,0.17828402,0.30165052
5653,28367.53799999971,34848.7209999999,0.382523,0.113644,0.35686785,0.15998681
5654,31567.538000001103,32048.721000000834,0.286046,0.479499,0.30065382,0.5416036
5655,21167.53799999971,32248.721000000834,0.466692,0.490005,0.44669923,0.48120084
5656,24167.538000000175,32048.721000000834,0.475955,0.448129,0.45898223,0.48302
5660,13767.538000000177,30248.721000002693,0.255528,0.101316,0.29457864,0.12196315
5661,45367.53800000017,43248.72100000177,0.149714,0.0,0.16166717,0.08331769
5663,35567.538000000175,32448.721000002697,0.327397,0.488286,0.32523087,0.5953724
5664,13567.537999999711,46648.7210000027,0.03615,0.010385,0.049372435,0.011694511
5665,31167.538000000175,34248.7210000027,0.37216,0.569931,0.3607123,0.49735746
5666,20967.538000000175,34448.721000001766,0.386379,0.358985,0.40291458,0.39541507
5668,13967.538000000177,29648.721000000834,0.300829,0.126815,0.28515127,0.11494448
5669,18167.538000000175,43448.72100000084,0.198449,0.251551,0.25447813,0.19558538
5671,39167.53800000111,34848.7209999999,0.460135,0.525481,0.429472,0.49685693
5672,10167.538000000175,24248.721000001766,0.26458,0.114383,0.272604,0.118378006
5673,31767.53800000018,45048.7210000027,0.181433,0.106316,0.25464922,0.17870304
5674,21167.53799999971,39048.7210000027,0.302249,0.514534,0.30417073,0.52149385
5675,30967.538000001106,33448.721000000834,0.336555,0.526665,0.35217768,0.5823503
5677,24167.538000000175,46248.72099999991,0.123834,0.446886,0.1244359,0.40244722
5678,43167.53800000017,38448.72100000083,0.350706,0.18457,0.36073503,0.2325679
5679,37567.538000000175,32848.7210000027,0.348336,0.391332,0.34984532,0.43303195
5680,23367.538000001106,35448.7210000027,0.40507,0.406793,0.37523702,0.41394767
5681,15967.538000000173,46648.7210000027,0.074975,0.024468,0.06354892,0.08421209
5682,41167.53800000064,37648.72100000363,0.42838,0.511289,0.4438021,0.49602965
5683,26567.53800000064,31848.72100000177,0.384226,0.485952,0.42965832,0.5425784
5684,16967.53799999971,37448.7210000027,0.254239,0.303313,0.24719866,0.2756886
5685,28767.53799999971,39648.721000000834,0.3347,0.452338,0.33771625,0.50638914
5686,9367.53799999971,34648.721000000834,0.295527,0.073272,0.30285358,0.04850923
5687,23967.538000001106,33048.72100000177,0.450732,0.362984,0.41478008,0.37324095
5688,4367.5380000011055,28048.721000001766,0.29366,0.131363,0.31694034,0.11711212
5689,33367.538000000175,32848.7210000027,0.337805,0.660218,0.35248664,0.6061692
5690,47167.537999999244,33248.721000000834,0.334271,0.097894,0.3088598,0.09823298
5691,38567.538000001114,37448.7210000027,0.432972,0.290948,0.42412305,0.37129024
5692,14167.537999999711,32848.7210000027,0.329744,0.129885,0.3319151,0.20241933
5693,25767.538000000175,28448.72100000083,0.311689,0.461094,0.332245,0.45296592
5694,23767.53800000064,30448.7210000027,0.454043,0.390461,0.43908805,0.36327383
5695,40167.53799999971,34048.7210000027,0.423349,0.379394,0.43547207,0.42588603
5696,29567.538000000175,40448.7210000027,0.31447,0.410474,0.32665008,0.3372471
5697,41967.53800000018,37248.721000000834,0.425727,0.512291,0.42761943,0.48746604
5698,28567.538000000175,29648.721000000834,0.324832,0.476291,0.31999686,0.54896486
5699,22967.538000000175,36848.721000001766,0.345981,0.121335,0.3344661,0.18845439
5700,36567.53800000017,41848.7210000027,0.222685,0.453418,0.20931737,0.5219703
5701,31367.53800000064,30448.7210000027,0.266764,0.433191,0.26815927,0.40116358
5702,22167.53800000064,42848.7210000027,0.160194,0.383764,0.19634758,0.19086567
5703,12167.538000000177,34848.7209999999,0.34653,0.180679,0.31892604,0.27399752
5704,32767.538000000175,32648.72100000363,0.342517,0.588416,0.34734,0.54861695
5705,32567.537999999713,43248.721000001766,0.182134,0.10623,0.22836286,0.060285646
5706,34367.538000000175,39248.7210000027,0.358591,0.501008,0.38994882,0.50670993
5707,14967.538000000177,35048.721000000834,0.331696,0.355916,0.37216187,0.42594683
5708,27567.538000000637,30248.721000002697,0.341858,0.547149,0.37419963,0.5634116
5709,34167.53800000064,39448.72100000176,0.377517,0.500222,0.37013438,0.4849937
5710,13567.53799999971,40648.721000001766,0.1917,0.062637,0.19778742,0.05553915
5711,40967.538000000175,34048.7210000027,0.435301,0.244549,0.46010467,0.4290397
5712,7367.538000000175,34848.7209999999,0.341403,0.116552,0.35456184,0.08626797
5713,18567.538000000175,44848.72100000083,0.161651,0.076984,0.16426614,0.09978985
5714,26567.53800000064,47448.721000000834,0.136821,0.496221,0.11778405,0.4792265
5715,19167.538000000175,31448.721000002697,0.432632,0.124074,0.41043717,0.16045079
5716,9767.53799999971,35048.721000000834,0.335984,0.077014,0.32121307,0.118517734
5717,43167.538000000175,34848.7209999999,0.405735,0.119875,0.36407658,0.2016438
5719,38767.53800000018,39248.7210000027,0.372194,0.295636,0.38752285,0.254315
5721,29167.538000000175,38048.721000002704,0.34952,0.387758,0.38608912,0.4233126
5722,13767.538000000177,32248.721000000838,0.342031,0.106069,0.36323237,0.14982282
5724,6767.538000000177,30848.721000000838,0.348643,0.108793,0.3281244,0.11787198
5725,21767.53799999971,32648.72100000363,0.451663,0.373899,0.44520068,0.46420363
5726,36767.538000000175,37448.7210000027,0.399366,0.066312,0.3836269,0.079632424
5727,32967.53800000017,32648.721000003625,0.353962,0.602691,0.34837097,0.56766343
5728,15767.538000001106,28848.721000003632,0.340064,0.138271,0.34802237,0.14447677
5729,23367.538000001106,36448.72100000362,0.369456,0.290717,0.36753467,0.27321005
5730,31567.538000001106,34448.721000001766,0.374768,0.595918,0.3639478,0.5065769
5731,6967.538000000641,33248.721000000834,0.38113,0.100325,0.36145768,0.11540005
5732,21567.53800000017,36848.721000001766,0.308787,0.244176,0.32556838,0.3785511
5733,29567.538000000175,33448.721000000834,0.364254,0.661745,0.36353472,0.5631362
5734,32567.537999999713,37648.72100000363,0.437546,0.396724,0.41591695,0.4568154
5735,38167.53800000018,34848.7209999999,0.454139,0.561351,0.41324803,0.53442574
5736,41967.538000000175,33848.72100000363,0.426484,0.415151,0.40006375,0.2717602
5737,24567.537999999713,35048.721000000834,0.39074,0.652059,0.40678653,0.41031507
5738,16367.538000001105,37648.721000003636,0.247882,0.14524,0.2635121,0.2433854
5739,30567.538000000175,41448.721000003636,0.283304,0.394276,0.3289726,0.34531975
5740,10167.538000000175,32248.72100000083,0.387195,0.114605,0.3413269,0.09277158
5741,25967.53800000064,34848.7209999999,0.36668,0.413843,0.38576022,0.36072752
5743,29767.53800000064,35648.721000001766,0.43232,0.488194,0.3960392,0.52286595
5744,40167.53799999971,34648.721000000834,0.434641,0.412369,0.45776203,0.4690859
5745,30967.538000001106,36048.72100000083,0.463643,0.317304,0.4322208,0.3553821
5746,24167.538000000175,37848.7210000027,0.348685,0.033836,0.3180377,0.0847862
5748,38167.538000000175,32848.7210000027,0.355435,0.554985,0.34265995,0.48843363
5749,35167.53800000064,42048.721000001766,0.223169,0.646044,0.23134795,0.565256
5751,32967.538000000175,40048.7210000027,0.346591,0.466921,0.35626453,0.4500397
5753,8567.53800000064,32648.72100000363,0.400501,0.11786,0.38877192,0.11720427
5754,33167.53799999971,34248.7210000027,0.385591,0.447997,0.38914564,0.4595613
5755,18567.53800000017,41248.7210000027,0.213952,0.510567,0.20058133,0.4811101
5757,43967.5379999997,37448.7210000027,0.340717,0.109964,0.33124346,0.13039961
5758,14767.538000000175,36848.721000001766,0.28091,0.49216,0.24589756,0.50671947
5760,31967.537999999244,29248.72100000177,0.202196,0.395843,0.20547807,0.36043504
5761,39767.53799999971,32648.72100000363,0.338635,0.544367,0.33045658,0.5180845
5762,34967.538000000175,40048.7210000027,0.338391,0.575713,0.31497616,0.5037004
5764,38767.53800000018,32248.72100000083,0.304271,0.489045,0.28825676,0.5369739
5765,31367.538000000637,37648.72100000363,0.456026,0.459991,0.43471563,0.41612065
5766,3767.5380000006407,24048.721000002697,0.235645,0.03795,0.25381064,0.06985777
5767,36367.53799999971,42248.721000000834,0.219407,0.469854,0.21055798,0.5168487
5768,35967.53799999971,41648.72100000269,0.22904,0.612184,0.23724405,0.5880042
5769,13767.538000000177,42248.721000000834,0.139176,0.055059,0.15944555,0.022402277
5771,27567.538000000637,40648.721000001766,0.23873,0.361131,0.27437174,0.41483057
5773,15167.53800000064,44648.721000000834,0.094862,0.234449,0.09544718,0.19751827
5774,33967.538000000175,32848.7210000027,0.333511,0.602593,0.31499687,0.60092354
5775,34567.53800000064,32448.721000002697,0.314778,0.405789,0.3184077,0.48576316
5776,10767.538000000639,29448.721000000834,0.290425,0.137674,0.2554379,0.11288615
5777,30367.53800000064,38248.721000001766,0.40674,0.436571,0.422237,0.46069166
5778,15567.53800000064,34448.721000001766,0.330658,0.484467,0.30535904,0.52195084
5779,38367.53800000063,39048.721000002704,0.396807,0.123769,0.37300867,0.16001168
5781,27567.538000000637,33248.721000000834,0.366762,0.766362,0.38103014,0.59064966
5782,10167.538000000175,34048.7210000027,0.361398,0.111194,0.3741513,0.15900639
5783,32567.53799999971,35048.721000000834,0.403227,0.404548,0.38464773,0.46016324
5784,24167.538000000175,35048.721000000834,0.379712,0.658561,0.38276893,0.4368324
5785,16767.537999999244,36048.72100000083,0.287599,0.417778,0.2902483,0.45767352
5786,4367.538000001106,23848.721000002697,0.226429,0.036989,0.26079962,0.0810559
5787,23767.538000000637,35048.721000000834,0.377335,0.432517,0.37736627,0.46364176
5788,19367.538000000644,46448.72100000084,0.122953,0.123459,0.10362829,0.16682288
5789,19767.538000000175,46448.721000000834,0.107065,0.240579,0.10534759,0.14213906
5790,6367.538000000175,31048.7209999999,0.338781,0.112469,0.33564028,0.12168958
5791,27967.53800000017,30048.72100000363,0.332615,0.54956,0.3591643,0.56366
5792,32967.538000000175,34048.7210000027,0.380731,0.470009,0.37774754,0.43946528
5793,34567.53800000064,35448.7210000027,0.401941,0.409098,0.4102131,0.36887953
5794,9567.538000000173,30648.721000001762,0.366456,0.139189,0.3750555,0.097667746
5795,28567.538000000175,45648.7210000027,0.21981,0.38796,0.18211916,0.40888026
5797,20767.53799999971,39048.721000002704,0.300129,0.635193,0.3157417,0.51553667
5798,29567.538000000175,37648.72100000362,0.394535,0.418357,0.4094378,0.4293168
5799,17767.538000000175,42048.721000001766,0.141113,0.458561,0.1554322,0.3620216
5800,15167.538000000639,44448.721000001766,0.103996,0.23328,0.10128254,0.20699117
5801,11567.538000000173,25848.721000000834,0.275178,0.118862,0.2586224,0.099723004
5802,9767.53799999971,32848.7210000027,0.379179,0.103915,0.35737878,0.12947536
5803,15367.538000000177,34448.721000001766,0.355556,0.484205,0.32851925,0.47597614
5804,33567.53800000064,35648.721000001766,0.407812,0.614517,0.41109374,0.48428765
5805,29567.538000000175,35448.7210000027,0.423605,0.450336,0.40359294,0.5232969
5806,41967.538000000175,36248.7210000027,0.487575,0.453695,0.43081734,0.44832888
5807,17167.538000000175,40848.721000000834,0.181847,0.054859,0.13722534,0.14710693
5808,43967.53799999971,34248.7210000027,0.334413,0.07811,0.24293265,0.05716758
5809,11767.538000000639,40448.72100000269,0.208247,0.036837,0.2611861,0.082012914
5811,36567.538000000175,34848.7209999999,0.436021,0.444269,0.40634805,0.426163
5813,23767.53800000064,33448.721000000834,0.440138,0.575287,0.40166813,0.20351517
5815,28567.538000000175,40848.721000000834,0.300413,0.415508,0.31570914,0.39778185
5816,19167.538000000175,40248.72100000363,0.232443,0.522861,0.23835899,0.4977686
5821,13567.53799999971,29248.721000001766,0.288525,0.131646,0.2792935,0.12279592
5822,24967.53799999971,31448.7210000027,0.455745,0.348065,0.4437946,0.4400735
5823,5967.537999999709,31848.72100000177,0.351357,0.123015,0.3357269,0.11208161
5824,31567.538000001103,40448.72100000269,0.361863,0.406704,0.3757227,0.2689596
5825,39367.538000000175,37248.721000000834,0.479432,0.458624,0.45657697,0.4649223
5826,35967.53799999971,35848.72100000083,0.388543,0.315296,0.40355045,0.2177253
5827,24967.53799999971,32648.72100000363,0.431178,0.681456,0.45072022,0.5374902
5828,11767.538000000639,39248.7210000027,0.213437,0.07763,0.2069972,0.17013678
5829,27767.538000001106,37848.7210000027,0.392036,0.459104,0.389346,0.5384915
5830,29167.538000000175,35648.721000001766,0.406043,0.527325,0.41279757,0.49263495
5831,35767.53799999924,39848.721000000834,0.304094,0.287258,0.27573162,0.41173312
5832,42567.538000000175,36648.7210000027,0.433176,0.642394,0.43808424,0.4490382
5834,23567.538000000175,33248.721000000834,0.444763,0.332617,0.44249213,0.3111998
5835,20567.537999999244,37648.721000003636,0.304502,0.433704,0.3141871,0.48425522
5836,39167.538000001114,34048.7210000027,0.386826,0.518525,0.40626326,0.44468465
5838,34567.53800000064,33848.72100000363,0.363783,0.399371,0.35799673,0.38744852
5840,12167.538000000173,37048.72100000083,0.234584,0.426778,0.26710954,0.38346398
5841,19967.53800000064,36448.72100000363,0.333458,0.531801,0.31064662,0.4813588
5842,32767.53800000018,36248.7210000027,0.406012,0.58228,0.409455,0.47995156
5843,19967.53800000064,36248.7210000027,0.325706,0.504818,0.31710297,0.45102596
5844,14967.538000000173,33448.721000000834,0.342162,0.12947,0.3973329,0.21829502
5845,19367.53800000064,32848.7210000027,0.408749,0.373427,0.4290737,0.42934662
5846,22167.53800000064,45648.7210000027,0.149627,0.527419,0.13418387,0.5082168
5847,31367.538000000637,34448.721000001766,0.347927,0.584236,0.37320176,0.4865866
5848,30567.538000000175,29248.72100000177,0.25166,0.444728,0.22812253,0.45500675
5849,14367.538000000175,39848.721000000834,0.224322,0.090205,0.22763379,0.0931583
5851,21567.538000000175,47448.721000000834,0.133824,0.439787,0.12167218,0.44291827
5852,14967.538000000175,36448.72100000363,0.274654,0.47303,0.25914678,0.54345334
5853,41167.53800000064,34848.7209999999,0.457821,0.434749,0.44517666,0.4422747
5854,18567.53800000017,46448.721000000834,0.104818,0.095067,0.12025644,0.08717965
5855,32567.53799999971,40048.7210000027,0.366512,0.455187,0.34242406,0.37981182
5857,24567.53799999971,29448.72100000083,0.37881,0.470137,0.39411056,0.41884083
5858,39567.537999999244,38048.721000002704,0.395284,0.495327,0.4348487,0.47538716
5859,21367.538000000175,32848.7210000027,0.434167,0.318301,0.41936442,0.44477275
5860,37567.538000000175,34848.7209999999,0.413271,0.434909,0.4181643,0.5078214
5861,18567.538000000175,37048.72100000083,0.306838,0.509669,0.30741805,0.5032065
5862,10167.538000000175,35648.721000001766,0.314929,0.071525,0.24811508,0.15427019
5863,25567.537999999706,43848.7210000027,0.14528,0.145413,0.15923885,0.17717391
5864,20767.53799999971,37048.721000000834,0.286732,0.204577,0.2911399,0.32013744
5865,19567.538000001106,44848.72100000083,0.120034,0.08514,0.11435172,0.09016552
5866,23167.53800000064,43048.7210000027,0.17932,0.25817,0.19835965,0.16364725
5867,21367.538000000175,47448.721000000834,0.116724,0.318358,0.1074398,0.35823154
5868,34967.538000000175,37248.721000000834,0.444614,0.292259,0.43772376,0.24609628
5869,6767.538000000175,35648.72100000176,0.317438,0.13087,0.30662516,0.16097671
5870,27767.538000001106,46448.721000000834,0.130335,0.306962,0.13300702,0.4224784
5871,30967.538000001106,32848.7210000027,0.357084,0.57853,0.37803575,0.6753231
5873,17967.53799999971,42648.721000000834,0.161223,0.179097,0.14914435,0.27104458
5874,28567.538000000175,32848.7210000027,0.358161,0.351703,0.34510326,0.5235906
5875,15167.53800000064,27448.721000000834,0.331538,0.121083,0.3516078,0.118961655
5877,26767.538000000175,29048.721000002697,0.300479,0.491156,0.35737443,0.48480853
5878,14167.53799999971,45248.72100000363,0.079817,0.020274,0.066795796,0.03173511
5879,39967.538000000175,36448.72100000362,0.495016,0.424702,0.47503114,0.45472658
5880,17967.53799999971,46448.721000000834,0.079496,0.071198,0.1087143,0.08901667
5882,30767.538000000637,32248.721000000838,0.365311,0.602853,0.34456462,0.7377673
5883,15767.538000001108,35448.7210000027,0.349173,0.549359,0.30212763,0.54361176
5885,35167.53800000064,34848.7209999999,0.425772,0.338976,0.37956834,0.359372
5886,15967.538000000177,46448.721000000834,0.081199,0.025331,0.07147154,0.07633891
5887,26967.53800000064,32048.721000000834,0.399951,0.660215,0.41011712,0.5355973
5891,19567.538000001106,31448.721000002697,0.418853,0.147046,0.40969422,0.24327007
5892,13767.538000000175,40248.72100000363,0.216716,0.068574,0.2079542,0.062290806
5894,13567.537999999711,42248.721000000834,0.160402,0.060392,0.1623561,0.028326174
5898,17567.538000000175,39448.721000001766,0.207481,0.100589,0.1641915,0.34539583
5899,9767.537999999708,27248.720999999907,0.284201,0.148745,0.29745302,0.13086794
5900,22367.538000000175,46448.721000000834,0.129525,0.530824,0.13589542,0.5438715
5901,10767.53800000064,32648.72100000363,0.352047,0.118988,0.36657223,0.1387335
5904,24167.538000000175,33648.7210000027,0.412368,0.288906,0.4360125,0.29055643
5905,24967.53799999971,48648.721000000834,0.117464,0.253894,0.14055283,0.27114543
5906,27367.53800000018,25648.721000000834,0.166003,0.274571,0.20995656,0.292419
5907,31367.53800000064,31448.721000002697,0.301768,0.514696,0.3025524,0.5371134
5908,26767.538000000175,37448.7210000027,0.329265,0.035526,0.36015698,0.12064687
5911,18567.538000000175,33448.721000000834,0.382483,0.49306,0.3929841,0.43394268
5912,27367.538000000175,33648.7210000027,0.376397,0.38797,0.35849002,0.5106943
5913,36367.53799999971,41448.72100000363,0.22126,0.447172,0.22634217,0.57244015
5916,22967.538000000175,36648.7210000027,0.367164,0.290155,0.34344125,0.24188428
5917,16967.53799999971,28848.72100000363,0.33223,0.118911,0.34059572,0.12600896
5918,25367.53800000017,35848.721000000834,0.33665,0.063912,0.35090047,0.21076298
5919,41367.538000000175,33248.721000000834,0.376817,0.166122,0.37471431,0.26375982
5920,34767.53800000111,39048.721000002704,0.374087,0.478521,0.35381082,0.52191734
5921,35367.53800000111,41648.7210000027,0.243489,0.652759,0.23758191,0.6000962
5922,32167.53799999971,37848.7210000027,0.408689,0.35209,0.41337702,0.44543263
5923,10367.537999999711,27448.721000000834,0.281903,0.143905,0.30030766,0.14180236
5926,18367.53800000064,31248.721000000834,0.396919,0.113005,0.3970111,0.104005806
5927,21967.538000000175,39648.721000000834,0.242273,0.210458,0.2383047,0.2583473
5928,28967.53800000018,38648.7209999999,0.367288,0.357147,0.38659462,0.45169187
5929,28967.53800000018,34448.721000001766,0.378774,0.616421,0.37763315,0.51190686
5930,16367.538000001106,44248.7210000027,0.090927,0.027147,0.10826142,-0.022939513
5931,16367.538000001106,42248.721000000834,0.163218,0.031071,0.17106979,0.079799764
5932,13367.538000000173,41248.7210000027,0.179321,0.064745,0.19525819,0.05731483
5933,21567.538000000175,47248.721000000834,0.107883,0.44063,0.109340146,0.4058882
5934,27367.538000000175,31248.721000000834,0.403987,0.796854,0.3743773,0.60944176
5935,33967.538000000175,38648.7209999999,0.420059,0.471409,0.41258106,0.5045485
5937,41367.53800000018,38248.721000001766,0.404128,0.53992,0.40261146,0.4693082
5938,30167.53800000017,36248.7210000027,0.422524,0.50833,0.41826636,0.48055983
5939,3167.5380000006407,27648.7210000027,0.254901,0.072203,0.2594894,0.09884577
5943,42367.5380000011,36048.72100000083,0.438259,0.422909,0.42595583,0.41685346
5944,5967.53799999971,29048.7210000027,0.324962,0.157677,0.3273699,0.23304626
5945,45167.538000000175,36848.721000001766,0.418889,0.376244,0.39936593,0.33465767
5946,13767.538000000177,40448.7210000027,0.196533,0.066339,0.20113003,0.05683594
5947,23367.538000001106,36648.7210000027,0.363862,0.291177,0.33813313,0.20018247
5948,10567.538000000173,36848.72100000177,0.29445,0.283163,0.2726139,0.3421096
5949,28167.53799999924,33048.72100000177,0.351513,0.710347,0.3399321,0.5566963
5950,35167.53800000064,38048.7210000027,0.39233,0.417223,0.40371564,0.37601662
5951,35367.53800000111,40848.721000000834,0.278909,0.673346,0.26834783,0.5938352
5952,22967.538000000175,30648.721000001762,0.485951,0.432042,0.45287105,0.44628543
5953,14367.538000000175,35048.721000000834,0.339605,0.333979,0.33565393,0.29216847
5954,14567.538000000639,42048.721000001766,0.166353,0.039111,0.12969968,0.037492413
5955,25767.538000000175,43648.721000000834,0.203409,0.148269,0.115586445,0.18068844
5956,18967.53800000064,43248.721000001766,0.221782,0.369782,0.19826667,0.33423987
5957,7167.538000000175,34648.721000000834,0.362454,0.117681,0.35790703,0.090560876
5959,4967.5380000011055,27648.721000002697,0.273371,0.101914,0.2769649,0.106191345
5960,35567.538000000175,39648.721000000834,0.316189,0.392872,0.32434615,0.4453706
5961,28367.53799999971,35648.721000001766,0.401469,0.497092,0.42338327,0.42317984
5963,32367.538000000175,36048.72100000083,0.389789,0.429342,0.39539814,0.44823143
5964,19167.538000000175,36448.72100000362,0.340252,0.512669,0.3602491,0.49334347
5965,36767.53800000017,35848.721000000834,0.45673,0.263118,0.43609315,0.24274223
5966,27167.538000001106,41048.721000000834,0.243652,0.462886,0.25538,0.32058373
5967,17567.538000000175,40048.7210000027,0.248399,0.406671,0.23519325,0.48858622
5968,8767.538000001106,32648.721000003625,0.411478,0.118223,0.39121488,0.11758857
5969,23167.53800000064,31248.721000000838,0.469736,0.418195,0.48921657,0.4699629
5970,42367.53800000111,37648.721000003636,0.393173,0.528747,0.39281505,0.47198126
5971,23167.53800000064,32648.72100000363,0.445246,0.384394,0.45765752,0.47830012
5972,42167.53800000065,37248.721000000834,0.395228,0.543717,0.40099806,0.48246956
5973,33767.538000000175,32248.72100000083,0.316427,0.519078,0.32363853,0.48890352
5974,39367.53800000017,33048.72100000177,0.386354,0.628956,0.35537112,0.5136486
5975,22567.538000000175,35648.72100000176,0.396657,0.465513,0.3947918,0.46627587
5976,32767.53800000018,33648.7210000027,0.365596,0.398839,0.35663298,0.4662039
5977,4567.538000000174,28848.721000003632,0.309611,0.100778,0.3169173,0.117580615
5978,42167.53800000064,36448.72100000363,0.435227,0.436153,0.45260936,0.4504595
5979,40767.53799999971,34048.7210000027,0.446635,0.558149,0.4589888,0.4722341
5980,26767.53800000018,30648.721000001762,0.411948,0.72582,0.40562955,0.5514226
5981,35367.53800000111,36648.7210000027,0.417288,0.132434,0.41447282,0.13859189
5982,14967.538000000173,36048.72100000084,0.259974,0.620734,0.29040504,0.543826
5983,28967.538000000175,35448.7210000027,0.39921,0.43552,0.40855676,0.48470193
5985,7967.538000000641,33048.721000001766,0.401787,0.110933,0.4244113,0.1620145
5986,9167.537999999244,34048.7210000027,0.354817,0.296797,0.36001205,0.23286885
5987,5967.53799999971,30248.7210000027,0.337595,0.130171,0.33304328,0.15255949
5989,28567.538000000175,37248.721000000834,0.404524,0.67941,0.42733994,0.4962237
5992,41567.538000000175,33448.721000000834,0.383663,0.171906,0.41254023,0.29618517
5995,41567.538000000175,33648.7210000027,0.411694,0.387992,0.4130522,0.30552486
5997,34767.53800000111,37648.721000003636,0.451484,0.408932,0.39719692,0.37327635
5998,33967.538000000175,39648.721000000834,0.379558,0.526502,0.38101682,0.49498546
5999,37567.538000000175,35848.721000000834,0.403876,0.512692,0.41413948,0.42342496
6000,31567.538000001106,29248.72100000177,0.213491,0.371433,0.1953912,0.3629427
6001,21567.53800000017,36448.72100000362,0.338535,0.487015,0.37226468,0.50503856
6002,28967.53800000018,40248.72100000363,0.305911,0.423802,0.3346596,0.42477897
6003,9767.53799999971,33448.721000000834,0.378034,0.104392,0.35152167,0.16305208
6005,5567.537999999709,28448.721000000834,0.3088,0.299716,0.3073698,0.25655743
6006,29767.53800000064,37648.72100000363,0.402653,0.380434,0.42758146,0.43416148
6007,30367.538000000637,32048.721000000834,0.345157,0.638711,0.33879405,0.6928479
6009,21967.538000000175,47048.721000001766,0.115017,0.470196,0.13538434,0.48616427
6010,27567.538000000644,41248.72100000269,0.266754,0.296096,0.23693082,0.28490144
6011,14367.538000000173,45848.721000001766,0.07607,0.025226,0.07412353,0.022384157
6012,28367.53799999971,40248.72100000363,0.291275,0.495056,0.3248302,0.4805351
6013,19567.538000001106,44048.721000003636,0.143288,0.088655,0.12744343,0.16259061
6014,17967.53799999971,39648.721000000834,0.233654,0.55495,0.28679475,0.4625609
6015,40567.538000000175,40248.72100000363,0.300301,0.577066,0.31386644,0.4460195
6016,34367.538000000175,38048.721000002704,0.385375,0.428376,0.37593892,0.4586736
6018,41967.538000000175,35648.721000001766,0.454758,0.470594,0.45193952,0.47319087
6019,27967.53800000017,34448.721000001766,0.344878,0.101354,0.33168855,0.13232687
6020,34567.53800000064,37448.7210000027,0.439964,0.387062,0.40918422,0.35739943
6021,21567.53800000017,35648.721000001766,0.382005,0.506776,0.36829317,0.53797245
6022,36767.538000000175,39448.72100000176,0.335571,0.091983,0.3396652,0.12793835
6025,28767.53799999971,33048.72100000176,0.343134,0.633083,0.3530775,0.60444975
6026,25367.53800000017,34248.7210000027,0.426985,0.337711,0.42783546,0.5109989
6027,31367.53800000064,37248.721000000834,0.430429,0.766703,0.43161422,0.43919918
6028,30967.538000001106,35248.7210000027,0.423534,0.509681,0.41694534,0.44508785
6029,19367.538000000644,35048.721000000834,0.374535,0.289842,0.37395704,0.27430195
6031,17767.538000000175,43448.72100000083,0.128895,0.102494,0.11911653,0.122861765
6032,24767.538000000175,28648.72100000269,0.354192,0.45722,0.35612783,0.42052615
6033,12767.538000000175,33248.721000000834,0.358273,0.126897,0.3688988,0.18030353
6034,29767.53800000064,39448.72100000176,0.354637,0.482487,0.3685959,0.48251146
6035,30367.53800000064,41448.72100000363,0.294538,0.197345,0.3312956,0.33315676
6036,20567.537999999244,43048.7210000027,0.167289,0.099445,0.20426042,0.11686503
6037,18967.53800000064,46248.7209999999,0.081504,0.109916,0.11000936,0.13063766
6038,18767.538000000175,33448.721000000834,0.377726,0.513679,0.39049122,0.41734338
6039,19767.538000000175,37848.7210000027,0.338172,0.434813,0.3042851,0.5471483
6040,12367.53800000064,36248.7210000027,0.280306,0.433706,0.26783204,0.48299056
6041,10967.538000000175,34248.7210000027,0.340685,0.356411,0.34246987,0.41388267
6042,25767.538000000175,29448.721000000834,0.394013,0.47705,0.37938726,0.46940863
6044,6167.538000000174,30248.721000002693,0.303113,0.130268,0.3304779,0.13940829
6045,18967.53800000064,42848.7210000027,0.167976,0.436087,0.20573254,0.36761513
6046,5567.537999999709,30448.7210000027,0.349669,0.121374,0.33504817,0.21940695
6047,16567.538000000175,46648.7210000027,0.080945,0.260415,0.05520892,0.116502725
6048,28567.53800000018,40248.72100000363,0.29532,0.474959,0.32735732,0.4417855
6049,40167.53799999971,40248.72100000363,0.294757,0.439584,0.32482627,0.48017356
6051,21167.53799999971,40848.721000000834,0.245732,0.502327,0.27102962,0.5122505
6052,39367.53800000017,36448.72100000362,0.477663,0.395896,0.4749616,0.40031132
6053,22167.53800000064,29648.721000000834,0.41607,0.394456,0.404266,0.47369564
6054,32967.538000000175,36048.72100000083,0.425865,0.330804,0.41112328,0.4546264
6055,26767.538000000175,29648.721000000834,0.373688,0.512114,0.36690784,0.5384131
6056,16567.538000000175,32448.721000002697,0.441335,0.137816,0.41367882,0.10858517
6057,13167.53799999971,46448.72100000084,0.046042,0.007318,0.06495887,0.0346583
6058,36167.53800000017,33848.72100000363,0.356202,0.430308,0.37348256,0.4364981
6059,38967.53800000065,37248.721000000834,0.474648,0.382317,0.45384133,0.4366348
6060,6367.538000000174,35848.721000000834,0.249013,0.302707,0.26016623,0.18050262
6061,25767.538000000175,48048.72100000269,0.121333,0.33192,0.12435274,0.31041163
6062,13567.537999999711,34048.7210000027,0.346334,0.301916,0.33802924,0.29777136
6064,40567.538000000175,36648.7210000027,0.477578,0.460451,0.47227088,0.47572672
6065,20167.538000001106,37848.7210000027,0.324472,0.557138,0.30316725,0.52378356
6066,22367.538000000175,46048.721000000834,0.126271,0.493616,0.14209482,0.54031134
6067,30767.538000000637,34048.72100000269,0.363127,0.496212,0.36595815,0.52035123
6069,13967.538000000177,46848.72100000269,0.067605,0.020651,0.07709131,0.015782734
6070,30767.538000000637,35248.7210000027,0.418356,0.540998,0.40615875,0.44488028
6071,10367.537999999711,33648.7210000027,0.369385,0.110397,0.35894114,0.19951741
6072,21567.538000000175,34248.7210000027,0.400227,0.543139,0.38228932,0.32930937
6073,36567.53800000017,37248.721000000834,0.416201,0.070933,0.37581608,0.084381096
6074,26567.53800000064,29448.721000000834,0.376427,0.480601,0.36422348,0.5342404
6075,10567.538000000173,32648.72100000363,0.368053,0.113417,0.37899035,0.09937128
6077,24767.538000000175,46848.72100000269,0.151847,0.472169,0.1489052,0.461169
6078,11967.538000001106,35648.721000001766,0.331136,0.384351,0.28566095,0.40645018
6080,26567.53800000064,49248.7210000027,0.188163,0.333466,0.32648066,0.23698516
6081,32567.53799999971,37248.721000000834,0.425851,0.430559,0.39614624,0.48086253
6082,47167.537999999244,34848.7209999999,0.319711,0.068398,0.293735,0.098173015
6083,20967.538000000175,36448.72100000362,0.348436,0.584425,0.37533197,0.4836008
6084,15167.538000000639,35648.721000001766,0.419828,0.513297,0.38337296,0.53705835
6085,23167.53800000064,34248.7210000027,0.396809,0.081516,0.42168072,0.35183033
6086,12767.538000000173,44448.721000001766,0.142445,0.080965,0.1432432,0.08733105
6087,36767.538000000175,42648.72100000084,0.155736,0.421089,0.16845132,0.48745865
6088,34567.53800000064,31848.721000001766,0.308597,0.395595,0.31148815,0.46410605
6089,29767.53800000064,36248.721000002704,0.427495,0.481146,0.4144521,0.51378155
6091,30967.538000001103,34448.721000001766,0.34601,0.525119,0.36224568,0.4580624
6092,17567.538000000175,35248.7210000027,0.327595,0.426418,0.33502048,0.45458886
6094,26967.53800000064,30848.721000000834,0.404523,0.450386,0.39190432,0.54202074
6095,41767.53800000064,39048.7210000027,0.386761,0.488466,0.37620512,0.46500272
6096,26767.538000000175,28448.721000000838,0.308561,0.405926,0.32855305,0.40424624
6097,13167.537999999708,35448.7210000027,0.317352,0.452883,0.3120285,0.45951438
6098,32967.538000000175,37248.721000000834,0.41798,0.524503,0.40142474,0.49952355
6099,32967.538000000175,29648.721000000834,0.182498,0.084013,0.2775817,0.05981301
6100,18767.538000000175,32648.72100000363,0.440541,0.137065,0.4329812,0.13589439
6101,18167.538000000175,45248.721000003636,0.091001,0.067156,0.103419214,0.027460089
6102,42967.53800000111,38248.721000001766,0.377743,0.186146,0.36273643,0.2895796
6103,40967.538000000175,36048.72100000084,0.484615,0.423976,0.4569225,0.44349068
6104,43367.537999999244,37848.7210000027,0.393563,0.185528,0.40792605,0.2488052
6105,15167.538000000639,45248.72100000363,0.09067,0.031477,0.12043649,0.04391702
6106,27567.538000000637,45448.721000002704,0.196781,0.374977,0.19188447,0.44109043
6107,16767.537999999244,41848.72100000269,0.130864,0.034098,0.17482845,0.07307469
6108,35367.53800000111,32248.72100000083,0.307774,0.616328,0.32225233,0.60154253
6109,16767.537999999244,36648.7210000027,0.302689,0.468024,0.2774569,0.41579935
6110,35367.53800000111,36048.72100000083,0.396355,0.143211,0.41240856,0.20050362
6112,18367.53800000064,41848.7210000027,0.211096,0.47271,0.22937965,0.4786568
6113,25767.538000000175,47448.721000000834,0.130279,0.444418,0.13911161,0.41726875
6114,15367.538000000175,39048.721000002704,0.202941,0.089591,0.17391828,0.11501319
6116,20367.538000000175,45448.721000002704,0.120605,0.229017,0.155275,0.1469817
6117,13967.538000000171,44448.721000001766,0.095598,0.042002,0.08158861,0.02546095
6118,29767.538000000637,36048.721000000834,0.40993,0.458896,0.41214,0.5213449
6119,28367.537999999713,25648.721000000834,0.131137,0.353258,0.1541655,0.34575787
6120,10167.538000000175,36048.72100000083,0.278249,0.056873,0.28791755,0.09202065
6121,41967.53800000018,38448.72100000083,0.384801,0.415231,0.39014155,0.4404136
6122,27367.538000000175,49048.72100000363,0.173977,0.397049,0.20627268,0.28830633
6123,32767.538000000175,37248.721000000834,0.426217,0.431487,0.40159145,0.49485895
6124,29167.538000000175,40448.72100000269,0.318228,0.370247,0.3371546,0.38735878
6125,30567.538000000175,34848.7209999999,0.416891,0.501167,0.38911206,0.46148694
6126,29567.538000000175,36648.721000002704,0.438196,0.506648,0.43132555,0.508411
6127,14167.537999999711,36648.7210000027,0.268885,0.534493,0.27939948,0.5171679
6129,20367.53800000018,35648.721000001766,0.372863,0.484582,0.35655087,0.45006272
6130,33167.53799999971,37648.72100000363,0.429011,0.527354,0.4202812,0.51381284
6131,22367.538000000175,48048.7210000027,0.128307,0.131495,0.10127112,0.23499998
6132,36367.53799999971,36848.721000001766,0.392437,0.07967,0.36926764,0.086277865
6133,5967.53799999971,35448.7210000027,0.291116,0.109068,0.2601625,0.16698985
6134,33567.53800000064,38448.721000000834,0.429121,0.577406,0.43932682,0.5179925
6135,33767.538000000175,39648.721000000834,0.383224,0.517669,0.3908211,0.512657
6136,8567.53800000064,34448.721000001766,0.322208,0.091617,0.26866093,0.08023029
6137,17367.53799999971,43248.721000001766,0.157552,0.096119,0.14960554,0.053930867
6139,19367.53800000064,33848.72100000363,0.375937,0.428054,0.33664146,0.45789123
6140,38567.538000001114,35048.721000000834,0.423007,0.538112,0.42094713,0.5270687
6142,20367.538000000175,36648.7210000027,0.333477,0.267869,0.31332424,0.38668737
6143,29567.538000000175,30848.721000000838,0.34924,0.543361,0.36458844,0.57122684
6144,22367.538000000175,36048.72100000083,0.37269,0.369086,0.3712067,0.46001852
6145,18367.53800000064,35448.7210000027,0.330188,0.378653,0.3412108,0.35126418
6146,21767.53799999971,36848.721000001766,0.31192,0.252767,0.31061623,0.3374555
6147,28167.537999999244,47248.721000000834,0.15641,0.315369,0.16212939,0.35905552
6148,25967.53800000064,37848.7210000027,0.313878,0.023199,0.31996498,0.029614469
6149,20967.538000000175,35648.721000001766,0.389913,0.645118,0.38244596,0.5043297
6150,36767.53800000017,34048.7210000027,0.39164,0.485496,0.3867546,0.49171874
6151,22167.53800000064,47248.721000000834,0.111036,0.473555,0.14657818,0.42069942
6152,32167.53799999971,32648.72100000363,0.313014,0.541154,0.31771588,0.47328112
6153,25767.538000000175,28248.72100000083,0.322281,0.434577,0.31097433,0.4750703
6154,28767.53799999971,47248.721000000834,0.134368,0.289747,0.1314313,0.34555048
6156,8967.538000000175,35648.721000001766,0.313487,0.05222,0.24441576,0.06938564
6158,17367.53799999971,28448.721000000834,0.316511,0.114568,0.29464912,0.15582779
6159,10367.53799999971,33048.72100000176,0.36045,0.107749,0.37748045,0.10662963
6160,8767.538000001106,31648.721000002697,0.396109,0.107176,0.40099478,0.09597548
6161,26567.53800000064,35248.7210000027,0.361632,0.086522,0.3340441,0.10386204
6164,39967.538000000175,40248.72100000363,0.286506,0.452651,0.34369692,0.46153066
6165,45567.53800000065,37448.7210000027,0.402628,0.367471,0.40723768,0.39202067
6166,15967.538000000177,32448.721000002697,0.359641,0.152599,0.32096216,0.19285762
6167,5167.538000000174,32448.721000002697,0.372985,0.278433,0.35228422,0.23735856
6168,5767.538000000175,28648.72100000269,0.33093,0.289023,0.3155398,0.25100577
6169,16967.537999999713,37048.721000000834,0.245054,0.424593,0.26907626,0.3809315
6170,31767.53800000018,39448.72100000176,0.389262,0.434856,0.36590657,0.3094667
6171,30967.538000001103,40648.72100000177,0.335871,0.202072,0.33601373,0.23685817
6172,26367.53800000018,43848.7210000027,0.201852,0.141522,0.23621935,0.1404116
6173,25167.538000000175,42648.721000000834,0.179939,0.093326,0.2718275,0.116615556
6174,48567.53800000017,44448.721000001766,0.147228,0.021072,0.22776814,0.069954745
6176,22967.538000000175,29848.7210000027,0.381322,0.275758,0.39155558,0.32812303
6177,41767.53800000064,43048.7210000027,0.163897,0.22088,0.24575268,0.11774736
6178,30367.538000000637,32248.721000000834,0.364616,0.642586,0.35277694,0.66183376
6179,17967.53799999971,34648.721000000834,0.368089,0.399287,0.34226152,0.3710618
6180,19567.538000001106,46248.72099999991,0.154431,0.239969,0.10729618,0.1711623
6181,26767.538000000175,33248.721000000834,0.397432,0.383658,0.3931231,0.4308177
6182,41367.538000000175,37048.72100000083,0.427039,0.450014,0.45328456,0.49460673
6183,17567.538000000175,42048.72100000176,0.145039,0.102974,0.20035267,0.16158743
6185,26767.538000000175,31248.721000000834,0.421861,0.307261,0.41192466,0.46912146
6186,40367.538000000175,40248.72100000363,0.303874,0.445786,0.32111728,0.45717496
6187,21167.53799999971,34048.7210000027,0.404158,0.4463,0.39780062,0.39252588
6188,36967.53799999971,32848.7210000027,0.340945,0.542412,0.352553,0.45600623
6189,7767.538000000175,35248.7210000027,0.34471,0.098095,0.34254515,0.048297334
6190,19767.538000000175,45648.7210000027,0.162722,0.354098,0.15879649,0.16334227
6192,28967.538000000175,35848.721000000834,0.416957,0.448083,0.40997803,0.47005934
6193,38967.53800000065,40448.72100000269,0.284803,0.381193,0.32583138,0.30156076
6194,17967.53799999971,41648.7210000027,0.196465,0.474651,0.18934684,0.47478038
6195,27367.53800000018,28448.721000000838,0.317585,0.42538,0.30017996,0.3988474
6196,47567.538000000175,35648.721000001766,0.325325,0.08317,0.3045541,0.08769845
6197,18567.538000000175,41448.721000003636,0.217891,0.447761,0.22844625,0.42106035
6198,25567.53799999971,39048.7210000027,0.269458,0.016307,0.26708978,0.058926065
6200,39767.53799999971,34448.721000001766,0.397419,0.471315,0.42654383,0.45336524
6201,4567.538000000174,30048.72100000363,0.31547,0.248154,0.29023054,0.17180246
6202,28367.537999999713,29648.721000000834,0.338205,0.487814,0.32276633,0.52469254
6203,13367.538000000175,35648.721000001766,0.308372,0.458824,0.30108282,0.48998356
6204,43567.5379999997,36248.7210000027,0.376912,0.120341,0.37560222,0.14922327
6205,36567.53800000017,42848.7210000027,0.176438,0.448999,0.16347389,0.46271312
6206,18967.53800000064,38048.7210000027,0.27735,0.48788,0.27805093,0.4898305
6207,6767.538000000175,36248.7210000027,0.2801,0.302433,0.27383307,0.19440235
6208,42167.53800000065,38448.721000000834,0.360511,0.372321,0.37676677,0.41327125
6209,28767.53799999971,31048.720999999903,0.344558,0.733599,0.34488577,0.6168719
6211,21167.53799999971,33448.721000000834,0.430464,0.392454,0.40825695,0.4413351
6214,17967.53799999971,43448.721000000834,0.191125,0.10397,0.19364308,0.133472
6215,21367.53800000017,29848.721000002697,0.402347,0.436029,0.39997733,0.33401668
6217,26367.538000000175,47048.721000001766,0.117659,0.490866,0.11794379,0.50741947
6218,38167.538000000175,35048.721000000834,0.439597,0.550957,0.4162253,0.5356268
6219,30367.538000000637,38048.7210000027,0.398775,0.440877,0.41266114,0.40565
6220,38167.538000000175,34048.7210000027,0.388839,0.494079,0.42179593,0.51012236
6221,13967.538000000177,44648.72100000084,0.060448,0.039504,0.07300854,0.0511144
6222,30567.538000000175,38248.721000001766,0.406024,0.407479,0.42218423,0.42109245
6223,42967.53800000111,35048.721000000834,0.433407,0.303515,0.43738604,0.27845612
6224,16567.538000000175,37848.7210000027,0.275139,0.264349,0.23864524,0.2257503
6225,11367.53800000064,35648.721000001766,0.325874,0.439209,0.29465947,0.407309
6226,16967.53799999971,37648.72100000363,0.274024,0.305287,0.23919578,0.26908684
6227,15967.538000000173,41648.7210000027,0.120063,0.034399,0.14429067,0.08472436
6228,14167.53799999971,32648.72100000363,0.36621,0.126938,0.35475376,0.20836739
6230,5767.538000000174,34648.721000000834,0.311528,0.108795,0.2951217,0.12461538
6231,35567.538000000175,36048.72100000083,0.412587,0.244512,0.39949298,0.17493914
6233,23767.53800000064,31648.7210000027,0.465649,0.446929,0.4597727,0.48289305
6234,29967.538000000175,39248.7210000027,0.341518,0.498327,0.36406097,0.50459427
6235,9567.538000000173,31048.7209999999,0.369401,0.125804,0.38408402,0.089984976
6236,37167.538000000175,42448.7209999999,0.160587,0.406935,0.18892254,0.49637064
6237,37167.538000000175,35248.7210000027,0.407684,0.433218,0.40121758,0.4517869
6238,28967.538000000175,41048.721000000834,0.326593,0.199453,0.34059873,0.37058577
6239,26167.538000000175,27648.721000002697,0.304905,0.452688,0.29165044,0.46181527
6241,17367.53799999971,39648.721000000834,0.212283,0.301999,0.21000001,0.4245888
6242,27567.538000000637,34648.721000000834,0.324588,0.075528,0.33931705,0.1384156
6243,18167.538000000175,46048.721000000834,0.077259,0.073778,0.11585142,0.05478992
6245,28167.537999999244,32248.72100000083,0.399041,0.440127,0.37950867,0.6401479
6246,8367.538000000175,33248.721000000834,0.959125,0.281791,0.9306553,0.23932497
6247,5967.53799999971,33448.721000000834,0.389019,0.114212,0.37358472,0.19320656
6248,11167.538000000175,26848.72100000177,0.28977,0.122982,0.2938209,0.12595238
6250,49967.53800000111,33448.721000000834,0.21886,0.118659,0.16343448,0.051515896
6253,10967.538000000173,32648.721000003625,0.339582,0.122673,0.35860288,0.16552664
6254,12367.538000000639,44448.721000001766,0.134557,0.079965,0.12463799,0.076600246
6255,21367.538000000175,40448.7210000027,0.263549,0.501081,0.2587872,0.5049589
6256,27967.53800000017,26848.721000001762,0.160291,0.154135,0.21420185,0.13677207
6257,33167.53799999971,39248.7210000027,0.364179,0.483549,0.3797016,0.46283585
6258,20967.538000000175,34248.7210000027,0.380208,0.402854,0.4008852,0.39927682
6259,24567.53799999971,30248.721000002697,0.403953,0.445754,0.413076,0.4846586
6260,23767.53800000064,32248.721000000838,0.468858,0.455069,0.44617048,0.5006996
6261,19967.53800000064,45848.721000001766,0.085082,0.117976,0.10709484,0.12561381
6262,22967.538000000175,36448.72100000362,0.358131,0.665412,0.349295,0.33245692
6263,14167.537999999711,37248.721000000834,0.295783,0.369158,0.26853487,0.42177233
6264,16367.538000001106,45048.7210000027,0.053137,0.051151,0.06997827,0.06252923
6266,38167.53800000018,35648.721000001766,0.417661,0.546908,0.42697507,0.48773643
6267,26167.538000000175,34848.7209999999,0.355109,0.384529,0.3693303,0.34060472
6268,20567.537999999244,44448.721000001766,0.137684,0.08507,0.12555002,0.13846333
6269,14767.538000000175,47048.72100000177,0.044157,0.021979,0.051549822,0.019694885
6270,16767.537999999244,35448.7210000027,0.310809,0.289528,0.31506637,0.37048197
6272,19567.538000001106,34648.721000000834,0.366984,0.308771,0.3613274,0.29136154
6273,8167.538000001106,33048.72100000177,0.377932,0.117711,0.39322346,0.11499927
6274,5967.53799999971,35248.7210000027,0.297594,0.109967,0.27295548,0.11819447
6275,14967.538000000175,39448.721000001766,0.191889,0.105916,0.19857785,0.0984567
6277,17967.537999999713,36448.72100000362,0.309146,0.476625,0.3089791,0.46413606
6281,22367.538000000175,45848.72100000176,0.132255,0.500626,0.13988271,0.5041947
6282,42767.53800000064,34648.721000000834,0.400148,0.364989,0.43593714,0.31034762
6284,33567.53800000064,31648.7210000027,0.304808,0.483258,0.29424497,0.49525812
6285,29167.538000000175,40648.72100000177,0.317241,0.344762,0.3174365,0.37409908
6286,12967.537999999246,42048.721000001766,0.185089,0.059063,0.16017213,0.04648267
6287,14167.537999999711,39648.721000000834,0.183935,0.08089,0.21012682,0.088735364
6288,17967.53799999971,44248.7210000027,0.178029,0.090402,0.19820082,0.13710845
6291,21967.538000000175,32448.721000002693,0.484803,0.371102,0.4932935,0.4449708
6292,13567.537999999711,36248.721000002704,0.259465,0.495144,0.25380698,0.48194787
6294,31567.538000001103,39848.721000000834,0.396557,0.1737,0.3690604,0.25140435
6295,38167.538000000175,39648.721000000834,0.351338,0.15412,0.37281546,0.15411034
6296,25167.538000000175,47448.721000000834,0.149383,0.223454,0.15501533,0.25656822
6297,18567.53800000017,43848.7210000027,0.175242,0.194543,0.17324054,0.24629155
6298,18567.538000000175,43648.721000000834,0.183257,0.217458,0.16320343,0.27408603
6299,28367.53799999971,32448.721000002697,0.389398,0.660013,0.37045962,0.5926558
6300,5567.537999999709,32048.721000000834,0.368911,0.300818,0.36046723,0.2326119
6301,30967.538000001106,33248.721000000834,0.343237,0.592533,0.36048487,0.60086334
6302,31567.538000001103,37248.721000000834,0.447043,0.444126,0.4107935,0.4879357
6303,23567.538000000175,32048.721000000834,0.480087,0.463378,0.4645199,0.5066155
6304,33967.538000000175,35248.7210000027,0.398383,0.46365,0.40521368,0.4796879
6306,25167.538000000175,35448.7210000027,0.392698,0.28683,0.38239554,0.35726154
6307,7367.538000000175,35648.72100000176,0.309355,0.105854,0.32622862,0.1490548
6308,12367.538000000643,36648.7210000027,0.274541,0.431341,0.27240917,0.4640813
6309,27367.53800000018,40448.72100000269,0.276919,0.518121,0.2834692,0.43796724
6310,3967.538000000175,23848.721000002697,0.225435,0.034882,0.25848702,0.069665246
6312,15767.538000001105,32448.721000002697,0.380892,0.157923,0.38279536,0.19260675
6313,23967.53800000111,42848.72100000269,0.146701,0.170982,0.17885457,0.15525037
6314,17967.537999999713,42048.721000001766,0.166258,0.478165,0.19088386,0.46979064
6315,31967.537999999247,37848.7210000027,0.410168,0.436454,0.4133549,0.48397073
6316,26767.538000000175,43448.72100000083,0.189997,0.311285,0.19870447,0.28653446
6319,31367.53800000064,39848.721000000834,0.371674,0.170893,0.36107358,0.24200767
6320,13767.538000000173,41248.7210000027,0.183893,0.056968,0.19825405,0.053969074
6321,33167.53799999971,33648.7210000027,0.372894,0.404876,0.3717744,0.47362262
6322,29967.538000000175,37648.721000003636,0.429905,0.406181,0.42231116,0.38719591
6323,17767.538000000175,42448.7209999999,0.173194,0.177313,0.15881704,0.20111053
6324,32167.537999999706,36248.7210000027,0.408594,0.456857,0.3990142,0.4482055
6325,39767.53799999971,37648.72100000363,0.46166,0.584616,0.42822468,0.5047668
6327,30567.53800000018,40848.721000000834,0.332095,0.193536,0.332074,0.25709614
6328,30567.53800000018,30248.7210000027,0.271763,0.48944,0.29901046,0.48950863
6331,17167.53800000017,41448.721000003636,0.138912,0.04868,0.17572057,0.070354156
6332,4567.538000000176,28648.72100000269,0.330662,0.11557,0.32622746,0.12554842
6333,30367.538000000637,30848.721000000834,0.3119,0.608163,0.32434997,0.6482916
6334,6167.538000000174,29648.721000000834,0.319597,0.15117,0.32619813,0.15514317
6335,24367.537999999244,28248.721000000838,0.362766,0.430686,0.3395216,0.3745435
6336,26167.538000000175,42448.7209999999,0.179481,0.385769,0.22196123,0.43177083
6337,39967.538000000175,39848.721000000834,0.339389,0.482738,0.3303557,0.45889506
6339,11367.538000000639,26448.721000002697,0.254153,0.109165,0.2645744,0.1248234
6340,8767.538000001106,31848.721000001766,0.409625,0.107983,0.39576614,0.10618209
6342,22967.538000000175,47248.721000000834,0.116696,0.422663,0.11943391,0.42781278
6343,43567.53799999971,38048.7210000027,0.375228,0.182293,0.3694996,0.18993232
6345,37167.538000000175,32448.721000002693,0.312996,0.59963,0.30955645,0.51570094
6346,24767.538000000175,34648.721000000834,0.44438,0.384903,0.4225962,0.38994613
6347,24167.538000000175,45848.72100000176,0.115738,0.343558,0.109302625,0.38418117
6349,39567.53799999924,36848.721000001766,0.494469,0.45146,0.48064643,0.42094782
6350,5167.538000000175,30048.72100000363,0.290429,0.256414,0.30942646,0.2180843
6351,10967.538000000173,35648.721000001766,0.300823,0.288021,0.2784281,0.24942489
6352,46367.538000000175,40648.72100000177,0.282517,0.119914,0.29734173,0.23905867
6354,17367.53799999971,37848.7210000027,0.282167,0.328502,0.2956813,0.41648132
6355,32567.537999999713,40248.72100000363,0.328594,0.426408,0.34089267,0.37789991
6356,35767.53799999924,40448.72100000269,0.247736,0.543543,0.28508678,0.50418496
6357,25767.538000000175,47648.7210000027,0.129914,0.323734,0.14590347,0.37443948
6359,31367.53800000064,34248.7210000027,0.373508,0.576038,0.36195046,0.5095639
6360,14567.538000000639,29248.721000001766,0.334676,0.14389,0.29000643,0.12223453
6361,32967.538000000175,32048.721000000834,0.322244,0.507023,0.32262316,0.4550304
6363,26767.538000000175,47248.721000000834,0.158835,0.497219,0.14645807,0.4633311
6364,39367.538000000175,39248.7210000027,0.357203,0.327092,0.3597197,0.3168938
6365,26767.538000000175,30248.7210000027,0.360886,0.49419,0.39212716,0.5449907
6367,10367.53799999971,34048.7210000027,0.362841,0.298356,0.3923697,0.24247162
6368,8767.538000001108,32448.721000002697,0.408749,0.120248,0.3914536,0.10910321
6370,36167.53800000017,42048.721000001766,0.236227,0.576762,0.21762022,0.52917963
6371,39167.538000001114,37048.72100000083,0.485429,0.414809,0.4681409,0.4346493
6372,12367.538000000639,37648.72100000363,0.218199,0.387185,0.21007802,0.1810674
6373,19367.53800000064,44248.7210000027,0.155854,0.078871,0.13086948,0.13340208
6375,26567.53800000064,32848.7210000027,0.390014,0.28766,0.3890637,0.36959457
6376,18767.538000000175,38248.72100000176,0.306561,0.483146,0.2958626,0.4767105
6378,26367.53800000018,32248.721000000838,0.435562,0.396436,0.40650305,0.5228892
6379,39367.53800000017,34848.7209999999,0.468064,0.525253,0.4350412,0.48642173
6380,25567.537999999706,35048.721000000834,0.361345,0.472996,0.3968256,0.38373703
6381,38367.53800000064,33848.72100000363,0.416381,0.449411,0.41048896,0.48032802
6383,30167.538000000175,41448.72100000363,0.284434,0.196404,0.3163622,0.3112045
6384,30767.538000000637,31448.721000002697,0.336182,0.639405,0.31695956,0.74097073
6385,34767.53800000111,38448.72100000083,0.361574,0.453624,0.3652368,0.47043455
6386,13567.537999999711,37248.721000000834,0.21162,0.422226,0.23493394,0.40642485
6387,39167.53800000111,38848.721000000834,0.393684,0.339112,0.36901724,0.3182556
6388,18967.53800000064,42248.721000000834,0.211351,0.504242,0.21547739,0.39299315
6389,4967.5380000011055,32248.72100000083,0.378944,0.295749,0.36085916,0.24237524
6390,13567.53799999971,28848.721000003632,0.289035,0.138707,0.27635434,0.12600993
6392,13967.538000000177,37248.721000000834,0.238527,0.369803,0.25115922,0.40129626
6393,10567.538000000173,33848.72100000363,0.3514,0.297195,0.36126095,0.25012493
6394,21767.53799999971,35848.721000000834,0.352581,0.77303,0.36998853,0.5266776
6395,22767.53800000064,29048.7210000027,0.374235,0.603982,0.38156793,0.46867752
6396,29967.538000000175,35648.721000001766,0.414087,0.631918,0.4002416,0.5194304
6399,28567.538000000175,44648.72100000084,0.208959,0.461104,0.24042025,0.42342302
6400,18967.53800000064,41848.7210000027,0.212596,0.487434,0.22223754,0.41777214
6401,30367.53800000064,40648.721000001766,0.337004,0.195676,0.33411002,0.23057671
6402,17367.53799999971,43048.7210000027,0.158412,0.094295,0.15551808,0.07187902
6403,36167.53800000017,44448.721000001766,0.133686,0.399871,0.27632,0.33951405
6406,27367.538000000175,47848.721000003636,0.144955,0.585233,0.1579836,0.41402274
6407,32567.53799999971,35448.7210000027,0.391341,0.428387,0.40065444,0.45053193
6408,9567.538000000173,33848.72100000363,0.375279,0.119652,0.35604435,0.17547502
6410,41567.538000000175,38248.72100000176,0.387273,0.498897,0.39468685,0.47320297
6411,16567.538000000175,42448.7209999999,0.12044,0.027947,0.18748607,0.08173951
6412,31167.538000000175,33248.721000000834,0.340625,0.623311,0.34785554,0.57587665
6413,25167.538000000175,49448.721000002704,0.146805,0.352625,0.15739915,0.2526397
6414,30767.538000000637,37048.721000000834,0.425437,0.167852,0.44118178,0.31172746
6415,14567.53800000064,46648.7210000027,0.069798,0.021577,0.05519855,0.0062201824
6416,24967.53799999971,28448.721000000834,0.340828,0.548198,0.3608924,0.4797625
6417,27567.538000000644,32448.721000002697,0.394083,0.914314,0.40874854,0.60676324
6418,33967.538000000175,39448.721000001766,0.371051,0.502504,0.38524404,0.4943243
6419,5367.537999999243,31648.721000002697,0.356208,0.301128,0.37875405,0.24501626
6421,16567.538000000175,32248.72100000083,0.446612,0.14218,0.4405406,0.11825494
6424,42567.53800000017,37648.721000003636,0.384365,0.428884,0.38295618,0.44824046
6425,36967.53799999971,42248.721000000834,0.221413,0.423807,0.18309703,0.4804807
6426,39167.53800000111,33048.72100000177,0.373364,0.587577,0.36584473,0.5142557
6427,16167.53800000064,36448.72100000363,0.280044,0.458109,0.29576316,0.45275792
6428,31167.538000000175,38048.721000002704,0.419666,0.443602,0.43153435,0.42132777
6429,28367.537999999713,41048.721000000834,0.319099,0.388826,0.29574975,0.3962974
6430,31567.538000001103,36048.72100000083,0.387977,0.32946,0.42444792,0.3848961
6431,39967.538000000175,37048.72100000083,0.456657,0.517839,0.47830805,0.45919797
6432,31967.537999999247,39848.721000000834,0.385555,0.192654,0.37899065,0.27306366
6433,16367.538000001106,32248.72100000083,0.407671,0.148507,0.4332349,0.11051478
6434,34967.53800000018,31048.7209999999,0.227574,0.198416,0.27290234,0.47740296
6435,14367.538000000175,47248.721000000834,0.056977,0.034272,0.08765316,0.010254284
6436,32767.538000000175,39648.721000000834,0.373324,0.446309,0.35801667,0.4216691
6437,15967.538000000175,37648.721000003636,0.220772,0.296234,0.26672944,0.271611
6438,19367.53800000064,37248.721000000834,0.303116,0.56047,0.331634,0.5322689
6439,20367.538000000175,40448.72100000269,0.23559,0.48697,0.24468458,0.52174944
6440,31767.53800000018,40048.7210000027,0.374742,0.18867,0.3680008,0.27496442
6442,22367.538000000175,30848.72100000083,0.490631,0.411525,0.5102533,0.4202269
6443,7167.538000000175,33648.7210000027,0.384336,0.1112,0.40220007,0.0930986
6444,29767.53800000064,40648.721000001766,0.334093,0.41736,0.3381688,0.3200244
6445,15967.538000000177,37448.7210000027,0.229897,0.401687,0.23330192,0.38291842
6446,41767.53800000064,38448.721000000834,0.384133,0.482471,0.38371915,0.47137848
6447,17167.53800000017,38648.720999999896,0.245275,0.275139,0.23825298,0.22688322
6448,30567.53800000018,39648.721000000834,0.381484,0.464202,0.41144732,0.43981928
6449,8567.53800000064,33248.721000000834,0.372392,0.282393,0.43086195,0.28453887
6450,18967.53800000064,37848.7210000027,0.328293,0.486563,0.29737595,0.47484028
6451,7367.538000000175,33848.72100000363,0.368672,0.122133,0.39685157,0.097141944
6452,43567.53799999971,37048.721000000834,0.422594,0.119847,0.41220522,0.21275435
6453,40567.538000000175,40448.72100000269,0.279644,0.492628,0.32602188,0.46933466
6454,7167.538000000175,29448.721000000834,0.305809,0.149976,0.3136077,0.12863141
6457,13167.537999999708,36048.72100000084,0.275376,0.502752,0.2707186,0.47547674
6458,24367.537999999244,29048.721000002697,0.33787,0.432058,0.3731968,0.40937337
6459,18367.53800000064,35248.7210000027,0.374868,0.373785,0.3500601,0.30182794
6460,32967.53800000017,33848.72100000363,0.37413,0.333161,0.37132993,0.4545891
6461,18567.538000000175,35448.7210000027,0.338594,0.307549,0.34348145,0.30409858
6462,29367.53799999971,48648.721000000834,0.138821,0.04314,0.12870279,0.06348624
6463,22567.538000000175,45848.721000001766,0.125896,0.58793,0.14444639,0.51363766
6464,23567.538000000175,43048.7210000027,0.145974,0.270739,0.18798332,0.16046584
6465,29567.538000000175,39248.7210000027,0.367084,0.46837,0.3625022,0.47478735
6466,39367.538000000175,35248.7210000027,0.469845,0.436747,0.4315191,0.4800161
6467,17167.538000000175,32248.72100000083,0.434154,0.123862,0.43392268,0.1039113
6468,29567.538000000175,39848.721000000834,0.351519,0.457662,0.33100063,0.43396357
6469,32167.53799999971,37048.721000000834,0.409298,0.406045,0.3997726,0.5003108
6470,27567.538000000637,31048.720999999903,0.388312,0.655206,0.38445532,0.59061176
6472,25567.53799999971,29248.721000001766,0.382477,0.534475,0.3734531,0.4560673
6473,13767.538000000177,39848.721000000834,0.202154,0.072598,0.19901574,0.0652399
6474,28367.53799999971,30048.72100000363,0.329963,0.48556,0.342514,0.55511427
6475,39567.53799999924,37648.721000003636,0.460399,0.479506,0.4393989,0.5110331
6476,9967.538000000177,30848.721000000838,0.343581,0.136056,0.3241032,0.16009536
6478,42567.538000000175,38448.72100000083,0.361684,0.256658,0.35011825,0.3465967
6479,42367.53800000111,38848.721000000834,0.357429,0.365434,0.33365238,0.40594423
6480,42167.53800000064,38248.721000001766,0.358624,0.494801,0.4014631,0.42017213
6481,12367.538000000643,44848.721000000834,0.076738,0.082048,0.12344797,0.07281106
6482,19767.538000000175,32848.7210000027,0.383162,0.581697,0.4146711,0.47384545
6484,22167.53800000064,45848.72100000176,0.128887,0.547274,0.13012499,0.5206282
6485,3567.5380000001755,26048.721000002697,0.287767,0.15105,0.29409406,0.13819748
6486,11567.538000000175,24848.7210000027,0.25091,0.117756,0.24335244,0.093354456
6488,36167.53800000017,32648.721000003625,0.330201,0.644722,0.34507042,0.53465444
6489,34367.538000000175,35248.7210000027,0.391425,0.443297,0.40733925,0.40939385
6491,28767.53799999971,40448.7210000027,0.309614,0.420333,0.3323003,0.41928527
6492,20367.538000000175,32448.721000002697,0.442571,0.455523,0.43047878,0.46788716
6494,16167.538000000643,44248.7210000027,0.100665,0.028613,0.12956688,0.024886182
6495,20367.538000000175,33648.7210000027,0.375661,0.50126,0.40064904,0.49698272
6496,4367.538000001106,24048.721000002697,0.231667,0.041028,0.25007653,0.08477905
6497,25567.53799999971,36648.7210000027,0.310124,0.279611,0.380655,0.0962108
6498,35767.537999999244,34448.721000001766,0.362983,0.369976,0.3732945,0.41228175
6499,23367.538000001106,47448.721000000834,0.10913,0.430227,0.13268258,0.44940817
6500,21567.53800000017,43248.721000001766,0.163512,0.204698,0.15578018,0.15406659
6502,32767.538000000175,43448.72100000084,0.169727,0.095503,0.14986803,0.102315895
6503,32167.53799999971,33448.721000000834,0.376565,0.446302,0.33436975,0.47458488
6504,27367.53800000018,39048.721000002704,0.32626,0.608518,0.34713915,0.3570153
6505,17567.538000000175,37248.721000000834,0.244845,0.45742,0.29118678,0.42453519
6506,29767.53800000064,33048.72100000176,0.36275,0.473533,0.36372647,0.51518506
6508,22567.538000000175,35448.7210000027,0.392077,0.489405,0.382969,0.47680673
6509,29967.538000000175,32048.721000000834,0.343184,0.585253,0.3592405,0.603971
6510,14967.538000000173,37048.72100000084,0.270604,0.457875,0.26175696,0.5077766
6511,15767.538000001105,40048.7210000027,0.197309,0.096488,0.20371714,0.15640475
6512,14167.537999999708,46448.721000000834,0.081656,0.023601,0.051987678,0.0066187885
6515,19367.53800000064,32648.72100000363,0.411231,0.373453,0.43803096,0.3976639
6516,15167.53800000064,32448.721000002697,0.35227,0.161851,0.3577689,0.1592761
6517,29167.538000000175,36648.7210000027,0.442237,0.578401,0.45063686,0.50387424
6518,20167.538000001106,28848.721000003632,0.376266,0.157218,0.36625895,0.14403634
6520,26967.538000000637,29248.721000001766,0.366928,0.474373,0.36211234,0.5153368
6521,33967.538000000175,37048.72100000084,0.412608,0.492729,0.42762256,0.4884391
6522,11767.538000000639,34448.721000001766,0.366399,0.512379,0.37384775,0.32563066
6523,36567.53800000017,33448.721000000834,0.351137,0.578306,0.36247197,0.47656077
6524,12567.538000001108,32648.721000003625,0.37095,0.120591,0.35065776,0.16161239
6525,36767.538000000175,35648.721000001766,0.439695,0.244705,0.42184794,0.30214846
6526,23767.53800000064,46248.7209999999,0.116069,0.426308,0.119389,0.39937258
6527,12767.538000000173,36448.72100000362,0.283047,0.438894,0.28423685,0.4733059
6528,26567.53800000064,29248.721000001766,0.394982,0.463889,0.35437012,0.5065004
6529,5567.537999999709,34048.72100000269,0.327243,0.298505,0.32942325,0.2125734
6530,13967.538000000177,28648.72100000269,0.278869,0.143691,0.28589156,0.12644547
6531,35167.53800000064,32048.721000000834,0.287006,0.615257,0.3099308,0.5728097
6532,14367.538000000173,40248.72100000363,0.198667,0.088476,0.22223824,0.08015313
6534,32167.537999999706,37448.7210000027,0.405935,0.43261,0.39486966,0.46740386
6535,25967.53800000064,48448.721000000834,0.153022,0.361281,0.15684232,0.36347303
6536,21367.538000000175,41048.721000000834,0.204841,0.505161,0.221098,0.511966
6538,26767.538000000175,30448.7210000027,0.40423,0.378919,0.40174502,0.5378314
6539,27767.538000001103,38648.720999999896,0.357605,0.596077,0.36769974,0.46102262
6540,39367.538000000175,35848.721000000834,0.467368,0.458381,0.46116906,0.41375956
6541,29567.53800000018,38848.721000000834,0.383185,0.459795,0.36694893,0.4974796
6542,40967.538000000175,37648.72100000362,0.465506,0.465964,0.44563967,0.48150098
6543,18767.538000000175,41248.7210000027,0.231406,0.291738,0.24058741,0.4287113
6544,5967.53799999971,30448.7210000027,0.368427,0.123668,0.3321278,0.15310213
6546,36367.53799999971,41848.7210000027,0.243306,0.450076,0.2108425,0.5458127
6547,16567.538000000175,46848.72100000269,0.094459,0.341151,0.07373527,0.115140714
6548,28567.53800000018,38848.721000000834,0.356392,0.478538,0.38156384,0.47973308
6549,24967.53799999971,30848.721000000834,0.434823,0.675045,0.4268578,0.5279237
6550,35367.53800000111,33048.72100000177,0.310651,0.520143,0.33093548,0.570424
6551,18967.53800000064,44048.72100000363,0.192744,0.402606,0.18133901,0.187353
6552,27367.538000000175,40048.7210000027,0.297289,0.46977,0.32037997,0.4538436
6553,34767.53800000111,32648.721000003625,0.311144,0.584919,0.3145253,0.5344535
6554,35767.53799999925,33648.7210000027,0.336596,0.425775,0.35334736,0.4489781
6555,28967.538000000175,40848.721000000834,0.309344,0.450823,0.32747817,0.38950217
6556,14367.538000000173,32648.72100000363,0.362891,0.140667,0.3526129,0.20458706
6557,18767.538000000175,36048.72100000084,0.366167,0.433034,0.35987705,0.43178484
6558,22367.538000000175,34248.7210000027,0.421389,0.272316,0.4016178,0.27815413
6561,20967.538000000175,31648.721000002697,0.463486,0.517597,0.4717424,0.5251824
6562,38767.53800000018,37048.72100000083,0.481125,0.408838,0.4246735,0.41752052
6563,29767.538000000637,30448.7210000027,0.362713,0.584818,0.32724336,0.5575846
6564,34567.53800000064,35248.7210000027,0.391693,0.416666,0.40155533,0.373167
6565,5767.538000000175,31248.721000000834,0.354519,0.122664,0.36681077,0.17246222
6566,36767.53800000017,35448.7210000027,0.445443,0.431787,0.43103766,0.3563927
6567,39767.53799999971,36248.7210000027,0.464941,0.327976,0.46743417,0.42969632
6570,26367.53800000018,33448.721000000834,0.410937,0.420908,0.39460996,0.37930143
6571,4767.538000000641,31848.721000001766,0.352041,0.105603,0.36853454,0.23181951
6572,10967.538000000173,28048.721000001766,0.248359,0.138702,0.3034436,0.15964833
6573,14167.53799999971,33048.72100000176,0.316625,0.128103,0.3290626,0.21186607
6574,10967.538000000175,26648.7210000027,0.307079,0.118578,0.29606655,0.13513216
6575,19567.538000001106,43248.721000001766,0.190059,0.397667,0.18516448,0.36284783
6576,25567.53799999971,47848.72100000363,0.154244,0.187344,0.15494372,0.2658388
6577,38367.53800000063,34048.72100000269,0.392787,0.468393,0.41401464,0.51257956
6578,32367.538000000175,32648.721000003625,0.341156,0.649959,0.3230226,0.5074296
6579,33567.53800000064,39848.721000000834,0.360739,0.509103,0.38808525,0.51189953
6580,10567.538000000175,24048.721000002697,0.24306,0.128387,0.26105258,0.12539902
6581,28767.53799999971,39248.7210000027,0.367613,0.453278,0.37796995,0.5016844
6582,20567.537999999244,36048.72100000083,0.354413,0.430336,0.36087,0.4182382
6583,24967.53799999971,34848.7209999999,0.405641,0.363014,0.41516864,0.3982562
6585,12767.538000000175,35848.721000000834,0.289878,0.455443,0.27533913,0.49444225
6586,33167.53799999971,31048.720999999903,0.238489,0.130115,0.24799325,0.4284689
6587,3367.538000000175,25648.721000000834,0.26331,0.143554,0.2765738,0.11762387
6589,29767.53800000064,35048.721000000834,0.426366,0.526285,0.42824858,0.54364574
6591,18967.53800000064,31848.72100000177,0.432535,0.120389,0.42109758,0.13112791
6592,31567.538000001103,44848.72100000083,0.204982,0.126308,0.21795951,0.17714076
6593,19167.538000000175,46648.7210000027,0.074365,0.115335,0.083018094,0.14229994
6594,13767.538000000175,37648.72100000362,0.215771,0.280342,0.21785489,0.26512027
6596,34767.53800000111,39848.721000000834,0.345722,0.555411,0.36145002,0.48359832
6597,3967.5380000001746,28048.721000001766,0.281518,0.116157,0.29255322,0.10107496
6598,6967.538000000641,35648.721000001766,0.33151,0.126858,0.3445477,0.15537462
6601,13967.538000000171,42448.7209999999,0.15164,0.04995,0.15761429,0.03218456
6603,13367.538000000175,37048.72100000083,0.238274,0.396056,0.23000202,0.42777574
6604,17367.53799999971,31848.72100000177,0.420574,0.133227,0.433346,0.13349792
6605,19767.538000000175,32448.721000002697,0.413654,0.474288,0.42286652,0.4206513
6606,25167.538000000175,28248.72100000083,0.342607,0.690431,0.34968996,0.531985
6607,21967.538000000175,35048.721000000834,0.375584,0.503285,0.3750578,0.4955895
6608,32367.538000000175,32048.721000000834,0.312258,0.436512,0.3027547,0.46425387
6609,8567.53800000064,31648.7210000027,0.407579,0.109424,0.3951249,0.11842636
6611,22967.538000000175,48048.7210000027,0.093962,0.300447,0.106810674,0.24890405
6612,27967.538000000175,40448.72100000269,0.297837,0.56703,0.30068928,0.45073947
6613,33767.538000000175,31448.721000002697,0.300578,0.505165,0.2894584,0.48978892
6614,18767.538000000175,46048.721000000834,0.113518,0.100968,0.115507185,0.09136649
6615,31167.538000000175,38448.72100000083,0.420105,0.414817,0.41791883,0.4332838
6616,20367.538000000175,32248.72100000083,0.454987,0.481956,0.4657434,0.4718595
6617,23367.538000001106,29448.721000000834,0.393103,0.268954,0.40039265,0.36474088
6619,33167.53799999971,38848.72100000083,0.412588,0.634021,0.40949312,0.48595122
6621,40767.53799999971,36048.721000000834,0.476347,0.395497,0.47025385,0.40658236
6623,27767.538000001106,28248.721000000838,0.315269,0.400423,0.28579932,0.38028902
6624,11567.538000000175,42448.7209999999,0.106671,0.003653,0.121536314,0.023709139
6625,40567.538000000175,35648.721000001766,0.476238,0.460228,0.46906567,0.350658
6627,33767.538000000175,39048.721000002704,0.422511,0.488359,0.41283485,0.5101438
6628,27767.538000001106,33448.721000000834,0.3378,0.741665,0.36439425,0.5615674
6629,9167.537999999244,28048.721000001766,0.29594,0.142277,0.3008773,0.16772175
6630,34967.53800000018,38248.721000001766,0.377083,0.419124,0.36847714,0.43746886
6632,14367.538000000175,35248.7210000027,0.341264,0.334254,0.32752806,0.34298113
6633,12967.537999999242,40848.721000000834,0.188316,0.068249,0.1982842,0.0644423
6635,11967.538000001106,34248.7210000027,0.38597,0.331183,0.35499248,0.287429
6637,26167.538000000175,31648.721000002697,0.444558,0.471321,0.4304035,0.46132585
6638,45967.53800000064,37648.72100000363,0.376495,0.27144,0.40209067,0.3703274
6640,6967.538000000641,33448.721000000834,0.375157,0.106381,0.3712108,0.09907224
6643,19167.538000000175,34448.721000001766,0.373709,0.344306,0.36476967,0.39536896
6645,41567.538000000175,39048.721000002704,0.388435,0.486366,0.3640454,0.47370893
6647,20967.538000000175,40648.72100000177,0.256672,0.497454,0.266083,0.50488675
6648,40167.53799999971,35848.721000000834,0.515053,0.197162,0.47466877,0.3958589
6649,40567.538000000175,37848.7210000027,0.46891,0.467497,0.41259623,0.48899162
6650,17967.537999999713,40648.721000001766,0.241969,0.58093,0.25355485,0.5273533
6652,37167.538000000175,37648.72100000362,0.383308,0.054764,0.388094,0.07442995
6653,14367.538000000173,47048.721000001766,0.068149,0.0307,0.0795296,0.022536
6654,23567.53800000018,31048.7209999999,0.468508,0.424642,0.45726618,0.45216346
6656,47367.53799999971,35048.721000000834,0.307221,0.071547,0.29246047,0.097429596
6657,42767.53800000064,34448.721000001766,0.355824,0.435974,0.3921981,0.2543272
6658,10567.538000000175,27448.72100000083,0.308459,0.144031,0.3363526,0.16735224
6659,16167.538000000643,37448.7210000027,0.241362,0.393544,0.26709738,0.35761806
6660,27567.538000000637,28848.72100000363,0.297615,0.481043,0.3083651,0.44325936
6661,42567.538000000175,37048.72100000083,0.391771,0.442609,0.39847025,0.4503026
6662,30567.53800000018,39848.721000000834,0.373743,0.432808,0.39384863,0.3406807
6663,45367.538000000175,37248.721000000834,0.403371,0.380456,0.3956791,0.37409186
6664,36767.53800000017,34248.7210000027,0.399078,0.489528,0.3966389,0.4903855
6665,25567.537999999706,33648.7210000027,0.416979,0.637694,0.4207728,0.52734256
6666,35967.53799999971,32248.721000000838,0.319939,0.733608,0.31881103,0.61777383
6667,43567.53799999971,37848.7210000027,0.390396,0.184378,0.37377083,0.16936837
6668,6167.538000000174,31448.721000002697,0.375416,0.12145,0.34698492,0.09832244
6669,32367.538000000175,37248.721000000834,0.414003,0.457644,0.39363855,0.47746333
6670,27967.538000000175,38048.721000002704,0.377118,0.61347,0.34649995,0.5300463
6672,11767.538000000639,32648.72100000363,0.332483,0.123815,0.33605415,0.17868206
6673,34967.53800000018,33848.72100000363,0.37257,0.390268,0.36103556,0.37701288
6674,4767.538000000642,29048.721000002697,0.309675,0.114422,0.3202305,0.110520296
6675,11967.538000001108,32448.721000002697,0.335919,0.120901,0.33045217,0.18117642
6676,17167.538000000175,33448.721000000834,0.356722,0.321738,0.36455274,0.33871526
6678,21367.538000000175,36448.72100000363,0.348057,0.487522,0.3704717,0.5038742
6680,24967.53799999971,49848.721000000834,0.12584,0.14385,0.1667103,0.22114828
6682,41567.538000000175,37048.72100000084,0.421708,0.445471,0.446177,0.47743642
6684,31167.538000000175,32048.721000000834,0.30141,0.621306,0.31827444,0.6092132
6685,40167.53799999971,34448.721000001766,0.41566,0.395489,0.43109408,0.44302106
6686,11767.538000000639,35448.7210000027,0.347427,0.356095,0.3112218,0.344829
6687,20367.538000000175,38448.72100000083,0.281282,0.606449,0.29998484,0.5362687
6688,27367.538000000175,40648.72100000177,0.260063,0.465865,0.27564144,0.42049575
6690,36367.53799999971,32648.72100000363,0.328083,0.621019,0.34619218,0.49822655
6693,40367.538000000175,38648.7209999999,0.408053,0.427706,0.41351593,0.47694626
6694,26167.538000000175,35448.7210000027,0.34401,0.06726,0.3471286,0.09455278
6695,35767.537999999244,33048.72100000177,0.330279,0.603747,0.33681163,0.5416026
6696,14767.538000000173,36048.72100000083,0.290334,0.552546,0.30114675,0.52251583
6697,47367.53799999971,33248.721000000834,0.302858,0.096502,0.30805534,0.105107926
6699,24567.537999999713,28648.721000002693,0.378434,0.428267,0.37680653,0.410024
6700,13567.537999999711,35448.7210000027,0.315153,0.449127,0.3074259,0.46399775
6701,32767.538000000175,36048.72100000084,0.39588,0.450368,0.41176283,0.46224916
6702,24167.538000000175,28648.72100000269,0.348409,0.418139,0.36556247,0.43398193
6703,16367.538000001106,46848.72100000269,0.092911,0.413751,0.102399796,0.11958935
6704,19367.53800000064,43248.721000001766,0.186936,0.392058,0.1704737,0.34436145
6706,24567.53799999971,47248.72100000084,0.13259,0.479196,0.14694455,0.49023062
6707,18967.53800000064,43048.7210000027,0.204877,0.363831,0.2013368,0.33239543
6708,18367.53800000064,34248.7210000027,0.367529,0.399938,0.3507355,0.40558186
6709,31567.538000001106,31048.7209999999,0.227319,0.465316,0.24390633,0.40273827
6711,35967.53799999971,34448.721000001766,0.351212,0.476109,0.37983048,0.41157356
6712,34567.53800000064,35848.72100000083,0.404509,0.351831,0.41743398,0.34022182
6713,11767.538000000639,37248.721000000834,0.235551,0.39894,0.21612866,0.29177207
6714,47767.53799999971,33248.721000000834,0.270271,0.095387,0.29592344,0.12034767
6715,36167.538000000175,41848.72100000269,0.233923,0.586939,0.22276951,0.55677414
6716,35767.537999999244,40248.72100000363,0.249859,0.39787,0.27120927,0.4513463
6717,32367.538000000175,38048.721000002704,0.411362,0.41016,0.41422227,0.44939458
6718,17567.538000000175,36048.72100000084,0.292638,0.405311,0.2810885,0.44119194
6719,30967.538000001106,29648.721000000834,0.279671,0.445239,0.27330843,0.44393927
6720,32967.538000000175,32448.721000002697,0.322081,0.514953,0.35082364,0.52712685
6721,28367.537999999713,33248.721000000834,0.354628,0.50521,0.34867162,0.5512905
6722,29567.538000000175,32248.721000000838,0.362287,0.470053,0.3423261,0.54012966
6724,25367.53800000017,33248.721000000834,0.445178,0.497013,0.44149455,0.51876724
6725,27767.538000001106,29448.721000000834,0.348107,0.731436,0.35669732,0.5551301
6726,32167.53799999971,32048.721000000834,0.301228,0.435548,0.28613,0.46380672
6727,18567.53800000017,33648.7210000027,0.372987,0.493463,0.37360278,0.4426365
6728,27767.538000001103,39448.72100000176,0.359579,0.389929,0.35201186,0.48904186
6730,23567.53800000018,37648.721000003636,0.315645,0.059281,0.31936944,0.05676331
6731,22167.53800000064,45448.7210000027,0.137287,0.457431,0.13841943,0.50402737
6732,28367.53799999971,44048.72100000363,0.183413,0.487882,0.24921337,0.43123215
6734,13167.537999999708,40848.72100000084,0.175147,0.069505,0.20191081,0.059513588
6735,35367.538000001114,37448.7210000027,0.44248,0.104797,0.43980855,0.12907466
6736,14967.538000000175,45248.721000003636,0.086878,0.024516,0.09876795,0.02354168
6737,23767.53800000064,33848.72100000363,0.432598,0.560252,0.44025016,0.3058832
6738,29167.538000000175,30248.7210000027,0.318247,0.533063,0.3382484,0.6040131
6739,20367.53800000018,40248.72100000363,0.251079,0.498177,0.25324106,0.51391786
6740,16767.537999999244,28448.721000000838,0.347497,0.130588,0.3266524,0.14110212
6741,38967.53800000064,37648.72100000363,0.466259,0.462448,0.44917938,0.46798125
6742,14767.538000000175,40648.72100000177,0.198182,0.066674,0.21231544,0.06168582
6743,26567.53800000064,42848.7210000027,0.210235,0.6511,0.20768015,0.5227366
6744,12567.538000001108,36848.721000001766,0.277926,0.458587,0.26099858,0.44418323
6746,30567.538000000175,28648.72100000269,0.191062,0.393621,0.19260333,0.39485225
6747,5167.538000000175,28048.721000001766,0.307142,0.118014,0.30058596,0.17573436
6749,21767.53799999971,47248.721000000834,0.110832,0.494813,0.104165256,0.4733688
6750,33367.538000000175,36848.72100000177,0.42129,0.430423,0.44878343,0.500497
6752,25167.538000000175,29448.721000000834,0.401235,0.453135,0.41921875,0.46502104
6754,35167.53800000065,37448.7210000027,0.436196,0.312504,0.44445336,0.20294823
6755,39167.53800000111,35048.721000000834,0.476159,0.446318,0.4447183,0.49630332
6756,23167.53800000064,30848.721000000834,0.479859,0.410064,0.47518748,0.4587503
6757,26967.538000000637,26248.72100000363,0.222471,0.439996,0.2061576,0.36463556
6758,12567.538000001108,44448.721000001766,0.158432,0.089468,0.14543414,0.08999338
6759,14567.53800000064,37048.721000000834,0.272231,0.491348,0.2648579,0.49577507
6760,27367.538000000175,40248.72100000363,0.262488,0.464023,0.30803803,0.46075416
6761,20567.537999999244,31848.721000001766,0.449015,0.481957,0.47183537,0.5013105
6762,26367.53800000018,32448.721000002693,0.442023,0.622941,0.3888946,0.4401525
6763,21767.53799999971,36648.7210000027,0.315422,0.459168,0.3160143,0.40106758
6765,36167.538000000175,42248.721000000834,0.232144,0.592415,0.22372015,0.5273422
6766,30767.538000000637,40648.721000001766,0.337255,0.341858,0.334269,0.25063938
6767,10967.538000000175,38448.72100000083,0.170912,0.045673,0.17950487,0.099807136
6768,18567.538000000175,39848.721000000834,0.222016,0.556431,0.24961786,0.47524542
6770,31367.53800000064,29648.721000000834,0.200252,0.425764,0.23065473,0.43020093
6771,32367.538000000175,34248.7210000027,0.37327,0.451778,0.35432172,0.4703436
6772,16167.53800000064,37648.72100000363,0.241466,0.141486,0.28299966,0.27577075
6773,28367.537999999713,37248.721000000834,0.418379,0.568185,0.40904742,0.4946664
6774,6167.538000000174,28248.72100000083,0.319343,0.284574,0.29458883,0.23534627
6775,27167.538000001106,34848.7209999999,0.315542,0.075618,0.3487122,0.17651178
6777,20167.538000001106,43448.72100000083,0.177937,0.097861,0.16739935,0.16840789
6779,32367.538000000175,34448.721000001766,0.372967,0.45702,0.35383692,0.48100322
6781,34567.53800000064,39048.721000002704,0.371127,0.4505,0.36942148,0.51679254
6782,22967.538000000175,30848.72100000083,0.501366,0.419789,0.48318034,0.45136136
6783,6167.538000000174,28448.72100000083,0.313005,0.288581,0.30085897,0.26603514
6784,17567.538000000175,40648.721000001766,0.206412,0.421402,0.20487995,0.4822634
6785,27967.53800000017,45848.72100000176,0.155208,0.415882,0.19602118,0.4756993
6786,29567.538000000175,30048.72100000363,0.325119,0.609659,0.32390842,0.61861
6787,26367.53800000018,30448.7210000027,0.416249,0.579242,0.41998744,0.5393058
6788,27167.538000001106,29448.721000000834,0.346285,0.548644,0.3712179,0.5499879
6789,24767.538000000175,31648.721000002697,0.446106,0.417185,0.44966304,0.4175472
6790,19167.538000000175,44448.721000001766,0.141342,0.074777,0.14004934,0.1430016
6791,21367.538000000175,45648.7210000027,0.131373,0.455115,0.11212462,0.48853284
6792,9967.538000000177,27848.721000002693,0.274162,0.131331,0.28247488,0.13710302
6795,3567.538000000175,26248.72100000363,0.285127,0.147648,0.29351962,0.14306363
6796,41967.538000000175,38848.721000000834,0.402186,0.501186,0.37810254,0.43718472
6797,20167.538000001106,38048.721000002704,0.313376,0.590688,0.31982565,0.5345248
6798,28967.538000000175,41648.72100000269,0.215865,0.118727,0.24192017,0.093852125
6799,20767.53799999971,31848.721000001766,0.44015,0.546942,0.47329497,0.5107591
6800,35367.53800000111,39848.721000000834,0.299908,0.495164,0.29058442,0.45017028
6801,15367.538000000177,44448.721000001766,0.089894,0.233412,0.09799695,0.17567028
6803,32367.538000000175,39248.7210000027,0.384761,0.367327,0.37378812,0.38910374
6804,24367.537999999244,32048.721000000834,0.437814,0.46548,0.43960923,0.45934692
6805,24967.53799999971,32248.721000000834,0.445721,0.295165,0.4526264,0.40734053
6807,9767.53799999971,33648.7210000027,0.365926,0.110316,0.37247026,0.14374834
6808,41767.53800000063,39448.72100000176,0.332668,0.52766,0.33972943,0.47791114
6809,35567.538000000175,39248.7210000027,0.289336,0.217568,0.3181503,0.47363648
6810,16767.537999999244,42048.721000001766,0.139872,0.035148,0.187712,0.07404553
6811,28367.53799999971,45248.72100000363,0.19279,0.384368,0.17678487,0.4225779
6812,26967.538000000637,38248.721000001766,0.29865,0.172586,0.33140978,0.15737931
6815,22767.53800000064,27448.721000000834,0.395252,0.15655,0.33854464,0.1672921
6816,19967.53800000064,41048.721000000834,0.24218,0.420392,0.24983746,0.467298
6817,32967.538000000175,39048.721000002704,0.384511,0.464108,0.39870438,0.45500568
6818,20767.537999999706,38848.721000000834,0.301826,0.433443,0.29489237,0.4850245
6819,29567.538000000175,28448.72100000083,0.246183,0.421558,0.26003003,0.4628354
6820,27767.538000001103,32648.721000003625,0.372897,0.64689,0.37988922,0.6037366
6821,20767.53799999971,40248.72100000363,0.245194,0.519421,0.27163136,0.53103423
6822,41367.538000000175,38848.721000000834,0.387299,0.498129,0.34620574,0.4938705
6823,10167.538000000173,35048.721000000834,0.346242,0.093853,0.32923397,0.24542508
6824,39567.53799999924,33848.72100000363,0.394932,0.419565,0.4015795,0.43148723
6825,34967.538000000175,35248.7210000027,0.426309,0.30116,0.3934663,0.333233
6826,29367.53799999971,29648.721000000834,0.326366,0.726948,0.3041901,0.6802886
6827,25167.538000000175,47848.72100000363,0.161659,0.186829,0.15833221,0.15370208
6829,10367.537999999711,35048.721000000834,0.345109,0.418376,0.32971865,0.34211
6830,21167.53799999971,35848.721000000834,0.377993,0.494441,0.37966913,0.51789767
6831,28967.538000000175,28448.72100000083,0.223786,0.413355,0.25998655,0.60685253
6832,12167.538000000175,32448.721000002697,0.351587,0.299572,0.3466092,0.18455362
6833,45567.53800000064,37848.7210000027,0.382252,0.410103,0.39063802,0.4006547
6834,40367.538000000175,40448.7210000027,0.293676,0.442908,0.3404948,0.46796274
6836,4967.538000001106,31048.7209999999,0.33667,0.292129,0.35811394,0.27315712
6837,10567.538000000175,36248.7210000027,0.307843,0.288057,0.22632937,0.2507335
6838,18367.53800000064,44848.721000000834,0.154244,0.076401,0.16873881,0.101872854
6839,18767.538000000175,41448.72100000363,0.230728,0.292236,0.23187412,0.4145222
6840,26367.538000000175,33848.72100000363,0.394016,0.457743,0.39301503,0.43656698
6841,21167.53799999971,39648.721000000834,0.284489,0.490844,0.2855547,0.5240958
6842,19167.538000000175,42448.7209999999,0.204016,0.139316,0.20935096,0.2585096
6843,19967.53800000064,33448.721000000834,0.413196,0.561487,0.3714149,0.52660954
6844,34167.53800000064,31648.7210000027,0.323093,0.425705,0.32034948,0.4489643
6846,30167.538000000175,31048.720999999903,0.319375,0.623413,0.32536298,0.68101496
6847,37767.538000000175,42448.7209999999,0.173031,0.358491,0.2005326,0.44149032
6848,34767.53800000111,35648.721000001766,0.394432,0.246676,0.412496,0.33293343
6849,18967.53800000064,38648.7209999999,0.275981,0.444938,0.3048048,0.48303875
6850,27367.538000000175,45248.72100000363,0.159651,0.390224,0.18546061,0.40340367
6851,9367.53799999971,36048.72100000084,0.26346,0.037933,0.23171915,0.075409584
6852,16367.538000001106,32848.7210000027,0.385946,0.129114,0.37576035,0.13236198
6853,28167.537999999244,47648.7210000027,0.15395,0.348601,0.15578765,0.3381297
6854,22167.53800000064,30448.7210000027,0.46244,0.424488,0.4468814,0.43470427
6855,23167.53800000064,37648.72100000363,0.338102,0.078978,0.31096074,0.018335124
6856,6567.5379999997085,34848.7209999999,0.343059,0.1216,0.3263631,0.09262245
6857,27967.53800000018,29848.7210000027,0.336201,0.567965,0.3606188,0.57064956
6858,9367.53799999971,30848.721000000834,0.371635,0.126843,0.3275032,0.086586975
6859,22567.538000000175,29048.721000002697,0.372706,0.652613,0.37716717,0.4537039
6861,17167.538000000175,34048.7210000027,0.354986,0.333981,0.36846998,0.3509199
6862,5367.537999999243,28448.721000000838,0.326078,0.300612,0.32475698,0.23148869
6863,6767.538000000175,31048.720999999903,0.330378,0.10247,0.31687096,0.11142401
6864,33767.538000000175,32648.721000003625,0.322422,0.643756,0.33289337,0.5801212
6865,15767.538000001108,40448.72100000269,0.173052,0.287253,0.20968829,0.15304899
6866,27567.538000000637,45248.72100000363,0.165434,0.358618,0.18324313,0.39178696
6868,12967.537999999246,36448.72100000362,0.285864,0.46293,0.28462052,0.48088688
6869,23967.53800000111,33248.721000000834,0.449162,0.279993,0.40948138,0.2818798
6870,19167.538000000175,42248.721000000834,0.248793,0.186265,0.23609875,0.22844101
6871,31767.538000000175,39648.721000000834,0.372508,0.283257,0.37526727,0.28766575
6872,17767.538000000175,35848.721000000834,0.286166,0.394937,0.2845329,0.45138428
6873,44167.53800000018,39048.721000002704,0.342631,0.119437,0.30951622,0.13921057
6874,31967.537999999247,37248.721000000834,0.409421,0.434721,0.40803844,0.5052616
6875,44967.53800000064,35848.721000000834,0.440344,0.320079,0.39831895,0.29494092
6878,23967.53800000111,33448.721000000834,0.437279,0.278115,0.4072392,0.24136873
6879,18767.538000000175,34648.721000000834,0.387946,0.318855,0.3665663,0.3540116
6880,30567.538000000175,37448.7210000027,0.426654,0.316175,0.41588756,0.29975894
6881,9767.53799999971,26648.721000002697,0.28834,0.148704,0.30156127,0.12391449
6882,11367.538000000639,35448.7210000027,0.315231,0.304085,0.3015979,0.27997783
6885,22167.53800000064,47848.72100000363,0.096981,0.329162,0.12341601,0.32415998
6888,10767.53800000064,33648.7210000027,0.335289,0.112967,0.37060755,0.22035637
6889,36367.53799999971,43248.721000001766,0.153285,0.436597,0.15556252,0.40356177
6890,20367.538000000175,44248.7210000027,0.135501,0.086696,0.13462202,0.16861354
6891,17567.538000000175,34648.721000000834,0.342046,0.414923,0.33534715,0.38355348
6892,29567.538000000175,30248.721000002693,0.319043,0.58096,0.34304255,0.5898333
6893,15367.538000000175,36048.72100000083,0.263628,0.675004,0.33993,0.5745581
6894,26967.53800000064,43048.7210000027,0.186169,0.411502,0.21163209,0.38454506
6895,32567.53799999971,38448.721000000834,0.399352,0.564008,0.40890825,0.4529799
6898,24367.537999999244,44448.721000001766,0.173757,0.113622,0.17113319,0.09251987
6899,16367.538000001106,41848.72100000269,0.151518,0.036463,0.16793796,0.083341144
6900,5167.538000000176,32848.7210000027,0.372892,0.30022,0.36759865,0.2555676
6902,20167.538000001106,40848.721000000834,0.248557,0.468971,0.22558688,0.46325314
6903,16967.537999999713,35848.72100000083,0.29011,0.461174,0.2902849,0.44780838
6904,23367.538000001106,37648.721000003636,0.331759,0.060078,0.31350437,0.03236704
6905,34967.538000000175,40448.72100000269,0.274152,0.564553,0.29490027,0.55010736
6906,37367.53800000064,32448.721000002697,0.314094,0.6248,0.31333402,0.50810593
6907,35767.53799999924,34648.721000000834,0.354839,0.380456,0.38276684,0.4006596
6908,29967.538000000175,35848.721000000834,0.412525,0.449908,0.41154543,0.5153808
6909,28567.53800000018,29248.72100000177,0.342991,0.467633,0.30669978,0.5501641
6910,25367.53800000017,47248.721000000834,0.12158,0.223165,0.12785459,0.27566066
6911,18367.53800000064,44048.72100000363,0.161015,0.224229,0.19786055,0.2119911
6912,26767.53800000018,33848.72100000363,0.381199,0.477945,0.39486665,0.46956173
6913,16367.538000001105,38248.721000001766,0.216077,0.084168,0.23185241,0.21252222
6914,27167.538000001106,47048.72100000177,0.129648,0.385466,0.14170404,0.4414904
6915,30967.538000001106,37248.721000000834,0.437009,0.163068,0.44237256,0.39133245
6916,37967.53800000064,39248.7210000027,0.339635,0.115911,0.35069802,0.13673519
6918,27367.538000000175,37448.7210000027,0.389398,0.403371,0.38245815,0.42390648
6919,49167.538000000175,33848.72100000363,0.231267,0.122656,0.20816123,0.08503326
6920,26767.538000000175,40848.721000000834,0.234861,0.105248,0.25096473,0.18267344
6921,13367.538000000175,28848.721000003632,0.282429,0.133824,0.27821088,0.120287456
6922,21567.53800000017,45848.72100000176,0.126339,0.543215,0.118090585,0.519377
6923,28767.53799999971,32648.72100000363,0.340074,0.340935,0.38173696,0.42973933
6924,27967.53800000017,40248.72100000363,0.31813,0.449966,0.30996954,0.46107498
6925,22367.538000000175,46848.72100000269,0.149831,0.515158,0.15418662,0.54578835
6926,32367.538000000175,32248.72100000083,0.311501,0.479298,0.31893402,0.48182678
6927,29967.538000000175,33448.721000000834,0.348859,0.597226,0.3777068,0.51133114
6928,44167.53800000018,39648.721000000834,0.276168,0.12408,0.26107407,0.14414014
6929,28367.53799999971,37648.72100000363,0.442062,0.451566,0.39574173,0.49207565
6930,45767.53800000017,38248.721000001766,0.40105,0.398746,0.3987146,0.39251825
6931,32767.538000000175,44248.72100000269,0.153975,0.109276,0.15262192,0.14403525
6932,22967.538000000175,38248.721000001766,0.288575,0.045628,0.29115632,-0.011209169
6933,20367.538000000175,39848.721000000834,0.261346,0.497524,0.25378913,0.5051485
6936,18567.538000000175,34648.721000000834,0.371147,0.287553,0.35503146,0.38769212
6937,47367.53799999971,33048.721000001766,0.313281,0.096828,0.30285567,0.10821878
6939,38967.53800000064,36248.7210000027,0.459153,0.422861,0.47240832,0.4111603
6940,5767.538000000174,33448.721000000834,0.357565,0.298923,0.37685582,0.21434483
6941,18367.53800000064,43048.7210000027,0.155549,0.329548,0.16044563,0.36381635
6942,36167.538000000175,38448.72100000083,0.393068,0.146856,0.44178897,0.090981685
6943,44567.53799999971,35448.7210000027,0.375284,0.35246,0.37177575,0.26434445
6944,32367.538000000175,35048.721000000834,0.390237,0.427216,0.38488087,0.4635612
6945,26567.53800000064,33248.721000000834,0.395411,0.429967,0.38990235,0.37892288
6946,39167.53800000111,35648.721000001766,0.447781,0.429223,0.44057673,0.43243688
6947,23967.53800000111,31648.721000002697,0.479985,0.527246,0.46418557,0.47612858
6948,15167.53800000064,32848.7210000027,0.370357,0.158441,0.36382744,0.13261011
6949,19967.53800000064,43048.7210000027,0.173664,0.099896,0.17513189,0.23148815
6950,44167.53800000018,38448.72100000084,0.334698,0.090069,0.3484556,0.16794524
6952,33967.538000000175,36848.72100000177,0.403272,0.446802,0.43012515,0.44743344
6953,25967.53800000064,34248.7210000027,0.396128,0.669995,0.4052938,0.46271354
6954,34767.53800000111,34648.721000000834,0.372522,0.332228,0.37408218,0.35493416
6956,24367.537999999244,30648.721000001762,0.445983,0.348193,0.42345506,0.44375756
6957,11167.538000000175,35248.7210000027,0.332324,0.501388,0.31175518,0.35536405
6958,34167.53800000064,35448.7210000027,0.394797,0.468786,0.41063094,0.4500975
6959,31567.538000001106,35048.721000000834,0.401852,0.519085,0.37847847,0.47236466
6960,11967.538000001106,37648.721000003636,0.221771,0.402733,0.17754124,0.2264043
6961,33567.53800000064,35848.721000000834,0.425494,0.677143,0.41173798,0.48915195
6962,4567.538000000176,29848.7210000027,0.302332,0.248029,0.27408603,0.1759122
6964,27567.538000000637,49248.7210000027,0.204204,0.319699,0.20290394,0.28416815
6965,29367.53799999971,38448.721000000834,0.340437,0.467948,0.36490858,0.45566735
6966,23767.53800000064,31048.720999999903,0.436374,0.428211,0.46058446,0.4388841
6967,30567.538000000175,33848.72100000363,0.369268,0.503134,0.3731565,0.5447776
6968,26567.53800000064,29048.7210000027,0.303661,0.495497,0.35170388,0.47922435
6969,17767.538000000175,41648.7210000027,0.185379,0.493333,0.17735356,0.46523872
6970,14367.538000000175,46648.72100000269,0.099821,0.021324,0.056016773,-0.0067233536
6971,26167.538000000175,32648.721000003625,0.398531,0.270814,0.37917882,0.3488746
6973,11367.538000000639,24648.721000000834,0.24602,0.111606,0.23766209,0.09995907
6975,38567.53800000111,39248.7210000027,0.380438,0.297906,0.39481407,0.16844948
6978,27167.538000001106,48048.7210000027,0.158294,0.526482,0.16358115,0.5354724
6979,14767.538000000173,34048.7210000027,0.351791,0.301127,0.360574,0.24931477
6980,24967.537999999706,32448.721000002697,0.437446,0.455049,0.4412214,0.4727799
6981,28167.537999999244,29048.721000002697,0.27943,0.47321,0.3101337,0.48573622
6982,34167.53800000064,30848.721000000834,0.213836,0.285988,0.24906424,0.36315686
6984,16567.538000000175,42048.721000001766,0.171217,0.033724,0.17582743,0.080583565
6986,24767.538000000175,46048.721000000834,0.126429,0.407669,0.14548974,0.38264868
6987,23567.53800000018,30648.721000001762,0.468838,0.372421,0.43975243,0.4030545
6988,19167.538000000175,40448.72100000269,0.236136,0.518492,0.21215136,0.49178988
6989,40767.53799999971,33448.721000000834,0.37712,0.491316,0.39779454,0.39539033
6990,10367.53799999971,32648.72100000363,0.38336,0.110843,0.37657136,0.099283956
6991,30367.53800000064,37448.7210000027,0.464407,0.31468,0.43229425,0.33000904
6992,15767.538000001108,32248.72100000083,0.372254,0.159032,0.37877518,0.19284847
6994,21167.53799999971,40048.7210000027,0.291153,0.503963,0.27696815,0.50140077
6995,29767.538000000637,33448.721000000834,0.365052,0.67518,0.37909722,0.51609224
6996,7767.538000000175,34048.7210000027,0.983995,0.118678,0.8651828,0.22548838
6997,21367.538000000175,45848.721000001766,0.129677,0.482314,0.11194314,0.48923537
7000,11967.538000001106,36048.72100000083,0.295698,0.359443,0.2702205,0.47464547
7001,14167.537999999708,32448.721000002697,0.347937,0.126691,0.34652004,0.17194526
7002,27967.538000000175,30248.7210000027,0.338203,0.509871,0.3567277,0.54833424
7003,19767.538000000175,36848.721000001766,0.337812,0.506111,0.32544693,0.5004021
7004,6367.538000000174,30248.7210000027,0.317123,0.129162,0.33141983,0.13198131
7005,15167.53800000064,34648.721000000834,0.365547,0.428688,0.342462,0.50269103
7006,10567.538000000173,39448.721000001766,0.154486,0.007549,0.22967345,0.05182119
7007,20567.537999999244,39248.7210000027,0.278444,0.50916,0.3047076,0.49593303
7008,13367.538000000175,41848.72100000269,0.168185,0.062605,0.17442334,0.039910454
7009,18567.538000000175,35648.721000001766,0.325322,0.333453,0.34273902,0.34875974
7010,38367.53800000064,38648.7209999999,0.393563,0.11469,0.3598061,0.15139696
7012,5367.537999999244,32648.721000003625,0.382251,0.299231,0.36381721,0.25215924
7013,32967.538000000175,31448.721000002697,0.306207,0.451674,0.28564745,0.4903021
7014,18167.538000000175,43248.72100000177,0.187881,0.289412,0.19592077,0.26826808
7015,36767.53800000017,35248.7210000027,0.43299,0.447924,0.4222354,0.40262574
7016,35567.538000000175,37648.721000003636,0.397838,0.110903,0.4392279,0.123846255
7017,30167.538000000175,37048.72100000084,0.433993,0.615481,0.43177673,0.45684075
7018,22967.538000000175,45448.721000002704,0.161609,0.450843,0.15932074,0.4802103
7019,40567.538000000175,34848.7209999999,0.480919,0.558953,0.46896145,0.48072255
7021,27967.538000000175,45648.7210000027,0.18225,0.416647,0.18638359,0.44637644
7023,8767.538000001106,32048.721000000834,0.397183,0.109637,0.36387035,0.08985152
7024,33567.53800000064,44648.721000000834,0.090617,0.071863,0.076174885,0.075383626
7025,13567.53799999971,40248.72100000363,0.180348,0.063158,0.19458766,0.049115706
7026,12567.538000001106,45048.7210000027,0.090903,0.083427,0.099213436,0.039752055
7027,31167.538000000175,29048.721000002697,0.165214,0.437177,0.17791486,0.35466707
7028,16167.53800000064,35648.721000001766,0.266092,0.302485,0.27118313,0.35576135
7029,7167.538000000175,35448.7210000027,0.3402,0.283262,0.34850016,0.15924473
7031,18567.538000000175,44248.7210000027,0.192352,0.246029,0.1906798,0.20643991
7033,29967.538000000175,41248.7210000027,0.311682,0.423393,0.32031992,0.2880982
7034,41767.53800000064,35448.7210000027,0.45642,0.437921,0.47462767,0.5035344
7035,13767.538000000173,36248.7210000027,0.268828,0.487013,0.25389358,0.4768597
7036,35767.53799999924,32848.7210000027,0.334138,0.605047,0.33430243,0.55510986
7037,31567.538000001103,38448.72100000083,0.39235,0.416128,0.3942741,0.46108577
7038,28167.53799999924,31848.721000001766,0.403948,0.709905,0.36843622,0.714965
7039,35967.53799999971,42648.721000000834,0.172279,0.47126,0.1996212,0.4943213
7042,33567.53800000064,37048.721000000834,0.40996,0.509103,0.44613856,0.5090435
7043,18767.538000000175,41648.72100000269,0.231634,0.354169,0.20730674,0.4152367
7044,35567.538000000175,41648.7210000027,0.240285,0.618778,0.23461139,0.6168998
7045,27767.538000001103,40648.72100000177,0.27329,0.390007,0.28621608,0.4100134
7047,21367.538000000175,35648.72100000176,0.386902,0.480393,0.37987667,0.5275305
7050,17367.537999999706,37448.7210000027,0.240877,0.380503,0.28159162,0.4035546
7051,29767.53800000064,45848.72100000176,0.199465,0.310186,0.1691622,0.21148865
7052,22567.538000000175,39248.7210000027,0.280345,0.175365,0.29597476,0.10057383
7053,32567.53799999971,37848.7210000027,0.425859,0.607689,0.4222582,0.48249823
7054,29167.538000000175,48848.72100000269,0.126352,0.06451,0.12631649,0.1223541
7056,34167.53800000064,37448.7210000027,0.420585,0.541139,0.41444364,0.4785004
7057,37767.53800000018,32048.721000000834,0.319782,0.503942,0.31981722,0.5120733
7058,30767.538000000637,33048.721000001766,0.378816,0.558749,0.37365782,0.6197495
7059,39567.537999999244,35848.721000000834,0.468255,0.320912,0.45537972,0.39051476
7060,19967.53800000064,33048.721000001766,0.408452,0.414532,0.4015564,0.50105464
7061,32767.538000000175,40248.72100000363,0.31304,0.424591,0.3446587,0.38856208
7062,36967.53799999971,31648.7210000027,0.296974,0.526613,0.28760403,0.47704288
7063,42967.53800000111,36248.7210000027,0.402705,0.128452,0.40845942,0.29709932
7064,6167.538000000175,31248.72100000083,0.352831,0.121016,0.33893594,0.1208409
7065,33767.538000000175,34248.7210000027,0.362194,0.460988,0.3887425,0.47823483
7066,6567.5379999997085,30648.72100000177,0.306558,0.117392,0.3272907,0.119772516
7067,34167.53800000064,34048.7210000027,0.346592,0.488915,0.37110543,0.46281666
7068,25367.538000000175,33048.72100000177,0.428693,0.485083,0.44075006,0.5051536
7069,14567.538000000639,45248.72100000363,0.080451,0.016295,0.09003867,0.022922387
7070,34967.53800000018,34848.7209999999,0.424669,0.335859,0.3810666,0.35931915
7072,15767.538000001106,36448.72100000362,0.272382,0.625213,0.2689166,0.495644
7073,22367.538000000175,31648.721000002697,0.50078,0.533805,0.49428985,0.4668536
7074,34967.538000000175,39848.721000000834,0.322855,0.55427,0.32814956,0.47867915
7075,29167.538000000175,39448.72100000176,0.33411,0.424624,0.35545325,0.479943
7078,43367.537999999244,35048.721000000834,0.355353,0.14583,0.37754974,0.19834754
7079,27367.53800000018,34048.7210000027,0.379535,0.294009,0.34529263,0.36609778
7080,35967.53799999971,40248.72100000363,0.237617,0.452776,0.27196404,0.41683996
7081,13967.538000000171,44048.721000003636,0.107895,0.032739,0.088274,0.048954207
7082,28167.537999999244,35248.7210000027,0.393637,0.28783,0.38588047,0.2810896
7083,18167.538000000175,39648.721000000834,0.229914,0.561063,0.24793473,0.46452844
7084,13567.537999999711,32848.7210000027,0.339379,0.302579,0.32842582,0.26890817
7085,26567.53800000064,35648.721000001766,0.363357,0.307829,0.34513402,0.0957024
7086,23367.538000001106,34048.7210000027,0.399333,0.247527,0.43440345,0.38207158
7087,26367.53800000018,29048.721000002697,0.326279,0.526849,0.35557115,0.48829132
7088,23367.538000001106,34648.721000000834,0.435453,0.38868,0.40887436,0.4549825
7089,16167.53800000064,40648.721000001766,0.211982,0.284664,0.18446627,0.16969275
7090,36367.53799999971,35448.7210000027,0.41488,0.296653,0.4360432,0.31438738
7092,3567.538000000175,25648.721000000834,0.263257,0.146433,0.28989753,0.12874036
7094,30167.538000000175,39248.7210000027,0.358609,0.517259,0.37417427,0.5070792
7096,35167.53800000064,35448.7210000027,0.42619,0.314315,0.4224672,0.29605198
7097,38167.538000000175,38848.721000000834,0.399452,0.117327,0.36755368,0.14086947
7098,17767.538000000175,41448.721000003636,0.207435,0.535188,0.17378475,0.49925953
7101,36967.53799999971,35848.721000000834,0.427162,0.311683,0.40196845,0.2576893
7102,22567.538000000175,33648.7210000027,0.423992,0.387842,0.43495527,0.36719224
7103,26967.538000000637,35048.721000000834,0.330628,0.077147,0.34404242,0.13640796
7104,21567.538000000175,30848.72100000083,0.428649,0.401567,0.4460644,0.4469028
7105,41767.53800000064,34648.721000000834,0.442832,0.297984,0.40505275,0.3215206
7109,46767.538000001114,39448.72100000176,0.293616,0.144997,0.33520654,0.20242734
7110,9567.538000000175,34248.7210000027,0.370804,0.095697,0.3448194,0.12229466
7111,33367.538000000175,34848.7209999999,0.422504,0.392144,0.38722095,0.48259228
7112,36567.53800000017,35448.7210000027,0.44288,0.277868,0.43852454,0.32838646
7114,26367.53800000018,31248.72100000083,0.415852,0.426498,0.44050175,0.44419643
7115,16767.537999999244,45048.7210000027,0.088844,0.039592,0.056912273,0.05883451
7116,43567.53799999971,35448.7210000027,0.36373,0.156938,0.37392834,0.12938814
7117,26967.53800000064,47248.72100000084,0.150795,0.569531,0.11728968,0.48614103
7118,39567.53799999924,35648.721000001766,0.471018,0.436624,0.46580464,0.41510993
7119,24367.537999999244,34248.7210000027,0.433259,0.420849,0.42353228,0.35683694
7120,30367.53800000064,41248.7210000027,0.325243,0.199055,0.3306545,0.2958979
7122,44967.53800000063,37648.72100000363,0.388778,0.403929,0.40242934,0.38552487
7123,28967.538000000175,34248.7210000027,0.40313,0.450083,0.3920509,0.48711377
7124,10767.538000000639,33448.721000000834,0.349941,0.110109,0.36806965,0.19723225
7126,17367.53799999971,42448.720999999896,0.150062,0.087187,0.15226577,0.16637313
7127,25967.53800000064,33448.721000000834,0.39502,0.452704,0.3983846,0.3874856
7128,13967.538000000177,45048.7210000027,0.100671,0.030905,0.06403652,0.033462543
7129,39367.53800000017,38648.720999999896,0.394124,0.390949,0.35317367,0.38637534
7130,17767.538000000175,37248.721000000834,0.277515,0.473158,0.31212488,0.42785656
7131,25167.538000000175,33848.72100000363,0.443844,0.421906,0.43099687,0.5352237
7132,10767.538000000639,27048.721000000834,0.305199,0.135189,0.30448616,0.14384082
7133,19967.53800000064,40448.72100000269,0.233901,0.484309,0.2130788,0.50178766
7134,27967.538000000175,46848.72100000269,0.162202,0.394208,0.14047359,0.3750635
7135,42967.53800000111,38048.721000002704,0.357552,0.317733,0.37370393,0.2651268
7137,32967.538000000175,36248.7210000027,0.414981,0.558393,0.4258242,0.48163706
7138,26367.538000000175,28848.721000003632,0.330245,0.453633,0.34908283,0.46421182
7139,11367.538000000639,34048.7210000027,0.352047,0.408,0.3554459,0.38166878
7140,17567.538000000175,36848.72100000177,0.309513,0.466476,0.28523695,0.43011153
7141,19367.53800000064,43648.721000000834,0.149819,0.374311,0.1634112,0.32333633
7142,13167.53799999971,41448.72100000363,0.194018,0.066597,0.18913984,0.054617632
7143,37767.538000000175,38848.721000000834,0.372507,0.093769,0.35747343,0.12797496
7144,18367.53800000064,31648.7210000027,0.423876,0.118276,0.4312196,0.14679533
7145,27767.538000001106,48048.7210000027,0.148366,0.302629,0.1822211,0.36889145
7148,28167.537999999244,33248.721000000834,0.35641,0.708559,0.345727,0.5624934
7149,17567.538000000175,40448.7210000027,0.228866,0.5157,0.20842251,0.45513514
7150,22367.538000000175,30048.72100000363,0.419186,0.415949,0.4357215,0.42849198
7151,27567.538000000644,29848.721000002693,0.357165,0.584757,0.36737764,0.58742
7152,26967.538000000637,47048.721000001766,0.143382,0.532551,0.11679216,0.4580015
7153,34167.53800000064,33248.721000000834,0.297004,0.621751,0.33384103,0.55758053
7154,29967.538000000175,29048.721000002697,0.186993,0.664279,0.22617882,0.609209
7156,40967.538000000175,35448.7210000027,0.478993,0.474261,0.49717358,0.4364095
7157,34367.538000000175,39048.721000002704,0.37829,0.490964,0.39122763,0.5043792
7158,9167.537999999244,35648.721000001766,0.322569,0.052313,0.25745553,0.07952299
7160,21767.53799999971,33448.721000000834,0.434004,0.267922,0.4170552,0.43109217
7161,25167.538000000175,33448.721000000834,0.454216,0.479251,0.42844862,0.5496592
7162,28367.53799999971,33848.72100000363,0.388031,0.425458,0.38750243,0.39965254
7163,6967.538000000641,35448.7210000027,0.333973,0.303547,0.3527267,0.15643847
7164,27167.538000001103,29848.7210000027,0.350205,0.556165,0.37721175,0.56502897
7165,30167.538000000175,40848.721000000834,0.315541,0.329459,0.32253516,0.24055149
7167,14767.538000000175,39448.72100000176,0.181095,0.102918,0.18276885,0.09693613
7168,25567.53799999971,28848.721000003632,0.305552,0.515295,0.338053,0.44975263
7169,31967.537999999244,36448.72100000362,0.414298,0.502125,0.41712713,0.4317805
7170,30967.538000001103,31048.7209999999,0.309739,0.567833,0.30316424,0.5821758
7172,33367.538000000175,35248.7210000027,0.389849,0.450264,0.41069475,0.49289706
7173,40167.53799999971,34248.7210000027,0.429248,0.379205,0.43333608,0.435208
7174,23367.538000001106,31248.721000000834,0.462536,0.412279,0.45041937,0.4513403
7175,32167.53799999971,35648.721000001766,0.384563,0.426811,0.4035597,0.42873082
7177,17967.537999999713,35648.721000001766,0.323447,0.41082,0.3205269,0.44119254
7178,17367.53799999971,34048.7210000027,0.35327,0.362077,0.36313546,0.3515751
7179,14167.537999999711,29448.721000000834,0.301244,0.135538,0.27779984,0.12010742
7180,20167.538000001106,44248.7210000027,0.130028,0.087908,0.11969203,0.17535888
7182,8167.538000001106,34448.721000001766,0.385605,0.101357,0.47473344,-0.0108066
7183,27367.538000000175,38648.720999999896,0.313839,0.126004,0.31975675,0.30592328
7184,28767.53799999971,34048.7210000027,0.389852,0.601558,0.40018076,0.4723335
7185,22167.538000000644,46448.721000000834,0.122652,0.512747,0.13615924,0.5451321
7186,31167.538000000175,37248.721000000834,0.43134,0.477225,0.4234582,0.42815888
7187,13167.537999999708,39248.7210000027,0.174249,0.069068,0.15775278,0.053118844
7188,14967.538000000173,27648.721000002697,0.322244,0.131621,0.33117774,0.124057315
7189,15567.538000000643,27648.721000002693,0.357539,0.134975,0.36193952,0.12023682
7190,42167.53800000064,35648.721000001766,0.406664,0.387967,0.4120581,0.41735718
7191,29167.538000000175,29048.721000002697,0.24333,0.652744,0.25931007,0.7082374
7192,13167.537999999708,41048.721000000834,0.181411,0.068426,0.20253192,0.06143861
7193,19167.538000000175,38648.720999999896,0.26124,0.447403,0.28766406,0.45918977
7194,28767.53799999971,44848.721000000834,0.204289,0.452509,0.19991097,0.46063745
7195,19767.538000000175,40448.72100000269,0.215807,0.435316,0.20671208,0.48925835
7197,12367.538000000639,45848.721000001766,0.044702,0.003754,0.10827124,0.03597184
7198,10967.538000000177,35048.721000000834,0.30602,0.525272,0.3136642,0.44930917
7200,37167.538000000175,34448.721000001766,0.392362,0.455029,0.41160008,0.4949843
7201,16367.538000001105,40248.72100000363,0.175731,0.086801,0.19562459,0.17019667
7202,12567.538000001108,39448.72100000176,0.20751,0.098586,0.1971489,0.10068544
7203,35767.53799999924,35248.7210000027,0.421162,0.304258,0.42658535,0.36422408
7204,36367.53799999971,43048.7210000027,0.159752,0.482825,0.15755287,0.42695403
7205,25567.53799999971,28048.721000001766,0.29189,0.490719,0.31548598,0.51761425
7207,9167.537999999244,32048.721000000834,0.402192,0.108879,0.39542535,0.101559006
7208,20767.53799999971,30648.721000001766,0.451354,0.59027,0.45359084,0.4840459
7209,19967.53800000064,35448.7210000027,0.32928,0.317608,0.3281748,0.32573056
7210,22567.538000000175,39448.721000001766,0.295216,0.229696,0.3134721,0.12148642
7211,19367.53800000064,43448.721000000834,0.178952,0.362885,0.16512233,0.35200775
7212,15167.53800000064,36648.7210000027,0.279656,0.502018,0.245826,0.51964533
7213,22167.53800000064,35848.721000000834,0.392097,0.468292,0.41195363,0.48880613
7214,21367.538000000175,40248.72100000363,0.24857,0.530506,0.2656312,0.50492513
7215,21967.538000000175,33248.721000000834,0.431698,0.614008,0.40642533,0.5187139
7216,10967.538000000175,31448.721000002697,0.365323,0.128524,0.38340944,0.09399422
7219,18567.538000000175,41048.721000000834,0.221344,0.518802,0.21469954,0.5023763
7220,20167.538000001106,38248.721000001766,0.277352,0.647138,0.30995196,0.52944505
7221,24767.538000000175,31448.721000002697,0.44807,0.491751,0.46688226,0.45736635
7222,21967.538000000175,32848.7210000027,0.441677,0.591085,0.4464499,0.48139292
7223,30367.538000000637,36648.7210000027,0.439022,0.520998,0.43561864,0.4519142
7224,40967.538000000175,33048.721000001766,0.368899,0.255796,0.34565896,0.26698622
7225,24567.537999999713,46448.72100000084,0.146661,0.441114,0.13837703,0.41594908
7226,31567.538000001103,34048.7210000027,0.363871,0.605636,0.34710532,0.5342588
7228,38767.53800000018,32048.721000000834,0.29836,0.36641,0.27167818,0.38840243
7230,26367.53800000018,47448.721000000834,0.11735,0.504523,0.110419005,0.48960808
7232,18967.53800000064,44248.7210000027,0.202446,0.079586,0.18232924,0.13249165
7233,31367.53800000064,35248.7210000027,0.388904,0.550261,0.39570478,0.43256235
7234,24367.537999999244,38448.72100000083,0.233096,0.027754,0.28974557,0.06280532
7237,22367.538000000175,35448.7210000027,0.384926,0.674203,0.39182353,0.50539714
7238,30767.538000000637,40848.72100000084,0.339692,0.200705,0.33816397,0.2542808
7239,9567.538000000175,33248.721000000834,0.390886,0.104013,0.39575043,0.110026605
7240,29167.538000000175,47048.72100000177,0.135967,0.409166,0.13323988,0.36874977
7241,27967.53800000018,26048.721000002697,0.153745,0.08322,0.24292405,0.16946678
7243,31167.538000000175,40448.72100000269,0.338662,0.336863,0.36371535,0.2396998
7244,34967.53800000018,33048.72100000177,0.307622,0.500623,0.32727745,0.5548755
7245,18567.538000000175,36048.72100000083,0.312023,0.400192,0.32735333,0.40806493
7246,30567.538000000175,37648.721000003636,0.433658,0.331931,0.42743865,0.33647254
7247,27167.538000001106,49048.72100000363,0.170691,0.39682,0.19500087,0.29013422
7248,4567.538000000175,30848.72100000083,0.347968,0.275405,0.32522088,0.21793698
7249,3767.5380000006407,24248.72100000177,0.245367,0.046754,0.2586951,0.06133919
7250,13567.53799999971,31848.72100000177,0.334506,0.088982,0.41227362,0.111143626
7251,14567.538000000643,35048.721000000834,0.345097,0.367528,0.3341352,0.35895106
7252,25967.53800000064,48648.721000000834,0.149535,0.372337,0.14288707,0.3571948
7253,13567.537999999711,40848.721000000834,0.183334,0.063259,0.19716802,0.054640938
7254,10967.538000000177,33648.7210000027,0.338049,0.110889,0.33563706,0.20189756
7256,32967.538000000175,38848.721000000834,0.405445,0.578342,0.40928832,0.46977082
7257,31567.538000001106,40048.7210000027,0.388073,0.170012,0.361626,0.2772037
7258,14167.537999999711,34248.7210000027,0.349747,0.156155,0.35992992,0.25202674
7259,37367.53800000064,37448.7210000027,0.397329,0.051195,0.38820246,0.07301404
7260,31167.538000000175,30848.72100000083,0.255006,0.425848,0.25684914,0.41206115
7261,30767.538000000644,37448.7210000027,0.423676,0.325624,0.4262428,0.32887852
7263,28567.53800000018,30048.72100000363,0.341605,0.513051,0.3355442,0.58762646
7264,36767.53800000017,37048.72100000083,0.388682,0.06413,0.3853168,0.08230423
7265,14367.538000000175,33448.721000000834,0.345091,0.121998,0.3420108,0.2577581
7267,45167.53800000018,36648.7210000027,0.42984,0.310906,0.3788221,0.30288246
7268,30767.538000000637,37648.72100000363,0.413067,0.306035,0.431787,0.3350795
7269,20567.537999999244,38448.72100000083,0.281135,0.629447,0.29665303,0.51692075
7270,20967.538000000175,32248.72100000083,0.476462,0.513648,0.45112798,0.4936538
7271,20967.538000000175,46648.7210000027,0.096357,0.175562,0.0983766,0.22194336
7273,47567.538000000175,34048.7210000027,0.344292,0.087569,0.31054416,0.08103653
7274,32167.53799999971,37248.721000000834,0.42073,0.445496,0.39101884,0.48405653
7275,6367.538000000174,36048.72100000083,0.275777,0.284508,0.27266288,0.21692431
7276,36367.53799999971,42648.721000000834,0.173845,0.508054,0.18917659,0.4781714
7277,18167.53800000017,43848.7210000027,0.173383,0.210555,0.17446926,0.19199696
7278,7767.538000000175,34848.7209999999,0.361929,0.107126,0.36390027,0.075358175
7279,36367.53799999971,37048.721000000834,0.398525,0.077982,0.37865782,0.08727031
7281,19767.538000000175,41048.721000000834,0.231089,0.456377,0.22003587,0.45348492
7282,40567.538000000175,32848.7210000027,0.340296,0.253193,0.36430714,0.37215385
7283,18967.53800000064,45448.7210000027,0.11489,0.084689,0.101729944,0.1404726
7284,25167.538000000175,29848.721000002697,0.406517,0.416704,0.40457416,0.50056756
7285,47367.53799999971,34048.72100000269,0.321812,0.086206,0.30137545,0.07722982
7287,38167.53800000018,32648.721000003625,0.354372,0.549259,0.35004056,0.5139006
7288,12967.537999999246,37448.7210000027,0.257707,0.137198,0.22542572,0.32487133
7289,25167.538000000175,30648.721000001766,0.423209,0.494191,0.3981947,0.5529767
7290,17367.53799999971,42848.7210000027,0.154342,0.09233,0.17444783,0.0909959
7291,12367.538000000639,33048.721000001766,0.369274,0.11955,0.39254037,0.15825817
7292,29967.538000000175,33248.721000000834,0.342264,0.569798,0.37210897,0.5147528
7293,27367.53800000018,39248.7210000027,0.294403,0.440081,0.31663087,0.3760178
7294,32967.538000000175,36648.7210000027,0.4056,0.446125,0.42353463,0.5103868
7295,29767.538000000637,32048.721000000834,0.361891,0.564056,0.3540976,0.6209121
7296,23967.538000001106,47048.72100000177,0.135088,0.456647,0.15190358,0.4968047
7297,32967.538000000175,30248.7210000027,0.170393,0.097343,0.26643917,0.080835305
7298,14567.53800000064,33448.721000000834,0.363095,0.12216,0.35637328,0.25474977
7299,10367.53799999971,33848.72100000363,0.343647,0.11744,0.36836937,0.21643226
7300,30167.538000000175,37848.72100000269,0.433509,0.445741,0.41189486,0.39187905
7301,13367.538000000175,37248.721000000834,0.239787,0.420371,0.24003728,0.39611825
7302,25767.538000000175,33448.721000000834,0.414072,0.454393,0.41347006,0.43623537
7303,12167.538000000173,37248.721000000834,0.235644,0.414541,0.24201195,0.28634998
7304,11767.538000000639,25048.72100000363,0.25669,0.11487,0.24821092,0.09348484
7305,20767.53799999971,39248.7210000027,0.273646,0.612885,0.30890357,0.49700272
7306,28167.537999999244,32048.721000000834,0.400035,0.697088,0.39897704,0.6692895
7307,46767.538000001114,40248.72100000363,0.275224,0.13627,0.2388258,0.23473129
7308,36967.53799999971,36048.721000000834,0.457253,0.109378,0.40402734,0.21109279
7310,44767.538000000175,36848.72100000177,0.409074,0.295241,0.38904485,0.31851274
7311,24367.537999999244,31848.721000001766,0.43505,0.469903,0.4678298,0.45675832
7312,22767.53800000064,31248.721000000834,0.487349,0.449183,0.49629506,0.442675
7315,39767.53799999971,39848.721000000834,0.364684,0.486977,0.341746,0.44332403
7316,16767.537999999244,33048.72100000177,0.415996,0.114707,0.39374965,0.18910661
7318,31167.538000000175,33448.721000000834,0.348259,0.538276,0.3491646,0.5598506
7321,29767.538000000637,35248.7210000027,0.397317,0.544719,0.42010906,0.5403773
7322,29967.538000000175,37448.7210000027,0.447392,0.374389,0.4308668,0.41918746
7323,24967.53799999971,32048.721000000834,0.450701,0.344999,0.46197626,0.38914487
7325,32167.53799999971,40248.72100000363,0.328419,0.266316,0.34631014,0.3342663
7326,18967.53800000064,43648.721000000834,0.211624,0.364426,0.17382802,0.28915402
7327,16767.537999999244,35248.7210000027,0.29197,0.280357,0.2955414,0.35072172
7328,11567.538000000173,34248.7210000027,0.390767,0.511802,0.36110148,0.40368435
7331,29367.537999999713,39448.72100000176,0.360798,0.468871,0.35132697,0.45870626
7332,20167.538000001106,32648.721000003625,0.405086,0.462327,0.40233627,0.4629214
7333,23367.538000001106,47648.7210000027,0.120478,0.37106,0.10797952,0.38836613
7334,39167.53800000111,33648.7210000027,0.396252,0.488607,0.41388318,0.4324298
7335,41367.538000000175,40048.7210000027,0.306784,0.507968,0.290026,0.3567152
7337,27167.538000001106,25448.721000001762,0.1677,0.360425,0.20951371,0.2849687
7338,32567.537999999713,39448.72100000176,0.371418,0.372183,0.34477,0.41014093
7339,19367.53800000064,39848.721000000834,0.254206,0.591391,0.25424808,0.5152686
7340,18967.538000000644,43848.7210000027,0.202543,0.344075,0.19682631,0.25399247
7341,27367.538000000175,28648.72100000269,0.292921,0.487296,0.30874982,0.416084
7342,29567.53800000018,32448.721000002693,0.369917,0.452366,0.34850696,0.51693666
7343,41767.53800000064,37048.721000000834,0.415823,0.456342,0.4349294,0.46950427
7344,20767.53799999971,38048.7210000027,0.310674,0.498319,0.29551482,0.50924927
7345,28167.537999999244,29448.721000000834,0.329065,0.477911,0.3233739,0.5054656
7347,34367.53800000018,32448.721000002697,0.300697,0.426099,0.3131001,0.4845083
7348,18567.538000000175,42448.7209999999,0.171819,0.431845,0.18490437,0.44147903
7349,15767.538000001106,33848.72100000363,0.329127,0.444369,0.3492587,0.40243697
7350,27767.538000001106,35448.7210000027,0.360503,0.081011,0.37751633,0.23784178
7351,12567.538000001108,33848.72100000363,0.339651,0.303739,0.35024765,0.22464265
7352,11167.538000000175,38248.72100000176,0.16496,0.060032,0.18427545,0.12284633
7353,27367.53800000018,38448.72100000083,0.316566,0.125816,0.30951786,0.26398692
7354,20567.537999999244,30848.72100000083,0.422393,0.590808,0.42877105,0.47939265
7355,11967.538000001106,33248.721000000834,0.395158,0.299649,0.38029292,0.16694252
7356,28767.53799999971,35848.721000000834,0.427555,0.459728,0.41563216,0.46623
7357,9367.53799999971,31848.721000001766,0.384965,0.106474,0.3931098,0.09538
7358,35567.538000000175,41848.72100000269,0.232024,0.624507,0.22567755,0.6053142
7359,27167.538000001103,28648.72100000269,0.303225,0.480531,0.33892086,0.43769106
7360,24767.538000000175,44848.72100000083,0.146105,0.088642,0.13677078,0.07313868
7361,33167.53799999971,37848.7210000027,0.439213,0.461105,0.41994983,0.5227501
7363,36167.538000000175,35448.7210000027,0.417784,0.23318,0.43311483,0.3011012
7364,36767.538000000175,36848.721000001766,0.417731,0.06894,0.37826496,0.08335569
7365,39567.537999999244,36648.7210000027,0.479334,0.374473,0.48172128,0.41373077
7368,19967.53800000064,29048.721000002697,0.376006,0.155905,0.36512595,0.1261221
7369,32967.53800000017,35648.721000001766,0.405312,0.446912,0.4129115,0.43376842
7370,4967.538000001106,32648.721000003625,0.36184,0.101779,0.35495016,0.24999547
7371,23167.53800000064,29048.721000002697,0.379962,0.647738,0.39071134,0.46759814
7373,37767.53800000018,36048.72100000084,0.419306,0.490822,0.41994667,0.3895519
7375,44967.53800000064,36048.721000000834,0.44962,0.314042,0.37576035,0.28161418
7376,18767.538000000175,42248.721000000834,0.206989,0.448762,0.20107244,0.4258764
7377,13567.537999999711,34648.721000000834,0.357831,0.142331,0.33336967,0.21205553
7379,38167.538000000175,36648.7210000027,0.429919,0.465041,0.3581342,0.32660538
7381,23367.538000001106,37248.721000000834,0.32584,0.0681,0.3378212,0.04200982
7382,10767.538000000639,31448.7210000027,0.378483,0.129688,0.40920687,0.10668143
7383,6367.538000000174,33248.721000000834,0.37547,0.109059,0.36354855,0.14102477
7384,14567.53800000064,40448.7210000027,0.200682,0.086863,0.20779395,0.066950195
7385,31767.53800000018,36448.72100000362,0.423037,0.376127,0.4219394,0.41748115
7387,33767.538000000175,40048.7210000027,0.370909,0.52215,0.38243842,0.52007484
7388,24367.537999999244,46448.721000000834,0.148297,0.414102,0.13756685,0.4251915
7389,5167.538000000176,29048.721000002697,0.330698,0.15086,0.33311656,0.14392905
7390,16767.537999999244,28848.721000003632,0.338392,0.119805,0.34451118,0.1608126
7391,32367.538000000175,39848.721000000834,0.372077,0.250369,0.36144286,0.35673404
7392,17767.538000000175,43648.721000000834,0.107146,0.095411,0.1367676,0.14259218
7393,41967.538000000175,34848.7209999999,0.454624,0.360382,0.41934994,0.38418132
7396,15567.538000000643,33248.721000000834,0.392445,0.138569,0.3925129,0.17096005
7397,28967.538000000175,35048.721000000834,0.442007,0.484256,0.43684867,0.45898706
7398,15567.53800000064,35648.721000001766,0.3704,0.577061,0.3535218,0.54890615
7399,4767.538000000642,27848.721000002697,0.28359,0.123178,0.2892282,0.12121274
7400,25967.53800000064,43848.7210000027,0.170385,0.148829,0.18526761,0.16394022
7401,35567.538000000175,37848.7210000027,0.411612,0.151702,0.43382332,0.19720119
7403,34767.53800000111,36648.7210000027,0.429107,0.191269,0.43864495,0.21093525
7404,20967.538000000175,45648.7210000027,0.107643,0.401082,0.11333907,0.3609391
7405,21367.53800000017,47648.7210000027,0.132174,0.450879,0.12917452,0.40193456
7406,23367.538000001106,32848.7210000027,0.450078,0.387603,0.46805537,0.46214432
7407,28167.537999999244,39048.721000002704,0.373693,0.507224,0.35028931,0.52282
7409,31567.538000001106,39448.72100000176,0.384033,0.181201,0.37373725,0.29589763
7411,19167.538000000175,46048.721000000834,0.119604,0.108766,0.12682946,0.1326138
7412,28967.538000000175,37048.72100000084,0.440072,0.615884,0.44350934,0.5126741
7413,14567.53800000064,42248.721000000834,0.167723,0.040808,0.13732585,0.04559772
7414,18567.538000000175,43448.72100000083,0.224316,0.212231,0.2147485,0.23775053
7415,35167.53800000064,41048.721000000834,0.275833,0.643678,0.2613422,0.6122214
7416,18767.538000000175,32448.721000002693,0.40693,0.133354,0.4074348,0.12547997
7418,27967.53800000017,48248.721000001766,0.149105,0.306399,0.17302598,0.25761795
7419,25367.53800000017,28448.721000000838,0.340826,0.531718,0.34979105,0.52381974
7420,39767.53799999971,38648.7209999999,0.384149,0.416249,0.39643192,0.4572306
7421,20367.53800000018,44448.721000001766,0.154811,0.083779,0.11205225,0.15657109
7422,14967.538000000173,34248.7210000027,0.35541,0.32467,0.35133272,0.2935245
7423,27567.538000000644,40048.7210000027,0.304097,0.505213,0.32008657,0.47473806
7424,15167.53800000064,33248.721000000834,0.376367,0.138076,0.39757115,0.18578543
7425,32967.53800000017,39448.72100000176,0.374406,0.432583,0.3729999,0.4465024
7426,15167.538000000639,36848.721000001766,0.309842,0.479794,0.25934616,0.5103103
7427,34767.53800000111,39448.72100000176,0.345583,0.49431,0.34848467,0.52181685
7429,17367.53799999971,37048.721000000834,0.259998,0.371258,0.3209454,0.4400721
7430,17167.538000000175,42648.72100000084,0.107495,0.064824,0.13791135,0.10841753
7431,7567.538000000641,34648.721000000834,0.364909,0.115259,0.36868227,0.102863155
7433,12967.537999999242,39248.7210000027,0.181117,0.074448,0.17403112,0.0661967
7434,31767.538000000175,32248.72100000083,0.29701,0.745421,0.301558,0.5058887
7435,32367.538000000175,33448.721000000834,0.347195,0.438308,0.3454625,0.47076273
7436,27367.53800000018,49448.7210000027,0.208702,0.155436,0.19837815,0.28539622
7437,30967.538000001106,31448.721000002697,0.349701,0.589847,0.30916253,0.6409753
7438,4967.538000001107,29848.7210000027,0.317535,0.255032,0.2971957,0.18342726
7439,19367.53800000064,35648.721000001766,0.345124,0.314501,0.37530163,0.31962794
7440,22367.538000000175,46648.7210000027,0.139476,0.534282,0.14524263,0.5333427
7442,17967.537999999713,44448.721000001766,0.18304,0.084442,0.19090924,0.0928637
7443,5967.537999999709,35048.721000000834,0.324502,0.111561,0.29494438,0.13765994
7446,13167.53799999971,37648.72100000363,0.236566,0.276188,0.21522541,0.32045227
7447,43367.537999999244,35648.721000001766,0.400219,0.162914,0.40955383,0.13879605
7448,14167.537999999708,33648.7210000027,0.299026,0.301133,0.31934243,0.26653606
7450,37767.538000000175,36248.7210000027,0.418212,0.28701,0.35227194,0.22877511
7451,12967.537999999246,34448.721000001766,0.336345,0.332455,0.35481462,0.22955959
7452,29967.538000000175,45848.72100000176,0.169625,0.290212,0.15376845,0.18297645
7453,12567.538000001106,33248.721000000834,0.369655,0.122065,0.3765496,0.17220595
7454,25767.538000000175,34448.721000001766,0.388939,0.569496,0.41084298,0.46849972
7455,40367.538000000175,39648.721000000834,0.353841,0.453097,0.3530124,0.44405502
7456,24167.538000000175,46048.721000000834,0.116807,0.430684,0.120812014,0.3863176
7458,23767.538000000637,42648.721000000834,0.157332,0.209368,0.17406908,0.15750252
7459,29367.53799999971,40448.7210000027,0.334293,0.392992,0.33820438,0.35572785
7460,37567.538000000175,32648.721000003625,0.348037,0.425356,0.3325367,0.4489776
7464,27567.538000000637,25448.721000001766,0.160247,0.243135,0.20630187,0.273164
7465,22167.53800000064,30048.721000003625,0.408465,0.410879,0.41843486,0.42922086
7466,30567.53800000018,36648.7210000027,0.434917,0.465832,0.43952835,0.41892403
7467,26967.538000000637,37648.72100000363,0.382468,0.198016,0.36883152,0.1783932
7468,33167.53799999971,38648.7209999999,0.407591,0.5643,0.4156661,0.48838297
7469,19567.538000001106,40248.72100000363,0.20747,0.510072,0.21969779,0.51663506
7470,21367.538000000175,36848.72100000177,0.317891,0.433352,0.33193487,0.4239105
7471,35567.538000000175,41048.721000000834,0.260704,0.66366,0.25515172,0.60819596
7473,40967.538000000175,37848.72100000269,0.462205,0.526993,0.42139232,0.49756664
7474,9367.537999999711,32448.721000002697,0.395926,0.114195,0.35437196,0.11619396
7476,12767.538000000175,34648.721000000834,0.348222,0.332682,0.35486373,0.2620328
7481,32367.538000000175,32448.721000002697,0.30044,0.512209,0.327325,0.48134473
7482,9367.537999999711,26048.721000002697,0.29383,0.111477,0.30046862,0.10965391
7483,22167.53800000064,30248.7210000027,0.405394,0.437098,0.4291921,0.4414321
7484,28567.53800000018,31048.7209999999,0.343348,0.689929,0.34827974,0.6596179
7485,37767.53800000018,33248.721000000834,0.369353,0.396662,0.39267364,0.44132787
7486,9367.53799999971,26448.721000002697,0.310373,0.132655,0.30594897,0.11980418
7487,32167.537999999706,40048.7210000027,0.365778,0.190544,0.3608612,0.32733527
7488,27967.538000000175,35248.7210000027,0.371818,0.117336,0.37489766,0.2115324
7489,35767.53799999925,41248.7210000027,0.258378,0.656339,0.24052091,0.6211545
7490,12567.538000001106,35248.7210000027,0.286342,0.475268,0.32327598,0.39980662
7491,27167.538000001106,37848.7210000027,0.396028,0.226104,0.37685212,0.28311974
7492,10767.53800000064,34848.7209999999,0.344245,0.438462,0.3351099,0.40505695
7493,36167.538000000175,31448.721000002697,0.294674,0.456301,0.2829388,0.5415224
7494,30767.538000000637,38448.721000000834,0.395925,0.404194,0.4198684,0.42609146
7495,32767.538000000175,38448.72100000084,0.415629,0.398378,0.4167165,0.46390918
7497,31367.538000000637,44448.721000001766,0.204208,0.122225,0.22117287,0.15990934
7499,42967.53800000111,38848.721000000834,0.386416,0.254192,0.32828033,0.24410623
7500,35167.53800000064,41648.72100000269,0.242035,0.657734,0.2456318,0.6049218
7501,17367.53799999971,42248.721000000834,0.181768,0.083159,0.14631037,0.21524729
7502,5167.538000000176,31448.721000002697,0.374579,0.300158,0.37926728,0.25992748
7503,12767.538000000175,35248.7210000027,0.313917,0.4735,0.30306068,0.4016132
7504,27167.538000001106,27848.7210000027,0.277442,0.441001,0.31045106,0.40227312
7505,30967.538000001106,44248.7210000027,0.168454,0.107776,0.19954263,0.14339264
7506,34767.53800000111,36248.7210000027,0.414273,0.339371,0.4318955,0.26465526
7507,18567.538000000175,43248.721000001766,0.220641,0.271252,0.19431977,0.30023986
7508,43367.537999999244,38648.720999999896,0.3549,0.183203,0.35459024,0.2332802
7509,37967.53800000064,34048.7210000027,0.405789,0.496846,0.42170954,0.5295996
7510,38967.53800000065,34648.721000000834,0.404761,0.535207,0.42647094,0.50148684
7511,40567.538000000175,38648.720999999896,0.398728,0.424116,0.40204662,0.48299554
7512,22967.538000000175,47448.721000000834,0.11348,0.403799,0.12354924,0.39616394
7513,36167.538000000175,32848.7210000027,0.331226,0.55134,0.33466667,0.5163256
7514,26967.538000000637,27448.72100000083,0.297967,0.442068,0.33977696,0.44839954
7515,42567.538000000175,38848.721000000834,0.369872,0.298982,0.330981,0.4023054
7516,23167.53800000064,36648.7210000027,0.371448,0.391458,0.33410758,0.2413877
7517,36367.53799999971,38648.7209999999,0.399816,0.109375,0.4217413,0.094667874
7518,16767.537999999244,32448.721000002697,0.435764,0.129702,0.44193426,0.109988935
7519,8367.538000000175,31448.721000002697,0.414919,0.114407,0.38459787,0.116003014
7520,19167.538000000175,32848.7210000027,0.422333,0.310735,0.43680692,0.35199082
7521,28167.537999999244,24848.7210000027,0.160721,0.057679,0.13624226,0.29187045
7522,32567.53799999971,31248.721000000834,0.21248,0.428074,0.22729664,0.4784097
7523,11967.538000001106,37048.72100000083,0.2373,0.410483,0.25989604,0.40352803
7524,16567.538000000175,46248.72099999991,0.08195,0.022746,0.048710316,0.099303685
7525,8567.53800000064,32848.7210000027,0.387956,0.117913,0.39602742,0.12272281
7526,29967.538000000175,39648.721000000834,0.381155,0.463031,0.37698057,0.45672706
7527,27167.538000001106,34648.721000000834,0.327663,0.244539,0.3628478,0.26359716
7528,6767.538000000177,34248.7210000027,0.367599,0.119284,0.35551533,0.090307795
7530,41767.53800000064,42848.7210000027,0.168502,0.294185,0.24573174,0.11808718
7531,28167.53799999924,32648.721000003625,0.351801,0.398892,0.32901996,0.57183623
7532,41367.538000000175,35248.7210000027,0.461956,0.286921,0.46891296,0.45744547
7533,14567.538000000639,45848.72100000176,0.037994,0.023897,0.0776266,0.014217457
7534,29567.538000000175,31848.72100000177,0.343065,0.67299,0.33581853,0.6050069
7535,16167.538000000643,28648.721000002693,0.324524,0.130601,0.34744945,0.14613317
7537,20567.537999999244,35048.721000000834,0.362254,0.116678,0.36551076,0.34521148
7538,8967.538000000173,28248.721000000838,0.304761,0.127374,0.30605835,0.17754523
7539,17167.538000000175,36048.72100000083,0.305735,0.438585,0.28425524,0.4575278
7540,5367.537999999243,29648.721000000834,0.317995,0.14352,0.30272293,0.14611354
7542,32767.538000000175,36448.72100000363,0.425087,0.442109,0.41554254,0.48366764
7543,11167.538000000177,28648.721000002693,0.245845,0.154792,0.26163504,0.14425969
7544,18167.53800000017,46448.721000000834,0.124229,0.084841,0.110925704,0.085649036
7546,45767.538000000175,37448.7210000027,0.390858,0.359276,0.41134262,0.38426343
7547,23967.53800000111,44648.72100000084,0.175646,0.121401,0.15386695,0.11471634
7548,36367.53799999971,34048.7210000027,0.348355,0.475906,0.38275108,0.43391588
7549,36367.53799999971,35648.721000001766,0.406737,0.239616,0.42534697,0.26370603
7550,29167.538000000175,37448.7210000027,0.434326,0.363768,0.43382215,0.4784328
7551,21367.538000000175,46248.7209999999,0.129519,0.46676,0.1026825,0.49979705
7552,23167.53800000064,35248.7210000027,0.381337,0.387507,0.409823,0.44267595
7553,18367.53800000064,36248.721000002704,0.310375,0.390512,0.32098308,0.47398418
7554,18767.538000000175,39048.721000002704,0.289902,0.329769,0.2523372,0.40890813
7555,17567.538000000175,34048.7210000027,0.358933,0.403805,0.35136887,0.41078967
7556,33567.53800000064,32248.721000000834,0.306982,0.539799,0.325756,0.4963664
7557,19167.538000000175,37448.7210000027,0.3101,0.511969,0.29925746,0.52160066
7558,20967.538000000175,31048.7209999999,0.459959,0.431165,0.461735,0.48863536
7559,22167.53800000064,46648.7210000027,0.124815,0.526768,0.14409092,0.54623896
7560,18167.53800000017,41248.7210000027,0.21454,0.537581,0.1600724,0.56305087
7562,26167.538000000175,48248.721000001766,0.149508,0.399327,0.15733352,0.36844903
7563,40967.538000000175,38648.7209999999,0.388908,0.457137,0.34676412,0.4924605
7567,24367.537999999244,35448.7210000027,0.351992,0.423214,0.36795682,0.33982107
7569,15967.538000000175,33048.72100000177,0.37404,0.136938,0.37920526,0.12845321
7570,16967.53799999971,33848.72100000363,0.374797,0.320536,0.3666334,0.31152284
7572,26167.538000000175,30648.721000001762,0.433333,0.44152,0.4291148,0.520196
7573,13167.537999999708,36648.7210000027,0.293337,0.450239,0.2832549,0.46791533
7574,16367.538000001105,45248.72100000363,0.067999,0.049405,0.0742829,0.072681926
7575,27967.538000000175,29648.721000000834,0.358033,0.5007,0.34803274,0.53348154
7578,16367.538000001106,27648.721000002697,0.31028,0.12753,0.34882146,0.1305629
7580,15767.538000001108,39848.721000000834,0.198095,0.107111,0.19686724,0.13778992
7581,8567.53800000064,33448.721000000834,0.37649,0.282372,0.5112172,0.32910484
7582,4167.538000000641,27448.72100000083,0.250404,0.146613,0.28697884,0.100460105
7583,31367.53800000064,31648.7210000027,0.299988,0.5242,0.30877283,0.5488272
7584,23367.538000001106,35048.721000000834,0.397538,0.655897,0.39213476,0.48550102
7585,26967.53800000064,27648.721000002693,0.280739,0.448274,0.3259906,0.4330564
7586,36567.53800000017,37048.72100000084,0.395226,0.068901,0.37065035,0.08212759
7587,5767.538000000174,34248.7210000027,0.317239,0.1122,0.3332495,0.15543133
7589,13567.537999999711,35048.721000000834,0.341899,0.369501,0.32623976,0.38114357
7590,12767.538000000175,33448.721000000834,0.358471,0.241464,0.35197175,0.21002606
7591,19167.538000000175,41848.72100000269,0.213137,0.190404,0.21461792,0.29024035
7592,21367.538000000175,36648.721000002704,0.331312,0.558323,0.35466117,0.48183724
7593,45167.53800000018,37848.7210000027,0.393486,0.405237,0.386434,0.38862887
7594,25367.538000000175,33848.72100000363,0.441174,0.398676,0.43975198,0.53733265
7595,26567.53800000064,30448.7210000027,0.404439,0.418118,0.40004522,0.5138929
7596,11967.538000001106,41448.721000003636,0.184796,0.03768,0.11647311,0.02567037
7597,11767.538000000639,33848.72100000363,0.347907,0.301706,0.34713385,0.22044589
7598,42567.538000000175,35448.7210000027,0.415811,0.385109,0.39752302,0.38244373
7599,16367.538000001105,33848.72100000363,0.348451,0.303268,0.35485637,0.30327716
7600,5167.538000000174,31248.721000000834,0.332014,0.294311,0.35969135,0.268794
7602,29367.53799999971,29448.721000000834,0.310712,0.684961,0.29207107,0.7033069
7603,28967.538000000175,33448.721000000834,0.36311,0.405502,0.36910987,0.5736751
7604,33167.53799999971,35848.721000000834,0.412947,0.456134,0.40462124,0.4692282
7605,10567.538000000173,31848.72100000177,0.406654,0.122033,0.43032402,0.087194644
7606,21767.53799999971,30448.7210000027,0.44089,0.446606,0.43083775,0.44198892
7609,17967.53799999971,35248.7210000027,0.31649,0.618695,0.3354523,0.4351503
7610,33967.538000000175,44048.72100000362,0.142409,0.059008,0.20407741,0.050689716
7611,30967.538000001106,29448.721000000834,0.259826,0.442273,0.24381499,0.43847603
7612,13967.538000000171,36448.72100000362,0.270436,0.499064,0.28018683,0.4954365
7613,20967.538000000175,32448.721000002697,0.45117,0.553059,0.47067192,0.49906272
7614,17167.538000000175,28448.721000000838,0.319869,0.126849,0.3092908,0.14177704
7615,42567.538000000175,37448.7210000027,0.389337,0.423366,0.37123436,0.44075692
7616,22567.538000000175,47248.721000000834,0.104879,0.450523,0.14828463,0.42195454
7617,38367.53800000064,38248.721000001766,0.38299,0.105417,0.34171072,0.18035974
7618,19367.53800000064,35448.7210000027,0.340361,0.283334,0.35408297,0.3172056
7619,34367.538000000175,32048.721000000834,0.310016,0.35788,0.3061132,0.45948613
7620,18767.538000000175,37848.72100000269,0.339378,0.52103,0.2945234,0.46180812
7621,27767.538000001106,32448.721000002697,0.388554,0.751895,0.38638228,0.6007276
7622,10167.538000000175,32648.721000003625,0.380529,0.109178,0.37005618,0.08977585
7623,4967.538000001106,29248.72100000177,0.315944,0.13486,0.32009393,0.11644437
7624,19967.53800000064,35648.721000001766,0.359458,0.347837,0.3426078,0.37210846
7626,22967.538000000175,46448.721000000834,0.139297,0.517452,0.12268092,0.53334713
7627,20767.53799999971,38248.721000001766,0.288472,0.505975,0.2988263,0.52166903
7628,13367.538000000175,41648.7210000027,0.169545,0.063092,0.17313986,0.04068761
7629,19567.538000001106,44648.72100000084,0.10122,0.080373,0.124981895,0.11031058
7630,30167.538000000175,32848.7210000027,0.349296,0.549237,0.37349135,0.5818329
7632,28967.538000000175,46448.721000000834,0.200876,0.424759,0.18973829,0.4489468
7633,16767.537999999244,41448.721000003636,0.158626,0.040207,0.17507751,0.09083646
7634,15967.538000000175,35648.721000001766,0.27965,0.44612,0.2625458,0.34662637
7635,42767.53800000064,38448.721000000834,0.391628,0.189593,0.35658506,0.28902695
7636,14767.538000000173,30248.7210000027,0.332896,0.118823,0.31172332,0.11350349
7637,20167.538000001106,33448.721000000834,0.409012,0.430555,0.39094475,0.51616716
7639,41167.53800000064,34448.721000001766,0.429811,0.481604,0.4082846,0.41734818
7640,24567.53799999971,31448.721000002697,0.456833,0.43082,0.46402016,0.46168727
7641,25567.53799999971,34848.7209999999,0.386957,0.32667,0.411617,0.40984496
7642,20567.537999999244,38248.721000001766,0.28967,0.644683,0.28945455,0.53463197
7643,23767.53800000064,31848.721000001766,0.470494,0.438946,0.45353958,0.4805093
7644,23567.53800000018,35648.721000001766,0.41436,0.405401,0.3958032,0.38046223
7645,34967.538000000175,35448.7210000027,0.405743,0.299606,0.4142961,0.316321
7646,36967.53799999971,33448.721000000834,0.357119,0.400335,0.36523238,0.48823616
7647,24367.537999999244,38248.721000001766,0.295172,0.029256,0.3049626,0.0759229
7648,29167.538000000175,30648.721000001762,0.350052,0.516605,0.34932044,0.5700131
7649,28167.537999999244,45648.7210000027,0.215167,0.420358,0.18525042,0.46580812
7650,28767.53799999971,28448.721000000834,0.221682,0.505718,0.27503705,0.53029245
7651,31567.538000001103,30848.72100000083,0.226377,0.450845,0.23984364,0.3898885
7653,20767.53799999971,40848.72100000084,0.24101,0.511873,0.25945082,0.5038863
7654,35767.53799999925,42648.72100000084,0.173028,0.48487,0.21396837,0.49765182
7655,21367.53800000017,40048.7210000027,0.290007,0.567373,0.27049637,0.48947996
7656,33567.53800000064,45448.7210000027,0.093383,0.06616,0.19491604,0.115624
7657,18767.538000000175,31648.721000002697,0.444727,0.121483,0.43728817,0.10553122
7658,25367.53800000017,29648.721000000834,0.399688,0.446108,0.39607066,0.47482648
7659,17367.53799999971,41448.72100000363,0.140451,0.420605,0.15148437,0.3670296
7660,30567.538000000175,36448.72100000362,0.432336,0.38601,0.43882245,0.41600394
7661,20167.538000001106,39248.7210000027,0.260984,0.483929,0.27443215,0.44733077
7662,5567.537999999709,32448.721000002697,0.393391,0.280377,0.36370757,0.25387245
7663,32567.53799999971,31648.7210000027,0.337424,0.436411,0.2949431,0.4606592
7664,29767.53800000064,30648.72100000177,0.363049,0.579145,0.34403136,0.5944625
7665,22367.538000000175,33448.721000000834,0.448202,0.426827,0.42095298,0.45374003
7666,30767.538000000644,40048.7210000027,0.356876,0.337642,0.32873312,0.2412069
7667,28367.537999999713,30248.721000002697,0.324481,0.716608,0.31608325,0.6273389
7668,28767.53799999971,25648.721000000834,0.160774,0.411714,0.14725856,0.45173633
7669,38767.53800000018,38048.721000002704,0.431947,0.301694,0.43714333,0.38067776
7670,39367.538000000175,38848.721000000834,0.403511,0.342671,0.33924532,0.35071856
7671,18367.53800000064,36048.721000000834,0.312647,0.44713,0.31720072,0.4469725
7672,14567.538000000643,33648.7210000027,0.352422,0.123119,0.3634113,0.24819158
7673,31967.537999999247,37048.72100000083,0.398809,0.437798,0.40227038,0.50532955
7674,11167.538000000175,28048.721000001766,0.260699,0.144238,0.3169157,0.16631846
7676,17167.538000000175,41248.7210000027,0.166442,0.049767,0.15361752,0.11797524
7677,10367.53799999971,27248.720999999907,0.292963,0.143867,0.30725086,0.14574145
7678,31567.538000001106,36248.7210000027,0.40223,0.34301,0.4247684,0.39031217
7679,30767.538000000637,41048.721000000834,0.343256,0.201525,0.32274657,0.28723174
7680,18167.538000000175,41048.721000000834,0.227476,0.618464,0.19217846,0.5455722
7681,36967.53799999971,32648.72100000363,0.342626,0.60083,0.351954,0.46847674
7682,36767.53800000017,36648.7210000027,0.423738,0.072719,0.37498116,0.08108889
7683,22167.53800000064,48048.7210000027,0.104076,0.245832,0.118687525,0.31137428
7684,9967.538000000177,32848.7210000027,0.371986,0.104084,0.35207388,0.09515225
7685,35567.538000000175,40048.7210000027,0.290924,0.452529,0.28485984,0.46224827
7687,23567.538000000175,33448.721000000834,0.427284,0.099265,0.42562443,0.25247657
7688,21367.538000000175,30648.721000001766,0.483923,0.444736,0.45716769,0.45506343
7690,13967.538000000171,34848.7209999999,0.336929,0.153906,0.32360095,0.18660937
7692,31367.538000000637,38648.7209999999,0.410417,0.415392,0.40161678,0.4572845
7693,31367.538000000637,30648.721000001766,0.267175,0.420214,0.27508166,0.40656778
7694,24567.53799999971,34448.721000001766,0.425347,0.373689,0.41746294,0.36070174
7695,14767.538000000175,35648.721000001766,0.343597,0.460745,0.35977924,0.47651625
7696,15967.538000000173,39648.721000000834,0.179911,0.10349,0.18151973,0.13776234
7697,35367.53800000111,41848.72100000269,0.24276,0.627308,0.22111648,0.6035149
7698,39567.537999999244,35048.721000000834,0.466102,0.459317,0.4308032,0.47002685
7699,6967.538000000641,34048.7210000027,0.342178,0.117956,0.37804353,0.09201845
7700,21167.53799999971,45448.7210000027,0.113426,0.453804,0.106770694,0.4369282
7701,13967.538000000177,36648.7210000027,0.264953,0.514068,0.2639594,0.51660633
7702,36567.538000000175,33048.721000001766,0.351028,0.406172,0.355488,0.4789793
7704,20367.53800000018,34448.721000001766,0.403414,0.402476,0.38356468,0.36858428
7705,23967.53800000111,31448.721000002697,0.478145,0.540433,0.45192564,0.47101146
7706,22367.538000000175,48248.721000001766,0.124678,0.287826,0.08893494,0.25697452
7707,29967.538000000175,35448.7210000027,0.413859,0.499003,0.41025117,0.5268377
7708,37967.53800000064,39048.7210000027,0.388801,0.110982,0.35378632,0.12602036
7709,36567.538000000175,42448.7209999999,0.165658,0.425688,0.19650261,0.496075
7710,18167.538000000175,37648.72100000362,0.278106,0.368733,0.30171266,0.45313555
7711,25767.538000000175,34248.7210000027,0.405207,0.599426,0.41739646,0.4861069
7713,35167.53800000065,33648.7210000027,0.375354,0.403645,0.355449,0.4013574
7714,10967.538000000175,35448.7210000027,0.309227,0.42083,0.31309965,0.33280188
7715,19167.538000000175,44048.721000003636,0.154153,0.082892,0.13620882,0.17540728
7716,18967.538000000644,45048.72100000269,0.118234,0.075736,0.113658994,0.10619008
7717,11167.538000000175,34448.721000001766,0.354152,0.404069,0.36018234,0.44262493
7718,41967.538000000175,38248.721000001766,0.396327,0.544008,0.39700612,0.45968914
7719,25767.538000000175,48448.72100000083,0.145726,0.324058,0.14440507,0.35682943
7720,43167.538000000175,35048.721000000834,0.433858,0.300199,0.43933,0.25342363
7721,41767.53800000063,38648.7209999999,0.397292,0.497699,0.3687347,0.4585187
7722,39567.537999999244,35248.7210000027,0.454546,0.425278,0.42237505,0.45310414
7723,38767.53800000018,32848.7210000027,0.374895,0.432135,0.36378816,0.5369018
7724,27167.538000001106,33448.721000000834,0.398961,0.567337,0.39602688,0.516636
7725,21167.53799999971,31648.7210000027,0.475607,0.52822,0.46409893,0.5104846
7726,35567.538000000175,35448.7210000027,0.42587,0.299048,0.42058685,0.2912576
7727,39167.538000001114,35248.7210000027,0.465333,0.453445,0.43552697,0.47553897
7728,22367.538000000175,38048.721000002704,0.283534,0.053846,0.22042112,0.059431393
7729,16367.538000001106,33648.7210000027,0.351843,0.120794,0.34685442,0.24256882
7730,9167.537999999244,33448.721000000834,0.42217,0.277949,0.3770423,0.2690945
7732,28767.53799999971,45648.7210000027,0.183734,0.414648,0.18012229,0.39966366
7735,3567.538000000175,26448.721000002697,0.297513,0.143372,0.3122628,0.14322421
7737,20567.537999999244,38048.721000002704,0.303048,0.497292,0.30319682,0.5029703
7738,34767.53800000111,37048.72100000083,0.443132,0.319969,0.4316114,0.2531295
7739,35167.53800000064,33248.721000000834,0.299442,0.519383,0.33562535,0.52970755
7740,24167.538000000175,30448.7210000027,0.44192,0.300225,0.42400333,0.40462977
7741,11167.538000000177,33648.7210000027,0.379796,0.112241,0.36060986,0.19067988
7742,18367.53800000064,41248.7210000027,0.212322,0.522013,0.18796466,0.5132545
7743,19967.53800000064,39448.721000001766,0.267371,0.427508,0.2604418,0.44507024
7744,31967.537999999247,35848.721000000834,0.393796,0.43812,0.40105903,0.44473377
7745,29967.538000000175,32448.721000002697,0.347638,0.52758,0.3602874,0.5686578
7746,40167.53799999971,37648.72100000363,0.461156,0.4954,0.4163703,0.49683708
7747,39167.538000001114,32848.7210000027,0.360615,0.500598,0.336677,0.5554111
7748,14567.538000000639,32648.72100000363,0.332801,0.150025,0.34444278,0.17572677
7749,31567.538000001103,33248.721000000834,0.352335,0.511917,0.3330942,0.52436775
7750,33767.538000000175,34448.721000001766,0.361279,0.416043,0.38703352,0.46967515
7751,28167.537999999244,30248.7210000027,0.337007,0.443881,0.34941477,0.5881931
7752,12167.538000000177,42048.721000001766,0.156507,0.020635,0.13038121,0.04394983
7753,35967.53799999971,32848.7210000027,0.327485,0.609958,0.33661962,0.5400442
7754,20967.538000000175,39648.721000000834,0.286327,0.496596,0.29356256,0.53338414
7755,15967.538000000175,41448.721000003636,0.138194,0.034798,0.15863205,0.098578595
7756,29567.538000000175,38648.7209999999,0.363896,0.424158,0.359281,0.47397518
7757,29567.53800000018,31248.72100000083,0.336003,0.527541,0.35007095,0.6022971
7759,29567.538000000175,34248.7210000027,0.386821,0.604944,0.37121898,0.5950822
7760,40367.538000000175,34848.7209999999,0.484352,0.428393,0.4709775,0.4685998
7761,21767.53799999971,31848.72100000177,0.47182,0.475338,0.48392332,0.46867374
7763,27967.538000000175,43648.721000000834,0.184307,0.403643,0.20294927,0.30594608
7764,35567.538000000175,38248.721000001766,0.378014,0.154688,0.4048712,0.3760477
7765,17167.538000000175,37248.721000000834,0.258992,0.36569,0.29059434,0.35897225
7766,40567.538000000175,35048.721000000834,0.482247,0.430937,0.45923474,0.44092172
7767,31967.537999999247,39248.7210000027,0.400892,0.296829,0.3817436,0.34628916
7768,28367.537999999713,34048.72100000269,0.392689,0.285912,0.37843695,0.3434031
7769,23967.538000001106,34848.7209999999,0.385721,0.443335,0.37832016,0.4656689
7771,16367.538000001105,44048.721000003636,0.077908,0.020355,0.18255424,0.024474194
7772,11567.538000000173,42248.721000000834,0.159247,0.006417,0.09639995,0.009298613
7774,37967.53800000064,35048.721000000834,0.431809,0.562125,0.3992854,0.53318346
7775,22967.538000000175,30248.7210000027,0.414118,0.413191,0.4316727,0.39447588
7776,20567.537999999244,33448.721000000834,0.403779,0.462159,0.38571024,0.49182117
7777,29767.538000000637,35448.7210000027,0.432443,0.49484,0.41638726,0.53311944
7778,42367.53800000111,36848.721000001766,0.422103,0.524505,0.42715645,0.47003803
7779,37567.53800000018,35048.721000000834,0.400262,0.447908,0.40690747,0.50071996
7781,25967.53800000064,34048.7210000027,0.396663,0.438504,0.41002712,0.466551
7782,31367.538000000637,44048.72100000363,0.190137,0.119508,0.21270084,0.16140918
7783,30167.538000000175,38448.72100000084,0.385002,0.434091,0.40064234,0.5028543
7785,30767.538000000637,32848.7210000027,0.357086,0.733389,0.37247202,0.67397344
7786,9167.537999999244,31448.721000002697,0.41203,0.103221,0.39401862,0.095182054
7788,9167.537999999242,27448.721000000834,0.275924,0.137212,0.3031107,0.14102043
7789,28967.538000000175,30248.721000002693,0.312943,0.648602,0.34567982,0.65162647
7790,33367.538000000175,36048.72100000084,0.404907,0.599046,0.42769673,0.49632585
7791,16367.538000001106,41648.7210000027,0.123088,0.034819,0.15019831,0.07306775
7792,28367.537999999713,31448.721000002697,0.39526,0.454644,0.40126133,0.6979261
7793,33967.538000000175,34248.7210000027,0.357328,0.445655,0.3767962,0.47443366
7794,21367.538000000175,29448.721000000834,0.429385,0.158743,0.43898022,0.32944566
7795,13967.538000000177,33648.7210000027,0.283975,0.302609,0.30475783,0.30874184
7796,19567.538000001106,38048.721000002704,0.300408,0.383764,0.30988923,0.5351427
7797,33767.538000000175,38448.72100000083,0.418361,0.427064,0.43516606,0.51846176
7799,23167.53800000064,33048.721000001766,0.444538,0.411298,0.4679846,0.45124257
7800,18167.538000000175,34648.721000000834,0.36962,0.383057,0.36556083,0.35392302
7801,5767.538000000174,34048.7210000027,0.325554,0.117506,0.33581585,0.17766489
7802,35567.538000000175,36448.72100000362,0.433979,0.133859,0.41044092,0.12244064
7803,35567.538000000175,35248.7210000027,0.416905,0.313008,0.40274733,0.35319817
7805,8567.53800000064,34248.7210000027,0.365136,0.29501,0.34729367,0.19771378
7806,11567.538000000175,25448.721000001762,0.242331,0.119912,0.26276767,0.10007434
7807,10767.538000000639,35448.7210000027,0.339911,0.420835,0.30978003,0.27771547
7808,30367.538000000637,34248.7210000027,0.366244,0.475903,0.38346782,0.5435048
7809,33967.538000000175,36448.72100000363,0.398965,0.486253,0.41923064,0.4362985
7811,24767.538000000175,46448.721000000834,0.154038,0.413231,0.14092414,0.42595637
7812,23767.53800000064,45248.72100000363,0.148225,0.353129,0.15166602,0.31349605
7813,38967.53800000064,36448.72100000363,0.478798,0.402892,0.48026243,0.41125774
7815,28767.53799999971,35648.721000001766,0.414866,0.420486,0.42542008,0.44831914
7816,27567.538000000644,35048.721000000834,0.354791,0.068078,0.33126634,0.12323416
7817,35967.53799999971,33648.7210000027,0.346386,0.608995,0.37430653,0.45107967
7818,10767.53800000064,34448.721000001766,0.341746,0.398712,0.3447995,0.42047817
7819,28567.53800000018,44048.721000003636,0.194307,0.481732,0.26081362,0.4408162
7820,32767.538000000175,30648.721000001766,0.220362,0.122826,0.24254939,0.27130386
7821,14567.53800000064,30248.7210000027,0.31779,0.118215,0.28814492,0.11791641
7822,7967.538000000641,34848.7209999999,0.371227,0.094679,0.46597618,0.2917092
7823,21567.538000000175,45448.721000002704,0.146089,0.507235,0.12211272,0.47505584
7824,14367.538000000175,32848.7210000027,0.365206,0.142671,0.33864346,0.22321187
7825,33167.53799999971,39048.7210000027,0.39524,0.526307,0.3990821,0.47553
7826,11767.538000000639,34848.7209999999,0.344267,0.312848,0.36527494,0.33291408
7828,42967.53800000111,34448.721000001766,0.350066,0.126136,0.38038385,0.24814992
7829,32767.538000000175,38248.72100000176,0.410204,0.449183,0.41906944,0.47165573
7830,40367.538000000175,34048.7210000027,0.419872,0.381304,0.44442764,0.43825442
7831,9567.538000000175,27848.7210000027,0.300385,0.146361,0.28987396,0.14585547
7832,36967.53799999971,35048.721000000834,0.433982,0.442951,0.41391295,0.44834456
7833,27567.538000000644,43848.7210000027,0.187997,0.24348,0.1942055,0.26183915
7834,14367.538000000175,39648.721000000834,0.188874,0.089523,0.21636951,0.08512481
7835,27767.538000001106,47248.721000000834,0.16906,0.389243,0.14439939,0.4094089
7836,32767.538000000175,35848.721000000834,0.403142,0.445384,0.40714628,0.4456454
7837,22767.53800000064,33248.721000000834,0.465616,0.405559,0.4481177,0.44083214
7838,5767.538000000174,32048.721000000834,0.356881,0.300288,0.3596168,0.24201892
7839,33367.538000000175,36648.721000002704,0.422782,0.601024,0.43554518,0.5124956
7840,46167.53800000111,36648.7210000027,0.378979,0.109762,0.3687485,0.15586133
7841,30767.538000000637,36848.721000001766,0.450491,0.331572,0.43996993,0.34299487
7842,4367.5380000011055,28848.721000003632,0.319759,0.101676,0.3105555,0.12572947
7846,19367.53800000064,42248.72100000083,0.252184,0.184256,0.26602957,0.18346626
7847,44967.53800000063,36848.721000001766,0.389226,0.382843,0.38896015,0.34373146
7848,17567.538000000175,31448.721000002697,0.421931,0.128429,0.43590078,0.13451014
7849,9367.53799999971,32848.7210000027,0.383751,0.108095,0.38700613,0.109010465
7850,34567.53800000064,37648.72100000363,0.425894,0.444772,0.39861992,0.3780115
7852,23167.53800000064,36048.72100000084,0.359128,0.309086,0.37150088,0.38163278
7853,22767.53800000064,30848.721000000834,0.476085,0.441621,0.48240024,0.4396966
7854,20167.538000001106,32848.7210000027,0.38752,0.463075,0.39510354,0.48671788
7856,27167.538000001103,45048.7210000027,0.153298,0.317952,0.16632129,0.3592506
7857,18167.538000000175,38448.72100000084,0.2842,0.354566,0.27593246,0.38829947
7858,38967.53800000065,36648.7210000027,0.464226,0.421146,0.48356047,0.41517487
7859,40167.53799999971,33248.721000000834,0.380044,0.440644,0.39167726,0.44189307
7860,40567.538000000175,34448.721000001766,0.428935,0.676129,0.44715258,0.49290133
7861,35567.538000000175,34848.7209999999,0.410015,0.348849,0.37776202,0.40425166
7863,6367.538000000174,35448.7210000027,0.323381,0.126791,0.28631014,0.18176769
7864,28167.53799999924,44048.721000003636,0.196422,0.473895,0.23412657,0.41774428
7865,40967.538000000175,33448.721000000834,0.380166,0.322687,0.3993242,0.33626792
7866,20967.538000000175,34048.7210000027,0.38686,0.490133,0.3893866,0.39858332
7867,35567.538000000175,42848.72100000269,0.175759,0.498355,0.20200025,0.44998807
7868,28767.537999999706,28648.721000002697,0.214225,0.589184,0.26246908,0.54375154
7869,10967.538000000173,28848.721000003632,0.238713,0.149538,0.27084142,0.13336211
7870,15967.538000000173,46048.721000000834,0.058549,0.027848,0.07211867,0.049444634
7871,14767.538000000173,46448.721000000834,0.04098,0.023364,0.05472079,0.0045845415
7872,28767.53799999971,29448.721000000834,0.287396,0.543577,0.2968719,0.5819958
7875,19967.53800000064,44248.7210000027,0.125726,0.237229,0.11038545,0.18108821
7876,34567.53800000064,36448.72100000363,0.426863,0.193554,0.4072835,0.2619302
7877,28967.538000000175,32248.721000000838,0.351151,0.347667,0.3509953,0.4068933
7878,22167.53800000064,34848.7209999999,0.346483,0.439058,0.35799184,0.4828668
7879,20767.53799999971,46248.7209999999,0.085896,0.180066,0.09826006,0.20352407
7880,6967.538000000641,29448.721000000834,0.309683,0.152245,0.31419912,0.1364724
7881,31167.53800000017,34448.721000001766,0.348554,0.515824,0.3820497,0.48371938
7882,12967.537999999242,35248.7210000027,0.317017,0.473241,0.30206996,0.40764916
7883,21167.53799999971,46648.7210000027,0.096427,0.488341,0.09617594,0.36129978
7884,22967.538000000175,48448.72100000084,0.091991,0.419987,0.098885015,0.27968788
7885,16767.537999999244,32848.7210000027,0.416884,0.119387,0.40392804,0.13412243
7886,48967.53800000017,44048.721000003636,0.178424,0.022327,0.208703,0.055931617
7887,26167.538000000175,42248.721000000834,0.215226,0.343209,0.20596035,0.41625744
7888,40767.53799999971,39048.7210000027,0.423559,0.482406,0.3994094,0.5130607
7889,17367.537999999706,42648.721000000834,0.166554,0.08966,0.14972652,0.11204926
7890,32367.538000000175,36648.7210000027,0.389863,0.486398,0.38904828,0.48669282
7891,34567.53800000064,34848.7209999999,0.41053,0.402857,0.37479344,0.38991824
7892,35967.53799999971,31648.7210000027,0.31311,0.498678,0.29586166,0.64376867
7893,26967.53800000064,37848.7210000027,0.369726,0.222499,0.37209618,0.16444543
7895,29567.538000000175,38248.72100000176,0.32756,0.408803,0.3562926,0.41097096
7896,20167.538000001106,39848.721000000834,0.250633,0.545961,0.25423312,0.49441183
7898,18967.53800000064,32048.721000000834,0.414872,0.117661,0.4156167,0.12332151
7899,19567.538000001103,33648.7210000027,0.378231,0.384879,0.36167806,0.5012485
7900,39767.53799999971,33648.7210000027,0.401719,0.349013,0.40598005,0.43750322
7901,19967.53800000064,35048.721000000834,0.381055,0.252452,0.3632482,0.3006526
7903,43167.538000000175,38248.721000001766,0.368808,0.309322,0.3664692,0.25072536
7904,16167.538000000643,46448.72100000084,0.062665,0.024101,0.057360858,0.069116496
7905,27967.53800000018,38848.721000000834,0.344416,0.469981,0.33988807,0.45694137
7906,20967.538000000175,35048.721000000834,0.369661,0.301076,0.40258425,0.4880623
7907,27967.538000000175,46648.7210000027,0.120471,0.401026,0.1312916,0.39323643
7909,23567.538000000175,28448.721000000838,0.378284,0.362739,0.38095313,0.4540499
7910,5167.538000000176,29448.721000000834,0.323131,0.143942,0.31380597,0.1278613
7911,33767.538000000175,34048.7210000027,0.357775,0.460361,0.38030028,0.48298225
7912,32367.538000000175,39048.721000002704,0.411559,0.368348,0.38661394,0.39144954
7913,12567.538000001106,44248.7210000027,0.143818,0.081076,0.14547671,0.09578209
7914,39767.53799999971,36648.7210000027,0.482161,0.451133,0.49285027,0.43616188
7915,25567.53799999971,35448.7210000027,0.341159,0.421129,0.37827218,0.3239629
7916,15567.538000000643,29048.721000002697,0.349571,0.143169,0.34453872,0.14156078
7917,15767.538000001105,46448.721000000834,0.075455,0.02195,0.06015739,0.06716209
7918,16967.537999999713,39848.721000000834,0.216607,0.277478,0.25940105,0.28752646
7921,18167.538000000175,37048.72100000084,0.309229,0.488464,0.3087872,0.47702828
7922,24767.538000000175,39248.7210000027,0.244959,0.023781,0.21768664,0.04303502
7923,5367.537999999243,33248.721000000834,0.379796,0.280157,0.37886035,0.24424699
7924,41167.53800000064,34248.7210000027,0.43608,0.183565,0.43075946,0.42096737
7926,26367.538000000175,32648.72100000363,0.407693,0.309096,0.38213316,0.37775418
7927,40167.53799999971,39848.721000000834,0.349516,0.540057,0.33469555,0.44669768
7928,47167.537999999244,36648.7210000027,0.382019,0.090212,0.33560708,0.09731387
7929,46967.538000000175,39648.721000000834,0.286393,0.135456,0.30280563,0.21149679
7930,43967.53799999971,34448.721000001766,0.335003,0.080868,0.22798882,0.023457905
7931,25167.538000000175,43848.7210000027,0.126245,0.140097,0.13450375,0.1728431
7932,20567.537999999244,37848.7210000027,0.310986,0.486724,0.2944277,0.48122925
7933,21167.537999999713,45848.72100000176,0.09528,0.477783,0.103327096,0.4405587
7935,33167.53799999971,39448.72100000176,0.361186,0.482217,0.380988,0.46483237
7936,27567.538000000637,44048.72100000363,0.182315,0.374264,0.19816346,0.27069005
7937,33567.53800000064,37448.7210000027,0.420382,0.454339,0.42008755,0.5342828
7938,37367.53800000063,33848.72100000363,0.391894,0.597246,0.38682306,0.5110288
7939,15767.538000001108,46048.721000000834,0.083617,0.028321,0.09534773,0.059295792
7940,24767.538000000175,45048.7210000027,0.150829,0.081681,0.22267286,0.041892577
7941,13567.537999999711,33648.7210000027,0.297864,0.30343,0.3075757,0.31524253
7942,39767.53799999971,33448.721000000834,0.385227,0.354179,0.40548214,0.44113547
7943,19567.538000001106,37048.72100000083,0.314083,0.554594,0.32998344,0.5168994
7944,21967.538000000175,44448.721000001766,0.11676,0.048229,0.16343328,0.08260157
7945,24167.538000000175,34048.7210000027,0.427917,0.533899,0.4405611,0.36928838
7946,33367.538000000175,38648.7209999999,0.43952,0.605449,0.42610145,0.49481937
7947,37167.538000000175,32848.7210000027,0.339095,0.444298,0.3402052,0.44825867
7948,25767.538000000175,28648.721000002693,0.314315,0.438533,0.35326165,0.47773427
7949,25367.53800000017,29048.721000002697,0.321323,0.459338,0.3502631,0.42471474
7950,45367.53800000017,37648.72100000362,0.383355,0.403767,0.39318025,0.3873568
7951,24167.538000000175,30848.72100000083,0.449245,0.430561,0.42617354,0.4133511
7952,22967.538000000175,30448.7210000027,0.469544,0.436681,0.4427505,0.41438583
7953,31967.537999999244,36248.7210000027,0.414956,0.473854,0.40185472,0.44117948
7954,25567.53799999971,32048.721000000834,0.429076,0.43163,0.42342752,0.3532588
7955,26767.53800000018,28848.721000003632,0.312096,0.488372,0.3558285,0.4826638
7956,27367.53800000018,44848.72100000083,0.13276,0.311649,0.15542956,0.32210913
7957,28567.53800000018,33848.72100000363,0.371401,0.4672,0.39657205,0.43073893
7958,35767.53799999924,41848.72100000269,0.226002,0.608437,0.23452808,0.58560896
7959,9167.537999999242,33648.7210000027,0.40845,0.297851,0.3564908,0.29192632
7960,25767.538000000175,37648.72100000362,0.30839,0.022125,0.34649265,0.048363615
7961,27367.538000000175,45048.7210000027,0.127369,0.31679,0.17354366,0.34788045
7962,14767.538000000175,45248.72100000363,0.08657,0.020676,0.09656829,0.022026261
7963,41167.53800000064,37048.721000000834,0.429624,0.453391,0.44762096,0.49020773
7964,26367.53800000018,26648.721000002697,0.228627,0.440412,0.21823996,0.44990006
7965,34367.538000000175,32648.721000003625,0.304479,0.411819,0.3140699,0.5204848
7966,24967.53799999971,34248.7210000027,0.433367,0.366145,0.42254233,0.4424814
7967,16167.53800000064,34448.721000001766,0.297911,0.48419,0.2930044,0.44349036
7968,15967.538000000173,27848.7210000027,0.328258,0.135218,0.35397705,0.124352776
7969,16167.53800000064,36848.721000001766,0.286,0.443583,0.2812976,0.4575609
7970,3967.538000000175,28448.721000000838,0.27731,0.111004,0.31171492,0.12262746
7971,21967.538000000175,45848.721000001766,0.120335,0.52944,0.13072492,0.5188655
7972,21367.538000000175,34448.721000001766,0.427504,0.516825,0.38480586,0.39092445
7973,47367.53799999971,34848.7209999999,0.315076,0.070855,0.2890981,0.097915195
7974,43967.53799999971,39048.7210000027,0.355951,0.12289,0.34047076,0.17743824
7976,40967.538000000175,34248.7210000027,0.444583,0.347143,0.42480186,0.4308494
7977,27967.538000000175,32248.72100000083,0.405948,0.464741,0.38374865,0.61991143
7978,27567.538000000637,44248.7210000027,0.185782,0.447787,0.20320639,0.28139627
7979,27367.53800000018,37848.7210000027,0.401059,0.43848,0.3694799,0.42396414
7980,30167.53800000017,45048.7210000027,0.15195,0.180942,0.18135692,0.21624975
7981,8167.538000001106,34848.7209999999,0.3155,0.085651,0.3634861,0.12248073
7982,20367.538000000175,31648.721000002697,0.467865,0.389683,0.43876305,0.46615434
7983,18767.538000000175,36648.721000002704,0.335138,0.498973,0.3410173,0.5028399
7984,24967.53799999971,30248.7210000027,0.409636,0.378119,0.4064847,0.51045096
7985,32567.537999999713,31048.720999999903,0.232044,0.647677,0.22501877,0.4764561
7986,28167.537999999244,37248.721000000834,0.443743,0.429791,0.40575507,0.48607615
7987,5967.537999999709,30648.72100000177,0.37642,0.121588,0.34165305,0.15442125
7988,35167.53800000064,36848.721000001766,0.419804,0.186747,0.42579207,0.14774299
7989,24767.538000000175,31248.721000000834,0.447869,0.493375,0.45178697,0.50038725
7990,16367.538000001105,31848.721000001766,0.352201,0.152024,0.39225793,0.110742785
7992,25567.53799999971,33248.721000000834,0.40401,0.377748,0.4106553,0.41618064
7993,37567.538000000175,39848.721000000834,0.326636,0.116794,0.33444676,0.15206052
7994,28567.538000000175,30848.72100000083,0.345162,0.670741,0.3280256,0.6794384
7995,28567.53800000018,33648.7210000027,0.362919,0.40893,0.39841548,0.42412388
7996,29167.538000000175,36248.7210000027,0.431032,0.442093,0.42792144,0.46926904
7997,33967.538000000175,37848.72100000269,0.44424,0.495832,0.40319723,0.53187877
7998,17767.538000000175,44448.721000001766,0.151029,0.077787,0.17022179,0.07986402
7999,14767.538000000175,46248.72099999991,0.033604,0.023698,0.059273303,0.00295048
8000,9367.53799999971,32248.721000000838,0.382926,0.112015,0.37415338,0.10657779
8001,33967.538000000175,36048.72100000084,0.42012,0.443111,0.41765878,0.46827143
8002,30967.538000001106,29848.7210000027,0.263225,0.476167,0.27279052,0.44935566
8003,11167.538000000175,27848.721000002693,0.261742,0.138885,0.31499735,0.1509488
8004,28567.53800000018,43848.7210000027,0.156274,0.409071,0.23101243,0.3445433
8005,41967.53800000018,35248.7210000027,0.458486,0.391064,0.44964945,0.43252963
8007,12167.538000000173,34248.7210000027,0.363813,0.315856,0.3379616,0.21703564
8009,34567.53800000064,30848.721000000834,0.215666,0.301942,0.27504268,0.374137
8010,13967.538000000177,34048.7210000027,0.338353,0.301423,0.3293975,0.30523962
8011,36167.53800000017,33048.72100000177,0.327093,0.536022,0.33703586,0.5073605
8012,11767.538000000639,36048.72100000084,0.282174,0.397742,0.2871434,0.43220636
8013,28167.53799999924,25448.721000001762,0.136424,0.391491,0.13893643,0.31381398
8014,34767.53800000111,38648.720999999896,0.381388,0.493317,0.36139008,0.50132424
8015,17967.53799999971,37048.721000000834,0.301798,0.471244,0.31871885,0.4520001
8016,6567.53799999971,35448.7210000027,0.311781,0.305501,0.31987217,0.1843705
8017,23567.538000000175,29848.7210000027,0.40296,0.27239,0.4136606,0.3074348
8018,40367.538000000175,37648.72100000362,0.461762,0.512837,0.44373128,0.5183358
8019,13567.537999999711,35248.7210000027,0.32365,0.406961,0.29110202,0.43811533
8020,33367.538000000175,33848.72100000363,0.359338,0.447864,0.37746248,0.48186636
8021,23367.538000001106,45448.721000002704,0.150193,0.352855,0.1744318,0.38485473
8022,33167.53799999971,33048.72100000176,0.351191,0.521594,0.34948257,0.5990035
8023,22567.538000000175,33048.721000001766,0.469454,0.360645,0.44892985,0.5103039
8026,20367.53800000018,43248.721000001766,0.147339,0.100968,0.1739018,0.11720612
8028,35367.53800000111,42048.721000001766,0.246429,0.588308,0.22676018,0.57912177
8029,21167.537999999713,31048.720999999903,0.461279,0.45062,0.46128342,0.48242015
8030,22367.538000000175,31848.721000001766,0.465788,0.512431,0.42850882,0.47975394
8031,26567.53800000064,38448.721000000834,0.268025,0.024796,0.2956129,0.09030666
8032,14767.538000000173,33648.7210000027,0.354926,0.124191,0.3648407,0.26220787
8033,30567.53800000018,38048.721000002704,0.411928,0.383467,0.4299752,0.40453577
8034,23967.53800000111,34648.721000000834,0.41836,0.461665,0.3884105,0.4616112
8035,20567.537999999244,34648.721000000834,0.389086,0.121752,0.36888224,0.35039693
8036,13567.537999999711,27648.7210000027,0.290304,0.139537,0.26452774,0.14687988
8037,42367.53800000111,35048.721000000834,0.426225,0.383733,0.43911994,0.35061988
8038,10567.538000000175,34248.7210000027,0.34553,0.304843,0.3518768,0.36505455
8039,18967.538000000644,33648.7210000027,0.342334,0.616425,0.3720545,0.43071648
8040,30367.53800000064,32648.72100000363,0.347551,0.559405,0.37067235,0.64867705
8041,28567.538000000175,29448.721000000834,0.326788,0.482415,0.31605202,0.5542287
8042,13367.538000000175,36848.721000001766,0.284586,0.425678,0.2581872,0.46412113
8043,43967.53799999971,37248.721000000834,0.343733,0.110618,0.32424963,0.12317806
8044,34167.53800000064,33448.721000000834,0.299939,0.447811,0.33852023,0.515713
8045,32767.538000000175,30848.721000000838,0.230421,0.289777,0.23652665,0.3819067
8046,6967.538000000641,34848.7209999999,0.355839,0.118731,0.35984546,0.07757964
8047,13167.537999999708,34648.721000000834,0.335702,0.310423,0.33483806,0.2892843
8048,19967.53800000064,33248.721000000834,0.407822,0.40623,0.38987428,0.51364833
8051,17567.538000000175,39648.721000000834,0.222657,0.489815,0.2103322,0.47899187
8052,41767.53800000064,38048.7210000027,0.405744,0.542296,0.40384364,0.47725075
8053,12767.538000000173,34448.721000001766,0.326756,0.334291,0.35454196,0.22213846
8054,34367.538000000175,37248.721000000834,0.429096,0.384959,0.4160022,0.38657892
8055,30567.53800000018,36048.72100000083,0.425352,0.392682,0.42752606,0.4206904
8056,27967.53800000017,45248.72100000363,0.18851,0.405634,0.1921795,0.4450512
8058,45567.53800000064,38048.7210000027,0.389231,0.402074,0.39243382,0.3963756
8060,31767.538000000175,37248.721000000834,0.432521,0.43082,0.40344292,0.49886167
8061,22567.538000000175,29848.721000002697,0.388876,0.33766,0.4059783,0.40281588
8063,34767.53800000111,31248.721000000834,0.250198,0.758488,0.28193203,0.4950066
8065,31767.53800000018,38248.721000001766,0.406011,0.43701,0.39769334,0.483656
8066,23967.538000001106,45848.72100000176,0.117241,0.406478,0.11294952,0.3955874
8067,29367.53799999971,32048.721000000834,0.338564,0.420231,0.33658525,0.44465032
8068,18567.538000000175,44648.72100000084,0.165501,0.078416,0.1755524,0.16609162
8069,27767.538000001106,38048.721000002704,0.350923,0.640936,0.3589508,0.53686285
8070,40167.53799999971,36448.72100000362,0.487941,0.397011,0.47388113,0.45407367
8071,17967.53799999971,33648.7210000027,0.376512,0.413913,0.36030045,0.45744723
8073,30367.53800000064,29848.721000002693,0.231784,0.465422,0.28134304,0.4978627
8074,15967.538000000173,34248.7210000027,0.338858,0.464472,0.34110743,0.47871137
8075,20967.538000000175,39048.721000002704,0.303976,0.369737,0.30731943,0.51679885
8076,29967.538000000175,28848.721000003632,0.169508,0.445536,0.19936755,0.4128768
8077,12767.538000000173,35648.721000001766,0.317804,0.477303,0.29233924,0.4842178
8078,14767.538000000173,45648.7210000027,0.061716,0.021494,0.09940529,0.01896744
8079,15367.538000000175,36648.7210000027,0.264541,0.495462,0.25315663,0.5213372
8080,25967.53800000064,32648.72100000363,0.379794,0.258765,0.37041023,0.3215859
8081,34767.53800000111,37248.721000000834,0.456001,0.381244,0.42511812,0.28862423
8082,22367.538000000175,47848.721000003636,0.116312,0.345853,0.11378546,0.3237976
8084,25967.53800000064,47448.721000000834,0.128269,0.527073,0.14777783,0.43695512
8085,25367.538000000175,44048.721000003636,0.136405,0.144593,0.1483414,0.15383275
8087,37767.538000000175,32648.72100000363,0.356252,0.559081,0.33993322,0.45719078
8088,34167.53800000064,33648.7210000027,0.386357,0.422632,0.3521503,0.4869884
8089,16967.53799999971,31848.721000001766,0.419272,0.139749,0.41697904,0.10045611
8090,18967.53800000064,37648.72100000363,0.312693,0.535884,0.2846342,0.48156068
8091,7767.538000000175,33448.721000000834,0.993974,0.119575,1.012268,0.24957553
8092,36767.538000000175,32448.721000002697,0.322228,0.595063,0.32867983,0.50652003
8093,28967.538000000175,46048.721000000834,0.189101,0.467138,0.23365593,0.46336508
8094,36767.53800000017,32048.721000000834,0.322823,0.522282,0.3040464,0.5048906
8096,31567.538000001103,37048.72100000083,0.438995,0.564302,0.41062045,0.4735681
8097,19367.53800000064,33448.721000000834,0.391309,0.522609,0.38832453,0.49666554
8098,22967.538000000175,43048.7210000027,0.137839,0.260979,0.20878436,0.15703006
8099,9967.538000000177,26448.721000002697,0.297343,0.148897,0.28835765,0.12120318
8100,16967.537999999713,33248.721000000834,0.394508,0.410283,0.36762196,0.3805458
8101,13567.537999999711,37048.721000000834,0.21744,0.423715,0.24734448,0.45105785
8102,13967.538000000177,34248.7210000027,0.362621,0.31867,0.33557543,0.2895198
8103,14767.538000000173,32448.721000002697,0.355666,0.155224,0.35257643,0.14419246
8104,15767.538000001106,45848.72100000176,0.070606,0.034017,0.07866211,0.040360708
8105,27167.538000001103,32448.721000002697,0.382793,0.676963,0.3989574,0.5165619
8107,18167.538000000175,34848.7209999999,0.343105,0.370895,0.36488968,0.3675707
8108,32167.53799999971,38648.7209999999,0.381304,0.583944,0.39927983,0.42331976
8110,4367.5380000011055,31048.7209999999,0.334416,0.08407,0.34255552,0.18665099
8111,26967.53800000064,47448.721000000834,0.122704,0.456851,0.111737356,0.47862294
8112,28967.538000000175,25648.721000000834,0.149905,0.588375,0.15672465,0.477885
8113,28967.538000000175,37848.72100000269,0.407023,0.422156,0.41259757,0.4303113
8114,15367.538000000175,34248.7210000027,0.355729,0.484331,0.336187,0.47567046
8116,27567.538000000637,48048.72100000269,0.1552,0.337153,0.1629186,0.37987489
8117,13967.538000000177,33448.721000000834,0.251446,0.300469,0.31421176,0.30201212
8118,28567.538000000175,39648.721000000834,0.342143,0.518517,0.36318597,0.49890813
8119,31367.53800000064,30848.721000000834,0.256543,0.385781,0.23839557,0.38315323
8120,22367.538000000175,29448.721000000834,0.397852,0.591416,0.39339262,0.46194634
8121,39567.537999999244,37048.72100000083,0.47452,0.501461,0.46947226,0.45131004
8125,6167.538000000174,30848.721000000838,0.335806,0.118464,0.33350688,0.13029313
8126,20767.53799999971,36448.72100000363,0.340575,0.541887,0.35097986,0.43669143
8127,35567.538000000175,34248.7210000027,0.359829,0.384714,0.3720174,0.40213647
8128,27767.538000001106,35248.7210000027,0.35397,0.078048,0.34978884,0.15670107
8129,19167.538000000175,43048.7210000027,0.179463,0.39417,0.19153385,0.33705482
8130,17367.53799999971,34848.7209999999,0.345787,0.465128,0.34737548,0.45543778
8131,27767.538000001106,35048.721000000834,0.361197,0.075814,0.34545103,0.13406226
8132,34167.53800000064,32248.721000000834,0.311736,0.40547,0.3316831,0.46806931
8134,28167.537999999244,39248.7210000027,0.336122,0.567182,0.34806812,0.53619564
8135,20767.53799999971,35448.7210000027,0.387465,0.681306,0.39159697,0.5194854
8136,26167.538000000175,47448.721000000834,0.120971,0.468331,0.113145515,0.46541926
8137,38967.53800000064,34448.721000001766,0.404026,0.533022,0.42321554,0.49451125
8139,30767.538000000637,32048.721000000834,0.343417,0.636929,0.3370604,0.7372143
8140,27367.53800000018,46848.72100000269,0.16643,0.365544,0.16982108,0.43752912
8141,30367.538000000637,39048.7210000027,0.386638,0.480765,0.39956814,0.5084241
8142,43167.538000000175,37648.721000003636,0.379583,0.140796,0.35025093,0.29786378
8143,34767.53800000111,31848.721000001766,0.312077,0.394063,0.318602,0.4739114
8144,5167.538000000176,33248.721000000834,0.345744,0.278824,0.3774176,0.25196746
8145,12167.538000000175,38848.721000000834,0.23424,0.104449,0.21017452,0.14442332
8146,27967.538000000175,24648.721000000838,0.119956,0.04562,0.14797147,0.3075461
8147,40367.538000000175,36048.72100000084,0.506659,0.431663,0.47632453,0.4065743
8149,24167.538000000175,31448.721000002697,0.48252,0.477013,0.45207974,0.47268757
8150,30967.538000001106,30448.7210000027,0.300209,0.462374,0.29795748,0.49473104
8151,41567.538000000175,37448.7210000027,0.442148,0.513823,0.46046275,0.49767056
8152,23167.53800000064,32048.721000000834,0.471273,0.410902,0.46852347,0.49872193
8153,29967.538000000175,38448.72100000083,0.381431,0.483619,0.37396023,0.49969414
8154,35767.53799999924,33248.721000000834,0.314501,0.440131,0.33794308,0.5196526
8155,31367.53800000064,44248.7210000027,0.208006,0.121165,0.20507829,0.15598096
8156,45167.538000000175,33048.72100000177,0.298559,0.276815,0.30127576,0.13502692
8157,22367.538000000175,39248.7210000027,0.285634,0.146477,0.28457436,0.1814542
8158,16967.53799999971,36448.72100000363,0.307361,0.430488,0.28458393,0.42922258
8159,21367.538000000175,45248.721000003636,0.134495,0.409057,0.1274686,0.44713166
8160,13567.537999999711,37848.7210000027,0.246486,0.129349,0.24162443,0.21466845
8161,31367.53800000064,44648.721000000834,0.168699,0.124027,0.21976022,0.1788038
8162,5767.538000000174,34848.7209999999,0.318237,0.106123,0.29999098,0.123001285
8163,5167.538000000176,30248.7210000027,0.317603,0.300061,0.33245742,0.25017253
8164,30767.538000000637,31848.721000001766,0.327796,0.612619,0.32770413,0.6910589
8165,22367.538000000175,29048.721000002697,0.382807,0.454879,0.41634807,0.503682
8167,22767.53800000064,35848.721000000834,0.380988,0.436275,0.3931686,0.44904575
8168,30167.538000000175,38648.7209999999,0.393157,0.450644,0.3950658,0.5135452
8169,40167.53799999971,38448.721000000834,0.406315,0.491714,0.40635434,0.47890738
8170,36767.53800000017,39248.7210000027,0.329556,0.089771,0.35052517,0.10250335
8171,33167.53799999971,35248.7210000027,0.389965,0.445413,0.4006814,0.47786117
8172,38567.538000001114,38848.721000000834,0.398347,0.124249,0.37706625,0.17934838
8173,14167.537999999708,29848.721000002693,0.298401,0.124937,0.29034996,0.11736936
8174,33967.538000000175,33448.721000000834,0.302128,0.477165,0.3306262,0.5520804
8175,43367.537999999244,36848.721000001766,0.422376,0.304259,0.4069188,0.24527712
8177,45967.53800000064,36648.7210000027,0.390446,0.116551,0.36994576,0.16780141
8178,28567.53800000018,48848.72100000269,0.156507,0.30979,0.13698013,0.29254058
8179,24567.53799999971,38448.721000000834,0.263444,0.024018,0.29742718,0.06601422
8180,9567.538000000175,28248.721000000838,0.254074,0.14798,0.29165575,0.17215957
8181,25367.538000000175,31248.721000000834,0.433408,0.444611,0.4424098,0.43617582
8182,29767.538000000637,35848.721000000834,0.419114,0.417955,0.4059533,0.5144904
8183,19767.538000000175,46048.721000000834,0.100905,0.120001,0.10297945,0.14216681
8184,49967.53800000111,33648.7210000027,0.199262,0.114662,0.18866593,0.06919216
8185,37767.53800000018,34048.7210000027,0.407213,0.467593,0.42267886,0.52490216
8186,30367.53800000064,33648.7210000027,0.378115,0.501461,0.37181854,0.538613
8187,10767.538000000639,33248.721000000834,0.364616,0.110159,0.3770434,0.1556035
8188,29367.537999999713,36448.72100000362,0.449218,0.474607,0.4484957,0.4997931
8189,21767.53799999971,33248.721000000834,0.42483,0.591009,0.42484036,0.46026886
8190,43367.537999999244,38448.72100000083,0.364662,0.415943,0.36146215,0.25129914
8191,12367.538000000643,36048.72100000084,0.293857,0.439039,0.27275115,0.48213774
8193,5767.538000000174,32248.72100000083,0.354855,0.279856,0.37366807,0.24099916
8194,24767.538000000175,33248.721000000834,0.447223,0.483857,0.424666,0.56534433
8195,26167.538000000175,33648.7210000027,0.379817,0.459691,0.40243483,0.4045734
8196,33167.53799999971,39848.721000000834,0.361603,0.47149,0.3654255,0.46386254
8197,33767.538000000175,37848.7210000027,0.448659,0.458695,0.4080304,0.53125626
8198,30767.538000000637,31048.720999999903,0.317559,0.990899,0.31459048,0.7934567
8199,19967.53800000064,36048.72100000084,0.333217,0.320329,0.3154225,0.42955095
8200,12567.538000001106,44848.72100000083,0.128509,0.096888,0.12990975,0.07114493
8201,20367.538000000175,34648.721000000834,0.375192,0.154415,0.37706673,0.34571564
8202,30767.538000000637,39248.7210000027,0.353701,0.467542,0.396367,0.44139192
8203,23167.53800000064,28648.721000002693,0.392584,0.37222,0.3838297,0.45686
8204,28967.538000000175,39248.7210000027,0.366585,0.451804,0.38507712,0.48345286
8205,21767.53799999971,30848.721000000834,0.433329,0.419744,0.44002035,0.4215572
8206,37767.538000000175,33848.72100000363,0.414584,0.419768,0.40019408,0.5225241
8207,20367.53800000018,33848.72100000363,0.377307,0.479098,0.39202374,0.495217
8208,16167.53800000064,31848.721000001766,0.35385,0.155882,0.44223055,0.10596124
8209,34967.53800000018,32648.721000003625,0.295103,0.776197,0.32240862,0.55313724
8211,6167.538000000174,34248.7210000027,0.335799,0.11986,0.33940172,0.13166542
8212,17567.538000000175,42648.721000000834,0.1793,0.114756,0.15500888,0.1595955
8213,24367.537999999244,35048.721000000834,0.395228,0.414731,0.39308912,0.41536012
8214,19567.538000001106,44448.721000001766,0.137433,0.078618,0.12960628,0.120751046
8215,37367.53800000064,35448.7210000027,0.410273,0.449426,0.41262916,0.47006395
8216,22167.53800000064,33248.721000000834,0.467533,0.42618,0.40996486,0.52353597
8217,6167.538000000175,29848.721000002697,0.312236,0.145159,0.3248468,0.1438152
8218,14967.538000000177,40048.7210000027,0.154533,0.10346,0.18773901,0.07207366
8219,13767.538000000175,36848.72100000177,0.247703,0.519709,0.25740835,0.48715833
8221,33967.538000000175,31648.721000002697,0.314995,0.505395,0.30897337,0.47174364
8223,39967.538000000175,35448.7210000027,0.45985,0.337465,0.47140402,0.3691327
8224,20567.537999999244,36448.72100000362,0.360929,0.365076,0.37585902,0.43823466
8225,16967.53799999971,36848.721000001766,0.276248,0.42899,0.28016365,0.4213398
8226,31967.537999999247,30848.72100000083,0.256188,0.296898,0.23760761,0.38596612
8227,32567.537999999713,38648.7209999999,0.386818,0.441988,0.39941546,0.4348388
8228,39567.537999999244,39848.721000000834,0.357864,0.481654,0.35252085,0.40904084
8229,31367.53800000064,38448.721000000834,0.400375,0.413849,0.41006124,0.46092275
8230,15767.538000001108,39648.721000000834,0.191647,0.106375,0.18661353,0.13339013
8231,19567.538000001106,34848.7209999999,0.364507,0.307654,0.36645213,0.28974348
8232,9767.53799999971,35248.7210000027,0.346754,0.071817,0.28819963,0.13578473
8233,26967.538000000637,30048.72100000363,0.345335,0.473796,0.3716012,0.50265145
8234,11567.538000000173,34048.7210000027,0.361644,0.116743,0.37599373,0.29802197
8235,48367.53799999971,33448.721000000834,0.254545,0.110503,0.2625832,0.11876895
8236,27167.538000001106,37648.721000003636,0.41541,0.439283,0.3939044,0.30263612
8237,20767.53799999971,46048.721000000834,0.095774,0.191236,0.10417454,0.17909461
8238,29367.537999999713,38248.721000001766,0.3348,0.388067,0.35136637,0.40700936
8239,34967.538000000175,39648.721000000834,0.343518,0.546425,0.3488864,0.47307885
8240,34167.53800000064,38848.72100000083,0.419861,0.481746,0.38057864,0.49264705
8241,29367.53799999971,37048.721000000834,0.442723,0.462115,0.44886944,0.5022406
8243,11367.538000000639,39248.7210000027,0.216911,0.066665,0.1894269,0.053969044
8244,18767.538000000175,44648.72100000083,0.162443,0.078343,0.19828135,0.15322568
8246,31167.538000000175,32848.7210000027,0.346351,0.571852,0.36319634,0.60220253
8247,19767.538000000175,43448.72100000083,0.178242,0.409042,0.18075508,0.35483125
8248,14967.538000000173,39048.721000002704,0.230902,0.09665,0.19252206,0.09557059
8249,14567.53800000064,34248.7210000027,0.336629,0.319161,0.35702056,0.24939682
8250,25967.53800000064,32848.7210000027,0.37901,0.244379,0.3825983,0.3198835
8252,27767.538000001106,29848.7210000027,0.327058,0.576083,0.36730877,0.5813016
8253,20567.537999999244,32048.721000000834,0.470696,0.461922,0.44582838,0.4770333
8254,35367.53800000111,37848.7210000027,0.426443,0.318247,0.43862987,0.25623584
8255,30167.538000000175,30448.7210000027,0.311839,0.569176,0.30839697,0.57157457
8256,21967.538000000175,31248.72100000083,0.459943,0.41516,0.47002214,0.46511233
8257,26567.53800000064,31448.7210000027,0.40511,0.437405,0.41930312,0.4937501
8258,41367.53800000018,34448.721000001766,0.424079,0.18595,0.40410832,0.38148
8259,17767.538000000175,44248.7210000027,0.131699,0.079929,0.13255835,0.113283165
8260,23367.538000001106,30048.72100000363,0.43275,0.539302,0.42236194,0.33232132
8261,21967.538000000175,30648.721000001766,0.432132,0.45053,0.45358342,0.42811558
8262,26567.53800000064,47248.721000000834,0.126011,0.456117,0.10817051,0.48959142
8263,27767.538000001106,28448.721000000838,0.289279,0.44413,0.27531782,0.39355326
8264,41367.53800000018,39448.72100000176,0.301398,0.471042,0.3295653,0.46302953
8265,5967.53799999971,34248.7210000027,0.356462,0.114684,0.33046007,0.14660835
8266,36767.538000000175,35048.721000000834,0.4256,0.459153,0.40937954,0.42470545
8267,15167.53800000064,47448.721000000834,0.037178,0.012205,0.034560293,0.042720992
8268,21567.538000000175,46648.7210000027,0.126927,0.518857,0.09572901,0.48135507
8269,15767.538000001106,31848.721000001766,0.386313,0.157462,0.39868996,0.23383942
8270,16567.538000000175,33048.72100000177,0.407804,0.121216,0.38658163,0.10357749
8271,35967.53799999971,31248.721000000838,0.230581,0.413488,0.2608321,0.41588816
8272,30567.538000000175,34448.721000001766,0.383621,0.479904,0.38126603,0.5228814
8273,23567.538000000175,34648.721000000834,0.439475,0.424242,0.42166063,0.4689175
8275,7167.538000000175,29648.721000000834,0.300773,0.145272,0.31455603,0.12197197
8276,21967.538000000175,34848.7209999999,0.343773,0.502687,0.38202277,0.49472076
8277,35567.538000000175,31648.721000002697,0.289181,0.672925,0.28936628,0.6129525
8278,19567.538000001106,33048.72100000177,0.390335,0.414627,0.41306025,0.45032728
8279,9767.53799999971,33248.721000000834,0.387016,0.102743,0.40823525,0.124829195
8280,20567.537999999244,45848.72100000176,0.113279,0.190385,0.1537563,0.11407212
8281,26567.538000000637,27448.721000000834,0.305848,0.441515,0.32536066,0.4922816
8282,36767.53800000017,33448.721000000834,0.358593,0.508288,0.3638402,0.48216766
8283,18767.538000000175,45648.7210000027,0.130143,0.088656,0.113655314,0.103549294
8284,34767.53800000111,33448.721000000834,0.304191,0.438149,0.3374646,0.42534932
8285,33967.538000000175,33848.72100000363,0.349304,0.443307,0.3697267,0.49575084
8286,24567.53799999971,38048.7210000027,0.290831,0.025217,0.29830194,0.08244192
8287,13767.538000000177,45448.721000002704,0.084589,0.035991,0.06686324,0.067538075
8288,36167.538000000175,34648.721000000834,0.35674,0.566122,0.38867578,0.41513592
8289,6967.538000000641,34448.721000001766,0.370187,0.118747,0.3591779,0.08920472
8290,34967.538000000175,32248.72100000083,0.323313,0.585354,0.31637946,0.5211323
8291,14367.538000000173,45248.721000003636,0.070616,0.017546,0.080456704,0.02513974
8292,21767.53799999971,47448.721000000834,0.138568,0.472133,0.098657,0.4394822
8293,24967.53799999971,46848.7210000027,0.132489,0.453625,0.12758802,0.4549615
8294,39567.537999999244,34248.7210000027,0.394602,0.412874,0.41710576,0.43723676
8295,25767.538000000175,29248.721000001762,0.381245,0.53045,0.38953397,0.46984646
8296,30367.53800000064,45248.72100000363,0.149393,0.107916,0.17989099,0.21097703
8297,29167.538000000175,34048.7210000027,0.386917,0.457424,0.38797432,0.50989294
8298,5567.537999999709,28648.721000002693,0.325094,0.305852,0.3198328,0.23670255
8299,10167.538000000175,35248.7210000027,0.337797,0.086309,0.35035583,0.25184274
8300,18167.538000000175,44648.72100000083,0.15545,0.080557,0.15616538,0.09845134
8302,28967.538000000175,37248.721000000834,0.449682,0.398407,0.43582243,0.5033804
8303,34167.53800000064,34648.721000000834,0.351893,0.51306,0.38812983,0.4457413
8304,23367.538000001106,29248.72100000177,0.403298,0.380358,0.3867287,0.430078
8305,27967.53800000017,38248.721000001766,0.374074,0.548077,0.3561691,0.5289482
8306,20967.538000000175,33248.721000000834,0.42575,0.435084,0.3979386,0.4597954
8307,13967.538000000177,35848.721000000834,0.277996,0.452101,0.30769554,0.44714049
8308,13167.537999999708,32248.721000000838,0.38396,0.111801,0.38286337,0.13318364
8309,8967.538000000173,31448.721000002697,0.368603,0.102903,0.39769685,0.08525061
8310,26567.53800000064,31648.7210000027,0.396516,0.438633,0.4079848,0.5219778
8311,42767.53800000064,36848.721000001766,0.442612,0.41495,0.4279608,0.42603683
8313,10367.53799999971,26848.721000001766,0.308141,0.140375,0.2801587,0.13046922
8314,15767.538000001105,35048.721000000834,0.312746,0.527064,0.28514653,0.5416588
8315,12167.538000000173,27648.721000002697,0.249014,0.131831,0.2898367,0.12704264
8316,24567.53799999971,32648.72100000363,0.428366,0.565438,0.42656964,0.53965616
8317,24767.53800000017,46248.72099999991,0.148337,0.420964,0.14378189,0.40528238
8318,43167.538000000175,35648.721000001766,0.406242,0.161762,0.39848924,0.1766676
8319,33767.538000000175,34648.721000000834,0.366576,0.471706,0.38890722,0.46909004
8320,25567.53799999971,34448.721000001766,0.403046,0.558482,0.42995247,0.48301792
8322,41967.53800000018,36048.72100000083,0.493289,0.443886,0.42330095,0.44176057
8323,20767.53799999971,32648.72100000363,0.409821,0.437276,0.3941719,0.45734477
8324,6567.53799999971,30248.7210000027,0.325625,0.130524,0.33108008,0.12672548
8325,7167.538000000175,34248.7210000027,0.37516,0.11992,0.37377533,0.09595313
8326,25567.537999999706,28648.721000002697,0.317726,0.472039,0.33993727,0.47952893
8327,19967.53800000064,37648.72100000363,0.314832,0.575535,0.31523985,0.5262504
8328,47567.538000000175,33848.72100000363,0.328724,0.091151,0.29140136,0.086565964
8329,14967.538000000175,36848.72100000177,0.280363,0.481871,0.2513309,0.5209223
8330,31367.53800000064,44848.721000000834,0.170867,0.122404,0.22779495,0.17828234
8331,20367.538000000175,32848.7210000027,0.419483,0.470536,0.40591133,0.47738296
8332,19367.538000000644,40048.7210000027,0.246137,0.516664,0.2258547,0.5148839
8333,28967.53800000018,31048.720999999903,0.338441,0.668989,0.348664,0.57190007
8334,17767.538000000175,38248.721000001766,0.283687,0.314049,0.2588286,0.33877242
8335,25167.538000000175,28448.72100000083,0.345887,0.556476,0.3551597,0.49312392
8336,22167.53800000064,32648.72100000363,0.445102,0.397222,0.45730522,0.4990866
8337,25967.53800000064,30248.7210000027,0.395212,0.50667,0.42946708,0.5598119
8338,30367.53800000064,39448.72100000176,0.383486,0.454363,0.3887865,0.46019965
8339,40967.538000000175,38848.721000000834,0.426636,0.44533,0.36397183,0.50340456
8340,28967.538000000175,46848.7210000027,0.189807,0.397395,0.18003622,0.38840598
8341,18367.53800000064,33448.721000000834,0.373763,0.480357,0.37816343,0.44380888
8342,27567.538000000637,31648.7210000027,0.414878,0.742635,0.38104573,0.63484305
8343,21967.538000000175,30248.721000002693,0.395202,0.459652,0.42121145,0.43767893
8344,28167.537999999244,32448.721000002697,0.384031,0.667581,0.3665318,0.6043773
8345,26967.538000000637,47648.72100000269,0.114097,0.455223,0.10209778,0.50396943
8346,21567.538000000175,46048.721000000834,0.116275,0.535435,0.11606488,0.5207366
8347,35567.538000000175,32248.72100000083,0.330468,0.684758,0.32626936,0.6160112
8348,9767.537999999708,31048.720999999903,0.353025,0.12834,0.3747531,0.09516918
8349,32967.538000000175,31248.721000000834,0.221573,0.456196,0.2544058,0.46787438
8350,16767.537999999244,32048.721000000834,0.424294,0.144264,0.4322638,0.1290372
8351,17567.538000000175,35848.721000000834,0.29215,0.449712,0.29180208,0.4617499
8352,42967.53800000111,36848.721000001766,0.456672,0.432065,0.4392226,0.3870627
8353,22367.538000000175,32048.721000000834,0.484382,0.50236,0.44032562,0.48310846
8355,20967.538000000175,32848.7210000027,0.42949,0.479775,0.38559636,0.45358002
8356,27767.538000001103,33048.72100000177,0.362696,0.709692,0.36522916,0.5909685
8357,40767.53799999971,33048.72100000176,0.369723,0.25559,0.35776225,0.35243264
8358,24367.537999999244,33648.7210000027,0.419349,0.399186,0.4383587,0.38209593
8359,44167.53800000018,39248.7210000027,0.27495,0.121873,0.311005,0.1449428
8360,19367.53800000064,44448.721000001766,0.140362,0.076841,0.13816142,0.13909914
8361,41567.538000000175,39248.7210000027,0.325293,0.48691,0.3593959,0.4769954
8362,19967.53800000064,33648.7210000027,0.405548,0.473991,0.41242296,0.52437055
8363,25167.538000000175,30248.721000002693,0.411407,0.372005,0.40017235,0.531225
8364,19767.538000000175,36648.7210000027,0.330762,0.476435,0.33132276,0.50335944
8365,10967.538000000173,33848.72100000363,0.31829,0.299628,0.33639562,0.32470885
8366,17967.537999999713,31848.72100000177,0.399222,0.119868,0.4053711,0.14169568
8367,13767.538000000177,35848.721000000834,0.284452,0.531864,0.29657808,0.45390853
8368,20167.538000001106,38648.720999999896,0.28159,0.488379,0.2952497,0.49010593
8369,29767.53800000064,29248.721000001766,0.284834,0.594286,0.26280776,0.6388626
8370,35767.53799999924,34048.7210000027,0.338332,0.432489,0.37022305,0.42909154
8372,13567.53799999971,32648.72100000363,0.321071,0.299228,0.34125206,0.26005244
8373,26367.53800000018,47248.721000000834,0.118745,0.581763,0.10632065,0.49296647
8374,15967.538000000175,46248.72099999991,0.072717,0.026093,0.06584987,0.10608017
8375,9367.53799999971,32648.72100000363,0.402178,0.110278,0.37157136,0.110983215
8376,25167.538000000175,46648.72100000269,0.157002,0.276559,0.13077863,0.38570917
8377,32367.538000000175,37848.7210000027,0.421025,0.365748,0.42060214,0.45488873
8379,43767.538000000175,35048.721000000834,0.341815,0.098763,0.31726435,0.07887166
8380,5167.538000000176,30848.72100000083,0.299724,0.299059,0.3431612,0.27756563
8381,40967.538000000175,36248.7210000027,0.471844,0.417234,0.45614615,0.44936806
8382,33567.53800000064,35048.721000000834,0.408906,0.456552,0.39834854,0.48408467
8383,35767.537999999244,38248.721000001766,0.378852,0.151105,0.44402954,0.19416559
8384,17567.538000000175,36448.72100000363,0.282189,0.31461,0.2951736,0.4486991
8385,9567.538000000175,32248.72100000083,0.352822,0.108995,0.33417302,0.11779826
8386,30567.538000000175,38848.721000000834,0.391604,0.463593,0.40856108,0.48656592
8387,14167.537999999711,44848.721000000834,0.076127,0.029682,0.06369379,0.01781427
8388,26967.538000000637,43848.7210000027,0.176868,0.132054,0.1799743,0.14434633
8389,11567.538000000173,36048.72100000083,0.249341,0.48122,0.2765182,0.4336924
8390,9367.537999999711,27448.72100000083,0.300634,0.142265,0.30598596,0.14131176
8391,25367.53800000017,30848.72100000083,0.429747,0.54148,0.41215345,0.5271789
8392,27367.53800000018,45448.721000002704,0.161356,0.37813,0.20006245,0.4169938
8393,15767.538000001108,34048.7210000027,0.342476,0.460488,0.36221611,0.43087533
8394,8567.53800000064,32448.721000002697,0.396674,0.118115,0.40237933,0.09707945
8395,28567.53800000018,34848.7209999999,0.410568,0.404086,0.40314722,0.35231143
8396,18167.538000000175,46848.7210000027,0.08505,0.076656,0.07809584,0.10134026
8399,31367.53800000064,33248.721000000834,0.349554,0.566781,0.34405884,0.5499328
8400,32567.53799999971,37448.7210000027,0.434301,0.472146,0.40526044,0.48890844
8401,34567.53800000064,33248.721000000834,0.299406,0.449253,0.34041134,0.4920818
8402,35767.53799999924,32248.72100000083,0.329127,0.519613,0.32527527,0.6185159
8403,13367.538000000173,36248.7210000027,0.279318,0.508842,0.27083525,0.46686077
8404,21167.53799999971,30248.7210000027,0.373869,0.447831,0.4393606,0.47335532
8405,6367.538000000174,34048.7210000027,0.34466,0.116811,0.34002566,0.14019197
8406,20567.537999999244,43448.72100000083,0.170007,0.099259,0.17264968,0.14685905
8407,22567.538000000175,46048.721000000834,0.128659,0.521694,0.13543925,0.5595561
8408,34567.53800000064,38848.721000000834,0.383073,0.444021,0.376399,0.5086671
8409,34767.53800000111,34048.7210000027,0.353623,0.385575,0.35755616,0.35283563
8410,30567.538000000175,33048.72100000177,0.380926,0.637238,0.38067567,0.6450994
8411,5967.537999999709,28848.721000003632,0.328755,0.312205,0.328098,0.24922788
8412,28367.537999999713,31648.7210000027,0.406218,0.473824,0.3907249,0.7156231
8414,39167.538000001114,37848.7210000027,0.469961,0.45993,0.4373673,0.45555794
8415,27967.538000000175,43448.72100000083,0.179875,0.143,0.13657182,0.18081251
8416,24367.537999999244,38048.721000002704,0.29336,0.02978,0.3068954,0.0910668
8417,13367.538000000175,34448.721000001766,0.353035,0.138539,0.36065236,0.20388365
8418,27367.538000000175,44048.721000003636,0.184176,0.289873,0.20381273,0.2733613
8420,44967.53800000063,35648.721000001766,0.400063,0.334496,0.38416845,0.28403753
8421,36567.53800000018,35048.721000000834,0.42553,0.417437,0.42044216,0.4177699
8422,27167.538000001106,31448.721000002697,0.41801,0.772104,0.38677877,0.61500126
8423,29367.53799999971,37848.7210000027,0.416876,0.423384,0.40431485,0.43112987
8424,30767.538000000637,36648.7210000027,0.456023,0.332249,0.450777,0.33104292
8425,43367.537999999244,35848.721000000834,0.388829,0.165818,0.3901099,0.14706388
8426,31167.538000000175,34048.7210000027,0.364218,0.504385,0.35645118,0.52900696
8427,5767.538000000174,28848.721000003632,0.340434,0.311841,0.328334,0.24820136
8428,13767.538000000177,34048.7210000027,0.340268,0.301568,0.33171415,0.29863352
8429,14167.537999999711,35248.7210000027,0.327063,0.396481,0.3532982,0.29781002
8430,21567.538000000175,40048.7210000027,0.263327,0.438522,0.25595015,0.46176642
8431,23367.538000001106,31648.721000002697,0.47414,0.397966,0.45422658,0.48224044
8432,12567.538000001108,34448.721000001766,0.349505,0.305476,0.3557441,0.22451414
8433,20567.537999999244,32648.721000003625,0.410019,0.490197,0.37652034,0.46653706
8435,34767.53800000111,32248.72100000083,0.318972,0.37908,0.3242047,0.49417815
8436,41567.538000000175,35848.721000000834,0.476975,0.565014,0.45710975,0.47835228
8437,29767.538000000637,39648.721000000834,0.35285,0.460323,0.35997716,0.4654198
8438,22767.53800000064,32448.721000002697,0.467764,0.47232,0.46132162,0.48766688
8439,17767.538000000175,35048.721000000834,0.336052,0.419469,0.33030516,0.43097946
8440,13167.537999999708,37248.721000000834,0.26098,0.395126,0.2239308,0.3988011
8441,20367.53800000018,46248.72099999991,0.110211,0.130146,0.11554241,0.12169578
8442,34767.53800000111,31048.7209999999,0.227633,0.62073,0.26621827,0.48250967
8444,28967.53800000018,28848.721000003632,0.214319,0.63679,0.2677629,0.6514466
8445,15767.538000001108,34248.7210000027,0.328275,0.477657,0.33538362,0.46437964
8446,25767.538000000175,27848.721000002693,0.296065,0.456343,0.31871316,0.43369502
8448,39367.538000000175,35448.7210000027,0.464238,0.485426,0.44395646,0.4920813
8449,26767.538000000175,27648.721000002697,0.280402,0.4475,0.3061165,0.43832323
8450,27367.53800000018,39848.721000000834,0.333275,0.458331,0.33398843,0.47481322
8451,22567.538000000175,31448.721000002697,0.488711,0.46205,0.49879196,0.4457256
8452,30167.538000000175,33848.72100000363,0.383654,0.650741,0.3796228,0.57493997
8453,32967.538000000175,37848.7210000027,0.43232,0.53513,0.4167649,0.51014245
8454,29167.538000000175,29448.721000000834,0.311236,0.654721,0.28091028,0.6762928
8455,5567.53799999971,28848.72100000363,0.337299,0.15034,0.3286514,0.21259628
8456,5967.53799999971,31448.7210000027,0.368091,0.125625,0.3623513,0.114084564
8457,13967.538000000177,37848.7210000027,0.240728,0.131673,0.2724777,0.19465281
8458,41767.53800000063,35648.721000001766,0.466149,0.558206,0.46695906,0.48867196
8459,19167.538000000175,37848.7210000027,0.299392,0.492454,0.27151087,0.506134
8460,28767.53799999971,30648.72100000177,0.366718,0.673202,0.34288177,0.63409126
8461,11167.538000000175,33848.72100000363,0.341476,0.256763,0.366387,0.2742703
8462,16767.537999999244,37048.72100000083,0.242783,0.428424,0.2553849,0.37996227
8463,3567.538000000175,26848.72100000177,0.291548,0.140103,0.29691842,0.124627806
8464,17367.53799999971,35448.7210000027,0.294408,0.50049,0.31794524,0.48209444
8465,21767.53799999971,45248.72100000363,0.110081,0.478342,0.11538698,0.46084443
8466,35767.53799999924,37848.7210000027,0.403204,0.147002,0.42489308,0.14590736
8467,23167.53800000064,37248.721000000834,0.332767,0.084674,0.33240712,0.030339321
8468,34567.53800000064,32648.72100000363,0.31583,0.613967,0.31957358,0.5264949
8469,31167.538000000175,28448.721000000838,0.181007,0.255857,0.24531953,0.18001227
8470,20367.53800000018,37648.721000003636,0.303939,0.595805,0.30373207,0.5024732
8471,31367.53800000064,33448.721000000834,0.35465,0.530422,0.3390963,0.5507251
8472,29367.53799999971,30248.7210000027,0.332088,0.563411,0.34200627,0.62528205
8473,13567.53799999971,36448.72100000362,0.281918,0.520366,0.26040688,0.48004308
8474,19367.53800000064,34448.721000001766,0.372058,0.343183,0.36105618,0.3334086
8476,20767.53799999971,37648.72100000363,0.2928,0.413904,0.2927323,0.43951142
8477,19167.538000000175,31248.721000000834,0.416586,0.112932,0.40845278,0.115492426
8478,31967.537999999244,39448.72100000176,0.386505,0.323239,0.36723644,0.32256556
8479,27967.538000000175,39048.721000002704,0.375321,0.664544,0.3381498,0.5103526
8480,15967.538000000173,27648.721000002697,0.327769,0.133989,0.34977666,0.12077933
8481,22367.538000000175,35048.721000000834,0.386531,0.68821,0.37321994,0.50047076
8482,5167.538000000175,32648.721000003625,0.372602,0.29885,0.36078587,0.24358538
8483,19167.538000000175,39848.721000000834,0.25198,0.457377,0.24741939,0.49528986
8484,21767.53799999971,46248.7209999999,0.108747,0.533774,0.12436028,0.52832365
8485,27967.538000000175,28248.721000000838,0.30785,0.416361,0.26452723,0.38777614
8486,12567.538000001106,35448.7210000027,0.291436,0.46521,0.30278677,0.45911378
8487,24367.537999999244,30048.72100000363,0.40387,0.411762,0.4216909,0.4292468
8488,29567.53800000018,29848.721000002697,0.299406,0.631782,0.31339914,0.65925336
8489,11567.538000000175,35048.721000000834,0.328944,0.339484,0.32561228,0.45942765
8490,37167.538000000175,34648.721000000834,0.383418,0.429212,0.4122095,0.48393634
8491,9167.537999999244,33848.72100000363,0.378784,0.302287,0.37451813,0.16857433
8492,11767.538000000643,32448.721000002697,0.336693,0.126878,0.32270044,0.18707304
8494,21967.538000000175,29448.721000000834,0.404748,0.380713,0.4115913,0.46709374
8495,15167.538000000639,44048.72100000363,0.112171,0.259514,0.10207632,0.19415948
8496,28767.53799999971,49048.721000003636,0.138522,0.242812,0.14429751,0.24176301
8498,25767.538000000175,32648.72100000363,0.384601,0.248377,0.4076242,0.33740294
8499,39767.53799999971,38048.7210000027,0.397837,0.557864,0.41347745,0.48462427
8500,42167.53800000065,35448.7210000027,0.423366,0.38293,0.3945276,0.42023873
8501,26967.53800000064,43648.721000000834,0.158471,0.127869,0.17777646,0.17915171
8502,37167.538000000175,38048.721000002704,0.355493,0.057784,0.38124606,0.07498556
8503,27767.538000001103,30048.72100000363,0.336793,0.553217,0.3663804,0.572272
8504,8567.53800000064,34048.72100000269,0.362196,0.28074,0.68759733,0.33687842
8505,40967.538000000175,33248.721000000834,0.378431,0.307553,0.3894491,0.3098697
8506,36767.53800000017,37248.721000000834,0.385663,0.064202,0.38510108,0.07587933
8507,23967.53800000111,29648.721000000834,0.398218,0.427702,0.38947126,0.359943
8508,27967.538000000175,30448.7210000027,0.35305,0.439024,0.34172183,0.5337921
8509,40367.538000000175,38448.72100000084,0.412237,0.512646,0.40661645,0.5060794
8510,29167.538000000175,33048.72100000177,0.347777,0.669193,0.36207575,0.5709682
8512,5167.538000000175,31048.7209999999,0.316564,0.301385,0.3566855,0.26643285
8515,34367.538000000175,32848.7210000027,0.306336,0.528388,0.3126364,0.5503961
8516,18967.53800000064,32648.72100000363,0.432561,0.142551,0.4372103,0.23258796
8517,18967.53800000064,37248.721000000834,0.316494,0.513726,0.3135846,0.50399005
8518,20367.53800000018,34848.7209999999,0.338573,0.155164,0.36151847,0.32298866
8520,29567.538000000175,28248.72100000083,0.272092,0.426686,0.23728237,0.42318308
8521,32767.538000000175,35448.7210000027,0.391976,0.420327,0.40869135,0.4492079
8522,38367.53800000063,32048.721000000834,0.296585,0.386555,0.31310153,0.5351396
8523,15567.538000000643,37248.721000000834,0.255547,0.419786,0.2514541,0.44312936
8524,11767.538000000639,24648.721000000834,0.254983,0.107738,0.24041325,0.09149542
8525,8367.538000000175,34448.721000001766,0.366481,0.098765,0.4382921,-0.007125655
8526,44567.53799999971,36848.721000001766,0.417005,0.293003,0.4035796,0.30747423
8527,29967.538000000175,38048.721000002704,0.344754,0.429539,0.3997588,0.4313569
8528,34767.53800000111,34248.7210000027,0.358862,0.357106,0.36487302,0.35958984
8529,25967.53800000064,26448.721000002697,0.195308,0.445881,0.22444357,0.42964518
8530,32567.53799999971,34048.7210000027,0.374113,0.466385,0.35881063,0.45237163
8531,47367.53799999971,36448.72100000363,0.367986,0.077006,0.3600053,0.097599946
8532,31967.537999999244,37648.721000003636,0.415068,0.42844,0.4115182,0.4704654
8533,28767.53799999971,37848.7210000027,0.434742,0.423713,0.4272278,0.4491112
8534,10167.538000000175,33048.72100000177,0.384188,0.103739,0.39025444,0.09026661
8535,5767.538000000174,30448.7210000027,0.366169,0.123169,0.33180505,0.16617583
8537,36367.53799999971,32448.721000002697,0.307693,0.62588,0.33706176,0.5337653
8539,21967.538000000175,45448.721000002704,0.142159,0.63015,0.13770196,0.506021
8540,9567.538000000175,35448.7210000027,0.315167,0.059346,0.2792571,0.12925322
8541,3967.5380000001746,24248.721000001766,0.231872,0.048381,0.2554808,0.06999724
8542,22167.53800000064,35648.721000001766,0.382406,0.674876,0.4074404,0.48517558
8544,17767.538000000175,35448.7210000027,0.324982,0.452188,0.3000429,0.46109307
8545,9967.538000000175,35048.721000000834,0.35097,0.084422,0.3382296,0.19841623
8546,12167.538000000173,35248.7210000027,0.300547,0.39964,0.31843972,0.3632345
8548,31567.538000001103,44648.72100000084,0.207952,0.126187,0.22551571,0.18188314
8549,20567.537999999244,39448.72100000176,0.274309,0.537356,0.2927644,0.50404453
8550,45567.53800000064,37048.721000000834,0.399703,0.339084,0.39697388,0.3456743
8551,28767.53799999971,25848.721000000834,0.160977,0.413101,0.16413073,0.44848534
8552,39767.53799999971,34648.721000000834,0.394408,0.482018,0.42739883,0.44721898
8553,20567.537999999244,31248.721000000834,0.421363,0.533622,0.41640723,0.49447826
8554,31167.53800000018,29848.7210000027,0.202207,0.448013,0.2722409,0.42840275
8555,6367.538000000175,30648.721000001762,0.310166,0.118627,0.32697213,0.12506348
8556,36567.53800000017,32848.7210000027,0.349435,0.542683,0.35106224,0.48545486
8557,3767.538000000641,24848.7210000027,0.244127,0.081396,0.2550391,0.07534628
8558,33967.538000000175,38248.72100000176,0.42534,0.62311,0.4118587,0.5113848
8560,18767.538000000175,43848.7210000027,0.20017,0.288951,0.18286227,0.24205257
8561,15967.538000000173,29648.721000000834,0.340639,0.130523,0.35840917,0.096719675
8562,15367.538000000175,44648.72100000084,0.08353,0.235197,0.08925843,0.20934126
8563,30367.53800000064,38648.7209999999,0.38509,0.4597,0.40424603,0.48919576
8564,18967.53800000064,32848.7210000027,0.433211,0.274352,0.43397656,0.30715185
8565,7567.538000000641,33648.7210000027,0.358189,0.122819,0.41611958,0.115391605
8566,26967.538000000637,31048.720999999903,0.399607,0.393419,0.40565735,0.53674203
8567,39767.53799999971,38248.721000001766,0.393929,0.435856,0.40364918,0.46924973
8568,13367.538000000175,29648.721000000834,0.288991,0.113737,0.28434417,0.12506415
8569,7367.538000000175,35048.721000000834,0.356072,0.116296,0.35537076,0.08327519
8570,26167.538000000175,37848.7210000027,0.329982,0.025723,0.32508445,0.041217256
8571,32567.53799999971,36648.7210000027,0.392822,0.479943,0.38938007,0.49317563
8572,12967.537999999246,32448.721000002697,0.335515,0.123517,0.36707163,0.19820249
8573,34567.53800000064,34648.721000000834,0.37051,0.357699,0.37682888,0.37470803
8574,33567.53800000064,36048.721000000834,0.412852,0.643476,0.4251282,0.49801487
8575,19567.538000001103,40048.7210000027,0.253656,0.488745,0.23858714,0.5096755
8576,33167.53799999971,35048.721000000834,0.416597,0.562686,0.392855,0.4921922
8577,39967.53800000018,35048.721000000834,0.466718,0.372365,0.44783252,0.44269693
8578,34367.538000000175,38448.72100000083,0.368668,0.441587,0.38874328,0.49389023
8579,16567.538000000175,37648.721000003636,0.259617,0.259373,0.2670178,0.25918198
8581,20967.538000000175,34848.7209999999,0.37947,0.305643,0.40145472,0.4456498
8582,32967.53800000017,30648.721000001762,0.202852,0.11918,0.24000315,0.09168597
8583,29767.53800000064,31248.721000000834,0.360434,0.574056,0.3480356,0.6154798
8584,24967.53799999971,47048.721000001766,0.129481,0.487504,0.121702686,0.4405995
8585,24967.53799999971,30648.72100000177,0.437332,0.422393,0.4090427,0.5259464
8586,24167.538000000175,38848.721000000834,0.239716,0.029953,0.24445836,0.1099649
8587,33567.53800000064,31048.720999999903,0.232617,0.419703,0.23336914,0.51326585
8588,17967.53799999971,44648.721000000834,0.149572,0.079561,0.16241227,0.09264179
8589,23167.53800000064,35048.721000000834,0.381074,0.597717,0.4020799,0.47628933
8590,26367.538000000175,26248.72100000363,0.230898,0.451226,0.19998197,0.44300663
8591,26767.538000000175,34248.7210000027,0.390351,0.265047,0.38044235,0.46321824
8592,29367.53799999971,32848.7210000027,0.361734,0.542061,0.3611043,0.49737087
8594,44967.53800000064,37848.7210000027,0.395398,0.410226,0.39665034,0.37178454
8595,26567.53800000064,32248.721000000834,0.39272,0.664484,0.40154815,0.5235041
8596,24167.538000000175,44248.7210000027,0.173269,0.118951,0.13706678,0.09966653
8597,17367.53799999971,38648.7209999999,0.230748,0.274636,0.21802303,0.27586618
8598,28567.53800000018,25448.721000001762,0.140819,0.411034,0.13726489,0.42089257
8599,24967.53799999971,29448.721000000834,0.393042,0.482373,0.40077606,0.45578045
8600,32967.53800000017,34448.721000001766,0.377927,0.435478,0.38394925,0.4788629
8601,21567.538000000175,34648.721000000834,0.425353,0.526066,0.40689963,0.5000018
8602,13367.538000000175,35448.7210000027,0.316959,0.44234,0.3115961,0.48991427
8603,26567.53800000064,26248.721000003625,0.226074,0.451528,0.23931286,0.43103498
8604,23167.53800000064,28448.721000000834,0.401026,0.336846,0.35434803,0.45182627
8605,20567.537999999244,34448.721000001766,0.408206,0.299517,0.37752786,0.3652362
8607,27167.538000001106,31048.7209999999,0.383976,0.504834,0.38344243,0.6083594
8608,29367.53799999971,31448.7210000027,0.353409,0.797513,0.33090648,0.5842573
8609,9567.538000000175,28448.721000000838,0.308392,0.148252,0.29865038,0.17199545
8610,28567.538000000175,34048.7210000027,0.379491,0.519161,0.40244913,0.4264082
8611,22367.538000000175,34448.721000001766,0.395823,0.376928,0.40225747,0.30041865
8612,17767.538000000175,40048.7210000027,0.263503,0.53265,0.2741304,0.49299783
8613,25367.53800000017,32848.7210000027,0.415364,0.390544,0.43311626,0.482892
8614,15567.538000000643,37448.7210000027,0.252099,0.375002,0.24127981,0.4015777
8615,27767.538000001106,39648.721000000834,0.358025,0.581619,0.34047624,0.5084069
8616,31767.53800000018,37448.7210000027,0.411009,0.46238,0.41089994,0.48821485
8617,34167.53800000064,40048.7210000027,0.353924,0.495365,0.38399148,0.5042919
8618,27167.538000001106,28248.721000000838,0.30556,0.292206,0.3192862,0.40836555
8619,26367.53800000018,28648.721000002693,0.30824,0.372225,0.33649185,0.4048775
8620,20967.53808797734,47648.72091205427,0.12314,0.359648,0.1258021,0.32508007
8621,8567.53800000064,35648.721000001766,0.287469,0.058947,0.24590376,0.066835545
8625,35167.53800000064,38248.721000001766,0.388298,0.417879,0.38092974,0.4180293
8626,14767.538000000173,39848.721000000834,0.169377,0.104751,0.19267982,0.08462425
8627,29167.538000000175,29848.7210000027,0.321852,0.573502,0.3153773,0.6476789
8628,10567.538000000175,26648.721000002697,0.278303,0.121232,0.28431484,0.13917103
8629,42567.538000000175,37248.721000000834,0.396051,0.416648,0.39364058,0.4530056
8630,22767.53800000064,46448.721000000834,0.156105,0.496261,0.13826133,0.58021224
8631,34967.538000000175,39248.7210000027,0.348395,0.57386,0.3569477,0.5228032
8632,41567.538000000175,38048.721000002704,0.406983,0.543222,0.41190305,0.47905555
8633,34167.53800000064,32848.7210000027,0.321453,0.585662,0.3207978,0.5784578
8635,20767.53799999971,37248.721000000834,0.299953,0.461765,0.32541475,0.3150605
8636,20367.538000000175,33448.721000000834,0.394313,0.505173,0.38748544,0.50535244
8638,28167.53799999924,45848.72100000176,0.162142,0.418903,0.18626262,0.47011617
8639,27767.538000001106,48848.72100000269,0.137117,0.406193,0.20042424,0.30283487
8640,20967.538000000175,33048.72100000177,0.435675,0.473018,0.3967934,0.45812872
8641,30767.538000000637,39848.721000000834,0.375053,0.419736,0.3604938,0.29465201
8642,14567.53800000064,37248.721000000834,0.268121,0.46465,0.27364,0.45099333
8643,24567.53799999971,35448.7210000027,0.372859,0.292424,0.37835222,0.32157812
8644,23967.53800000111,32848.7210000027,0.461612,0.586794,0.4475005,0.5220217
8645,19767.538000000175,31848.721000001766,0.432189,0.454611,0.41901165,0.3535843
8646,21767.53799999971,32248.721000000834,0.478371,0.451495,0.47564164,0.4572024
8648,37567.538000000175,34048.7210000027,0.37897,0.423073,0.41513544,0.53144646
8649,13967.538000000177,32448.721000002697,0.355959,0.11752,0.33807623,0.20311065
8650,3367.5380000001755,27448.721000000834,0.296602,0.10826,0.27857578,0.11105644
8651,23767.538000000637,37448.7210000027,0.332037,0.053384,0.32924134,0.07656791
8653,25567.53799999971,48248.721000001766,0.166463,0.254721,0.15881059,0.25232273
8654,20167.538000001106,31448.721000002697,0.429031,0.410884,0.43053088,0.46243453
8655,35167.53800000064,39648.721000000834,0.326793,0.550169,0.32491174,0.48004073
8656,40167.53799999971,39048.7210000027,0.405709,0.571003,0.41539842,0.4608968
8657,20167.538000001106,37648.721000003636,0.306335,0.478701,0.3195482,0.51151973
8658,26767.538000000175,33448.721000000834,0.388826,0.431798,0.39613405,0.42983842
8659,35167.53800000064,33448.721000000834,0.309589,0.490581,0.33969575,0.45672017
8660,10367.53799999971,32048.721000000834,0.385127,0.117882,0.38056427,0.085361116
8662,6167.538000000174,34648.721000000834,0.352661,0.117456,0.3254716,0.105340324
8663,28767.53799999971,45448.7210000027,0.164173,0.381791,0.17839338,0.36939615
8664,13967.538000000177,37448.7210000027,0.265768,0.243916,0.2702496,0.3277324
8665,20367.538000000175,37848.7210000027,0.308181,0.577267,0.2902816,0.5238541
8666,12767.538000000175,44848.72100000083,0.116348,0.088408,0.12273006,0.06140064
8667,29967.538000000175,30648.721000001762,0.322111,0.962594,0.32551873,0.60082376
8668,31567.538000001103,34248.7210000027,0.360926,0.63475,0.3548307,0.51549923
8669,14967.538000000175,35648.72100000176,0.348399,0.525849,0.34062156,0.501855
8670,45767.538000000175,38048.721000002704,0.394053,0.404523,0.40226844,0.38458797
8671,10567.538000000175,31648.721000002697,0.40288,0.126255,0.40156677,0.08323883
8673,25967.53800000064,33648.7210000027,0.379003,0.447046,0.40476823,0.41165212
8674,41767.53800000064,35248.7210000027,0.456562,0.405899,0.46361303,0.46141765
8675,33567.53800000064,33048.72100000176,0.325303,0.633776,0.3425419,0.6275141
8676,26567.53800000064,49048.721000003636,0.151126,0.179411,0.293689,0.3022488
8677,31567.538000001106,33648.7210000027,0.355608,0.505189,0.34681702,0.5484516
8678,30967.538000001103,31848.721000001766,0.347887,0.624302,0.3294765,0.696584
8679,27767.538000001103,33848.72100000363,0.338263,0.426139,0.3586475,0.3367483
8680,19767.538000000175,31448.721000002697,0.429117,0.380869,0.42231616,0.3601013
8681,28767.53799999971,31848.72100000177,0.380806,0.629467,0.37697133,0.51551455
8682,27367.53800000018,45648.7210000027,0.15897,0.382943,0.18573152,0.4340751
8683,27767.538000001103,35648.721000001766,0.386304,0.417892,0.40632024,0.327236
8684,16967.53799999971,33048.721000001766,0.394577,0.113253,0.3934089,0.17422965
8685,18567.538000000175,31648.721000002697,0.433851,0.114108,0.4340792,0.12057192
8686,44967.53800000064,36648.7210000027,0.406641,0.312459,0.38164115,0.29453117
8687,24167.538000000175,32248.72100000083,0.479276,0.422572,0.43566027,0.48007607
8688,28967.538000000175,28648.721000002693,0.216052,0.556247,0.25275266,0.6026289
8689,37967.53800000064,35248.7210000027,0.41791,0.556433,0.41472313,0.51973325
8690,5967.537999999709,31048.720999999903,0.365477,0.123416,0.34305456,0.1327174
8691,24367.537999999244,37848.7210000027,0.325774,0.02957,0.31162485,0.08440038
8692,10767.538000000639,31648.7210000027,0.401178,0.127496,0.41080466,0.10657241
8693,4767.538000000641,31248.721000000838,0.349504,0.292789,0.36851513,0.26255974
8694,41167.53800000064,38848.72100000083,0.394422,0.432084,0.3545122,0.4865906
8695,10167.538000000175,26248.721000003625,0.27223,0.133173,0.2672564,0.11858829
8697,6567.5379999997085,29248.721000001766,0.319021,0.148542,0.33029622,0.16713075
8698,19167.538000000175,39648.721000000834,0.225415,0.461769,0.2267511,0.42197287
8699,19567.538000001106,38648.720999999896,0.264063,0.147535,0.25588915,0.19088568
8700,19967.53800000064,39248.7210000027,0.280452,0.447872,0.27207848,0.40719444
8701,28167.53799999924,34848.7209999999,0.363711,0.104739,0.34520108,0.12862788
8702,29367.53799999971,35448.7210000027,0.39132,0.444342,0.39653605,0.50626004
8703,17767.538000000175,38048.721000002704,0.271787,0.522946,0.27213946,0.30796802
8704,23167.53800000064,47048.721000001766,0.12153,0.480574,0.12455328,0.46648988
8705,25367.53800000017,28248.721000000838,0.352724,0.532384,0.33619702,0.5246578
8706,29567.538000000175,28848.721000003632,0.215015,0.582077,0.24440253,0.6140316
8708,17167.53800000017,33048.72100000177,0.343097,0.297775,0.36465308,0.20042633
8709,17767.538000000175,37848.7210000027,0.295122,0.418063,0.289316,0.38723665
8710,31767.53800000018,36248.7210000027,0.418145,0.577133,0.41129062,0.41826195
8711,11367.538000000639,37248.721000000834,0.228728,0.324313,0.23848918,0.29055476
8712,17767.538000000175,35648.721000001766,0.323194,0.445046,0.2999968,0.46422186
8713,16367.538000001106,32048.721000000834,0.384059,0.149166,0.41117942,0.10597799
8714,35367.53800000111,31648.721000002697,0.288483,0.655582,0.29860035,0.592127
8715,18567.538000000175,38448.72100000083,0.283674,0.463841,0.29060578,0.4492224
8716,24167.538000000175,32648.721000003625,0.46667,0.381432,0.43830442,0.5189143
8717,10567.538000000175,32048.721000000834,0.404251,0.119898,0.39429498,0.07739683
8718,35567.538000000175,32648.721000003625,0.342993,0.594209,0.3297616,0.58604044
8719,13367.538000000175,33848.72100000363,0.31255,0.385388,0.3146597,0.31127086
8720,25967.53800000064,31648.7210000027,0.443862,0.416499,0.42444807,0.4399845
8721,17767.538000000175,34648.721000000834,0.357286,0.403247,0.3293402,0.39168683
8722,34367.538000000175,34248.7210000027,0.357356,0.391464,0.37075105,0.4081511
8723,13967.538000000177,29848.7210000027,0.271951,0.120921,0.28574333,0.11663846
8724,22967.538000000175,32848.7210000027,0.443729,0.455588,0.45723006,0.4845693
8725,9167.537999999244,28448.721000000838,0.310605,0.135413,0.30557156,0.17172855
8726,23567.538000000175,32848.7210000027,0.461046,0.617924,0.4658535,0.47427055
8727,22567.538000000175,48048.72100000269,0.127238,0.138709,0.12390603,0.17148219
8728,5967.53799999971,30848.721000000834,0.365904,0.121277,0.34045613,0.15184627
8729,14767.538000000175,36448.72100000362,0.275253,0.531094,0.2841621,0.5346849
8730,22967.538000000175,37248.721000000834,0.329012,0.080924,0.33689106,0.052325834
8731,37367.53800000064,32848.7210000027,0.343248,0.411919,0.34208176,0.43565825
8732,28167.537999999244,31648.721000002697,0.390448,0.477283,0.36457765,0.73264396
8733,13167.53799999971,34448.721000001766,0.352984,0.312542,0.35401568,0.24489889
8734,35367.53800000111,37248.721000000834,0.456823,0.108697,0.4360798,0.113293715
8735,25767.538000000175,32248.721000000838,0.40499,0.432603,0.40101016,0.3607036
8736,16767.537999999244,37448.7210000027,0.255803,0.311746,0.23631226,0.2460021
8737,43567.53799999971,36848.721000001766,0.435473,0.116576,0.41119736,0.22231781
8738,9167.537999999244,33048.72100000177,0.386886,0.109399,0.40208355,0.109107815
8739,21967.538000000175,35448.7210000027,0.374887,0.488964,0.38903984,0.49859077
8740,27167.538000001106,33848.72100000363,0.38684,0.296941,0.38975853,0.47110412
8741,15967.538000000173,35848.721000000834,0.236532,0.296732,0.27489743,0.38939905
8742,12167.538000000175,33648.7210000027,0.370068,0.122543,0.3703048,0.19583203
8743,6567.53799999971,30848.721000000834,0.347943,0.108985,0.32807308,0.12108735
8745,29967.538000000175,29648.721000000834,0.253445,0.538109,0.26687166,0.55683386
8746,28767.537999999706,40048.7210000027,0.353915,0.475599,0.3338915,0.46599433
8747,30367.53800000064,36248.721000002704,0.437387,0.331679,0.42386743,0.4500998
8749,15767.538000001108,36648.7210000027,0.280974,0.488064,0.2696305,0.47834957
8750,24967.537999999706,33648.7210000027,0.445352,0.424063,0.4488116,0.51844573
8751,25367.53800000017,34048.7210000027,0.432687,0.364078,0.43669835,0.53124654
8752,36967.53799999971,38248.721000001766,0.365434,0.067801,0.3824216,0.08834603
8753,15767.538000001106,39448.72100000176,0.182212,0.100641,0.1882912,0.112078734
8754,16567.538000000175,28448.721000000838,0.349364,0.130118,0.33844924,0.1426432
8755,35167.53800000064,31648.7210000027,0.297054,0.545319,0.2895916,0.5313126
8756,47567.538000000175,33248.721000000834,0.292139,0.094602,0.31852663,0.10388159
8757,27967.538000000175,33248.721000000834,0.352171,0.805531,0.35689846,0.5865261
8758,31967.537999999247,32048.721000000834,0.29405,0.418704,0.2767493,0.47784352
8759,11167.538000000175,33448.721000000834,0.388983,0.111238,0.35846087,0.1735976
8760,19967.53800000064,33848.72100000363,0.404259,0.501324,0.39275903,0.5197765
8761,30167.538000000175,28848.721000003632,0.172947,0.420741,0.20412964,0.49733156
8762,41367.538000000175,32848.7210000027,0.349655,0.298181,0.28837496,0.17197059
8763,20167.538000001106,34448.721000001766,0.436626,0.427969,0.3660976,0.35047644
8764,36767.538000000175,33848.72100000363,0.388018,0.517022,0.36457703,0.484126
8765,27567.538000000637,32648.72100000363,0.383962,0.468522,0.3868429,0.59308165
8766,4767.538000000642,30448.7210000027,0.34814,0.292318,0.32719615,0.2415926
8767,14167.537999999711,46848.7210000027,0.067315,0.028991,0.07151157,0.015777877
8768,18367.53800000064,38448.721000000834,0.273372,0.356125,0.28334266,0.4098022
8770,34367.538000000175,36048.72100000083,0.40803,0.42095,0.39541292,0.3529525
8773,8367.538000000175,35048.721000000834,0.291006,0.072806,0.31007865,0.06540545
8774,11967.538000001106,33448.721000000834,0.37726,0.114381,0.3876276,0.1591275
8775,31167.53800000017,38648.720999999896,0.420715,0.622461,0.39626965,0.44045323
8776,35767.53799999924,33448.721000000834,0.307949,0.434675,0.34435695,0.4825288
8777,12967.537999999242,33248.721000000834,0.349203,0.130977,0.33866018,0.22810952
8778,11967.538000001108,24848.7210000027,0.261291,0.105936,0.24271758,0.08654996
8779,35367.53800000111,33248.721000000834,0.312139,0.516192,0.3357275,0.51292104
8780,29367.537999999713,30048.721000003625,0.312919,0.581933,0.3329716,0.62101203
8781,22967.538000000175,48248.721000001766,0.091956,0.298272,0.15788223,0.1967735
8782,16767.537999999244,33448.721000000834,0.362351,0.410012,0.38452828,0.24089073
8783,25567.53799999971,33048.72100000176,0.408381,0.367919,0.39506102,0.37791783
8784,20567.537999999244,39648.721000000834,0.268937,0.519429,0.2787732,0.5055529
8785,23967.53800000111,37848.7210000027,0.337343,0.039708,0.32184568,0.09344896
8786,41367.53800000018,35648.721000001766,0.462858,0.536719,0.47739533,0.47141883
8787,31767.538000000175,35848.721000000834,0.392828,0.427839,0.4057084,0.4147475
8788,23967.53800000111,35448.7210000027,0.353547,0.405235,0.35246897,0.3130266
8789,27167.538000001106,38048.721000002704,0.311386,0.225223,0.36764824,0.25411925
8790,19367.53800000064,35248.7210000027,0.360415,0.279921,0.35879138,0.3003464
8791,12167.538000000177,38648.720999999896,0.253408,0.104509,0.22903816,0.14613453
8792,30967.538000001106,39648.721000000834,0.386555,0.402684,0.38626632,0.31319642
8794,28567.538000000175,31448.721000002697,0.384829,0.45526,0.37848914,0.6444152
8795,22967.538000000175,33448.721000000834,0.444942,0.344595,0.44770318,0.39109802
8796,17567.538000000175,36248.7210000027,0.26811,0.35176,0.28482905,0.44444996
8797,23567.538000000175,28248.721000000838,0.382283,0.342445,0.35902676,0.4324347
8798,23767.53800000064,32048.721000000834,0.477054,0.426306,0.43110126,0.4861215
8799,14367.538000000175,46048.721000000834,0.05995,0.025427,0.06539106,0.017662158
8800,27767.538000001106,48448.72100000084,0.148919,0.421246,0.19155085,0.29455188
8801,24567.53799999971,47048.721000001766,0.135676,0.48051,0.13766246,0.47627783
8802,33767.538000000175,33048.72100000177,0.311959,0.562796,0.33096886,0.6096829
8803,30367.538000000637,37848.7210000027,0.448889,0.38962,0.4211984,0.3662501
8804,7767.538000000176,33648.7210000027,0.996111,0.28144,1.0092884,0.24806754
8805,18367.53800000064,38648.7209999999,0.27307,0.324621,0.28882393,0.4462485
8806,11967.538000001106,39448.72100000176,0.211553,0.081514,0.21607172,0.13037942
8807,18367.53800000064,39848.721000000834,0.238991,0.562661,0.26028496,0.47143716
8808,25967.53800000064,47648.7210000027,0.1346,0.476585,0.13561171,0.4006697
8809,24567.53799999971,28448.721000000834,0.372216,0.432615,0.36317155,0.4247781
8810,28367.537999999713,38448.721000000834,0.346956,0.484757,0.36824107,0.47190163
8812,41967.538000000175,35048.721000000834,0.470191,0.405899,0.45391107,0.40619624
8813,33367.538000000175,38048.721000002704,0.432232,0.444174,0.4251163,0.51484025
8814,34567.53800000064,38648.7209999999,0.376094,0.448783,0.37552407,0.5175645
8815,27567.538000000637,45648.7210000027,0.194226,0.381889,0.1993384,0.4499105
8816,21367.538000000175,30848.721000000838,0.459132,0.441329,0.46075675,0.46077082
8817,20167.538000001106,32448.721000002697,0.46345,0.451035,0.45176065,0.4473433
8818,21567.538000000175,29448.721000000834,0.433299,0.16216,0.42388847,0.29152343
8819,22567.538000000175,35848.721000000834,0.384148,0.474715,0.37369815,0.4559459
8820,31767.538000000175,30848.72100000083,0.252479,0.298627,0.23819216,0.36034054
8821,28367.53799999971,47048.721000001766,0.148531,0.397542,0.15799409,0.3383303
8822,7967.538000000641,32648.72100000363,0.378566,0.111069,0.41021028,0.116457246
8823,17367.537999999706,33648.7210000027,0.351971,0.389602,0.38695407,0.40277267
8824,12767.538000000175,40048.7210000027,0.215896,0.086995,0.1977767,0.068079226
8825,9367.53799999971,35648.721000001766,0.330613,0.051542,0.2806678,0.08622625
8826,32967.53800000017,31848.721000001766,0.318662,0.418779,0.299501,0.46327493
8827,23367.538000001106,36848.721000001766,0.359696,0.081612,0.32682663,0.1790394
8828,39967.538000000175,38448.72100000083,0.40418,0.415627,0.40419176,0.48124707
8830,28167.537999999244,39848.721000000834,0.34577,0.489059,0.36237222,0.52665544
8831,19567.538000001106,45248.72100000363,0.142166,0.227597,0.13535495,0.19085197
8832,13367.538000000175,33448.721000000834,0.331445,0.286754,0.3096831,0.29121572
8833,23767.53800000064,33048.721000001766,0.463013,0.362346,0.43861383,0.38153583
8834,29167.538000000175,35048.721000000834,0.414089,0.575906,0.437735,0.48682755
8835,34367.538000000175,32248.72100000083,0.304191,0.677934,0.32067183,0.46477062
8836,27967.538000000175,45448.721000002704,0.190363,0.41665,0.18170457,0.46130812
8838,11167.538000000175,34048.7210000027,0.309381,0.35293,0.34063268,0.39920527
8839,18567.538000000175,46048.721000000834,0.120269,0.0971,0.12400158,0.0962094
8840,28367.537999999713,29048.721000002697,0.284069,0.454738,0.2971545,0.4912286
8841,29367.53799999971,35248.7210000027,0.391748,0.527381,0.4083679,0.5128926
8842,18567.538000000175,38048.721000002704,0.278194,0.503205,0.29216513,0.45572042
8843,40767.53799999971,36648.7210000027,0.488878,0.411801,0.45022243,0.46634948
8844,13767.538000000175,34848.7209999999,0.341145,0.145021,0.33705148,0.18737899
8846,19167.538000000175,45848.72100000176,0.130318,0.103044,0.12513727,0.13854288
8847,6367.538000000176,31248.721000000834,0.353346,0.110907,0.3355959,0.114931844
8848,12367.538000000643,34248.7210000027,0.360993,0.316395,0.35962668,0.19634959
8849,27567.538000000644,45048.721000002704,0.143528,0.324773,0.17469686,0.37712458
8850,46767.53800000111,32848.7210000027,0.31461,0.094731,0.3204695,0.100096546
8851,24967.53799999971,30448.7210000027,0.44291,0.376576,0.40660053,0.52790105
8852,21967.538000000175,32048.721000000834,0.485034,0.450398,0.4808443,0.44337627
8853,32167.53799999971,35448.7210000027,0.374297,0.41726,0.39661095,0.4562619
8854,25167.538000000175,31848.72100000177,0.429335,0.370515,0.4406125,0.35065514
8855,30967.538000001106,32048.721000000834,0.332581,0.587211,0.31919062,0.66327494
8856,36967.53799999971,32248.721000000834,0.317997,0.654966,0.32193062,0.507659
8858,20767.53799999971,31648.7210000027,0.433846,0.497521,0.45652413,0.5132648
8859,35167.53800000064,37648.72100000363,0.436891,0.314833,0.4374963,0.28672686
8860,22967.538000000175,46648.7210000027,0.127464,0.50321,0.1420775,0.52838695
8861,26167.538000000175,33048.72100000177,0.393057,0.358526,0.38883078,0.3303688
8862,23367.538000001106,36248.7210000027,0.368658,0.290197,0.36645603,0.33435735
8863,13967.538000000177,46048.721000000834,0.035895,0.023616,0.0657382,0.03821983
8864,34767.53800000111,39648.721000000834,0.347096,0.553448,0.35973814,0.5090682
8865,21567.53800000017,31848.721000001766,0.462397,0.519336,0.47446692,0.4757166
8866,28967.538000000175,31648.721000002697,0.348874,0.422847,0.3492223,0.4811729
8867,41767.53800000063,33848.72100000363,0.434432,0.397504,0.4204163,0.30868113
8868,16567.538000000175,35648.721000001766,0.302221,0.271907,0.27970853,0.30530766
8870,25167.538000000175,47048.721000001766,0.127862,0.364015,0.148971,0.38944614
8871,21767.53799999971,32048.721000000834,0.456174,0.453228,0.4773476,0.45940053
8872,34967.538000000175,33448.721000000834,0.303449,0.438459,0.34946266,0.43592185
8873,3767.5380000006407,27848.7210000027,0.269693,0.110034,0.26607832,0.087206624
8875,30367.538000000637,35248.7210000027,0.410928,0.524903,0.41499254,0.48829943
8876,39767.53799999971,35048.721000000834,0.472078,0.413909,0.4321677,0.46243286
8877,12167.538000000177,31848.721000001766,0.364672,0.133685,0.34514615,0.13130908
8878,38767.53800000018,44848.72100000083,0.060972,0.032307,0.17836112,0.1211311
8879,27767.538000001106,39248.7210000027,0.354893,0.352484,0.34528995,0.50299466
8880,22367.538000000175,30248.7210000027,0.396638,0.439235,0.43860185,0.42866975
8881,35567.538000000175,33048.72100000177,0.333805,0.453285,0.33455464,0.5530659
8882,28767.53799999971,28248.721000000834,0.267035,0.45204,0.24292064,0.46175593
8883,15567.538000000643,36248.7210000027,0.278832,0.500672,0.28320226,0.5178514
8884,39967.538000000175,37248.721000000834,0.484173,0.488824,0.4938247,0.4487907
8885,24167.538000000175,30048.72100000363,0.409965,0.387741,0.4241045,0.40679199
8886,27167.538000001106,25648.721000000834,0.164704,0.356921,0.20322299,0.29517743
8887,21967.538000000175,33648.7210000027,0.406162,0.446682,0.3827663,0.40727612
8888,29367.537999999713,32648.72100000363,0.358805,0.349301,0.3622342,0.4672363
8889,10567.538000000175,36648.721000002704,0.273318,0.30503,0.26369545,0.29948846
8890,17767.538000000175,38448.72100000083,0.250326,0.31115,0.25805902,0.32806522
8891,19367.53800000064,34648.721000000834,0.380745,0.293962,0.3586453,0.289383
8892,8367.538000000175,32848.7210000027,0.373769,0.116026,0.4035504,0.107368104
8893,16367.538000001106,28448.721000000838,0.328675,0.131979,0.33673823,0.13935961
8895,18767.538000000175,36248.7210000027,0.361573,0.414834,0.37119746,0.44484702
8896,38567.53800000111,34648.721000000834,0.38491,0.546164,0.41528314,0.5356306
8897,33567.53800000064,38848.72100000083,0.429662,0.381374,0.4292407,0.49664792
8898,21167.53799999971,31248.721000000834,0.483738,0.48864,0.4557033,0.48028362
8899,19767.538000000175,33248.721000000834,0.365132,0.634891,0.39915973,0.50311506
8900,32767.53800000018,35048.721000000834,0.417082,0.407559,0.38693976,0.47974965
8901,10167.538000000175,33848.72100000363,0.353158,0.11778,0.3725949,0.20201167
8902,29367.537999999713,31848.72100000177,0.345358,0.44747,0.3358941,0.501815
8903,13167.53799999971,33648.7210000027,0.316951,0.263491,0.31492782,0.3031989
8904,30767.538000000644,36248.7210000027,0.447992,0.318379,0.4323435,0.36355722
8905,9567.538000000175,32048.721000000834,0.345214,0.107584,0.3676842,0.08879664
8906,26367.53800000018,34048.7210000027,0.402694,0.453707,0.3901115,0.43836492
8907,41967.538000000175,36848.721000001766,0.484318,0.421569,0.41935626,0.45325226
8908,24967.537999999706,28648.721000002697,0.321267,0.459511,0.35209057,0.4367068
8909,39367.538000000175,33248.721000000834,0.399666,0.657111,0.3833642,0.484797
8911,12167.538000000173,31648.721000002697,0.371524,0.132405,0.34625104,0.11449947
8912,42167.53800000065,36048.72100000084,0.448679,0.522441,0.42991936,0.44780052
8913,15167.53800000064,47648.7210000027,0.039361,0.010448,0.050017,0.063686036
8914,17767.538000000175,36648.7210000027,0.327019,0.469621,0.2984353,0.4474463
8915,28167.537999999244,48848.72100000269,0.16388,0.336255,0.166122,0.31943494
8916,14567.538000000639,36848.721000001766,0.282586,0.534038,0.2650697,0.5175677
8917,41767.53800000064,37448.7210000027,0.43917,0.507304,0.43820566,0.48760408
8918,22767.53800000064,31448.7210000027,0.488235,0.433371,0.49174246,0.44735184
8919,20567.537999999244,46648.7210000027,0.128918,0.174412,0.14520915,0.15650281
8920,18767.538000000175,37448.7210000027,0.314101,0.538297,0.2889146,0.49596637
8921,35567.538000000175,37248.721000000834,0.448716,0.105455,0.42872477,0.090393804
8922,43167.538000000175,34448.721000001766,0.358459,0.116293,0.3660555,0.18487261
8923,20167.538000001106,31248.721000000834,0.399449,0.346222,0.4236866,0.44701678
8924,36567.53800000017,34648.721000000834,0.375336,0.491118,0.40582547,0.44027817
8925,22767.53800000064,47248.721000000834,0.114315,0.445588,0.1337382,0.4271503
8926,12967.537999999246,34848.7209999999,0.309793,0.330964,0.32487047,0.3403864
8927,7567.538000000641,33848.72100000363,0.360365,0.121716,0.43132496,0.10440212
8928,42567.53800000017,35648.721000001766,0.425571,0.382221,0.3994847,0.3766415
8929,24367.537999999244,31048.7209999999,0.458173,0.632398,0.44884193,0.47174042
8930,20167.538000001106,31048.7209999999,0.391986,0.430664,0.39714605,0.44720697
8931,27767.538000001106,37248.721000000834,0.411526,0.396266,0.41742846,0.5006288
8932,40367.538000000175,33048.721000001766,0.359607,0.413565,0.37260047,0.43097782
8933,18167.53800000017,45048.7210000027,0.123917,0.07304,0.147534,0.059934635
8935,26367.53800000018,28448.72100000083,0.302339,0.356968,0.3029747,0.33945835
8936,22367.538000000175,37848.7210000027,0.315212,0.050064,0.3043742,0.14914332
8937,26367.538000000175,34448.721000001766,0.395069,0.474134,0.3898352,0.4274404
8938,40167.53799999971,35448.7210000027,0.477441,0.325829,0.47568232,0.36066347
8939,23367.538000001106,48648.721000000834,0.139145,0.460324,0.16520096,0.19448072
8940,21567.538000000175,29648.721000000834,0.437681,0.296002,0.43372512,0.3712324
8941,33167.53799999971,36048.721000000834,0.412491,0.321432,0.41652817,0.47489074
8942,12367.538000000639,34448.721000001766,0.353471,0.316056,0.33565995,0.23441035
8944,3367.538000000175,27648.721000002697,0.253993,0.090953,0.2541838,0.09646883
8945,39167.53800000111,32448.721000002697,0.303782,0.48082,0.31393743,0.46832132
8946,9567.538000000173,26248.721000003625,0.310098,0.135501,0.30522206,0.12198373
8947,34967.538000000175,39048.721000002704,0.36525,0.488042,0.34751278,0.51000655
8948,25967.53800000064,26648.721000002697,0.19795,0.438399,0.23286608,0.42204958
8949,4967.538000001107,28648.72100000269,0.301617,0.126552,0.32283646,0.1475906
8950,5967.53799999971,32048.721000000834,0.379261,0.299642,0.3753071,0.19435945
8951,32567.53799999971,33648.7210000027,0.370326,0.372781,0.3607118,0.4594093
8952,13167.537999999708,32848.7210000027,0.341753,0.24179,0.337153,0.23031907
8953,29167.538000000175,33248.721000000834,0.364106,0.390339,0.3697679,0.5832344
8954,7167.538000000175,33848.72100000363,0.379505,0.117324,0.39274073,0.08939379
8955,28167.537999999244,39648.721000000834,0.327587,0.523408,0.34830827,0.53846204
8956,22567.538000000175,30248.721000002693,0.396234,0.443617,0.41174504,0.39514485
8957,29967.538000000175,36448.72100000362,0.439009,0.493057,0.4223493,0.4952428
8959,13167.537999999708,34248.7210000027,0.365553,0.313646,0.34690136,0.25459504
8961,18367.53800000064,46248.7209999999,0.132998,0.091105,0.12111105,0.07668155
8962,9167.537999999244,32248.72100000083,0.390289,0.111642,0.38697276,0.10413214
8963,6767.538000000177,34048.7210000027,0.366561,0.118646,0.3566261,0.09029909
8964,39967.53800000018,40048.7210000027,0.342192,0.481508,0.34391883,0.45380685
8966,23567.538000000175,47648.7210000027,0.109027,0.365352,0.104549125,0.35262877
8967,9567.538000000175,27648.721000002697,0.319731,0.147168,0.29859662,0.13995537
8968,31767.538000000175,39048.721000002704,0.407592,0.430122,0.38433364,0.37464735
8969,27167.538000001106,30048.72100000363,0.350734,0.512814,0.37191722,0.5563801
8970,22167.538000000644,32448.721000002697,0.483506,0.423776,0.48614904,0.4702601
8971,27967.538000000175,29448.721000000834,0.348171,0.487712,0.33417198,0.5102754
8972,35567.538000000175,35848.721000000834,0.409623,0.283375,0.4143682,0.19681118
8973,43367.537999999244,35448.7210000027,0.403137,0.158944,0.39084882,0.15888
8974,33367.538000000175,32248.721000000838,0.320523,0.537618,0.32686144,0.4902583
8975,14767.538000000173,46848.72100000269,0.04453,0.022243,0.04947105,0.0065385606
8976,14967.538000000175,34448.721000001766,0.331313,0.323735,0.35312974,0.36887866
8977,23967.538000001106,30048.72100000363,0.393201,0.540273,0.41689384,0.3472807
8978,20767.537999999706,31248.721000000838,0.414657,0.492341,0.425658,0.48503813
8979,28567.538000000175,37848.7210000027,0.43397,0.426658,0.41058725,0.4699955
8980,36367.53799999971,38448.721000000834,0.386952,0.108143,0.43233353,0.08230167
8982,14367.538000000175,37248.721000000834,0.273626,0.476924,0.27452686,0.45199648
8983,17167.538000000175,35048.721000000834,0.351209,0.457947,0.32499117,0.34528872
8984,23367.538000001106,31048.7209999999,0.48929,0.423498,0.45245343,0.45675912
8985,22567.538000000175,34248.7210000027,0.422807,0.367405,0.4037588,0.29218373
8986,28567.538000000175,28448.721000000838,0.259841,0.517001,0.27039772,0.52478623
8987,26167.538000000175,26648.7210000027,0.217031,0.436866,0.21793902,0.4516868
8989,17967.537999999713,37648.72100000363,0.300127,0.370749,0.29399267,0.38835356
8991,19767.538000000175,36048.72100000083,0.333889,0.395229,0.33226168,0.4346262
8992,11567.538000000173,37248.721000000834,0.246182,0.369374,0.22071218,0.24210969
8993,9567.538000000175,26648.7210000027,0.304563,0.148464,0.30121613,0.1298452
8995,34767.53800000111,39248.7210000027,0.361139,0.455756,0.36125812,0.53373617
8996,26967.538000000637,31248.721000000838,0.402163,0.361812,0.39490855,0.55197865
8997,28567.53800000018,31248.721000000834,0.346877,0.453875,0.3719274,0.6602612
8998,43567.53799999971,33448.721000000834,0.311143,0.373597,0.29682088,0.12334182
8999,29367.53799999971,34048.7210000027,0.354957,0.641661,0.3743742,0.55099654
9000,19767.538000000175,36248.7210000027,0.328587,0.497638,0.33133787,0.47532475
9001,18767.538000000175,35848.721000000834,0.371509,0.373264,0.33760676,0.36063308
9002,26167.538000000175,31048.7209999999,0.417728,0.483947,0.44801554,0.45738456
9003,39967.53800000018,38848.721000000834,0.408032,0.345594,0.40769112,0.4578449
9004,14367.538000000173,33048.721000001766,0.327835,0.133901,0.3385248,0.20721817
9005,32367.538000000175,36848.721000001766,0.401042,0.416007,0.3948159,0.49175766
9006,20967.538000000175,39448.72100000176,0.292733,0.674969,0.32650173,0.56869835
9007,34967.538000000175,38048.721000002704,0.373563,0.412383,0.38895088,0.3948027
9008,21567.538000000175,31648.721000002697,0.473312,0.508044,0.46486288,0.478057
9009,31767.53800000018,33048.72100000177,0.35283,0.50093,0.3447326,0.5086808
9010,17967.53799999971,37848.7210000027,0.299967,0.3662,0.2970487,0.37081364
9011,23167.53800000064,31848.721000001766,0.472486,0.689903,0.4568309,0.52148
9012,26167.538000000175,32048.721000000834,0.421057,0.379943,0.4081967,0.49255762
9013,27967.538000000175,27048.721000000834,0.228195,0.160901,0.20700084,0.13687742
9014,11567.538000000175,32448.721000002697,0.352602,0.132863,0.3281248,0.18496981
9015,18567.538000000175,33048.72100000177,0.388591,0.37858,0.39998868,0.32991317
9018,6367.538000000175,34848.7209999999,0.322246,0.120383,0.31563202,0.10583142
9019,9767.53799999971,34648.721000000834,0.342363,0.085007,0.35240486,0.100701086
9020,35767.537999999244,31848.721000001766,0.31036,0.73685,0.3086563,0.6457118
9021,16367.538000001106,36648.7210000027,0.291223,0.441958,0.28884763,0.44003546
9022,46967.538000000175,33248.721000000834,0.313335,0.096058,0.30259958,0.09660827
9023,27767.538000001106,31248.721000000834,0.356919,0.61766,0.37485853,0.5966718
9024,15567.538000000643,29648.721000000834,0.356257,0.139875,0.35295206,0.10541851
9025,27767.538000001103,47848.721000003636,0.163122,0.331887,0.1629498,0.36321735
9026,22167.53800000064,35448.7210000027,0.372274,0.693446,0.4003889,0.49151078
9027,26167.538000000175,32448.721000002697,0.428538,0.333123,0.37702176,0.383216
9028,44167.538000000175,38848.721000000834,0.337126,0.113593,0.32300913,0.17077084
9029,29167.538000000175,37048.72100000083,0.440125,0.423804,0.4577084,0.5083978
9030,38567.53800000111,38648.720999999896,0.395436,0.118389,0.359423,0.16322944
9031,20767.53799999971,31448.721000002697,0.429849,0.503276,0.45129898,0.522869
9032,11567.538000000175,34448.721000001766,0.368344,0.489514,0.36558533,0.41901335
9033,28967.538000000175,33648.7210000027,0.399797,0.421607,0.39218032,0.47880572
9034,22967.538000000175,34648.721000000834,0.408166,0.274757,0.409056,0.4404899
9035,27167.538000001106,39648.721000000834,0.289415,0.520816,0.30664062,0.40797713
9036,27367.53800000018,47248.721000000834,0.105813,0.385435,0.15719648,0.45485243
9037,30967.538000001103,33848.72100000363,0.364357,0.508166,0.3339955,0.5339027
9038,30967.538000001106,37048.72100000083,0.415323,0.164101,0.44016847,0.36062428
9039,40367.538000000175,40048.7210000027,0.356162,0.55242,0.31980416,0.4696185
9041,24367.537999999244,33248.721000000834,0.445035,0.473646,0.40672615,0.39137504
9042,12167.538000000173,39648.721000000834,0.189083,0.075982,0.19845958,0.1296975
9043,14767.538000000175,34848.7209999999,0.344093,0.29732,0.35664934,0.31967953
9045,12167.538000000173,38448.72100000083,0.211438,0.102306,0.2275757,0.1569287
9047,18567.538000000175,45648.7210000027,0.132801,0.085259,0.11503868,0.054158825
9050,20967.538000000175,32048.721000000834,0.47984,0.526047,0.45433685,0.49946618
9051,44167.538000000175,38648.7209999999,0.332046,0.094961,0.3264354,0.15952818
9053,21567.538000000175,35848.721000000834,0.366345,0.77918,0.36703283,0.5322187
9054,11167.538000000175,37248.721000000834,0.217349,0.095647,0.22107369,0.30735192
9055,22367.538000000175,32448.721000002697,0.470665,0.430237,0.46317628,0.47151637
9057,26567.53800000064,32648.72100000363,0.388001,0.325259,0.39658007,0.39895248
9058,42767.53800000064,38048.7210000027,0.351835,0.185806,0.37176445,0.3133729
9059,20367.538000000175,31448.721000002697,0.461729,0.434363,0.43764088,0.47785023
9060,23367.538000001106,29648.721000000834,0.401928,0.225793,0.3916426,0.32043004
9061,14167.537999999708,40048.7210000027,0.213609,0.08176,0.21112362,0.079122536
9062,21567.53800000017,34448.721000001766,0.425967,0.524538,0.3961953,0.398093
9063,22967.538000000175,46848.72100000269,0.133313,0.544403,0.12635873,0.508282
9064,27967.538000000175,39248.7210000027,0.347778,0.577475,0.34994754,0.5259854
9065,15167.53800000064,36248.721000002704,0.250128,0.611013,0.26866877,0.5505292
9066,41567.538000000175,36448.72100000363,0.471863,0.408159,0.41688803,0.43898883
9067,27167.538000001106,30848.72100000083,0.380358,0.49039,0.37791264,0.57351136
9070,15367.538000000175,37448.7210000027,0.245259,0.428063,0.21586847,0.41925368
9071,17367.53799999971,39848.721000000834,0.229172,0.312829,0.2372253,0.39394024
9073,22367.538000000175,29248.72100000177,0.411977,0.623155,0.42454514,0.48105338
9074,9167.537999999244,28248.721000000838,0.310889,0.139893,0.30158013,0.17189914
9075,33367.538000000175,32648.72100000363,0.336918,0.632231,0.35012832,0.60680157
9076,19367.53800000064,33248.721000000834,0.403417,0.556047,0.40249366,0.46726987
9077,11767.53703573737,25648.72003950134,0.260142,0.113427,0.26472417,0.09008288
9078,29367.53799999971,36048.721000000834,0.427394,0.498401,0.41838908,0.48869124
9079,15367.538000000175,35448.7210000027,0.384738,0.581435,0.35230687,0.5496878
9080,32567.53799999971,33448.721000000834,0.327398,0.431843,0.34877267,0.47224727
9081,41167.53800000064,38248.721000001766,0.39619,0.560719,0.37519217,0.49493814
9082,25567.53799999971,32648.72100000363,0.37461,0.264518,0.38746178,0.34071442
9083,41767.53800000063,34848.7209999999,0.464364,0.43009,0.43739927,0.39087948
9084,25567.53799999971,39248.7210000027,0.237428,0.01649,0.22352165,0.06182461
9085,24367.537999999244,35248.7210000027,0.370428,0.362295,0.37278053,0.4040348
9086,21367.538000000175,34048.7210000027,0.409517,0.373554,0.40049464,0.36158338
9087,7767.538000000175,34448.721000001766,0.394271,0.109522,0.36051542,0.14119592
9088,27767.538000001106,49448.7210000027,0.214645,0.15628,0.22369903,0.26441532
9089,22167.53800000064,48248.721000001766,0.102038,0.263562,0.08541803,0.27913874
9090,25167.538000000175,35048.721000000834,0.40351,0.284179,0.4172631,0.4065977
9091,13767.538000000173,46448.721000000834,0.048606,0.014303,0.051062405,-0.003398726
9092,28567.53800000018,47048.72100000177,0.117096,0.41362,0.15150063,0.36243704
9093,28567.53800000018,31848.721000001766,0.397806,0.738697,0.3954105,0.63099897
9094,28367.53799999971,33048.721000001766,0.352635,0.60374,0.3393112,0.5737543
9095,9567.538000000175,27048.721000000834,0.316768,0.149833,0.3055557,0.13142613
9096,23167.53800000064,46848.72100000269,0.131742,0.499466,0.11554448,0.47931617
9097,22767.53800000064,31648.7210000027,0.49955,0.418707,0.4895982,0.45297733
9098,6567.5379999997085,31048.720999999903,0.344539,0.105461,0.31707257,0.11470287
9099,11567.538000000173,31448.721000002697,0.374183,0.133629,0.38397765,0.11240306
9100,25967.53800000064,28248.721000000834,0.299563,0.344396,0.2968515,0.35813487
9101,33967.538000000175,39248.7210000027,0.365776,0.492371,0.39428458,0.49192354
9102,27567.538000000637,37848.7210000027,0.388817,0.461676,0.37100065,0.5369001
9103,16567.538000000175,28848.721000003632,0.340506,0.121788,0.35033864,0.14651844
9104,31967.537999999244,36848.721000001766,0.409686,0.451281,0.4049218,0.47946328
9105,9367.53799999971,33448.721000000834,0.405672,0.296526,0.36613384,0.27247587
9106,28567.53800000018,33048.72100000177,0.354472,0.748232,0.3534416,0.599052
9107,18967.53800000064,38248.721000001766,0.280167,0.488508,0.2837394,0.49290824
9108,27967.53800000017,33848.72100000363,0.333697,0.386561,0.36846513,0.35679993
9109,9367.53799999971,33848.72100000363,0.381528,0.300778,0.3674778,0.20653623
9110,19567.538000001106,36448.72100000362,0.331829,0.49718,0.33222643,0.5026045
9111,30567.538000000175,31048.7209999999,0.314298,0.951466,0.32476026,0.76294297
9112,36367.53799999971,38848.72100000083,0.410069,0.106484,0.41922164,0.09332728
9113,22767.53800000064,46048.721000000834,0.145616,0.523616,0.13024321,0.5445681
9114,30767.538000000637,38248.721000001766,0.392617,0.357002,0.42167634,0.4064554
9115,25367.53800000017,30248.7210000027,0.415183,0.479388,0.3734247,0.5485754
9116,43567.5379999997,38848.721000000834,0.394201,0.319048,0.33916405,0.22270371
9118,30167.538000000175,30648.721000001766,0.314139,0.575976,0.31721383,0.60187805
9119,22567.538000000175,32448.721000002693,0.466729,0.474265,0.46592775,0.46543095
9120,11567.538000000175,34848.7209999999,0.336398,0.407067,0.3497602,0.4546824
9121,14567.538000000639,47048.721000001766,0.051467,0.02356,0.07251474,0.01282247
9122,41367.53800000018,33848.72100000363,0.423099,0.170847,0.42755148,0.32944584
9123,6967.538000000641,33048.72100000176,0.379564,0.096714,0.3631569,0.12017769
9124,12167.538000000173,32248.72100000083,0.342505,0.122188,0.3466072,0.16335157
9125,20967.538000000175,30248.7210000027,0.378307,0.45227,0.42108548,0.4154144
9126,29767.538000000637,37048.721000000834,0.426608,0.44456,0.4189515,0.4743199
9127,17167.538000000175,33648.7210000027,0.367631,0.32196,0.39312464,0.32567674
9128,10967.538000000175,33448.721000000834,0.369932,0.108544,0.35763437,0.19204076
9129,28167.537999999244,30448.7210000027,0.353159,0.683588,0.343242,0.56804544
9130,44167.53800000018,39848.721000000834,0.261121,0.126524,0.26959372,0.08678954
9131,32367.538000000175,35848.721000000834,0.387689,0.435791,0.39662996,0.44713
9132,11167.538000000175,35648.72100000176,0.297546,0.349799,0.25676492,0.35578027
9133,34967.538000000175,32448.721000002697,0.306254,0.601199,0.3177666,0.543563
9134,22967.538000000175,35248.7210000027,0.404461,0.359361,0.39830688,0.46182898
9135,32367.538000000175,34648.721000000834,0.389308,0.441337,0.37172362,0.4909635
9136,14767.538000000173,39648.721000000834,0.17116,0.102572,0.1745966,0.097966366
9137,33967.538000000175,33048.721000001766,0.31665,0.56153,0.32586783,0.60365325
9138,14967.538000000173,34048.7210000027,0.363609,0.303963,0.36587232,0.2895424
9139,21567.538000000175,36048.72100000083,0.371475,0.481233,0.3600224,0.5455456
9140,15367.538000000175,37048.72100000083,0.266147,0.439435,0.23467688,0.46925563
9141,27367.53800000018,39648.721000000834,0.333893,0.443206,0.3395494,0.4621936
9142,33367.538000000175,31448.721000002697,0.286848,0.578458,0.28749013,0.5081372
9143,16767.537999999244,47248.721000000834,0.078151,0.222484,0.08301775,0.1188382
9144,40967.538000000175,33848.72100000363,0.441468,0.408209,0.4507074,0.4499005
9145,32767.538000000175,37848.72100000269,0.430864,0.646298,0.41444775,0.50112516
9146,23967.538000001106,30648.721000001762,0.431428,0.471694,0.44355685,0.3698918
9147,20367.538000000175,31248.721000000834,0.429445,0.538044,0.42481548,0.5013581
9148,19567.538000001103,32448.721000002697,0.422315,0.456286,0.43459967,0.38769948
9149,20567.537999999244,37048.72100000083,0.280107,0.216777,0.27769926,0.32698417
9150,29167.538000000175,31048.7209999999,0.340798,0.51123,0.35903654,0.5707819
9151,6567.53799999971,35248.7210000027,0.328874,0.13051,0.32205328,0.14088261
9152,15967.538000000173,37248.721000000834,0.253295,0.389352,0.25275716,0.41005844
9153,25967.53800000064,32448.721000002697,0.415634,0.35483,0.38342562,0.36895135
9154,24567.53799999971,46848.72100000269,0.145286,0.465709,0.15222687,0.46337816
9155,36967.53799999971,32048.721000000834,0.325045,0.514523,0.32435238,0.50441116
9156,33367.538000000175,35648.72100000176,0.405069,0.46967,0.40359035,0.45531398
9157,13767.538000000177,26648.721000002697,0.34334,0.140096,0.29969162,0.12753138
9158,13167.537999999708,32048.721000000834,0.377001,0.105861,0.40316802,0.1145468
9159,24367.537999999244,37648.721000003636,0.33195,0.029206,0.31406534,0.092739396
9160,41167.53800000064,38448.721000000834,0.376931,0.563464,0.35376525,0.4913797
9161,35367.538000001114,32448.721000002697,0.313008,0.473475,0.32728946,0.5928264
9162,24167.538000000175,28448.721000000838,0.373423,0.38536,0.369101,0.43078485
9163,23767.53800000064,34248.7210000027,0.430521,0.430443,0.4444471,0.4423783
9164,19567.538000001103,46448.721000000834,0.123995,0.241149,0.104655236,0.16462071
9165,3567.538000000175,25848.721000000834,0.28599,0.150214,0.28837073,0.13088153
9166,19367.53800000064,39448.721000001766,0.216044,0.329697,0.26187533,0.47686294
9167,46967.538000000175,33048.72100000177,0.321181,0.09772,0.3004366,0.10862801
9168,9567.538000000173,34848.7209999999,0.287364,0.07248,0.31228465,0.071584485
9169,13767.538000000177,46648.72100000269,0.058837,0.014913,0.058710456,-0.0038015342
9171,28767.53799999971,33248.721000000834,0.352629,0.715966,0.36421207,0.57907474
9172,10567.538000000173,34848.7209999999,0.338616,0.357966,0.33835015,0.37869546
9173,30767.538000000637,39648.721000000834,0.379555,0.428958,0.39181045,0.41796973
9174,29767.53800000064,40048.7210000027,0.364559,0.378575,0.37152007,0.3974059
9175,11167.538000000175,26648.721000002697,0.288915,0.116824,0.27833596,0.124130316
9176,21567.538000000175,36248.7210000027,0.368051,0.508255,0.36413708,0.5477856
9177,37367.53800000064,35848.721000000834,0.414035,0.437676,0.39087582,0.30776066
9178,13967.538000000171,36848.721000001766,0.25595,0.509173,0.25326642,0.5128126
9179,29167.538000000175,30448.7210000027,0.358845,0.825245,0.34440836,0.6306409
9180,27367.53800000018,49248.72100000269,0.191478,0.318819,0.1938812,0.2820428
9181,13967.538000000177,34648.721000000834,0.351289,0.153521,0.33332732,0.1772575
9182,43567.53799999971,38648.7209999999,0.374067,0.180015,0.3507065,0.18866792
9183,16567.538000000175,35248.7210000027,0.287211,0.291148,0.27241296,0.26749843
9184,33967.538000000175,40048.7210000027,0.352838,0.522843,0.37882876,0.51357174
9185,4967.538000001106,31848.721000001766,0.395374,0.108091,0.36462176,0.22741048
9186,12367.538000000639,33848.72100000363,0.356765,0.304361,0.35219347,0.20956796
9187,25367.53800000017,49448.7210000027,0.132075,0.33732,0.14878814,0.30354494
9188,23367.538000001106,47048.72100000177,0.124971,0.45546,0.12263924,0.48053157
9189,22767.53800000064,35048.721000000834,0.379416,0.683492,0.3805742,0.46647123
9190,26167.538000000175,27848.7210000027,0.311714,0.479769,0.3016234,0.39774263
9192,27767.538000001106,37048.72100000083,0.388962,0.398748,0.40951362,0.504894
9193,21767.537999999706,46448.721000000834,0.096927,0.561063,0.11792974,0.52579564
9194,25167.538000000175,49048.72100000363,0.099705,0.213958,0.13241664,0.2544449
9195,13967.538000000177,47248.721000000834,0.060897,0.042616,0.09533973,0.044700313
9196,19567.538000001106,46648.7210000027,0.103191,0.128748,0.07519391,0.15732607
9197,29367.53799999971,28648.721000002697,0.22822,0.499545,0.22373226,0.61843365
9199,15967.538000000175,32648.721000003625,0.365576,0.146487,0.3699733,0.15047853
9201,16767.537999999244,31848.721000001766,0.409258,0.146087,0.44314688,0.097402476
9202,42967.53800000111,38648.720999999896,0.358817,0.18909,0.35962856,0.2600226
9203,23367.538000001106,36048.72100000083,0.364663,0.290098,0.3721258,0.30896187
9204,9767.537999999708,26248.721000003625,0.296608,0.138757,0.30119532,0.121600516
9205,33567.53800000064,34848.7209999999,0.419197,0.442375,0.394292,0.47843105
9206,19167.538000000175,33648.7210000027,0.347718,0.398619,0.3667238,0.46264184
9207,19567.538000001106,39848.721000000834,0.272549,0.563827,0.24799983,0.5221761
9210,21167.537999999713,47048.721000001766,0.094986,0.349736,0.118056595,0.37210557
9211,17167.538000000175,36648.7210000027,0.28862,0.366589,0.28385982,0.4068436
9213,42567.538000000175,35048.721000000834,0.411373,0.386484,0.42576614,0.35359988
9214,15167.538000000639,28848.721000003632,0.292834,0.148647,0.31012765,0.1380419
9217,4967.538000001107,32448.721000002697,0.357725,0.103504,0.34602982,0.22928704
9218,19567.538000001106,39448.72100000176,0.224939,0.524652,0.2785888,0.4459902
9219,27767.538000001106,38448.72100000083,0.371368,0.402528,0.37092826,0.507313
9220,20967.538000000175,30448.7210000027,0.454069,0.4484,0.44592327,0.480109
9221,19967.53800000064,32048.721000000834,0.444075,0.472175,0.46061555,0.4179187
9222,27367.538000000175,46248.72099999991,0.14954,0.384074,0.18400131,0.42498454
9223,20767.53799999971,36648.7210000027,0.317679,0.391269,0.33741993,0.4150786
9224,34167.53800000064,38448.721000000834,0.438708,0.476699,0.40250263,0.49502662
9225,19967.53800000064,46648.7210000027,0.082791,0.125085,0.09390192,0.1701628
9226,18167.538000000175,34448.721000001766,0.369981,0.325184,0.34621507,0.39387155
9227,27767.538000001103,48248.721000001766,0.145887,0.429561,0.18195729,0.3287395
9228,31167.53800000018,38848.721000000834,0.40354,0.420969,0.39262098,0.44368124
9229,25367.538000000175,28848.721000003632,0.33569,0.53118,0.35590154,0.45845094
9230,11767.538000000639,34648.721000000834,0.360092,0.512062,0.35031217,0.30138236
9231,15167.538000000639,36448.72100000362,0.268441,0.506098,0.2304815,0.5308282
9232,29567.538000000175,29048.721000002697,0.218966,0.854456,0.23789322,0.65718484
9233,21367.538000000175,46648.72100000269,0.105078,0.432828,0.08274779,0.43044546
9234,9567.538000000173,28848.721000003632,0.313195,0.123073,0.31827104,0.15375495
9235,35967.53799999971,32648.72100000363,0.334187,0.663466,0.33700135,0.55533725
9236,37967.53800000064,33448.721000000834,0.3661,0.390977,0.39123437,0.46962327
9237,27367.53800000018,31648.721000002697,0.421631,0.808894,0.3989728,0.62874824
9238,6567.537999999709,29848.721000002693,0.301246,0.142027,0.32682347,0.14034396
9239,6767.538000000177,34648.721000000834,0.372565,0.123431,0.34379894,0.08892497
9240,16167.53800000064,33048.721000001766,0.348116,0.129921,0.3826587,0.10985107
9241,36967.53799999971,34848.7209999999,0.420718,0.472825,0.4054202,0.45269936
9242,34967.53800000018,37648.721000003636,0.464051,0.293197,0.42227435,0.29531154
9245,43167.53800000017,36048.72100000083,0.419614,0.129167,0.375495,0.17879884
9246,13767.538000000177,33248.721000000834,0.26957,0.408743,0.314937,0.29961583
9247,5167.538000000176,31648.721000002697,0.366893,0.300407,0.36732113,0.23764805
9248,22567.538000000175,31648.721000002697,0.515426,0.463011,0.5209325,0.4568178
9249,27767.538000001106,27048.721000000834,0.232885,0.162111,0.20950021,0.12780914
9250,23167.53800000064,33448.721000000834,0.441848,0.355616,0.45365083,0.32050914
9251,18367.53800000064,37848.7210000027,0.285159,0.468027,0.27999178,0.43920028
9252,22567.538000000175,47048.721000001766,0.119608,0.485871,0.13539815,0.46784395
9254,35967.53799999971,39648.721000000834,0.28723,0.311462,0.29505634,0.40305874
9255,33167.53799999971,37448.7210000027,0.437481,0.489918,0.40458995,0.5424221
9256,19167.538000000175,32048.721000000834,0.394424,0.120186,0.42150745,0.15285169
9257,35167.53800000064,37248.721000000834,0.45027,0.176311,0.43705744,0.14458221
9258,37367.53800000064,34048.7210000027,0.387601,0.441908,0.40213832,0.5210721
9259,6167.538000000174,30448.7210000027,0.330349,0.123189,0.3268139,0.13609973
9260,18567.538000000175,31848.721000001766,0.392095,0.113926,0.4174554,0.12162336
9261,9967.538000000175,27248.720999999907,0.271999,0.147046,0.29118297,0.13596663
9262,15167.53800000064,47248.721000000834,0.022373,0.015716,0.04946795,0.044590104
9263,41567.538000000175,36248.7210000027,0.470858,0.407766,0.42529714,0.47439378
9264,32767.538000000175,39248.7210000027,0.371784,0.417788,0.37385783,0.4206015
9265,28167.537999999244,35848.721000000834,0.411654,0.455352,0.4083313,0.40635982
9266,27367.53800000018,30248.7210000027,0.341188,0.557038,0.37400505,0.5577508
9267,38167.53800000018,33848.72100000363,0.41155,0.425386,0.42286158,0.4991059
9268,19567.538000001106,37848.7210000027,0.324599,0.407308,0.29157245,0.5319161
9269,41167.53800000064,33048.72100000176,0.343938,0.107716,0.34416845,0.21839099
9270,27367.538000000175,47648.7210000027,0.160239,0.53653,0.15564242,0.48597166
9271,6967.538000000641,35248.7210000027,0.341455,0.125047,0.36772805,0.1449111
9272,25367.538000000175,30048.72100000363,0.403649,0.482102,0.3696566,0.5273337
9273,47767.53799999971,33848.72100000363,0.293463,0.091133,0.29145056,0.08823138
9275,35367.53800000111,39648.721000000834,0.320641,0.50431,0.3042715,0.45442036
9276,31367.53800000064,30248.721000002697,0.225568,0.470129,0.29064786,0.42619354
9277,27567.538000000637,29248.721000001766,0.343168,0.553272,0.35499498,0.539525
9278,48767.53800000065,33648.7210000027,0.262842,0.114226,0.24992685,0.11243992
9280,23767.53800000064,29048.721000002697,0.36075,0.393427,0.39142904,0.44301605
9281,22967.538000000175,28848.721000003632,0.376335,0.399672,0.37766653,0.4331172
9282,17967.53799999971,36648.7210000027,0.342523,0.467275,0.30441976,0.46137848
9283,21167.53799999971,47648.7210000027,0.113588,0.363504,0.12526816,0.37916023
9284,34367.538000000175,39648.721000000834,0.363085,0.562359,0.3699446,0.4848456
9285,39167.538000001114,37248.721000000834,0.494515,0.416302,0.46532083,0.44754484
9286,16767.537999999244,28248.721000000838,0.329208,0.129752,0.31551185,0.14295153
9287,24967.53799999971,35648.721000001766,0.37063,0.081568,0.3383433,0.21905541
9288,38767.53800000018,35448.7210000027,0.44437,0.43912,0.42935988,0.5145837
9289,20367.53800000018,36448.72100000362,0.357538,0.542127,0.34509858,0.42039502
9290,31367.53800000064,40048.7210000027,0.378921,0.16954,0.35053357,0.2616983
9291,39167.53800000111,34448.721000001766,0.4086,0.540076,0.41481438,0.48504692
9292,22167.53800000064,46848.7210000027,0.136133,0.556826,0.13890687,0.53604203
9293,21167.53799999971,39248.7210000027,0.291533,0.448469,0.29493856,0.52554536
9294,19967.53800000064,46248.7209999999,0.079804,0.126367,0.10019177,0.14020891
9295,8367.538000000175,33048.72100000177,0.365039,0.117861,0.36590466,0.13481988
9296,6367.538000000174,34648.721000000834,0.329908,0.120532,0.32121283,0.12322716
9297,42167.53800000064,33848.72100000363,0.381797,0.414191,0.38383773,0.2552684
9298,14167.537999999711,35448.7210000027,0.325995,0.4001,0.32857472,0.38684785
9299,41367.538000000175,35048.721000000834,0.464799,0.37179,0.4763823,0.4430953
9300,32367.538000000175,30848.72100000083,0.209505,0.484347,0.21330263,0.39082876
9301,5767.538000000174,31848.721000001766,0.357773,0.3016,0.3625582,0.19033544
9302,29367.53799999971,28248.721000000834,0.264376,0.406842,0.24100469,0.43640643
9303,15967.538000000173,34648.721000000834,0.309259,0.465274,0.29320842,0.52501774
9304,18367.53800000064,33648.7210000027,0.383304,0.452731,0.37031567,0.44026244
9305,14167.537999999711,34648.721000000834,0.347568,0.154857,0.36047354,0.16551544
9307,42967.53800000111,34848.7209999999,0.437486,0.329383,0.42463127,0.24690925
9308,28167.537999999244,36648.7210000027,0.385086,0.432535,0.37261248,0.40934992
9309,32567.53799999971,36048.721000000834,0.391844,0.43201,0.40425766,0.46118551
9310,33167.53799999971,30048.721000003625,0.183808,0.094089,0.25561517,0.049937773
9311,19767.538000000175,37048.72100000083,0.318988,0.515669,0.32331756,0.5025451
9312,6767.538000000175,33648.7210000027,0.355349,0.113188,0.3607491,0.11028471
9315,14567.538000000643,46448.721000000834,0.077193,0.027161,0.05826208,0.00037386065
9316,42367.5380000011,38048.721000002704,0.360739,0.356608,0.3895817,0.3877288
9317,42767.53800000064,37248.721000000834,0.404174,0.414924,0.3795009,0.39122078
9318,14367.538000000175,35848.721000000834,0.295641,0.410132,0.32015333,0.4543101
9319,30967.538000001106,37448.7210000027,0.450136,0.609108,0.43686825,0.35918012
9320,22167.53800000064,29448.721000000834,0.408808,0.39068,0.40796155,0.48082972
9321,14367.538000000175,34048.7210000027,0.33082,0.28313,0.35936832,0.28738242
9322,16167.538000000643,35448.7210000027,0.269156,0.377497,0.2787563,0.3572053
9323,30367.53800000064,31848.72100000177,0.340806,0.662576,0.35948217,0.71958077
9324,19967.53800000064,37848.7210000027,0.338487,0.646813,0.31340474,0.5407246
9325,5367.537999999245,33648.7210000027,0.279551,0.299169,0.36949027,0.2186535
9326,41567.538000000175,33848.72100000363,0.419515,0.304122,0.4304182,0.33162937
9327,22767.53800000064,34248.7210000027,0.406468,0.079893,0.41841298,0.30124375
9328,38567.53800000111,32248.72100000083,0.305156,0.485677,0.3086944,0.59223264
9329,28167.537999999244,31248.721000000834,0.358377,0.847111,0.33454627,0.7557643
9330,30167.538000000175,38248.72100000176,0.38052,0.463472,0.40267947,0.48386273
9331,40767.53799999971,37648.72100000363,0.471868,0.480008,0.4500109,0.48439854
9332,13167.537999999708,33448.721000000834,0.352551,0.133268,0.316849,0.28036854
9333,15367.538000000177,36448.72100000362,0.262346,0.520478,0.2533204,0.5317447
9334,39367.538000000175,33648.7210000027,0.414802,0.361253,0.4228183,0.43169937
9335,33767.538000000175,38248.721000001766,0.416972,0.60964,0.42546266,0.5201098
9336,20967.538000000175,38248.721000001766,0.275924,0.421073,0.27804402,0.4172489
9337,37167.538000000175,33848.72100000363,0.396037,0.423511,0.36884066,0.51889616
9338,39167.538000001114,39248.7210000027,0.356323,0.325374,0.36772317,0.30507064
9339,13967.538000000177,36048.72100000083,0.279577,0.490104,0.28016725,0.4623986
9340,21367.538000000175,38648.7209999999,0.331525,0.481726,0.2994281,0.5380424
9341,35567.538000000175,33648.7210000027,0.337321,0.468783,0.35589877,0.44124803
9342,34767.53800000111,30848.72100000083,0.218464,0.113255,0.2698783,0.41364366
9343,23567.53800000018,47048.72100000177,0.141688,0.453274,0.12363353,0.46181875
9344,17567.538000000175,36648.721000002704,0.301935,0.407534,0.29508272,0.43424386
9345,19167.538000000175,35848.721000000834,0.365445,0.304701,0.36404577,0.360909
9346,24567.53799999971,32248.721000000838,0.439704,0.579013,0.4421437,0.46807063
9347,11767.538000000639,36648.7210000027,0.270582,0.487397,0.25277105,0.46879897
9348,24567.53799999971,30848.721000000834,0.456666,0.307764,0.43565798,0.47573668
9349,33767.538000000175,38048.721000002704,0.421095,0.456841,0.4069804,0.5069627
9350,41967.53800000018,37048.72100000083,0.416164,0.464014,0.4220081,0.47247016
9351,21167.53799999971,36048.721000000834,0.382927,0.450857,0.38053834,0.527693
9352,31967.537999999244,35048.721000000834,0.406774,0.494517,0.37657303,0.46133047
9353,20767.53799999971,34848.7209999999,0.348361,0.121002,0.3787236,0.38431278
9354,18967.53800000064,39848.721000000834,0.252968,0.464991,0.23478925,0.47337085
9355,40167.53799999971,36848.721000001766,0.487151,0.507131,0.48654294,0.45673838
9356,12367.538000000643,35248.7210000027,0.292189,0.4406,0.31693858,0.3825295
9357,22167.53800000064,30648.72100000177,0.459783,0.414782,0.4734587,0.4428534
9358,23767.53800000064,29648.721000000834,0.401295,0.180529,0.3926902,0.3420063
9359,30967.538000001106,33648.7210000027,0.354926,0.568393,0.31517038,0.55329996
9360,26167.538000000175,47048.72100000177,0.114536,0.497084,0.11746797,0.49424917
9361,34367.538000000175,37048.72100000083,0.422507,0.417654,0.41732007,0.40659454
9362,18967.53800000064,34848.7209999999,0.374551,0.30903,0.395669,0.30393615
9363,28367.537999999713,47248.72100000084,0.148105,0.393286,0.15672478,0.35642534
9364,41767.53800000064,39248.7210000027,0.317995,0.545204,0.34357783,0.4712371
9365,30367.538000000637,31648.7210000027,0.343376,0.682031,0.3586791,0.74807525
9366,20767.53799999971,38448.721000000834,0.284255,0.494947,0.27966455,0.5015616
9367,31767.538000000175,38448.72100000083,0.386071,0.415325,0.375282,0.4675728
9368,22967.538000000175,29048.721000002697,0.373976,0.521734,0.38399655,0.46775037
9369,36967.53799999971,34448.721000001766,0.387537,0.458089,0.4048244,0.47341818
9370,10367.53799999971,26248.721000003625,0.272198,0.11583,0.24614966,0.11714005
9371,18167.538000000175,33848.72100000363,0.368872,0.396299,0.35101643,0.41922337
9372,47167.537999999244,34048.7210000027,0.298415,0.084787,0.28822026,0.08244579
9373,40967.538000000175,39048.721000002704,0.42938,0.46502,0.3831851,0.48958257
9374,34567.53800000064,34048.72100000269,0.346177,0.358685,0.3655644,0.37154248
9375,18967.53800000064,33448.721000000834,0.377699,0.473087,0.38954422,0.44214025
9376,21367.538000000175,32248.721000000838,0.459304,0.491234,0.46491167,0.47591627
9377,23967.538000001106,28648.72100000269,0.359974,0.424252,0.3605709,0.4445804
9378,20767.53799999971,35648.721000001766,0.383587,0.419553,0.3705188,0.52105004
9379,26367.538000000175,30048.72100000363,0.394781,0.48963,0.38824487,0.52831477
9380,40567.538000000175,33248.721000000834,0.383335,0.43202,0.40212712,0.39179456
9381,30167.538000000175,32248.721000000838,0.369486,0.641354,0.35225832,0.6360555
9382,28367.537999999713,48648.72100000083,0.162028,0.282564,0.1715951,0.3311916
9383,28367.53799999971,39448.721000001766,0.33072,0.463538,0.3517234,0.5393185
9384,23967.53800000111,35848.721000000834,0.343397,0.075854,0.39103395,0.22037627
9385,17767.538000000175,36448.72100000362,0.310834,0.461717,0.30542818,0.47519174
9386,24367.537999999244,32248.72100000083,0.443528,0.441914,0.43911955,0.46781164
9387,9967.538000000177,27648.721000002697,0.301224,0.138074,0.28705898,0.13879454
9388,12767.538000000175,31648.721000002697,0.367072,0.101456,0.39763215,0.07453864
9389,33367.538000000175,37848.72100000269,0.438218,0.673955,0.42331848,0.5306586
9390,27767.538000001106,32848.7210000027,0.366015,0.419932,0.34539685,0.53612137
9391,25767.538000000175,33648.7210000027,0.413062,0.452737,0.41694602,0.4865507
9392,18367.53800000064,36648.7210000027,0.314926,0.498966,0.31036273,0.48692006
9393,40167.53799999971,36248.721000002704,0.498402,0.398728,0.47355205,0.44678134
9394,38367.53800000063,35248.7210000027,0.420153,0.535837,0.41097894,0.5261564
9395,21167.53799999971,32848.7210000027,0.432691,0.469044,0.41453037,0.44781262
9396,13367.538000000175,36048.72100000083,0.281407,0.488068,0.2651951,0.46914
9397,21967.538000000175,46648.72100000269,0.099437,0.566707,0.11556183,0.529226
9398,28567.538000000175,28248.721000000838,0.298527,0.453451,0.25607178,0.49115252
9399,31167.53800000017,39448.72100000176,0.400998,0.292268,0.39145732,0.31616706
9400,28367.53799999971,38648.7209999999,0.328201,0.494289,0.36622918,0.4498829
9401,42367.5380000011,37848.7210000027,0.386445,0.485207,0.39091623,0.4202076
9402,39767.53799999971,38448.721000000834,0.391841,0.414728,0.39684743,0.47187275
9403,16567.538000000175,32048.721000000834,0.426423,0.146159,0.42548233,0.13022074
9404,24767.53800000017,30648.721000001762,0.457055,0.344367,0.42666408,0.51039314
9406,34167.53800000064,35248.7210000027,0.393681,0.465098,0.41391572,0.44898495
9407,11367.538000000639,36048.721000000834,0.256403,0.44805,0.27526978,0.45723757
9408,21767.537999999706,47648.7210000027,0.121437,0.450658,0.09854916,0.4273899
9409,10967.538000000173,29248.72100000177,0.310274,0.15008,0.286822,0.12264075
9410,27967.538000000175,34648.721000000834,0.328576,0.099149,0.3377518,0.110271625
9411,23767.53800000064,28848.72100000363,0.363713,0.396066,0.37541804,0.4876067
9412,7767.538000000175,34648.721000000834,0.388723,0.107396,0.40076765,0.0807605
9413,5167.538000000176,32248.72100000083,0.402709,0.297771,0.3483702,0.23951973
9414,29967.538000000175,30448.7210000027,0.311974,0.576637,0.3288559,0.58878475
9415,43367.537999999244,37048.72100000083,0.402809,0.305147,0.40174395,0.24348824
9416,15767.538000001105,29848.7210000027,0.351652,0.132211,0.33999953,0.110543676
9417,31167.53800000018,33648.7210000027,0.358942,0.525313,0.338014,0.5646581
9418,6767.538000000175,34848.7209999999,0.351445,0.123854,0.3372592,0.07945474
9419,40367.538000000175,37448.7210000027,0.47443,0.526364,0.4813743,0.4856384
9420,30967.538000001106,38048.721000002704,0.406096,0.388672,0.4339993,0.40064767
9421,34967.538000000175,36648.7210000027,0.430705,0.1927,0.4384533,0.19018987
9422,23967.53800000111,35248.7210000027,0.343403,0.43172,0.37266058,0.4453614
9423,34167.53800000064,38248.721000001766,0.426391,0.43691,0.39418796,0.49317932
9424,5567.537999999709,31248.721000000838,0.35955,0.120819,0.3761197,0.21566534
9425,39367.538000000175,38448.72100000083,0.382994,0.480203,0.39417896,0.4374186
9426,22567.538000000175,30448.7210000027,0.471886,0.435043,0.46226248,0.4266968
9427,20567.537999999244,34248.7210000027,0.414682,0.449726,0.3894578,0.4255106
9428,26567.53800000064,33448.721000000834,0.389008,0.410673,0.39097816,0.3964749
9429,23967.53800000111,47248.721000000834,0.118781,0.442704,0.15152214,0.4959664
9430,23567.538000000175,35248.7210000027,0.371905,0.387307,0.38099316,0.4494594
9432,10967.538000000173,33048.72100000177,0.351203,0.114756,0.36075515,0.17104
9433,21767.53799999971,30248.7210000027,0.395557,0.584447,0.4155157,0.45374945
9434,3567.5380000001755,27448.72100000083,0.279957,0.128124,0.27297917,0.112949975
9435,37367.53800000063,32648.72100000363,0.343932,0.427303,0.32681647,0.44593856
9436,11167.538000000175,36848.72100000177,0.237974,0.38236,0.2700351,0.3127764
9437,33967.538000000175,34648.721000000834,0.351783,0.475635,0.38703984,0.46412453
9438,22567.538000000175,35048.721000000834,0.385063,0.481113,0.37736672,0.48627797
9439,4767.538000000641,30048.72100000363,0.32102,0.251002,0.30169195,0.20392746
9440,17967.53799999971,38048.7210000027,0.26393,0.367453,0.27405322,0.34934065
9441,25367.538000000175,47848.721000003636,0.154831,0.186356,0.16242778,0.20756122
9442,24367.537999999244,29848.7210000027,0.409618,0.413851,0.4185062,0.43942636
9443,40367.538000000175,36248.7210000027,0.482123,0.436318,0.46400365,0.43354505
9444,29967.538000000175,35048.721000000834,0.430901,0.520587,0.42325267,0.5154313
9445,39367.53800000017,36848.721000001766,0.490727,0.406127,0.48132384,0.43332726
9446,36767.53800000017,32848.7210000027,0.349865,0.576482,0.3556361,0.4619073
9447,12767.538000000173,36848.721000001766,0.286791,0.442547,0.30435944,0.44716227
9448,5767.538000000175,32448.721000002697,0.381072,0.278612,0.37127388,0.25336415
9449,17167.538000000175,32448.721000002697,0.430846,0.11849,0.41524523,0.083380364
9450,20567.537999999244,35248.7210000027,0.376034,0.542803,0.3774254,0.40579346
9451,35367.538000001114,38848.721000000834,0.348414,0.394326,0.36269245,0.45767978
9452,14167.537999999711,28248.721000000834,0.271038,0.143732,0.28120396,0.14548676
9453,9567.538000000175,31248.721000000834,0.353048,0.119768,0.39375874,0.09569808
9454,32967.538000000175,32848.7210000027,0.358059,0.724884,0.35434276,0.5817893
9455,25167.538000000175,34048.7210000027,0.434998,0.687489,0.42787027,0.5082666
9456,33167.53799999971,32848.7210000027,0.362874,0.656643,0.35267806,0.60548437
9457,18367.53800000064,37048.721000000834,0.30754,0.492151,0.2940397,0.46179348
9458,40767.53799999971,38048.7210000027,0.424071,0.492811,0.40150818,0.49667558
9459,27767.538000001106,39848.721000000834,0.358507,0.546009,0.33556142,0.5084433
9460,29567.538000000175,32848.7210000027,0.369991,0.569802,0.3696868,0.51177233
9461,4767.538000000641,31048.720999999903,0.349391,0.297425,0.36329964,0.25637484
9462,33367.538000000175,39248.7210000027,0.372541,0.486601,0.38541088,0.47579125
9463,30967.538000001106,36248.7210000027,0.441931,0.335912,0.42882937,0.3270544
9464,19967.53800000064,34048.72100000269,0.391763,0.512067,0.389367,0.4938677
9465,26967.538000000637,38648.7209999999,0.321994,0.111334,0.31232595,0.16218399
9466,39367.538000000175,37448.7210000027,0.478169,0.466265,0.42997563,0.47561574
9467,29367.537999999713,33048.72100000176,0.357224,0.640555,0.37207416,0.54600835
9468,7167.538000000175,33248.721000000834,0.387884,0.101963,0.39099416,0.13917293
9469,25167.538000000175,48248.72100000177,0.150021,0.220754,0.16092287,0.15895398
9470,28967.538000000175,35248.7210000027,0.421346,0.488636,0.41756156,0.4540194
9471,26967.538000000637,37448.7210000027,0.337664,0.271573,0.3656673,0.21352369
9472,14567.53800000064,35248.7210000027,0.332712,0.367952,0.3183659,0.34314522
9473,31767.53800000018,31848.721000001766,0.280534,0.485834,0.26239768,0.46827146
9474,31367.53800000064,39048.721000002704,0.398061,0.431786,0.3963546,0.40012258
9475,28567.538000000175,46848.72100000269,0.141861,0.457836,0.1561404,0.35395467
9476,28367.537999999713,32248.721000000838,0.393166,0.430044,0.37802577,0.62262535
9477,12367.538000000639,34848.7209999999,0.338729,0.330871,0.32712117,0.28906912
9478,33967.538000000175,35448.7210000027,0.401471,0.469189,0.41799447,0.4823744
9479,6967.538000000641,34248.7210000027,0.36017,0.119932,0.36326545,0.08799305
9480,41367.538000000175,36048.72100000083,0.476745,0.390103,0.4525369,0.48289132
9481,10167.538000000173,33648.7210000027,0.36787,0.110617,0.3671594,0.17210226
9483,10967.538000000177,36248.7210000027,0.286139,0.387605,0.3027832,0.36277175
9484,32967.53800000017,37648.721000003636,0.437987,0.424932,0.40924636,0.51467633
9485,16167.538000000643,34248.7210000027,0.3229,0.450583,0.31751987,0.3962165
9486,14967.538000000175,34848.7209999999,0.337132,0.316583,0.35976782,0.405228
9487,27367.538000000175,37648.721000003636,0.413443,0.56688,0.3789881,0.49193946
9488,20767.53799999971,32248.721000000838,0.43727,0.523326,0.45081478,0.48250803
9489,31167.53800000018,36248.7210000027,0.436594,0.180482,0.42798898,0.316455
9490,18567.53800000017,40048.7210000027,0.238863,0.573475,0.25424507,0.49558717
9491,5367.537999999243,30248.7210000027,0.307537,0.123908,0.32191,0.23370598
9492,22167.53800000064,36448.72100000362,0.343964,0.278633,0.37059173,0.41446435
9493,39367.538000000175,33448.721000000834,0.409702,0.326939,0.40471193,0.44257465
9494,29767.53800000064,36448.72100000362,0.438173,0.51831,0.41701293,0.5068019
9495,27967.53800000017,28848.721000003632,0.267934,0.448125,0.28351158,0.44287863
9496,30967.538000001106,38448.72100000083,0.406779,0.368961,0.40298748,0.42164272
9497,36967.53799999971,31848.72100000177,0.298086,0.509951,0.29499295,0.51670605
9498,12167.538000000173,34048.7210000027,0.36094,0.284427,0.34727943,0.21163797
9499,20167.538000001106,30448.7210000027,0.442306,0.137049,0.3845624,0.3199979
9500,35167.53800000064,33048.721000001766,0.30937,0.455413,0.33124653,0.5728531
9501,30967.538000001106,34048.7210000027,0.37897,0.492056,0.36296493,0.50717175
9502,34567.53800000064,37848.7210000027,0.416694,0.459649,0.38164857,0.42435545
9503,28567.538000000175,33248.721000000834,0.370162,0.80772,0.36130106,0.5577466
9504,26367.53800000018,32048.721000000834,0.44282,0.464423,0.42091402,0.52274007
9505,10967.538000000175,29448.721000000834,0.300437,0.148472,0.27943668,0.11818122
9506,30367.53800000064,33848.72100000363,0.387525,0.509755,0.37520275,0.55079484
9507,24167.538000000175,32848.7210000027,0.45863,0.664831,0.4379241,0.5169008
9508,34367.538000000175,36648.7210000027,0.407468,0.330248,0.4109568,0.32830217
9509,13567.53799999971,28048.721000001766,0.319613,0.137006,0.27944463,0.13604575
9510,35567.538000000175,36248.7210000027,0.425747,0.136393,0.38017285,0.12460088
9511,10167.538000000175,32848.7210000027,0.371937,0.104837,0.35581473,0.09246626
9512,24367.537999999244,31448.721000002697,0.471344,0.48094,0.46250284,0.46015352
9513,32767.538000000175,38648.7209999999,0.397999,0.551741,0.41695675,0.464323
9514,42367.5380000011,35248.7210000027,0.41996,0.384874,0.42242354,0.3666389
9515,20567.537999999244,35648.721000001766,0.376012,0.361449,0.35790265,0.4778902
9516,47967.538000000175,36048.72100000084,0.316534,0.087122,0.30721286,0.08297943
9517,32567.53799999971,39248.7210000027,0.371788,0.384284,0.36170828,0.40635315
9518,19567.538000001106,32048.721000000834,0.432855,0.471196,0.4263678,0.33579707
9519,4967.538000001106,30648.721000001762,0.327129,0.297949,0.3422989,0.26181638
9521,38167.53800000018,36848.721000001766,0.424641,0.465287,0.38317266,0.3417459
9522,11767.538000000639,34048.72100000269,0.364786,0.300925,0.35775182,0.23877828
9523,43367.537999999244,38048.721000002704,0.372469,0.184113,0.38003623,0.22302967
9524,22967.538000000175,34848.7209999999,0.390219,0.335589,0.40299758,0.4529065
9526,34367.538000000175,30848.72100000083,0.219494,0.283539,0.2503034,0.38572472
9527,30167.538000000175,34048.7210000027,0.385387,0.606425,0.38829717,0.5759591
9528,27367.53800000018,32848.7210000027,0.383673,0.583009,0.40122342,0.53234464
9529,23567.538000000175,29048.721000002697,0.347243,0.397265,0.3933822,0.46401307
9531,30367.53800000064,28848.721000003632,0.184724,0.659155,0.22994001,0.4632116
9532,38167.538000000175,35448.7210000027,0.435852,0.548288,0.4202389,0.51775646
9533,36767.53800000017,34648.721000000834,0.378454,0.489677,0.39793542,0.46359867
9534,24767.538000000175,39048.721000002704,0.283339,0.021425,0.20854013,0.09957569
9536,35167.53800000064,35248.7210000027,0.411793,0.305623,0.4013318,0.3186569
9537,25767.538000000175,35648.72100000176,0.338938,0.402495,0.33660778,0.16257809
9538,21767.53799999971,36048.721000000834,0.359236,0.481709,0.36492607,0.5371736
9539,25367.53800000017,31648.721000002697,0.42851,0.356046,0.44245508,0.3375854
9540,21167.53799999971,31448.7210000027,0.47424,0.510635,0.45418432,0.50582695
9541,23767.53800000064,35448.7210000027,0.377815,0.410091,0.36598712,0.34029225
9542,34367.538000000175,34848.7209999999,0.41125,0.431225,0.3886651,0.41473088
9543,38567.538000001114,33648.7210000027,0.426755,0.479703,0.4159768,0.44434902
9544,20767.53799999971,33848.72100000363,0.376268,0.501141,0.40013757,0.46224645
9545,39167.53800000111,37648.721000003636,0.466909,0.483184,0.44729942,0.46948588
9546,36167.53800000017,34848.7209999999,0.407535,0.435261,0.40082708,0.41274264
9547,28967.53800000018,34848.7209999999,0.41686,0.434175,0.41779718,0.50812167
9548,33167.53799999971,36248.721000002704,0.414703,0.414174,0.4348671,0.48980343
9549,35767.53799999925,32448.721000002697,0.324847,0.675425,0.33207583,0.59876984
9550,16167.53800000064,28848.72100000363,0.327378,0.128128,0.3521793,0.14407684
9551,31967.537999999244,33648.7210000027,0.369179,0.462237,0.338496,0.5211582
9552,27767.538000001106,29048.721000002697,0.264726,0.446385,0.2902053,0.45234948
9553,5367.537999999244,33848.72100000363,0.246269,0.29718,0.3367113,0.2052901
9554,19767.538000000175,34248.7210000027,0.359865,0.427735,0.34700146,0.41293284
9555,36567.53800000018,32448.721000002693,0.321401,0.623969,0.34325475,0.50464016
9556,36967.53799999971,33048.72100000176,0.340606,0.383409,0.344509,0.48021197
9557,40167.53799999971,33448.721000000834,0.376267,0.431421,0.40171072,0.44237316
9558,42967.53800000111,36048.72100000083,0.421999,0.26426,0.37121835,0.2544204
9559,32967.53800000017,31048.7209999999,0.241339,0.47085,0.22696374,0.46515813
9560,36167.538000000175,38848.721000000834,0.365888,0.150717,0.42497095,0.10725642
9561,14367.538000000175,33248.721000000834,0.349219,0.125022,0.33684903,0.23940675
9562,27967.538000000175,28448.721000000838,0.28669,0.460749,0.2654533,0.42550242
9563,41367.53800000018,33048.72100000177,0.372495,0.108452,0.34299397,0.21448945
9564,20967.538000000175,39848.721000000834,0.289718,0.513634,0.2836943,0.52466977
9565,23967.538000001106,37648.721000003636,0.348561,0.040478,0.3288008,0.07225131
9566,28567.53800000018,49048.72100000363,0.180919,0.31268,0.14914837,0.29873917
9567,30967.538000001106,32248.72100000083,0.339984,0.6541,0.34793103,0.67235446
9568,41167.53800000064,36648.7210000027,0.458079,0.421486,0.41599393,0.468952
9569,35567.538000000175,35048.721000000834,0.419847,0.354283,0.39743662,0.37564126
9570,36567.53800000017,33248.721000000834,0.351258,0.543658,0.36541718,0.47813335
9571,26567.53800000064,27848.7210000027,0.249907,0.464131,0.30029395,0.40562153
9572,28967.538000000175,38848.721000000834,0.399808,0.436328,0.40103588,0.47907537
9573,25167.538000000175,32648.72100000363,0.415028,0.411474,0.43474534,0.49718615
9574,33367.538000000175,35848.721000000834,0.419268,0.640911,0.40253782,0.4823699
9575,5367.537999999244,33048.72100000177,0.366186,0.299792,0.3708232,0.25051174
9576,23767.53800000064,30248.721000002697,0.417137,0.187708,0.4301391,0.33394274
9577,20767.53799999971,33448.721000000834,0.415259,0.43471,0.39671746,0.47727227
9578,22367.538000000175,33848.72100000363,0.407681,0.296026,0.42347047,0.31218755
9579,13767.538000000177,37248.721000000834,0.207941,0.395414,0.22591855,0.3863516
9580,11767.538000000639,33048.721000001766,0.350904,0.299764,0.34687713,0.17458113
9581,42167.53800000064,37448.7210000027,0.39708,0.531683,0.4064472,0.486148
9583,41167.53800000064,39248.7210000027,0.305503,0.462275,0.30860978,0.41971073
9584,22567.538000000175,30048.72100000363,0.386612,0.398787,0.39645454,0.375551
9585,21167.53799999971,33248.721000000834,0.416517,0.41602,0.40982443,0.43892536
9586,30567.53800000018,33248.721000000834,0.361383,0.497559,0.37592864,0.5500242
9587,22167.53800000064,30848.721000000834,0.475552,0.415241,0.46930012,0.43777308
9588,26567.53800000064,26448.721000002697,0.233291,0.451609,0.21727867,0.42303988
9589,11367.538000000643,35048.721000000834,0.330703,0.550358,0.32117432,0.47068375
9590,6567.537999999709,33648.7210000027,0.368051,0.112235,0.358406,0.11107393
9591,38967.53800000065,39248.7210000027,0.344065,0.295322,0.3668169,0.27291915
9592,28967.538000000175,32048.721000000834,0.343229,0.413569,0.3403279,0.38325322
9593,12767.538000000175,37048.72100000083,0.241728,0.376804,0.2748196,0.42106703
9594,16367.538000001105,33048.72100000177,0.34479,0.125507,0.36541504,0.11309319
9595,8567.53800000064,31448.721000002697,0.387936,0.111101,0.36030582,0.104441814
9596,7567.538000000641,35448.7210000027,0.313143,0.104525,0.3214924,0.10702493
9597,22367.538000000175,30448.7210000027,0.467392,0.413812,0.45789084,0.43265066
9598,27367.538000000175,49648.721000001766,0.225294,0.156116,0.23275054,0.30303925
9599,13367.538000000175,29448.721000000834,0.284959,0.122765,0.2834044,0.12688935
9600,11367.53800000064,39448.72100000176,0.20027,0.06098,0.17213476,0.09714153
9601,20967.538000000175,30648.721000001762,0.474253,0.447743,0.45293185,0.48334512
9602,18567.538000000175,39048.721000002704,0.278809,0.388325,0.264937,0.43498284
9603,48967.53800000017,33848.72100000363,0.20386,0.116519,0.18828087,0.09185176
9604,6367.538000000176,29848.7210000027,0.314878,0.142804,0.32890728,0.14057912
9605,12767.538000000175,34248.7210000027,0.352535,0.316669,0.3509625,0.24120079
9606,21967.538000000175,30048.72100000363,0.398178,0.445095,0.42767164,0.4376358
9607,29967.538000000175,30848.72100000083,0.331169,0.604601,0.3489368,0.6075497
9608,31167.53800000017,38248.721000001766,0.414223,0.43527,0.42745444,0.4240757
9609,15967.538000000173,37848.7210000027,0.225415,0.088307,0.22764625,0.25599602
9610,33567.53800000064,36648.7210000027,0.421712,0.46833,0.4307198,0.49336863
9611,27167.538000001106,29648.721000000834,0.362491,0.556359,0.3706903,0.55641884
9612,37567.538000000175,33248.721000000834,0.362738,0.328839,0.3562484,0.45769608
9613,34967.53800000018,36848.721000001766,0.429714,0.187901,0.43308175,0.17834513
9614,32767.538000000175,34248.7210000027,0.382823,0.440126,0.3819205,0.44712362
9615,12967.537999999242,31648.721000002697,0.356874,0.094525,0.41485092,0.103526376
9616,12767.538000000175,36048.72100000083,0.287011,0.450504,0.2783803,0.48828837
9617,26767.538000000175,33648.7210000027,0.389217,0.63317,0.39513367,0.4683517
9618,42367.5380000011,37248.721000000834,0.394591,0.451077,0.3902337,0.47308314
9619,29167.538000000175,38248.721000001766,0.344379,0.431212,0.37111342,0.41876575
9620,15367.538000000177,29248.72100000177,0.332715,0.144124,0.33462334,0.14071892
9621,35767.53799999924,39648.721000000834,0.307224,0.456005,0.30913055,0.44127822
9622,27167.538000001106,34248.7210000027,0.375479,0.532013,0.36848816,0.3935751
9623,23567.538000000175,30848.72100000083,0.46445,0.393785,0.45375508,0.42679584
9624,27567.538000000637,49648.721000001766,0.220766,0.160388,0.18972488,0.2662986
9625,18367.53800000064,34848.7209999999,0.338722,0.370996,0.36150777,0.34827167
9626,19967.53800000064,39648.721000000834,0.246788,0.462031,0.25578457,0.47145993
9627,10767.538000000639,35248.7210000027,0.335077,0.420709,0.33050224,0.35586655
9628,22967.538000000175,33248.721000000834,0.465932,0.611665,0.45389143,0.4495517
9629,35167.53800000064,35648.721000001766,0.420983,0.262394,0.4208042,0.24151872
9630,29167.538000000175,30848.72100000083,0.334664,0.511837,0.34824714,0.5624171
9631,16167.538000000643,34048.72100000269,0.334225,0.403198,0.33160236,0.33728793
9632,12767.538000000175,36648.7210000027,0.285259,0.434516,0.2997203,0.4584082
9633,29567.53800000018,33648.7210000027,0.399345,0.438019,0.36295974,0.5468936
9634,38167.538000000175,33448.721000000834,0.367439,0.558696,0.39741018,0.4753453
9635,32967.53800000017,34848.7209999999,0.400494,0.401752,0.39494446,0.48313427
9636,26167.538000000175,30248.7210000027,0.380765,0.640824,0.4109285,0.5481298
9637,27567.538000000637,39248.7210000027,0.331424,0.418313,0.33694592,0.43068683
9638,36967.53799999971,34248.7210000027,0.390153,0.48552,0.3918291,0.50326896
9639,11767.538000000639,33248.721000000834,0.367985,0.298202,0.34147897,0.17259789
9640,21767.53799999971,39648.721000000834,0.256536,0.432951,0.23874532,0.43657708
9642,35967.53799999971,40048.7210000027,0.285611,0.384689,0.27465916,0.39154986
9645,28767.537999999706,38848.72100000083,0.371744,0.455347,0.3894544,0.4712731
9646,32567.53799999971,36248.721000002704,0.417054,0.448895,0.3971369,0.47794577
9647,31367.53800000064,34648.721000000834,0.36483,0.488551,0.36775583,0.4545981
9648,38767.53800000018,37248.721000000834,0.461337,0.391775,0.43753806,0.41851246
9649,16967.537999999713,32248.721000000838,0.43169,0.129421,0.43476355,0.09395432
9650,19767.538000000175,29048.721000002697,0.362625,0.156336,0.36064917,0.14052889
9651,5567.537999999709,30848.721000000834,0.348025,0.300378,0.35331252,0.23061226
9652,9967.538000000175,32648.72100000363,0.368596,0.107768,0.3689503,0.0878204
9653,41367.538000000175,33448.721000000834,0.382133,0.172055,0.38590008,0.28907332
9654,32767.538000000175,34448.721000001766,0.393758,0.458144,0.38478503,0.46501985
9655,23767.53800000064,30848.721000000834,0.44884,0.38724,0.45226952,0.40543878
9656,28767.537999999706,37448.7210000027,0.420299,0.409561,0.42334148,0.49409375
9657,28367.537999999713,28248.721000000838,0.303247,0.462241,0.26145384,0.4521381
9658,29567.53800000018,28648.721000002693,0.242933,0.472871,0.27197802,0.69103104
9659,17367.53799999971,37248.721000000834,0.263433,0.346605,0.3187811,0.42645735
9661,40167.53799999971,37248.721000000834,0.473032,0.491343,0.48187143,0.46358445
9662,29967.538000000175,33848.72100000363,0.362834,0.622122,0.38851365,0.57614434
9663,5167.538000000176,30448.7210000027,0.316952,0.2926,0.3267371,0.26752937
9664,22967.538000000175,37448.7210000027,0.332569,0.079303,0.30835092,0.034958977
9665,34567.53800000064,39448.721000001766,0.338162,0.512943,0.35574698,0.5038568
9666,42567.538000000175,37848.7210000027,0.381192,0.348673,0.39362174,0.38940108
9667,26167.538000000175,28448.721000000838,0.294663,0.363224,0.31396547,0.35265774
9668,8367.538000000175,33448.721000000834,0.985912,0.293854,0.97062546,0.24245313
9669,31567.538000001106,32448.721000002697,0.334172,0.53102,0.33716345,0.53754336
9670,18767.538000000175,38848.721000000834,0.297457,0.394468,0.2770312,0.4518013
9671,37367.53800000063,35648.721000001766,0.398583,0.483342,0.4044219,0.42478275
9672,13767.538000000177,36048.72100000084,0.270141,0.49892,0.27995062,0.46049982
9673,28567.538000000175,25648.721000000834,0.141484,0.41036,0.1518506,0.41414472
9674,15167.53800000064,34048.7210000027,0.335377,0.424737,0.3573877,0.38703665
9675,22367.538000000175,33248.721000000834,0.4676,0.661225,0.44336268,0.48899713
9676,30367.538000000637,35848.721000000834,0.44371,0.476431,0.41328493,0.45512667
9677,32567.537999999713,33048.72100000176,0.32938,0.512283,0.34347847,0.504767
9678,16367.538000001106,34248.7210000027,0.320725,0.369986,0.31669262,0.30496326
9679,9167.537999999244,32848.7210000027,0.38593,0.112499,0.4152404,0.11985294
9680,24167.538000000175,31648.721000002697,0.487352,0.446379,0.45946008,0.456265
9681,23967.538000001106,29248.72100000177,0.387305,0.37988,0.3673955,0.37009946
9682,28367.537999999713,37048.721000000834,0.409626,0.48407,0.4275226,0.48187715
9683,26367.53800000018,38048.721000002704,0.305872,0.028465,0.30221203,0.04727592
9684,16367.538000001106,34048.7210000027,0.347158,0.368277,0.3286176,0.2571851
9686,36367.53799999971,31648.7210000027,0.292057,0.5345,0.283458,0.57031304
9687,16567.538000000175,40048.7210000027,0.210068,0.097888,0.18494095,0.20479704
9688,10367.53799999971,29248.721000001766,0.295975,0.122862,0.28563517,0.12407992
9689,43567.53799999971,36648.7210000027,0.422625,0.116396,0.39473942,0.16873069
9690,23167.53800000064,33848.72100000363,0.361595,0.274631,0.45032263,0.3353345
9691,41167.53800000064,38648.7209999999,0.366795,0.565245,0.32972923,0.49680343
9692,37567.538000000175,34448.721000001766,0.382528,0.456703,0.42044902,0.51186997
9693,19167.538000000175,32648.721000003625,0.428102,0.316154,0.4409313,0.2822654
9694,20767.53799999971,34448.721000001766,0.398802,0.395343,0.37526083,0.367522
9695,27167.538000001106,33048.72100000177,0.395994,0.273249,0.39562955,0.5306291
9696,18767.538000000175,33248.721000000834,0.415141,0.475245,0.40674007,0.41243806
9697,16167.538000000643,33648.7210000027,0.35698,0.28715,0.3523905,0.24746078
9698,25367.538000000175,34848.7209999999,0.409695,0.287746,0.42423242,0.42475465
9699,18767.538000000175,36848.72100000177,0.352328,0.462011,0.34674123,0.49432114
9700,24167.538000000175,35248.7210000027,0.350425,0.446768,0.37439036,0.41308466
9701,38967.53800000064,32648.72100000363,0.368329,0.587546,0.3167793,0.5863727
9702,40167.53799999971,40048.7210000027,0.364179,0.576588,0.331462,0.47962686
9703,29567.538000000175,36448.72100000363,0.427713,0.509397,0.42714962,0.50854623
9704,26767.538000000175,32048.721000000834,0.394173,0.471575,0.41715437,0.5333296
9705,40567.538000000175,36448.72100000362,0.486687,0.462506,0.45364437,0.45683646
9706,21967.538000000175,35648.72100000176,0.375252,0.540787,0.39381346,0.50377756
9707,25367.53800000017,35248.7210000027,0.377921,0.418938,0.39909828,0.3739483
9708,31567.538000001106,37648.721000003636,0.44476,0.50501,0.42615518,0.46532297
9709,38367.53800000063,38048.7210000027,0.40242,0.106055,0.38612667,0.18586439
9710,43767.538000000175,37848.7210000027,0.371175,0.120751,0.35789338,0.16672628
9711,27967.53800000018,28648.72100000269,0.289775,0.461619,0.2771515,0.43412971
9712,11767.538000000639,36848.721000001766,0.274576,0.402585,0.27035955,0.43478394
9713,39567.537999999244,37448.7210000027,0.469888,0.544438,0.44612098,0.4947115
9714,16167.538000000643,36248.7210000027,0.270945,0.457407,0.29806328,0.45219353
9715,30567.53800000018,32248.72100000083,0.369909,0.644822,0.35526845,0.73749757
9716,19967.53800000064,31648.7210000027,0.439123,0.433774,0.4562763,0.44733456
9718,40167.53799999971,38848.72100000083,0.409805,0.569895,0.39895335,0.46211228
9719,19767.538000000175,36448.72100000362,0.327883,0.514591,0.32374075,0.4916768
9721,19567.538000001106,35848.721000000834,0.325582,0.315281,0.32685447,0.39756152
9722,11967.538000001106,38648.720999999896,0.228874,0.098322,0.22405067,0.1433252
9725,17367.537999999706,35048.721000000834,0.341059,0.439676,0.33383277,0.42959934
9726,10767.53800000064,26848.721000001766,0.298488,0.129655,0.30055436,0.14121622
9727,43567.5379999997,37448.7210000027,0.357514,0.130291,0.3739636,0.20763123
9728,33167.53799999971,40048.7210000027,0.361824,0.448681,0.3605743,0.46948
9730,27167.538000001106,39448.72100000176,0.274371,0.432042,0.33894,0.3826129
9731,26967.53800000064,29648.721000000834,0.356621,0.528695,0.3647277,0.5426075
9733,21167.537999999713,36448.72100000362,0.358562,0.504743,0.368005,0.50558054
9734,42367.53800000111,34448.721000001766,0.403566,0.324217,0.42246568,0.2908531
9736,12167.538000000177,36448.72100000362,0.278489,0.4345,0.25800446,0.49428254
9737,33767.538000000175,32448.721000002697,0.308342,0.518134,0.3249444,0.53162533
9738,41367.538000000175,35448.7210000027,0.467976,0.441569,0.47514036,0.4708482
9740,17367.53799999971,36648.7210000027,0.296079,0.318196,0.28777495,0.41132468
9741,16967.537999999713,32048.721000000834,0.421735,0.137999,0.4136819,0.12307533
9742,21567.538000000175,32448.721000002697,0.500426,0.472318,0.45450413,0.46276423
9743,35767.53799999924,32048.721000000834,0.323928,0.654517,0.30895546,0.64316577
9744,22167.53800000064,33048.72100000176,0.464214,0.707153,0.44785932,0.5311602
9745,12167.538000000173,35848.721000000834,0.274163,0.414912,0.2797886,0.46601224
9746,40167.53799999971,37848.7210000027,0.437039,0.450071,0.40739167,0.50801355
9747,26767.53800000018,26248.721000003625,0.228943,0.44312,0.21227318,0.38352644
9748,24567.53799999971,34048.72100000269,0.429654,0.097823,0.4337342,0.3597861
9749,28167.53799999924,35648.721000001766,0.395059,0.484569,0.39156473,0.3402359
9750,24567.537999999713,29848.721000002693,0.40402,0.410693,0.40733466,0.44474444
9751,25567.53799999971,39648.721000000834,0.230229,0.016884,0.24817687,-0.017333517
9752,11167.538000000175,34648.721000000834,0.366124,0.436439,0.33785844,0.44683266
9753,5767.538000000174,28248.721000000838,0.309685,0.283326,0.2930586,0.27570716
9755,28167.537999999244,36048.72100000083,0.395758,0.3996,0.39498356,0.40401098
9756,40567.538000000175,35848.721000000834,0.471708,0.443941,0.4870482,0.38429773
9757,24567.53799999971,38648.7209999999,0.256069,0.023227,0.25513622,0.07651987
9758,22767.53800000064,30248.7210000027,0.404984,0.419101,0.4424405,0.40200502
9759,9767.53799999971,34048.7210000027,0.380173,0.111251,0.37280184,0.12406962
9760,30167.538000000175,36448.72100000363,0.433255,0.495695,0.4250638,0.48351985
9761,13967.538000000177,35048.721000000834,0.342975,0.243832,0.35618636,0.3246124
9762,31767.538000000175,29648.721000000834,0.189483,0.379038,0.19875938,0.37707514
9763,38967.53800000064,33648.7210000027,0.438833,0.454131,0.4299499,0.44673264
9765,29167.538000000175,34448.721000001766,0.380776,0.60577,0.36517817,0.53825796
9766,28367.53799999971,33648.7210000027,0.367784,0.445708,0.37153143,0.45664433
9767,38767.538000000175,35648.721000001766,0.444718,0.40697,0.43417582,0.45867914
9768,35567.538000000175,31248.721000000834,0.234714,0.397672,0.31285524,0.48037732
9769,26967.538000000637,30648.721000001766,0.409107,0.718868,0.387883,0.53544194
9770,9567.538000000173,33048.72100000177,0.397539,0.104255,0.3939793,0.111063175
9772,19367.53800000064,36048.72100000084,0.348823,0.465219,0.35846987,0.44163245
9773,37967.53800000064,39448.72100000176,0.353938,0.120445,0.3582533,0.13749725
9774,35367.53800000111,31848.721000001766,0.305997,0.444084,0.30882868,0.590376
9775,21367.53800000017,35048.721000000834,0.374153,0.509803,0.39722514,0.5007931
9776,18767.538000000175,33848.72100000363,0.379956,0.476829,0.35979885,0.43784422
9777,16167.538000000643,28448.721000000834,0.337412,0.133894,0.341097,0.14245121
9778,41567.538000000175,34248.7210000027,0.423537,0.184525,0.42039195,0.33835292
9779,35567.538000000175,39848.721000000834,0.305544,0.415999,0.30948928,0.4378594
9780,13567.53799999971,36848.721000001766,0.271099,0.45522,0.26411825,0.48519337
9781,7167.538000000175,35048.721000000834,0.35493,0.11927,0.3652277,0.094375335
9782,21767.53799999971,31648.7210000027,0.485119,0.495224,0.47948915,0.47614345
9783,19167.538000000175,35448.7210000027,0.349833,0.289323,0.36213,0.29323488
9784,8167.538000001106,32848.7210000027,0.40037,0.113901,0.40976077,0.09647664
9785,30567.53800000018,29048.721000002697,0.199996,0.424598,0.22448163,0.4372188
9786,17167.538000000175,40048.7210000027,0.217271,0.303084,0.2168344,0.37431353
9787,29767.538000000637,32848.7210000027,0.36517,0.59704,0.3658999,0.5248401
9788,23167.53800000064,29248.721000001766,0.413676,0.593222,0.39821097,0.452119
9789,15167.538000000639,34448.721000001766,0.352552,0.505339,0.34640512,0.4905179
9790,28567.538000000175,32248.72100000083,0.383373,0.714798,0.38495696,0.58023006
9791,26167.538000000175,34648.721000000834,0.373089,0.477417,0.38490433,0.4147818
9792,27167.538000001106,33248.721000000834,0.38492,0.766003,0.38667312,0.520498
9793,33567.53800000064,39448.72100000176,0.375894,0.496003,0.3984306,0.48380744
9794,13167.537999999708,33248.721000000834,0.321028,0.262464,0.32060072,0.26437724
9795,12567.538000001106,39248.7210000027,0.197719,0.096369,0.19934013,0.12719782
9796,31367.53800000064,35848.72100000083,0.404597,0.197362,0.42485273,0.39758438
9797,23567.538000000175,31448.721000002697,0.462192,0.435216,0.45793867,0.48947734
9798,23567.538000000175,29448.721000000834,0.405737,0.157737,0.39785737,0.37655097
9799,30567.53800000018,34048.7210000027,0.361278,0.535415,0.3786666,0.5433797
9800,16367.538000001105,36848.721000001766,0.282114,0.441784,0.2884151,0.44491306
9801,44167.538000000175,38248.72100000176,0.332141,0.092739,0.34084836,0.17170882
9803,9567.538000000175,31448.721000002697,0.388283,0.113136,0.40359864,0.09762453
9804,17767.538000000175,31848.721000001766,0.421366,0.121621,0.4261864,0.10510372
9805,34967.538000000175,31448.721000002697,0.315604,0.406927,0.30187503,0.48716918
9806,15967.538000000173,36648.7210000027,0.274614,0.464425,0.27257517,0.4671051
9807,28367.53799999971,40048.7210000027,0.319105,0.487554,0.34406346,0.49534807
9808,37367.53800000064,37248.721000000834,0.423232,0.054492,0.3898188,0.07289883
9809,21967.538000000175,31048.720999999903,0.465818,0.428402,0.46780872,0.4619474
9810,30167.53800000017,40048.7210000027,0.353428,0.414774,0.374406,0.36193871
9811,30167.538000000175,32048.721000000834,0.375482,0.563471,0.35166132,0.6185915
9812,22767.53800000064,33048.72100000176,0.469254,0.389244,0.4591575,0.5021845
9813,34567.53800000064,37248.721000000834,0.447861,0.38893,0.41129547,0.34281367
9814,43967.53799999971,37648.72100000363,0.355798,0.108817,0.3437893,0.12145471
9815,40967.538000000175,39848.721000000834,0.326697,0.411328,0.30668285,0.37542874
9816,23967.53800000111,29048.721000002697,0.359584,0.415165,0.37793744,0.4157404
9817,48567.538000000175,33448.721000000834,0.23495,0.115261,0.25351602,0.114915945
9818,25967.53800000064,27848.7210000027,0.302868,0.445683,0.28032482,0.48237264
9819,4567.538000000174,29248.72100000177,0.317615,0.088405,0.2944479,0.1109479
9820,13367.538000000173,33648.7210000027,0.297493,0.304929,0.31275246,0.30458495
9821,34167.53800000064,37648.72100000363,0.428469,0.484666,0.38962057,0.4812183
9822,5167.538000000176,33448.721000000834,0.334853,0.278091,0.3437824,0.22448291
9823,15367.538000000177,39448.72100000176,0.210491,0.105857,0.18255506,0.10738877
9824,27767.538000001103,28848.721000003632,0.273854,0.488555,0.29887196,0.44213805
9825,32767.538000000175,35648.72100000176,0.391061,0.427335,0.40393564,0.42740235
9826,11367.538000000639,32848.7210000027,0.300115,0.12235,0.3454877,0.17159252
9827,38767.538000000175,34448.721000001766,0.402411,0.538173,0.41867214,0.5152503
9828,39767.53799999971,33848.72100000363,0.403168,0.291236,0.3974838,0.4345641
9829,41767.53800000063,38248.721000001766,0.392286,0.539698,0.39909017,0.47317767
9830,28167.53799999924,37648.721000003636,0.404043,0.436097,0.39625892,0.5263332
9831,34367.538000000175,33048.72100000177,0.319113,0.620802,0.3169371,0.55025613
9832,28767.53799999971,36448.72100000362,0.448316,0.425369,0.4489172,0.47250003
9833,16967.537999999713,37248.721000000834,0.265704,0.377116,0.28004918,0.34547853
9834,12967.537999999242,39848.721000000834,0.237674,0.088217,0.194953,0.06431242
9835,34367.53800000018,33648.7210000027,0.35387,0.413928,0.35677582,0.41118908
9837,11967.538000001108,33648.7210000027,0.372762,0.119992,0.37528414,0.20387696
9838,9767.537999999708,34448.721000001766,0.368337,0.09557,0.3505011,0.089049004
9839,12967.537999999242,37248.721000000834,0.276163,0.430125,0.2633521,0.39655185
9840,6167.538000000175,29248.721000001762,0.316899,0.153935,0.33388042,0.18222266
9841,41167.53800000064,34048.7210000027,0.427882,0.311272,0.4485282,0.3606027
9842,35967.53799999971,35448.7210000027,0.408684,0.258107,0.4348426,0.2929091
9843,16767.537999999244,31648.721000002697,0.41745,0.143219,0.41568083,0.13569789
9844,13367.538000000175,36648.7210000027,0.295636,0.426343,0.25594896,0.4650764
9845,11567.538000000173,31648.721000002697,0.381572,0.135387,0.37089387,0.123702906
9846,33767.538000000175,36848.721000001766,0.414137,0.408016,0.4404339,0.48022175
9847,9967.538000000177,27048.721000000834,0.287376,0.151327,0.2871221,0.13056652
9848,31767.538000000175,33448.721000000834,0.340595,0.450003,0.33492422,0.5335318
9849,39567.537999999244,32448.721000002697,0.288026,0.504701,0.30303574,0.49049816
9850,4367.538000001106,29048.721000002697,0.283559,0.095377,0.30799046,0.111545645
9851,45167.53800000018,37248.721000000834,0.36971,0.386165,0.37973246,0.36596572
9852,24767.538000000175,35248.7210000027,0.414445,0.338301,0.4000274,0.40363288
9853,37967.53800000064,35648.721000001766,0.430814,0.548721,0.4209871,0.4696824
9854,13767.538000000177,37048.72100000084,0.209228,0.395378,0.23496564,0.4499843
9855,4767.538000000641,29848.721000002693,0.307347,0.252374,0.28444508,0.1792526
9856,21167.53799999971,36248.721000002704,0.380934,0.629973,0.3863205,0.5183247
9857,10967.538000000175,31648.721000002697,0.366178,0.127989,0.4103691,0.09036421
9858,20567.537999999244,33248.721000000834,0.419804,0.431982,0.3862908,0.4767476
9859,8367.538000000175,32048.721000000834,0.397914,0.11602,0.3993168,0.09461229
9861,19967.53800000064,32848.7210000027,0.387397,0.462189,0.41520688,0.46084172
9862,37367.53800000063,31848.72100000177,0.292043,0.537077,0.31132975,0.48281938
9863,25167.538000000175,29248.721000001762,0.369844,0.4642,0.38340098,0.4466706
9864,10967.538000000175,35248.7210000027,0.330164,0.421327,0.31753618,0.36085042
9865,18367.53800000064,34048.7210000027,0.367581,0.392439,0.3412312,0.41040474
9866,23567.538000000175,32248.72100000083,0.483614,0.447665,0.46258572,0.51423484
9867,11367.538000000639,34648.721000000834,0.36314,0.489964,0.33554932,0.44231766
9868,13567.53799999971,35648.721000001766,0.318381,0.459788,0.3175832,0.47446942
9869,21167.537999999713,32648.72100000363,0.429212,0.516234,0.42253122,0.45210055
9870,39367.538000000175,32248.72100000083,0.298906,0.430907,0.2859589,0.4624649
9871,16167.538000000643,35248.7210000027,0.268097,0.460442,0.28997338,0.43706146
9872,30767.538000000637,38648.7209999999,0.38494,0.416547,0.40248224,0.44475484
9873,25567.53799999971,34048.7210000027,0.400535,0.675607,0.42271495,0.5146098
9874,26167.538000000175,31248.721000000834,0.411045,0.412603,0.43875012,0.44470158
9875,31767.538000000175,31648.721000002697,0.291676,0.48433,0.27913865,0.44948968
9876,26767.53800000018,32648.721000003625,0.385106,0.431645,0.4043306,0.45273066
9877,31367.53800000064,36648.7210000027,0.431641,0.174836,0.44815257,0.38605076
9878,33567.53800000064,37848.7210000027,0.444029,0.458276,0.41993022,0.52955073
9879,19567.538000001106,31848.721000001766,0.433531,0.434595,0.42805523,0.30285206
9880,24767.53800000017,33848.72100000363,0.439152,0.38264,0.43422633,0.4516886
9881,31567.538000001106,32648.721000003625,0.341565,0.529585,0.34358108,0.53540885
9882,31167.538000000175,36048.72100000083,0.414816,0.180283,0.43355116,0.3361379
9883,7167.538000000175,35248.7210000027,0.347173,0.12452,0.34325883,0.14995708
9884,34167.53800000064,36848.721000001766,0.395423,0.459277,0.4339036,0.42696372
9885,18967.53800000064,34648.721000000834,0.390563,0.309822,0.37614655,0.37998462
9886,43167.538000000175,36448.72100000362,0.449332,0.306611,0.40199956,0.19443057
9887,4367.5380000011055,30648.721000001762,0.310428,0.082473,0.32462877,0.16463923
9888,37967.53800000064,33648.7210000027,0.405753,0.387312,0.40856886,0.5044601
9889,34967.538000000175,36048.72100000083,0.388315,0.27189,0.4127589,0.2602539
9890,23967.538000001106,28848.721000003632,0.361479,0.413425,0.38054124,0.4720416
9891,26367.53800000018,26048.721000002697,0.236399,0.453255,0.22183734,0.4486451
9892,29367.53799999971,30848.721000000834,0.332533,0.521742,0.35050377,0.56066424
9893,27367.53800000018,29048.721000002697,0.299227,0.52334,0.34129882,0.4846462
9894,40767.53799999971,34648.721000000834,0.440604,0.539254,0.43744773,0.48892057
9895,26367.53800000018,31448.721000002697,0.441852,0.400264,0.42374212,0.47211793
9896,13767.538000000175,30048.72100000363,0.252716,0.107088,0.2904905,0.1191474
9897,34967.53800000018,35648.721000001766,0.40142,0.270144,0.42178407,0.28243485
9898,8367.538000000175,34648.721000000834,0.343074,0.086846,0.3897489,0.07355379
9899,38367.53800000063,32848.7210000027,0.34916,0.516066,0.3453472,0.5330528
9900,14767.538000000175,28048.721000001766,0.31412,0.146366,0.3029338,0.118348144
9901,15967.538000000177,33648.7210000027,0.344997,0.306344,0.36398122,0.35960352
9902,23567.53800000018,33848.72100000363,0.434742,0.249076,0.432954,0.32538688
9903,5967.53799999971,31648.7210000027,0.362305,0.124537,0.37265375,0.12037743
9904,17967.537999999713,34848.7209999999,0.328897,0.389842,0.34837532,0.3748735
9905,6567.53799999971,35848.721000000834,0.281724,0.135721,0.2743984,0.20082739
9906,13367.538000000175,36448.72100000362,0.290341,0.495493,0.2692152,0.46908233
9908,17167.53800000017,36848.721000001766,0.299245,0.417123,0.28149188,0.3995358
9910,22767.53800000064,34648.721000000834,0.413628,0.456056,0.39788637,0.371746
9911,40967.538000000175,35848.721000000834,0.496367,0.384264,0.48193783,0.4053754
9912,16367.538000001105,28848.721000003632,0.33016,0.124497,0.3585364,0.16071779
9913,39567.53799999924,34848.7209999999,0.460249,0.53674,0.42516616,0.45738146
9914,29367.53799999971,29048.7210000027,0.22593,0.676592,0.24406089,0.696143
9915,20367.538000000175,38048.721000002704,0.299282,0.464104,0.3122733,0.52149886
9916,34367.538000000175,31648.721000002697,0.316502,0.150082,0.3196323,0.44086435
9917,41767.53800000063,36848.721000001766,0.463697,0.411738,0.42788714,0.45724213
9918,36167.538000000175,32448.721000002697,0.318078,0.659744,0.340448,0.55406034
9919,32167.53799999971,36848.721000001766,0.388911,0.465709,0.39091015,0.4907924
9920,38767.538000000175,40048.7210000027,0.35481,0.278815,0.31355107,0.2173753
9921,28167.537999999244,40048.7210000027,0.347928,0.55445,0.3263414,0.51489466
9922,25967.53800000064,34648.721000000834,0.376139,0.382858,0.38542035,0.4181385
9923,18367.53800000064,31448.7210000027,0.424261,0.117876,0.43734604,0.11447083
9924,15967.538000000173,28448.721000000838,0.34051,0.136617,0.33720228,0.14956343
9925,8967.538000000173,35248.7210000027,0.304735,0.0574,0.23128927,0.07893159
9926,36967.53799999971,37848.7210000027,0.410574,0.0632,0.3869673,0.07586365
9927,32167.53799999971,39248.7210000027,0.381421,0.34902,0.37657788,0.3596987
9928,23367.538000001106,32248.72100000083,0.47894,0.399613,0.4563046,0.49812928
9929,5167.538000000174,29848.7210000027,0.2919,0.301227,0.30162892,0.19146188
9930,7367.538000000175,35448.7210000027,0.337855,0.280205,0.3409224,0.15984778
9931,27567.538000000637,30448.7210000027,0.381468,0.423882,0.3635074,0.52891403
9932,26767.538000000175,28248.721000000838,0.300884,0.271958,0.29235962,0.35055286
9933,39367.53800000017,35648.721000001766,0.465829,0.535156,0.40015242,0.39443925
9934,19767.538000000175,29248.72100000177,0.384076,0.156226,0.36603805,0.1449544
9935,18567.538000000175,37848.7210000027,0.307485,0.493988,0.29792207,0.45764938
9936,11567.538000000175,33848.72100000363,0.331692,0.299956,0.3682036,0.254105
9937,27767.538000001106,31648.721000002697,0.390673,0.46829,0.3775982,0.6034634
9938,22367.538000000175,31048.7209999999,0.470855,0.462703,0.4927198,0.41649324
9939,37367.53800000063,34448.721000001766,0.405294,0.458532,0.41235146,0.5025689
9940,15167.538000000639,29248.721000001766,0.340743,0.144392,0.30824712,0.14281136
9941,34567.53800000064,32848.7210000027,0.303643,0.59716,0.31849033,0.53312725
9942,18567.538000000175,37648.721000003636,0.298284,0.483842,0.29443738,0.46563023
9943,39767.53799999971,35848.72100000083,0.474468,0.281596,0.44685018,0.4327485
9944,18767.538000000175,40048.7210000027,0.254527,0.493965,0.23928995,0.49368757
9945,24767.53800000017,29248.72100000177,0.360065,0.42246,0.35801476,0.40992093
9946,8967.538000000175,33848.72100000363,0.362861,0.301109,0.3750452,0.22566767
9947,13167.53799999971,36448.72100000363,0.28751,0.479527,0.2723569,0.47152346
9948,28767.53799999971,28848.721000003632,0.215113,0.588928,0.28731233,0.54505223
9949,37967.53800000064,32848.7210000027,0.361537,0.392179,0.34590128,0.47147164
9950,35567.538000000175,34048.7210000027,0.345936,0.417909,0.36112118,0.41587284
9951,28967.53800000018,38248.72100000176,0.387406,0.39222,0.37470412,0.41013604
9952,9367.53799999971,31648.7210000027,0.398712,0.107829,0.40135765,0.10852129
9953,3767.5380000006407,26248.721000003625,0.276621,0.148816,0.28032917,0.13359487
9954,17767.538000000175,33648.7210000027,0.362088,0.42354,0.36943465,0.40171364
9955,18367.53800000064,34448.721000001766,0.367001,0.319843,0.3593167,0.38368985
9956,18567.538000000175,37248.721000000834,0.291415,0.441351,0.27998012,0.46162358
9957,34167.53800000064,35048.721000000834,0.391894,0.461404,0.4000412,0.44298464
9958,13767.538000000175,31848.72100000177,0.329195,0.097301,0.39120987,0.13308556
9959,33967.538000000175,31448.721000002697,0.294083,0.417216,0.3062078,0.47366273
9960,10767.53800000064,36248.721000002704,0.305926,0.361923,0.28379616,0.35846907
9961,31367.538000000637,33048.721000001766,0.35409,0.540879,0.35869193,0.5667112
9962,23567.53800000018,30048.72100000363,0.430214,0.326621,0.44637886,0.33388847
9964,17367.53799999971,32048.721000000834,0.433494,0.130108,0.42665437,0.13211414
9965,4367.538000001106,30448.7210000027,0.30485,0.268612,0.31721085,0.16117746
9966,25967.53800000064,31248.721000000834,0.423107,0.45917,0.44178993,0.43634507
9967,37567.53800000018,33648.7210000027,0.385491,0.428986,0.38320363,0.5082564
9968,16967.537999999713,36648.7210000027,0.293376,0.440769,0.28696388,0.41335624
9969,27367.53800000018,25848.721000000834,0.213592,0.286569,0.19759849,0.30309352
9970,29567.538000000175,39648.721000000834,0.351016,0.554491,0.3467866,0.46118173
9971,6567.53799999971,31448.7210000027,0.324624,0.097652,0.31608284,0.11610197
9972,18567.538000000175,32648.721000003625,0.405273,0.093052,0.43026352,0.09450378
9973,19167.538000000175,36048.72100000083,0.347293,0.355731,0.3686638,0.44943488
9974,26167.538000000175,34448.721000001766,0.392532,0.420238,0.39736453,0.4389411
9975,5567.537999999709,31648.7210000027,0.379446,0.301752,0.3859157,0.22102843
9976,38167.538000000175,34248.7210000027,0.412633,0.520973,0.4175939,0.50884557
9977,46567.53800000064,38648.7209999999,0.320355,0.109765,0.2982944,0.097532384
9978,15167.53800000064,35448.7210000027,0.409033,0.540389,0.36140206,0.53100866
9979,41967.538000000175,38648.720999999896,0.397837,0.482773,0.37866816,0.44141674
9980,16167.53800000064,33848.72100000363,0.338208,0.359614,0.31984764,0.33151758
9981,33167.53799999971,36648.7210000027,0.415866,0.633511,0.43420225,0.5150385
9982,27767.538000001106,29648.721000000834,0.340707,0.566443,0.35287935,0.5588966
9983,23367.538000001106,31448.721000002697,0.467879,0.417886,0.43641177,0.4922633
9984,28167.537999999244,31448.721000002697,0.381078,0.451527,0.3751379,0.4599126
9985,28167.537999999244,38048.721000002704,0.390842,0.467145,0.3618501,0.4867258
9986,28167.537999999244,37048.72100000083,0.424389,0.62353,0.39769793,0.46774438
9987,24567.53799999971,34648.721000000834,0.428887,0.446684,0.41149122,0.37033615
9988,12767.538000000175,35448.7210000027,0.311892,0.47087,0.2932113,0.46439847
9989,44167.53800000018,38048.721000002704,0.335028,0.101309,0.34790388,0.11945943
9990,17167.53800000017,34448.721000001766,0.344538,0.103212,0.33512405,0.29097706
9991,29767.538000000637,29048.7210000027,0.221691,0.566494,0.25820583,0.6319689
9992,23167.53800000064,36448.72100000363,0.368394,0.549526,0.34873852,0.31949258
9993,23567.53800000018,28848.721000003632,0.357864,0.712967,0.38327622,0.48778683
9994,16967.537999999713,33448.721000000834,0.390974,0.366588,0.3868334,0.3057038
9995,31767.53800000018,38648.720999999896,0.377523,0.42193,0.36587188,0.44147667
9996,40567.538000000175,39848.721000000834,0.349527,0.464176,0.31395778,0.44260687
9997,16967.53799999971,32648.72100000363,0.395435,0.126622,0.39446804,0.13875295
9998,27967.53800000017,38648.720999999896,0.351661,0.477388,0.3565926,0.46065888
9999,27367.53800000018,29648.721000000834,0.359642,0.615287,0.36816412,0.5752154
10000,38767.538000000175,38248.721000001766,0.417553,0.118845,0.39131147,0.2876954
10001,7967.53800000064,33648.7210000027,0.990127,0.28364,1.0144693,0.2475764
10002,28967.53800000018,29248.721000001762,0.295488,0.678234,0.2859558,0.65203345
10003,26767.538000000175,34048.7210000027,0.386845,0.388878,0.3846574,0.46557635
10004,32767.538000000175,34648.721000000834,0.375089,0.438174,0.3874457,0.4902315
10005,35367.53800000111,34648.721000000834,0.339334,0.345614,0.3630283,0.3893593
10006,11367.53800000064,34848.7209999999,0.32531,0.551372,0.3174488,0.45370167
10008,18367.53800000064,40048.7210000027,0.237523,0.57652,0.26899308,0.49927428
10009,40567.538000000175,34048.7210000027,0.436602,0.393436,0.44095114,0.46522617
10010,23567.538000000175,36048.72100000083,0.383047,0.289095,0.38024783,0.29138562
10011,32967.538000000175,38448.72100000083,0.426552,0.343562,0.42655373,0.48759788
10012,36567.53800000017,34248.7210000027,0.390151,0.568359,0.38007435,0.44077194
10013,21567.53800000017,31048.7209999999,0.426615,0.36924,0.45193562,0.44506225
10014,15167.538000000639,30048.721000003625,0.321294,0.122624,0.33516613,0.10966731
10015,19167.538000000175,37048.72100000083,0.316238,0.514851,0.34199506,0.5215109
10016,42367.5380000011,35848.721000000834,0.40892,0.388285,0.3843194,0.38442788
10017,33967.538000000175,35648.72100000176,0.403684,0.473452,0.39565235,0.4827226
10018,39567.537999999244,38448.72100000083,0.388175,0.469454,0.398614,0.4607796
10019,42367.53800000111,37448.7210000027,0.38872,0.529252,0.3871655,0.4658104
10020,25567.53799999971,36048.721000000834,0.362921,0.042051,0.31909806,0.09852379
10022,15367.538000000177,32648.721000003625,0.326871,0.159838,0.352056,0.1970716
10023,28967.538000000175,29448.721000000834,0.300329,0.656961,0.28108943,0.6520194
10024,5767.538000000174,31448.721000002697,0.361717,0.129374,0.37127557,0.16157512
10025,41167.53800000064,39648.721000000834,0.32247,0.421634,0.32921612,0.4372746
10026,22567.538000000175,30848.721000000838,0.470424,0.438265,0.49403965,0.42131263
10027,9567.538000000173,32648.721000003625,0.392714,0.108623,0.36717734,0.11643646
10028,30167.538000000175,35848.721000000834,0.423846,0.509778,0.41028416,0.48209834
10029,41767.53800000064,36248.721000002704,0.470791,0.412777,0.43099415,0.4707419
10030,29967.538000000175,38848.721000000834,0.392267,0.410713,0.37182534,0.5229433
10031,19567.538000001106,35248.7210000027,0.359931,0.269739,0.3635269,0.30488938
10032,20967.538000000175,37848.7210000027,0.294789,0.380699,0.28294796,0.4153054
10033,31167.538000000175,34648.721000000834,0.335448,0.430788,0.370398,0.4519484
10034,28967.538000000175,48848.7210000027,0.114348,0.072343,0.13158494,0.1550079
10035,15567.53800000064,34848.7209999999,0.308055,0.540942,0.30847135,0.52351016
10036,6167.538000000175,35048.721000000834,0.33506,0.116072,0.30285376,0.11782973
10037,29367.53799999971,30448.7210000027,0.376822,0.554087,0.35627198,0.6165131
10038,35167.53800000064,39248.7210000027,0.343601,0.471735,0.3501499,0.51067096
10039,36167.53800000017,35648.721000001766,0.403988,0.225286,0.4294917,0.27695283
10040,15967.538000000173,37048.72100000083,0.266019,0.40229,0.26810557,0.4356204
10042,33367.538000000175,38848.721000000834,0.434276,0.599384,0.42517012,0.49276242
10043,28967.53800000018,25448.721000001766,0.152126,0.41295,0.15746418,0.47837672
10044,18167.538000000175,36648.721000002704,0.321833,0.498065,0.3095577,0.468819
10045,27567.538000000637,34848.7209999999,0.35822,0.070918,0.33846718,0.12976052
10048,30967.538000001106,37848.7210000027,0.43366,0.420494,0.4349976,0.37634084
10049,27567.538000000644,33648.7210000027,0.377267,0.410261,0.36045456,0.5081019
10050,15367.538000000175,39648.721000000834,0.186363,0.11022,0.17898582,0.1176919
10051,18567.538000000175,39248.7210000027,0.280882,0.417262,0.24056679,0.39774173
10052,33567.53800000064,40048.7210000027,0.362024,0.493998,0.38703194,0.51272804
10053,15967.538000000177,36248.7210000027,0.265255,0.372884,0.27119902,0.44188073
10054,33767.538000000175,34848.7209999999,0.403524,0.455756,0.38528553,0.46353996
10055,33367.538000000175,39048.721000002704,0.411895,0.474539,0.40659618,0.48133934
10056,13567.53799999971,33048.72100000176,0.336762,0.302253,0.31990963,0.26008332
10057,8167.538000001106,33448.721000000834,1.0,0.283223,0.98963916,0.24226162
10058,29967.538000000175,32248.72100000083,0.35487,0.584368,0.3515063,0.60366154
10059,29567.53800000018,40048.7210000027,0.357176,0.395402,0.3343218,0.42109784
10060,5967.53799999971,34648.721000000834,0.339048,0.113274,0.31073254,0.10920637
10061,27567.538000000637,33048.721000001766,0.39342,0.442358,0.3838548,0.5969014
10063,14967.538000000175,33848.72100000363,0.355254,0.306266,0.37256572,0.24623302
10064,6167.538000000175,28648.721000002693,0.326514,0.290581,0.3196994,0.24472018
10065,12167.538000000173,34648.721000000834,0.391135,0.314424,0.3512275,0.26838717
10066,35967.53799999971,33248.721000000834,0.322343,0.556443,0.34228078,0.5070071
10067,35367.53800000111,34048.7210000027,0.353452,0.376689,0.36198866,0.38848907
10068,41567.538000000175,38448.72100000084,0.375052,0.511914,0.3716168,0.47599494
10069,40367.538000000175,35648.72100000176,0.488552,0.343408,0.49880767,0.3823487
10070,23367.538000001106,38048.721000002704,0.298197,0.050691,0.3123498,-0.009529093
10071,31367.53800000064,35048.721000000834,0.413447,0.485716,0.38317817,0.43179578
10072,40567.538000000175,38048.721000002704,0.405106,0.459371,0.3963029,0.5091956
10073,4767.538000000641,28648.721000002693,0.311405,0.120829,0.3224736,0.13474174
10074,8167.538000001106,31848.721000001766,0.407899,0.118859,0.38390204,0.09727993
10075,31767.538000000175,39848.721000000834,0.385774,0.191924,0.37443066,0.2619887
10077,4567.538000000176,31248.721000000834,0.335623,0.108401,0.35044798,0.24199107
10078,17567.538000000175,35648.72100000176,0.307252,0.465281,0.30781862,0.47931433
10079,6767.538000000177,36048.72100000084,0.254035,0.129155,0.26878232,0.21013837
10080,36167.538000000175,35248.7210000027,0.416244,0.404168,0.43057984,0.39149842
10081,17567.538000000175,37448.7210000027,0.25598,0.392296,0.27518967,0.39251906
10083,46767.538000001114,32648.721000003625,0.317021,0.091066,0.30087367,0.11041515
10084,26967.53800000064,29448.72100000083,0.35842,0.533904,0.36244163,0.5359755
10085,34367.538000000175,34048.7210000027,0.334577,0.467988,0.36814213,0.41163078
10086,19967.53800000064,34248.7210000027,0.441768,0.510196,0.3647074,0.4082486
10087,11367.538000000639,35848.721000000834,0.263985,0.430135,0.26284274,0.43364102
10088,40567.538000000175,33848.72100000363,0.42843,0.410263,0.4304404,0.45062408
10089,18767.538000000175,34248.7210000027,0.371543,0.339796,0.3707232,0.42993605
10090,35967.53799999971,33448.721000000834,0.319522,0.426437,0.34867078,0.47798544
10091,26767.538000000175,27448.721000000834,0.300463,0.43665,0.3384483,0.49649668
10092,29567.538000000175,38048.721000002704,0.327696,0.405591,0.376512,0.4064538
10093,39367.538000000175,36248.7210000027,0.485333,0.409285,0.49107492,0.40164068
10094,41567.538000000175,37648.72100000362,0.439707,0.512146,0.42905295,0.49668851
10095,22967.538000000175,31448.721000002697,0.479772,0.434956,0.4814243,0.4754743
10096,40367.538000000175,39848.721000000834,0.340828,0.451457,0.3240543,0.44829902
10097,23767.53800000064,35848.72100000083,0.379259,0.290505,0.37556,0.3047816
10098,18567.53800000017,35048.721000000834,0.362818,0.316486,0.3594155,0.3254619
10099,25967.53800000064,28448.721000000834,0.301665,0.310367,0.31537482,0.4144887
10100,24567.53799999971,32848.7210000027,0.419467,0.743876,0.4303273,0.5683204
10101,39167.538000001114,38048.721000002704,0.398249,0.459437,0.42475647,0.4391188
10102,9167.537999999244,31048.7209999999,0.357895,0.113889,0.36469775,0.12241053
10103,34567.53800000064,35648.721000001766,0.400919,0.387898,0.40381396,0.3381002
10104,27567.538000000637,49048.72100000363,0.171124,0.43964,0.20690641,0.28254536
10105,25167.538000000175,32048.721000000834,0.437409,0.336159,0.4413563,0.36709344
10106,29367.537999999713,31048.720999999903,0.341358,0.532452,0.35507584,0.5695511
10107,38167.538000000175,33648.7210000027,0.417709,0.424299,0.42539507,0.5078705
10108,39567.537999999244,33648.7210000027,0.398721,0.306461,0.4067624,0.429879
10109,30167.538000000175,36848.72100000177,0.439583,0.499069,0.43824524,0.4631354
10110,26967.538000000637,38848.721000000834,0.322224,0.086091,0.27847955,0.13877586
10111,43367.537999999244,36048.72100000083,0.383634,0.128059,0.3700721,0.14734176
10112,38367.53800000064,39448.721000001766,0.372542,0.133198,0.3795174,0.15217003
10113,23967.538000001106,35648.721000001766,0.352574,0.422538,0.3710649,0.3033561
10114,20767.53799999971,33048.721000001766,0.404198,0.482019,0.39257124,0.4582246
10115,24767.53800000017,31848.721000001766,0.452649,0.359267,0.45293525,0.40860838
10116,34567.53800000064,36648.7210000027,0.421466,0.191831,0.4240073,0.24747694
10117,37567.538000000175,32048.721000000834,0.325744,0.425592,0.32039806,0.50224257
10118,36567.53800000017,36048.72100000084,0.423397,0.091743,0.438017,0.20045218
10119,27567.538000000637,37648.72100000363,0.378137,0.611103,0.37405825,0.54360414
10120,5967.537999999709,29848.721000002693,0.304323,0.143341,0.31916946,0.15139002
10121,32767.538000000175,31048.720999999903,0.241769,0.624152,0.24715391,0.5226085
10122,31367.53800000064,37848.7210000027,0.444467,0.472417,0.43038502,0.40933543
10123,36167.538000000175,32248.72100000083,0.324071,0.513648,0.32041678,0.6011679
10124,27767.538000001106,34048.7210000027,0.334301,0.299643,0.33737424,0.24525487
10125,6767.538000000175,33048.721000001766,0.389002,0.101112,0.36506215,0.10243779
10126,29767.538000000637,39048.7210000027,0.394434,0.628715,0.35866174,0.5200159
10127,9767.537999999708,33848.72100000363,0.379173,0.120006,0.3740787,0.12428335
10129,32767.538000000175,32848.7210000027,0.337063,0.616285,0.35124886,0.5553962
10130,11167.538000000175,33248.721000000834,0.35421,0.111701,0.34504697,0.17872372
10131,9967.538000000175,32448.721000002693,0.369834,0.10933,0.3547813,0.088957064
10132,29567.538000000175,30448.7210000027,0.348733,0.574222,0.3360014,0.57082707
10133,6767.538000000177,33448.721000000834,0.379898,0.107761,0.34152973,0.119606726
10134,6167.538000000175,33848.72100000363,0.352226,0.11299,0.35627806,0.14121073
10135,28367.537999999713,39248.7210000027,0.33609,0.485136,0.35899553,0.53354377
10136,45167.538000000175,37448.7210000027,0.377189,0.397192,0.38163838,0.38168156
10137,20367.538000000175,34048.7210000027,0.395265,0.49686,0.3977689,0.45749488
10138,29767.53800000064,29848.721000002693,0.323405,0.611879,0.2906037,0.5868795
10139,27167.538000001106,27648.721000002697,0.290773,0.425067,0.32288808,0.44695383
10140,31167.538000000175,30448.7210000027,0.260132,0.439081,0.27128822,0.42218435
10141,19567.538000001106,33248.721000000834,0.379378,0.523193,0.41975972,0.48986703
10142,5567.537999999709,33648.7210000027,0.278865,0.299322,0.34866813,0.20954643
10143,39967.538000000175,33248.721000000834,0.390195,0.583471,0.3998682,0.44677955
10144,4367.538000001106,30848.72100000083,0.328417,0.082334,0.32846117,0.19351277
10145,36567.53800000018,37448.7210000027,0.419063,0.074302,0.38103026,0.08122929
10146,12567.538000001106,33648.7210000027,0.356318,0.260004,0.3670147,0.19181447
10147,17167.538000000175,31648.721000002697,0.41997,0.13268,0.41839626,0.12633005
10148,25967.53800000064,33848.72100000363,0.392192,0.441822,0.40396798,0.45807374
10149,17367.53799999971,38448.721000000834,0.245032,0.252796,0.23282973,0.25430325
10150,28367.53799999971,38848.721000000834,0.357539,0.476804,0.37133136,0.4847395
10151,34767.53800000111,35248.7210000027,0.414111,0.368529,0.39625916,0.34680387
10152,25967.53800000064,27648.7210000027,0.297443,0.494014,0.2783119,0.5072132
10153,21167.53799999971,33648.7210000027,0.407884,0.44605,0.41469243,0.44108748
10154,22767.53800000064,29648.721000000834,0.38038,0.37483,0.39430308,0.34074798
10155,11367.538000000639,34248.7210000027,0.385225,0.464791,0.34811357,0.42046124
10156,13367.538000000173,37448.7210000027,0.261337,0.39448,0.24847807,0.3453068
10157,11567.538000000175,32648.721000003625,0.323186,0.128657,0.3390145,0.17594278
10159,11767.538000000639,33448.721000000834,0.376239,0.113679,0.37680957,0.14312765
10160,42567.538000000175,36048.72100000083,0.426044,0.432563,0.4296065,0.41255307
10161,41567.538000000175,35048.721000000834,0.45714,0.432773,0.46581483,0.454264
10162,9367.53799999971,34048.72100000269,0.392969,0.107527,0.3636688,0.1450879
10163,7967.538000000641,34448.721000001766,0.389736,0.107325,0.4531263,0.03559028
10164,25367.538000000175,29248.72100000177,0.38635,0.488799,0.3612271,0.44062975
10165,39767.53799999971,33248.721000000834,0.389712,0.333298,0.40279427,0.46027473
10166,20767.53799999971,32848.7210000027,0.399797,0.4674,0.39044502,0.45671636
10167,7767.538000000175,34248.7210000027,0.393419,0.113651,0.39280012,0.1707444
10168,37367.53800000064,32048.721000000834,0.325245,0.474604,0.33703163,0.49652234
10169,14767.538000000173,34248.7210000027,0.339894,0.318569,0.35208154,0.27046388
10170,27767.538000001103,34848.7209999999,0.3513,0.077309,0.3341922,0.106094725
10171,43567.53799999971,35648.721000001766,0.402305,0.163724,0.4087328,0.12950663
10172,10367.53799999971,24648.721000000834,0.241552,0.09867,0.27858007,0.117422216
10173,33767.538000000175,33848.72100000363,0.346365,0.463063,0.373026,0.5024866
10174,7167.538000000175,35648.721000001766,0.316552,0.121227,0.3444906,0.16154428
10175,24167.538000000175,33448.721000000834,0.449429,0.103884,0.41521654,0.2744174
10176,12167.538000000173,36048.72100000083,0.295493,0.429738,0.2710354,0.48846048
10177,34767.53800000111,31648.721000002697,0.312821,0.393728,0.31452796,0.4654579
10178,27967.53800000017,37648.721000003636,0.371567,0.714853,0.3932368,0.54532176
10179,30167.538000000175,31648.721000002697,0.332425,0.792933,0.33648524,0.71974325
10180,38567.53800000111,38048.721000002704,0.427008,0.113191,0.40069753,0.2784426
10181,13167.53799999971,28848.72100000363,0.279805,0.129279,0.28307045,0.11959229
10182,26567.53800000064,28848.721000003632,0.313161,0.455095,0.33722478,0.44039953
10183,31367.538000000637,38248.721000001766,0.404797,0.435346,0.4271054,0.44089517
10184,16567.538000000175,35448.7210000027,0.295282,0.283233,0.26907295,0.25138378
10185,13167.53799999971,33048.721000001766,0.327075,0.261923,0.3144947,0.2750562
10186,22767.53800000064,30048.721000003625,0.393647,0.357253,0.39756197,0.34564018
10187,38767.538000000175,33848.72100000363,0.45659,0.470785,0.4045872,0.44117734
10188,31167.538000000175,36648.7210000027,0.444967,0.17489,0.43473577,0.35191798
10189,23567.538000000175,35048.721000000834,0.383267,0.411973,0.38525796,0.46992797
10190,22167.53800000064,31848.72100000177,0.494115,0.464569,0.4750703,0.47124988
10191,41767.53800000064,37248.721000000834,0.432449,0.500478,0.44205627,0.47251362
10192,7167.538000000175,33448.721000000834,0.401821,0.10495,0.40375006,0.10422891
10193,19767.538000000175,38848.721000000834,0.260428,0.307484,0.23766841,0.20230952
10194,31367.538000000637,29248.721000001766,0.199423,0.42266,0.18840137,0.37527242
10195,8967.538000000175,33048.72100000177,0.404776,0.113908,0.39645654,0.12668833
10196,37367.53800000064,38048.7210000027,0.349994,0.057628,0.38283074,0.072452925
10197,21167.53799999971,39848.721000000834,0.286526,0.496253,0.29886946,0.52747494
10198,31367.538000000637,33848.72100000363,0.35804,0.629678,0.35351336,0.55126524
10199,20367.538000000175,39248.7210000027,0.271172,0.586199,0.28171852,0.45571387
10200,31167.53800000018,31248.721000000834,0.243254,0.530681,0.29948816,0.5344157
10201,27367.538000000175,34848.7209999999,0.336278,0.073315,0.33781305,0.12983695
10202,6767.538000000175,30648.721000001766,0.34608,0.118432,0.32512105,0.11078238
10203,27167.538000001106,49248.72100000269,0.190329,0.299774,0.19886634,0.29229298
10204,47567.538000000175,35848.721000000834,0.357581,0.084586,0.3044497,0.08191901
10205,42167.53800000064,35048.721000000834,0.428678,0.382011,0.4232713,0.37108648
10206,40367.538000000175,35248.7210000027,0.476803,0.426961,0.4852302,0.39770594
10207,12367.538000000643,32248.721000000838,0.346904,0.119106,0.34084362,0.14694181
10208,23567.538000000175,32448.721000002697,0.481908,0.44988,0.4604031,0.4951287
10209,28567.53800000018,25048.721000003632,0.158396,0.44943,0.13339137,0.4259206
10210,31567.538000001103,39048.721000002704,0.399502,0.418224,0.3755051,0.37761408
10211,42967.53800000111,37448.7210000027,0.370956,0.432655,0.37880668,0.41421562
10212,32167.53799999971,39048.721000002704,0.390815,0.353509,0.38556007,0.37625828
10214,24167.538000000175,35848.721000000834,0.334778,0.077884,0.3619789,0.24778296
10215,15967.538000000177,28648.72100000269,0.342515,0.134263,0.3462752,0.14699537
10216,33967.538000000175,32248.721000000838,0.319811,0.409858,0.3293474,0.4740697
10218,21967.538000000175,31448.721000002697,0.478888,0.458629,0.46325016,0.4688053
10219,12567.538000001108,33048.72100000177,0.359749,0.122658,0.37905148,0.15883267
10220,4367.538000001106,28448.721000000838,0.324938,0.127385,0.32185742,0.121434845
10221,39967.538000000175,36648.7210000027,0.491762,0.515278,0.50142634,0.46196902
10222,12567.538000001106,35848.721000000834,0.273221,0.44384,0.28986824,0.47730798
10223,12167.538000000173,32848.7210000027,0.370835,0.280913,0.370543,0.17508551
10224,33767.538000000175,35448.7210000027,0.401153,0.465418,0.4150136,0.48410338
10226,30767.538000000644,33648.7210000027,0.371687,0.563359,0.33330658,0.5467718
10227,14167.537999999711,33448.721000000834,0.265672,0.299574,0.3274641,0.26912808
10228,30567.538000000175,36248.7210000027,0.431553,0.341295,0.4375756,0.38645878
10229,10967.538000000173,34448.721000001766,0.361403,0.43656,0.34854987,0.41700166
10230,28567.538000000175,25848.721000000834,0.156059,0.412065,0.15702455,0.44048017
10231,29167.538000000175,35848.721000000834,0.421397,0.474071,0.42427093,0.47870597
10232,35967.53799999971,34648.721000000834,0.349341,0.452849,0.38140565,0.40824068
10233,3367.5380000001755,26048.721000002697,0.285408,0.14641,0.2874499,0.12989026
10234,14367.538000000175,40048.7210000027,0.223522,0.089401,0.22776255,0.08850827
10235,28167.537999999244,35448.7210000027,0.391772,0.288307,0.41672504,0.37197292
10236,28367.537999999713,25848.721000000834,0.153623,0.371164,0.14258082,0.30271888
10237,6367.538000000174,30848.72100000083,0.324316,0.112916,0.33510762,0.124298684
10238,18567.538000000175,35848.721000000834,0.32584,0.425563,0.33809918,0.39417705
10239,44767.538000000175,35648.72100000176,0.41115,0.337752,0.36609486,0.27994758
10240,24567.53799999971,33048.721000001766,0.420404,0.47587,0.41868418,0.5890685
10241,23367.538000001106,32048.721000000834,0.47455,0.410882,0.46562618,0.5096365
10242,36367.53799999971,33448.721000000834,0.328897,0.576382,0.35779333,0.47400168
10243,36967.53799999971,37648.72100000363,0.396655,0.060782,0.38942587,0.07621836
10244,15567.538000000643,39648.721000000834,0.180475,0.10911,0.16494316,0.12932585
10245,26967.53800000064,30248.721000002697,0.354064,0.467911,0.37825757,0.5418295
10246,23367.538000001106,30848.72100000083,0.465426,0.415418,0.44800302,0.43010342
10247,21567.538000000175,31248.721000000834,0.459162,0.445262,0.46515217,0.4578535
10248,44167.538000000175,40048.7210000027,0.268347,0.123805,0.29040068,0.1518087
10249,33567.53800000064,32648.72100000363,0.334999,0.68213,0.33939245,0.60250527
10250,26167.538000000175,34248.7210000027,0.394282,0.43941,0.40210754,0.44879287
10251,31167.538000000175,29448.721000000834,0.205091,0.442243,0.22589555,0.427985
10252,42167.53800000064,36848.721000001766,0.42754,0.420739,0.43152738,0.47524714
10253,33367.538000000175,34248.7210000027,0.367294,0.437379,0.38927782,0.46192387
10254,39967.538000000175,34648.721000000834,0.418048,0.434254,0.42351425,0.45889735
10255,21167.53799999971,30848.721000000834,0.468339,0.446785,0.45832372,0.45827904
10256,24967.53799999971,34448.721000001766,0.425232,0.364088,0.42660466,0.43104526
10257,37567.53800000018,32448.721000002697,0.32217,0.607457,0.31508538,0.48993063
10258,18967.53800000064,35448.7210000027,0.347147,0.302334,0.36412397,0.30839133
10259,8167.538000001106,33848.72100000363,0.970143,0.125124,0.9996471,0.24318524
10260,31167.538000000175,29648.721000000834,0.2144,0.446829,0.21953623,0.42766565
10261,28167.53799999924,28848.721000003632,0.268633,0.461249,0.2812983,0.46294072
10264,29367.53799999971,38848.72100000083,0.375642,0.465572,0.37690777,0.467108
10265,17167.53800000017,32648.721000003625,0.373438,0.115093,0.40382135,0.13253751
10266,27167.538000001106,30248.7210000027,0.341958,0.521311,0.3764415,0.54899603
10267,39567.537999999244,33448.721000000834,0.390469,0.331378,0.40500164,0.4470677
10268,12367.538000000643,35848.72100000083,0.264309,0.440778,0.28069532,0.46168157
10269,16567.538000000175,37048.72100000083,0.2555,0.446726,0.2771359,0.39926308
10270,34567.53800000064,38448.721000000834,0.371358,0.465056,0.38682258,0.4874652
10271,37767.538000000175,35648.72100000176,0.430119,0.51577,0.41515195,0.45990586
10272,35767.537999999244,37648.721000003636,0.407816,0.107475,0.42276764,0.0917161
10273,17167.538000000175,35448.7210000027,0.297555,0.542334,0.3207702,0.46767035
10274,4167.538000000641,28648.721000002693,0.29866,0.113605,0.31885383,0.12606306
10275,42367.53800000111,33848.72100000363,0.371237,0.304262,0.36947343,0.27729878
10276,9967.538000000177,33248.721000000834,0.374901,0.102646,0.40873888,0.1045311
10277,33967.538000000175,36248.7210000027,0.405485,0.468462,0.40522686,0.44354376
10278,12767.538000000173,34848.7209999999,0.328801,0.33453,0.33657727,0.32455164
10279,8567.53800000064,35248.7210000027,0.280426,0.064936,0.30538264,0.05419432
10280,40767.53799999971,35648.721000001766,0.487653,0.395649,0.47155207,0.37714362
10281,23767.53800000064,34648.721000000834,0.43491,0.648579,0.40928707,0.46867844
10282,32567.53799999971,33248.721000000834,0.329577,0.469572,0.34805712,0.47212473
10283,14367.538000000175,30248.721000002693,0.272994,0.116364,0.29111275,0.11911846
10284,37767.53800000018,35248.7210000027,0.437333,0.519706,0.41138327,0.50274855
10285,40567.538000000175,36048.72100000083,0.463001,0.432446,0.46615535,0.3827571
10286,25567.53799999971,30848.721000000834,0.410129,0.560158,0.4370567,0.5416069
10289,25567.53799999971,26648.721000002697,0.216572,0.373939,0.24484733,0.45332274
10290,32967.53800000017,36848.721000001766,0.40551,0.617877,0.4219835,0.50017744
10291,33567.53800000064,33448.721000000834,0.309345,0.510475,0.3464298,0.5412361
10292,30367.538000000637,37048.721000000834,0.435867,0.401689,0.44392663,0.38873845
10293,13367.538000000175,34848.7209999999,0.33786,0.314869,0.34515575,0.27244237
10294,32767.538000000175,37048.72100000084,0.412952,0.621413,0.40474468,0.500233
10295,40367.538000000175,36648.721000002704,0.47575,0.450374,0.49053532,0.47375867
10296,12367.538000000639,38648.7209999999,0.217392,0.102509,0.21907887,0.14842223
10297,22767.53800000064,30448.7210000027,0.469278,0.44014,0.46933973,0.41400746
10298,14767.538000000173,32848.7210000027,0.360356,0.150909,0.34606445,0.17320526
10299,38967.53800000064,39448.721000001766,0.389583,0.293325,0.36825627,0.28000343
10300,28167.537999999244,38448.72100000083,0.340663,0.541686,0.35348836,0.4912932
10301,38567.53800000111,37248.721000000834,0.434707,0.590205,0.42049906,0.3967025
10302,9967.538000000177,34048.7210000027,0.38008,0.109741,0.3643576,0.13495979
10303,11967.538000001106,35848.721000000834,0.280033,0.41482,0.26947927,0.4482083
10304,5167.538000000175,33048.72100000177,0.355105,0.298685,0.36593702,0.25075933
10305,9567.538000000175,32448.721000002697,0.375288,0.110331,0.36308137,0.107584186
10306,31767.53800000018,34448.721000001766,0.385322,0.614058,0.3707424,0.4899391
10307,10967.538000000175,34048.7210000027,0.295727,0.358701,0.3589776,0.35053873
10308,6767.538000000175,33848.72100000363,0.370651,0.114034,0.3575709,0.10253217
10309,39767.53799999971,35648.721000001766,0.473365,0.338731,0.44368088,0.39590058
10310,23767.53800000064,29448.72100000083,0.393096,0.186795,0.37731293,0.35400516
10311,16767.537999999244,36848.721000001766,0.299285,0.472262,0.27780572,0.41732937
10312,30967.538000001103,38648.720999999896,0.392839,0.441084,0.38538647,0.43444967
10313,30167.538000000175,37648.72100000362,0.448393,0.382195,0.44950464,0.40330908
10314,22767.53800000064,29448.721000000834,0.407264,0.359404,0.3988297,0.42950994
10316,14967.538000000173,35448.7210000027,0.368302,0.499244,0.34816033,0.48772526
10317,14567.53800000064,34648.721000000834,0.365517,0.30082,0.3518448,0.24790458
10318,30167.538000000175,38048.721000002704,0.388538,0.439325,0.4096816,0.44044438
10319,33367.538000000175,33248.721000000834,0.31824,0.485566,0.34904623,0.57456094
10320,38367.53800000064,35648.721000001766,0.423373,0.479515,0.40731904,0.4830232
10321,37367.53800000064,33648.7210000027,0.387008,0.373197,0.3780008,0.49473926
10322,33567.53800000064,31448.7210000027,0.312502,0.538561,0.29490837,0.49306044
10323,22167.53800000064,33848.72100000363,0.385988,0.090798,0.4024592,0.30007228
10324,35767.537999999244,39448.72100000176,0.284885,0.279654,0.28003767,0.43071663
10325,21367.53800000017,36248.7210000027,0.384339,0.652058,0.37126148,0.54305327
10326,38367.53800000064,36848.721000001766,0.449707,0.575286,0.3916425,0.40651482
10328,33167.53799999971,37048.721000000834,0.414156,0.520331,0.41826218,0.51552343
10329,6567.5379999997085,36448.72100000362,0.282717,0.120937,0.26110983,0.19708613
10330,12367.538000000639,35648.721000001766,0.302786,0.4364,0.30432954,0.4308572
10331,9967.538000000175,35648.72100000176,0.325989,0.060793,0.26975834,0.16027777
10332,29967.538000000175,37048.72100000083,0.420857,0.445907,0.43076104,0.45522982
10333,25167.538000000175,31248.72100000083,0.451415,0.482436,0.43958858,0.4623616
10334,34167.53800000064,39648.721000000834,0.381792,0.533137,0.37719753,0.49562708
10335,14767.538000000173,35248.7210000027,0.339093,0.475801,0.36552814,0.45256552
10336,8767.538000001106,34248.7210000027,0.344311,0.29465,0.33511963,0.23192039
10337,36167.53800000017,34448.721000001766,0.342924,0.589982,0.39252335,0.4144639
10338,25167.538000000175,31648.721000002697,0.438225,0.371201,0.44657868,0.3694202
10339,6767.538000000177,35248.7210000027,0.327434,0.130202,0.33570316,0.14069724
10340,24567.53799999971,29248.721000001766,0.378955,0.420652,0.37295088,0.40121514
10341,9967.538000000175,33648.7210000027,0.356529,0.109256,0.3776982,0.13491866
10342,17567.538000000175,35048.721000000834,0.34044,0.709921,0.3464655,0.4586736
10343,28167.537999999244,35048.721000000834,0.395386,0.121827,0.36365587,0.17188355
10344,7967.538000000641,34248.7210000027,0.382231,0.112035,0.43670654,0.0686562
10345,17967.53799999971,34048.7210000027,0.35231,0.337407,0.3492365,0.35895884
10346,36967.53799999971,35248.7210000027,0.41979,0.430756,0.4147605,0.43218845
10347,19967.53800000064,37248.721000000834,0.301259,0.440305,0.31679082,0.5225012
10348,40567.538000000175,34248.7210000027,0.420541,0.350616,0.45917836,0.4621476
10349,8167.538000001106,34648.721000000834,0.380268,0.094045,0.118567035,0.24517651
10350,29967.538000000175,40048.7210000027,0.359985,0.378023,0.38578835,0.3633225
10351,31167.538000000175,35448.7210000027,0.41282,0.555043,0.41388014,0.43942362
10352,33967.538000000175,32048.721000000834,0.302639,0.541478,0.31495014,0.47541782
10353,31567.538000001103,38048.721000002704,0.395572,0.43702,0.43327957,0.44220692
10354,8767.538000001108,33648.7210000027,0.399238,0.282038,0.379264,0.25895998
10355,13367.538000000175,37848.7210000027,0.240317,0.122096,0.19987984,0.21763957
10356,34167.53800000064,39048.7210000027,0.431707,0.446652,0.3710662,0.4877916
10357,24567.537999999713,33648.7210000027,0.425682,0.46985,0.43090734,0.4688839
10359,32367.538000000175,37448.7210000027,0.40856,0.445346,0.40227288,0.4782599
10360,20167.538000001106,33648.7210000027,0.392048,0.51298,0.39443383,0.5056267
10362,44767.538000000175,35248.7210000027,0.397329,0.340348,0.3748613,0.27553773
10363,37767.53800000018,32248.721000000838,0.319643,0.465612,0.30133733,0.53165483
10364,3167.5380000006407,25848.721000000834,0.27983,0.143277,0.28016162,0.12747517
10365,35767.53799999924,31648.721000002697,0.295991,0.487863,0.30659017,0.63988096
10366,25567.53799999971,31848.72100000177,0.431071,0.365599,0.41279772,0.33634576
10367,20367.538000000175,40048.7210000027,0.27632,0.496196,0.26148883,0.5180558
10368,20167.538000001106,29048.721000002697,0.370998,0.154901,0.3675677,0.1479562
10369,9367.53799999971,31448.721000002697,0.406563,0.107947,0.3927704,0.0906701
10370,32367.538000000175,38648.720999999896,0.380534,0.471903,0.39620778,0.43029013
10371,20567.537999999244,37448.7210000027,0.295119,0.366171,0.29036987,0.40045416
10372,27567.538000000637,39848.721000000834,0.328864,0.44536,0.33333597,0.49566975
10373,18767.538000000175,35248.7210000027,0.371251,0.300866,0.36148962,0.29152367
10374,13767.538000000175,34448.721000001766,0.349243,0.143197,0.3318228,0.1824672
10375,34567.53800000064,32048.721000000834,0.308465,0.373032,0.31084573,0.46307746
10376,7367.538000000175,29648.721000000834,0.311115,0.138909,0.3071657,0.12334498
10377,27767.538000001106,34648.721000000834,0.324988,0.080753,0.33196315,0.1217167
10378,39567.53799999924,33048.72100000177,0.388429,0.421504,0.36450762,0.50378215
10379,6367.538000000174,34248.7210000027,0.345945,0.118688,0.34273705,0.11293427
10380,6167.538000000175,30648.721000001766,0.341845,0.123023,0.33027205,0.1332019
10381,17567.538000000175,34848.7209999999,0.332515,0.415562,0.34143773,0.40616864
10383,5167.538000000175,29248.72100000177,0.308778,0.148666,0.31758466,0.12686214
10384,36167.538000000175,35848.721000000834,0.395445,0.272776,0.42300212,0.24358943
10385,15767.538000001106,34848.7209999999,0.310903,0.510113,0.3016962,0.5182625
10387,22967.538000000175,35448.7210000027,0.395266,0.54334,0.40791976,0.46412498
10388,19167.538000000175,32448.721000002697,0.458421,0.313317,0.43826905,0.3225641
10389,14967.538000000173,34648.721000000834,0.3565,0.306514,0.3666195,0.41024017
10390,16567.538000000175,35848.721000000834,0.283268,0.430271,0.29485288,0.40735397
10391,11167.538000000175,38048.721000002704,0.207808,0.065841,0.17943817,0.109454446
10392,13967.538000000177,37048.72100000083,0.249461,0.47268,0.24145384,0.47003537
10393,16767.537999999244,34448.721000001766,0.310223,0.095546,0.27044958,0.18097124
10394,32767.538000000175,31448.721000002697,0.309782,0.435901,0.27293798,0.5138891
10395,18367.53800000064,36848.721000001766,0.319682,0.491793,0.31465492,0.49226537
10396,35367.53800000111,36448.72100000362,0.408345,0.14283,0.4155566,0.14413305
10397,17367.53799999971,36848.721000001766,0.295083,0.443507,0.2953,0.4045542
10398,47167.537999999244,34648.721000000834,0.32452,0.071864,0.28897622,0.09564646
10399,24967.53799999971,33048.72100000176,0.447125,0.686085,0.449665,0.5855041
10400,11567.538000000175,36848.721000001766,0.228728,0.469043,0.28849295,0.4056356
10402,14967.538000000175,28848.721000003632,0.294834,0.149723,0.30575988,0.13679872
10403,42367.5380000011,37048.72100000083,0.387188,0.475792,0.40429747,0.46467444
10404,12367.538000000643,32848.7210000027,0.391147,0.281435,0.3856407,0.1473634
10405,24767.538000000175,29048.721000002697,0.334269,0.371061,0.3431901,0.38071784
10406,25967.53800000064,31448.7210000027,0.439056,0.379866,0.43609327,0.43560869
10407,40367.538000000175,34448.721000001766,0.421518,0.53425,0.4394989,0.47454944
10408,17967.537999999713,39448.72100000176,0.223411,0.424267,0.27684733,0.44728664
10409,12967.537999999246,36248.7210000027,0.287463,0.463932,0.26814026,0.47800696
10410,25367.53800000017,32248.72100000083,0.438155,0.409034,0.40674257,0.36892182
10411,16167.53800000064,32648.72100000363,0.361234,0.140335,0.38402438,0.120967455
10412,13767.538000000173,40048.7210000027,0.210162,0.07058,0.20077772,0.058639158
10413,37767.53800000018,33448.721000000834,0.368734,0.334821,0.37201568,0.46488982
10414,12967.537999999242,36648.7210000027,0.292396,0.434076,0.29241392,0.4592789
10415,15967.538000000173,35448.7210000027,0.278588,0.67453,0.2951066,0.5289841
10416,12967.537999999246,33648.7210000027,0.322671,0.263331,0.33755037,0.24525101
10417,34167.53800000064,31048.720999999903,0.235108,0.563334,0.26652738,0.507386
10418,27167.538000001103,37448.7210000027,0.365649,0.40054,0.38326007,0.2252173
10419,23967.538000001106,36448.72100000362,0.34615,0.070535,0.3244542,0.13498127
10420,9967.538000000177,35248.7210000027,0.339323,0.07641,0.33126682,0.19726938
10421,33567.53800000064,39248.7210000027,0.375065,0.496522,0.40125048,0.48436254
10422,15567.53800000064,28848.72100000363,0.33617,0.14382,0.3424974,0.14284521
10423,23367.538000001106,33448.721000000834,0.43587,0.277106,0.44354495,0.2772975
10424,35967.53799999971,35048.721000000834,0.423234,0.360163,0.40263182,0.38436896
10425,28567.538000000175,30248.7210000027,0.327325,0.725137,0.3267414,0.6504621
10426,36967.53799999971,37048.721000000834,0.411861,0.059275,0.3908052,0.079450004
10427,27967.538000000175,35448.7210000027,0.374391,0.406941,0.38722548,0.26984844
10428,29567.538000000175,30648.721000001766,0.349156,0.56414,0.35539946,0.5985209
10429,34567.53800000064,33448.721000000834,0.295569,0.440522,0.34032804,0.45281652
10430,29967.538000000175,36648.7210000027,0.425432,0.501567,0.43174034,0.4919176
10431,12967.537999999246,36848.721000001766,0.295687,0.436591,0.2890907,0.4604668
10432,28567.53800000018,40048.7210000027,0.328753,0.472404,0.3548851,0.47138783
10433,37367.53800000064,36248.721000002704,0.435024,0.198964,0.32751644,0.11495631
10434,24167.538000000175,34248.7210000027,0.430267,0.458841,0.4226974,0.37853423
10435,4767.538000000642,27648.721000002693,0.293061,0.112763,0.28873724,0.10126635
10436,32767.538000000175,34848.7209999999,0.410881,0.422604,0.38624787,0.48420206
10437,37167.538000000175,35448.7210000027,0.409109,0.401754,0.41391724,0.44712502
10438,23767.53800000064,32648.72100000363,0.455433,0.400985,0.45918104,0.48964012
10439,38367.53800000063,33448.721000000834,0.382728,0.4006,0.40214458,0.46556783
10440,41167.53800000064,39448.72100000176,0.321164,0.43281,0.3353082,0.45400563
10442,31767.53800000018,32648.721000003625,0.331673,0.515582,0.35451025,0.5058969
10443,19167.538000000175,33448.721000000834,0.38145,0.635837,0.38788393,0.46413547
10444,19567.538000001106,32248.72100000083,0.428766,0.444933,0.43961456,0.38457024
10445,31567.538000001103,37848.7210000027,0.439493,0.438943,0.429167,0.44194242
10446,5767.538000000174,28448.721000000838,0.318377,0.284583,0.30520448,0.2566774
10447,6567.5379999997085,33848.72100000363,0.366845,0.115914,0.36660767,0.110861205
10448,40367.538000000175,33648.7210000027,0.409065,0.39403,0.42082202,0.4264828
10449,22767.53800000064,33648.7210000027,0.422928,0.380624,0.44780985,0.36366305
10450,29767.538000000637,29648.721000000834,0.306037,0.627775,0.2876945,0.6044697
10451,30167.538000000175,33048.721000001766,0.346941,0.590871,0.3771135,0.56479645
10452,19167.538000000175,33048.72100000177,0.400767,0.398581,0.4278344,0.43091413
10453,25167.538000000175,31048.720999999903,0.451843,0.497608,0.43291906,0.51099336
10454,17967.53799999971,39848.721000000834,0.24514,0.549751,0.28387883,0.46494964
10455,40767.53799999971,37048.721000000834,0.438548,0.465661,0.45746416,0.47882935
10456,37967.53800000064,38848.72100000083,0.381883,0.104677,0.3546447,0.10201969
10457,22967.538000000175,32448.721000002697,0.480651,0.441184,0.46647376,0.470799
10458,28967.538000000175,31448.721000002697,0.342826,0.429021,0.35686162,0.5845716
10459,28367.53799999971,29848.721000002693,0.338248,0.484146,0.3552274,0.53416723
10460,22967.538000000175,29648.721000000834,0.395714,0.353895,0.4019421,0.34571007
10461,30367.53800000064,31248.721000000834,0.329777,0.657206,0.32209373,0.7690636
10462,42767.53800000064,37848.7210000027,0.385177,0.496889,0.39156088,0.35990795
10463,32967.538000000175,30848.72100000083,0.22413,0.129014,0.25202885,0.12950839
10464,26167.538000000175,34048.7210000027,0.400918,0.45384,0.40464526,0.44684556
10465,30167.538000000175,34648.721000000834,0.364847,0.481411,0.4040046,0.54653275
10467,17167.53800000017,34848.7209999999,0.332602,0.453911,0.3264071,0.37524694
10468,30567.53800000018,28448.721000000838,0.183172,0.352909,0.13174361,0.3008296
10469,35167.53800000064,32648.72100000363,0.304069,0.499345,0.32249436,0.5733605
10470,30767.538000000637,30848.721000000834,0.310407,0.552066,0.29698497,0.6441505
10471,34567.53800000064,39648.721000000834,0.345128,0.525388,0.33979902,0.48289216
10472,27767.538000001106,38848.721000000834,0.341008,0.394316,0.33021,0.39988324
10473,15567.53800000064,29248.721000001766,0.353349,0.143969,0.34637567,0.13039856
10474,30167.538000000175,31448.721000002697,0.336334,0.71396,0.35241425,0.7305468
10475,42367.5380000011,34648.721000000834,0.389516,0.361382,0.44750115,0.3273016
10476,38567.53800000111,33448.721000000834,0.366635,0.448106,0.38963684,0.47431913
10477,30567.538000000175,32448.721000002697,0.378297,0.815557,0.37298366,0.69022197
10478,44567.53799999971,35248.7210000027,0.346801,0.33814,0.37434745,0.27735177
10479,15167.538000000639,32648.72100000363,0.336748,0.160402,0.35945645,0.18094288
10480,37567.538000000175,31848.721000001766,0.294422,0.521476,0.31360745,0.48098674
10481,11367.538000000639,36648.7210000027,0.243658,0.406786,0.26841998,0.46636593
10482,23567.53800000018,31848.721000001766,0.464279,0.434198,0.45072514,0.49091554
10483,36167.53800000017,38648.720999999896,0.381361,0.143498,0.42623952,0.08779191
10484,19967.53800000064,32448.721000002697,0.449662,0.511383,0.42114663,0.4409728
10486,3967.5380000001755,28648.72100000269,0.27114,0.099475,0.31886384,0.12371334
10487,28567.53800000018,32648.721000003625,0.372929,0.348046,0.3737565,0.4626273
10488,33767.538000000175,36248.7210000027,0.421412,0.463351,0.43235457,0.4893584
10490,34967.538000000175,37448.7210000027,0.457159,0.325438,0.4205789,0.28515095
10491,13167.53799999971,36848.721000001766,0.282087,0.454774,0.28486463,0.45746478
10492,21567.538000000175,36648.7210000027,0.318007,0.571994,0.3355694,0.4397663
10493,35167.53800000064,33848.72100000363,0.369032,0.388797,0.35668975,0.37809592
10494,12767.538000000175,35048.721000000834,0.309237,0.44241,0.33749494,0.33299443
10495,25767.538000000175,35448.7210000027,0.329141,0.375607,0.35722685,0.28948152
10496,40567.538000000175,37648.721000003636,0.476992,0.503711,0.44891262,0.49326697
10497,14967.538000000173,35248.7210000027,0.344711,0.508698,0.35749835,0.43725955
10498,26367.538000000175,30648.721000001766,0.436174,0.625551,0.42683548,0.53886193
10499,18167.538000000175,35448.7210000027,0.334757,0.384672,0.32720363,0.40044236
10500,42567.538000000175,35248.7210000027,0.409729,0.386049,0.4030487,0.3762958
10501,30567.538000000175,31848.721000001766,0.346146,0.673596,0.36610729,0.66828406
10502,15167.538000000639,33048.72100000176,0.382871,0.151359,0.41241533,0.12045584
10503,17967.537999999713,36848.721000001766,0.335209,0.479142,0.29957423,0.45766228
10504,12567.538000001108,36448.72100000362,0.281017,0.43318,0.2854917,0.48368198
10505,32167.53799999971,30648.721000001766,0.218464,0.29369,0.20869763,0.29509193
10506,31767.53800000018,33848.72100000363,0.352056,0.481492,0.35052076,0.53868145
10507,38567.53800000111,34848.7209999999,0.430541,0.556696,0.41552365,0.53360474
10508,10967.538000000173,36848.721000001766,0.251867,0.373343,0.27408686,0.34309918
10509,14967.538000000175,33048.721000001766,0.342604,0.150438,0.3794621,0.14558674
10510,4567.538000000175,28248.721000000838,0.347966,0.12853,0.3429965,0.113513686
10511,37167.538000000175,35048.721000000834,0.428624,0.430792,0.4028198,0.46708634
10512,38367.53800000063,37048.721000000834,0.429161,0.415903,0.38382545,0.37835148
10513,27767.538000001106,39048.721000002704,0.360061,0.414262,0.33253184,0.46352756
10514,35967.53799999971,34848.7209999999,0.406407,0.425219,0.37518102,0.38939956
10515,19767.538000000175,33448.721000000834,0.399762,0.451129,0.38885066,0.52814305
10516,23367.538000001106,37048.72100000083,0.33255,0.069935,0.34797892,0.093766175
10517,40367.538000000175,35848.721000000834,0.497687,0.394328,0.5050074,0.39099368
10518,5567.53799999971,28048.721000001766,0.3266,0.299549,0.2822728,0.2636345
10519,24167.538000000175,29048.721000002697,0.343223,0.417249,0.36641318,0.38610744
10520,38567.53800000111,33848.72100000363,0.436559,0.468872,0.4125578,0.45335072
10521,39767.53799999971,36448.72100000363,0.481156,0.409852,0.47987732,0.42469552
10522,21167.53799999971,32048.721000000834,0.467923,0.544458,0.4581403,0.48396355
10523,37167.538000000175,33448.721000000834,0.359238,0.386345,0.3703841,0.4691499
10524,40367.538000000175,36848.72100000177,0.498167,0.493779,0.49552193,0.47112635
10525,12767.538000000173,32648.721000003625,0.345359,0.122206,0.37364274,0.15067808
10526,33367.538000000175,30848.721000000838,0.211938,0.123239,0.21983112,0.18660335
10527,32567.537999999713,30648.72100000177,0.217124,0.122053,0.22662956,0.23847558
10528,15167.538000000639,33848.72100000363,0.368396,0.299188,0.36146998,0.3114334
10529,14167.53799999971,30048.721000003625,0.263589,0.119764,0.29378837,0.11908858
10530,16167.538000000643,37848.7210000027,0.249848,0.087194,0.23940784,0.20821665
10531,3367.5380000001746,26848.721000001762,0.282028,0.129496,0.28948516,0.12333868
10532,29967.538000000175,31048.7209999999,0.328326,0.613883,0.34373906,0.6601157
10533,39367.53800000017,34448.721000001766,0.402964,0.506166,0.41828525,0.47482255
10534,27967.538000000175,38448.72100000083,0.374625,0.491184,0.36729,0.51241726
10535,33367.538000000175,40048.7210000027,0.369639,0.45169,0.381205,0.49595803
10536,14767.538000000173,40048.7210000027,0.16642,0.100435,0.2054755,0.073689066
10537,19367.53800000064,39248.7210000027,0.245712,0.171006,0.24752048,0.2602144
10538,33967.538000000175,31048.720999999903,0.226929,0.588651,0.24988014,0.5106208
10539,23767.538000000637,29848.721000002693,0.410375,0.387403,0.39262202,0.32359523
10540,13367.538000000175,26448.721000002697,0.33926,0.147987,0.2968342,0.1261122
10541,13367.538000000175,29048.721000002697,0.293018,0.130992,0.2751953,0.12276011
10542,33967.538000000175,32448.721000002693,0.309343,0.512128,0.32168213,0.516395
10543,36567.53800000017,34048.7210000027,0.395111,0.558534,0.3860306,0.45367804
10544,23567.53800000018,29248.72100000177,0.399446,0.513207,0.38810956,0.4193102
10545,15767.538000001106,33048.72100000177,0.369771,0.14276,0.3987042,0.1297107
10546,18767.538000000175,33648.7210000027,0.365582,0.510435,0.36400008,0.43544346
10547,30767.538000000637,33848.72100000363,0.364129,0.479669,0.36320493,0.53788733
10548,8367.538000000175,31848.721000001766,0.402174,0.113351,0.3952933,0.10941369
10549,21367.538000000175,31048.720999999903,0.451766,0.452319,0.46579662,0.46658656
10550,39967.53800000018,36248.7210000027,0.495607,0.398194,0.47301063,0.4449687
10552,11967.538000001106,36448.72100000362,0.280523,0.353955,0.27232146,0.46373218
10553,10567.538000000173,24248.721000001766,0.253955,0.121313,0.26750728,0.12242959
10554,38967.53800000065,36048.72100000084,0.434979,0.418925,0.4646348,0.43715414
10555,6567.53799999971,34248.7210000027,0.368467,0.121831,0.35726133,0.09844499
10556,11767.538000000643,33648.7210000027,0.36375,0.299612,0.3741243,0.19002739
10557,23367.538000001106,28048.721000001766,0.373274,0.425878,0.33854592,0.4263218
10558,31967.537999999244,35648.721000001766,0.407676,0.662698,0.39668813,0.45553416
10560,24367.537999999244,32648.721000003625,0.415207,0.386282,0.4365012,0.5054868
10561,16367.538000001106,37848.7210000027,0.250629,0.099186,0.24376148,0.19654004
10562,38767.538000000175,38848.721000000834,0.411122,0.306405,0.37340227,0.23852815
10563,15567.538000000643,32848.7210000027,0.360657,0.156094,0.3844112,0.12807591
10564,32167.53799999971,34048.72100000269,0.372117,0.518531,0.34854457,0.4803369
10565,34567.53800000064,39848.721000000834,0.349022,0.56412,0.32917726,0.47571114
10566,31367.53800000064,33648.7210000027,0.351131,0.524896,0.34305122,0.56381696
10567,39367.53800000017,33848.72100000363,0.394413,0.433169,0.40371814,0.42908874
10568,34767.53800000111,33848.72100000363,0.359426,0.397703,0.36375517,0.37185854
10569,29367.53799999971,33448.721000000834,0.360613,0.624145,0.35861585,0.56967354
10570,13167.53799999971,32648.72100000363,0.343932,0.25993,0.34827575,0.20321769
10571,29167.538000000175,32248.72100000083,0.334751,0.269831,0.34576544,0.38454115
10572,20967.538000000175,36248.7210000027,0.373836,0.58395,0.38077506,0.5076038
10573,28967.53800000018,30648.721000001766,0.367192,0.68173,0.3563704,0.6276683
10575,43767.538000000175,38248.721000001766,0.338093,0.109339,0.35122707,0.18657014
10576,26367.53800000018,39048.721000002704,0.289835,0.018032,0.29477325,0.06687676
10577,30567.53800000018,33448.721000000834,0.361281,0.523478,0.37489742,0.54646677
10578,40567.538000000175,37048.72100000083,0.444783,0.497854,0.45614627,0.47675964
10579,25167.538000000175,34848.7209999999,0.406254,0.288434,0.42139056,0.4047867
10581,15167.53800000064,35848.721000000834,0.370598,0.636355,0.35840932,0.5537963
